{
  "$id": "1",
  "strings": [
    {
      "Key": "f141be5c-8d30-4c37-afac-a9efc5d9d0b5",
      "Value": "\"Vamos trocar. Você me dá coisas, e eu lhe darei dinheiro.\""
    },
    {
      "Key": "5cfc747d-b319-43ac-83f2-d57526f0c872",
      "Value": "\"Suas... roupas são muito chiques.\""
    },
    {
      "Key": "56902ed4-f1d2-40f5-ac17-235799a611b8",
      "Value": "\"Eu tenho que ir.\""
    },
    {
      "Key": "7fc67749-67c0-49cb-b69a-40130e835241",
      "Value": "[Atacar] \"Pagar? Vou pegar o que quero!\""
    },
    {
      "Key": "c9937e35-5941-4cd9-be90-22235d6c232a",
      "Value": "{n}Um kobold incomum está diante de você, decorado com pedaços de lixo dos chifres à cauda. Ele está usando um colar de cacos de metal, pedaços de tecido e ossos, e seus pulsos estão cobertos com pulseiras feitas de arame, osso e lascas de madeira.{/n}"
    },
    {
      "Key": "84b304d1-de76-4a42-bbda-a1bde0c6299e",
      "Value": "{n}Perto do kobold, você vê mochilas, aparentemente arrancadas de viajantes azarados o suficiente para se tornar um almoço de trolls. Cada mochila é recheada com uma variedade de mercadorias – armas, peças de armadura e garrafas de poção. O kobold percebe seu olhar e inclina a cabeça, como se estivesse fazendo uma pergunta sobre seus \"tesouros\".{/n}"
    },
    {
      "Key": "64409e49-86bd-451e-9944-3d9cb29c1480",
      "Value": "{n}O kobold inclina a cabeça novamente e abre a boca com dentes afiados. Você não tem certeza do que isso significa, mas parece que o réptil está satisfeito com o seu elogio.{/n}"
    },
    {
      "Key": "33bce803-795e-4a85-969c-1965adac5bd3",
      "Value": "{n}O comerciante kobold olha para você ocasionalmente enquanto ele vasculha sua coleção de troféus.{/n}"
    }
  ]
}