{
  "$id": "1",
  "strings": [
    {
      "Key": "db81358e-3f2e-4aa5-af38-efc45f3b838e",
      "Value": "\"Sua Graça, Senhora Jamandi enviou {g|JamandiExcuses}uma resposta{/g} à sua mensagem precipitada. Felizmente, o Senhor das Espadas levou em consideração seu temperamento rápido e decidiu resolver a situação pacificamente. Além disso, veio uma caravana de {g|Restov}Restov{/g}, carregando recursos para o baronato! Espero que agora você consiga apreciar a generosidade dos Aldori!\""
    },
    {
      "Key": "420037a7-6903-4023-b963-93ad2c132e98",
      "Value": "\"Sua Graça, {g|JamandiExcusa} uma carta{/g} de Jamandi Aldori chegou. Parece que os {g|Swordlords}Senhores das Espadas{/g} têm o rabo entre as pernas: enviaram uma caravana inteira de bens valiosos junto com a carta. Jamandi Aldori deve estar em uma situação perigosa, se ela estiver induzindo Sua Graça com presentes. Aqui, leve a carta.\""
    },
    {
      "Key": "454afd1c-0d8c-4c56-a98a-3b0dadd0d692",
      "Value": "\"Você não vai acreditar, Sua Graça! Hoje uma caravana entrou na cidade, cheia de presentes generosos de {g|Restov}Restov{/g}! Gostaria de saber quem poderia ter enviado. Talvez uma certa senhora tenha ficado impressionada com a nossa bravo, Sua Graça – saúdo suas habilidades agressivas de {d|c31 Jamandi Chaotic}diplomacia agressiva{/d}! Aqui, veja por si mesmo – é {g|JamandiExcuses}uma carta{/g} de Jamandi Aldori!\""
    }
  ]
}