{
  "$id": "1",
  "strings": [
    {
      "Key": "be0b48d5-6471-41a0-b569-c13a07d5aadd",
      "Value": "\"Castruccio.\""
    },
    {
      "Key": "a3acb173-2e5f-485e-9521-3c1378c93558",
      "Value": "\"Vasaccio.\""
    },
    {
      "Key": "e2e8467a-e9d3-48ae-8c03-a2b2288aeb12",
      "Value": "\"Irovetti.\""
    },
    {
      "Key": "860ef82b-1baa-49df-ae63-f286fdddb4b3",
      "Value": "\"Mandalarucio.\""
    },
    {
      "Key": "3ad35890-9cff-4b83-a91c-facbcb079a57",
      "Value": "\"{Name}.\""
    },
    {
      "Key": "b56299df-9843-46e6-ba33-fe4010f099f1",
      "Value": "[Atacar] \"Esta é a minha resposta!\""
    },
    {
      "Key": "e9756f0b-a672-48c2-b268-0b11c5dd46c2",
      "Value": "[Sair] \"Não tenho tempo para suas perguntas.\""
    },
    {
      "Key": "2e8760e4-7380-4a22-b65d-0cadf1f10e4a",
      "Value": "\"Irovetti.\""
    },
    {
      "Key": "e3e98fae-c4fc-44f9-a879-4843ee6524ed",
      "Value": "\"Liacenza.\""
    },
    {
      "Key": "eff12672-2482-41fb-9472-7587907ee065",
      "Value": "\"Bellander.\""
    },
    {
      "Key": "3a176acb-da2b-4186-970a-8bbabcc71ad8",
      "Value": "\"Vitruzzi.\""
    },
    {
      "Key": "60225a63-18c3-4970-a6d0-30496362b8af",
      "Value": "\"Aldori.\""
    },
    {
      "Key": "e498f80a-c985-4312-ae55-e67143ec0885",
      "Value": "\"Pitax.\""
    },
    {
      "Key": "172fee70-577c-4676-a32f-04e76153f8fc",
      "Value": "\"Oppara.\""
    },
    {
      "Key": "c9cbdab8-c77b-403b-90c1-7f43bed3d663",
      "Value": "\"Queda de estrela.\""
    },
    {
      "Key": "48e4c444-2629-4a30-9367-bbf8b2f49704",
      "Value": "\"Novo Stetven.\""
    },
    {
      "Key": "6138defb-fa37-447f-a350-b05249b1b06b",
      "Value": "\"Hajoth Hakados.\""
    },
    {
      "Key": "5604ab3f-0432-4498-9e47-6457c94b8366",
      "Value": "{n}A cabeça do golem está tão bem polida que você vê seu reflexo no lugar de seu rosto. Ele pergunta com uma voz mecânica sem vida:{/n} \"Qual é o meu nome?\""
    },
    {
      "Key": "d20aedd0-2142-4326-8e5c-9cca61a60713",
      "Value": "\"Eu ouvi. Qual é o meu sobrenome?\""
    },
    {
      "Key": "3153ebfe-3071-4324-bedc-c80b20c33cba",
      "Value": "\"Eu ouvi. De onde eu sou?\""
    },
    {
      "Key": "f5ef9af8-4347-45db-adfb-7b0136b0afa5",
      "Value": "\"Eu ouço.\""
    },
    {
      "Key": "775d1733-7810-41c3-82f2-989870be4b6d",
      "Value": "\"Você sou eu. Eu sou você. Tudo o meu é seu.\" {n}O golem aponta para a parede onde um pequeno nicho se abre.{/n}"
    },
    {
      "Key": "29358885-27ad-4972-8491-d2d714881d77",
      "Value": "\"Você não sou eu. Eu não sou você. Saia.\""
    }
  ]
}