{
  "$id": "1",
  "strings": [
    {
      "Key": "3eae6f6a-e91d-4c4f-b446-f00f84ee7997",
      "Value": "\"Você continua tagarelando sem parar sobre perdão, mas eu já te vi em batalha! Parado ali coberto de sangue da cabeça aos pés, a expressão de destruição em seu rosto. É assim que o perdão se parece?\""
    },
    {
      "Key": "fa5e7614-86b8-4d40-9e97-0a4144893f9b",
      "Value": "\"Sarenrae concede cura àqueles que podem ser curados e interrompe a jornada de vida daqueles que estão muito atrasados se arrependendo de seus pecados. Eu sou apenas seu humilde instrumento.\""
    }
  ]
}