{
  "$id": "1",
  "strings": [
    {
      "Key": "3e4bacec-3875-47d1-b5aa-3cd932bd85ba",
      "Value": "\"Como você acabou em Varnhold?\""
    },
    {
      "Key": "e0c29c2e-0518-4af7-841e-9a267ac747b2",
      "Value": "\"O que tem no menu?\""
    },
    {
      "Key": "6d69c60c-b7e4-4439-903a-da20ec63b617",
      "Value": "\"Recebi um relatório de que um encrenqueiro de Galt foi visto aqui.\""
    },
    {
      "Key": "be40a9ce-cbea-4809-b239-06b947866e00",
      "Value": "\"Olhei em volta, mas ainda não encontrei o causador de problemas. Você tem alguma notícia?\""
    },
    {
      "Key": "8ad44960-fb28-4c29-8515-df4479d1c851",
      "Value": "\"Eu tenho que ir.\""
    },
    {
      "Key": "3675e7eb-f942-4b96-b2a4-152a2c512b50",
      "Value": "{n}O proprietário da taberna, Svelid, um meio sardento, acena com satisfação.{/n} \"Ouvi dizer que você é o general agora? Parabéns! Isso exige uma comemoração! Você quer uma bebida? Ou apenas água enquanto você está de plantão?\""
    },
    {
      "Key": "f57063b1-8acb-4cec-ad6e-fa7a66729952",
      "Value": "\"Costumávamos ter uma taberna em {g|Galt} Galt...{/g} Há!\""
    },
    {
      "Key": "ae64dc09-4f34-43e5-9751-7a14d71494f7",
      "Value": "\"Aqui, faça a sua escolha!\""
    },
    {
      "Key": "247720df-652a-4bd0-8225-ea04d40db6f9",
      "Value": "\"Sim! Aquele canalha! Já vimos muito como ela. Ela entrou aqui, conversando sobre tirania e justiça, quando na verdade ela estava apenas procurando algo para roubar! Ela entrou com um pequeno grupo. Acho que eram de uma fazenda que fica perto da cidade. Eles ficaram aqui por um longo tempo, dizendo coisas que me deixavam doente de ouvir!\""
    },
    {
      "Key": "aad97b35-a5bb-4e8c-a0e4-c6a7a807d069",
      "Value": "\"Ela nunca mais apareceu na taberna, mas as pessoas estão dizendo...\""
    },
    {
      "Key": "507f1f2f-8dfe-4ced-8552-a45e0adc6cb8",
      "Value": "\"Volte a qualquer momento! Vamos economizar uma garrafa de algo digno de um general!\""
    },
    {
      "Key": "abb8c2d3-bd1c-4801-b483-5e43059c634b",
      "Value": "\"Geral! Bem-vindo! O que você vai ter?\""
    },
    {
      "Key": "ae4bbff3-e824-4053-a28f-885d67060a7c",
      "Value": "{n}Sua esposa Karida para de limpar as xícaras e lhe dá um olhar irônico.{/n} \"Se eu tivesse que servir como General de Varnhold, teria que começar o dia com um copo de gim.\""
    },
    {
      "Key": "346c442b-bfd0-45ce-83f8-8f41207a6521",
      "Value": "\"Mas você faz isso de qualquer maneira!\""
    },
    {
      "Key": "d1e106d4-7407-4902-a3cb-a9f82166dc63",
      "Value": "\"Quem disse que a vida de um dono de taberna é mais fácil do que a de um general?\""
    },
    {
      "Key": "2412b873-c1b9-4e3a-b3f3-d840b2196501",
      "Value": "\"E então um dia não o fizemos. Eles o confiscaram pelas necessidades da revolução! Mas suponho que devemos ser gratos por nos deixarem vivos. Eles podem ter acabado conosco como opressores e exploradores! Felizmente, estavam ocupados demais em representar justiça revolucionária em nossa adega, e conseguimos fugir.\""
    },
    {
      "Key": "cf0bc964-e8d0-454b-abda-f1edbbaa694b",
      "Value": "\"Os desgraçados pegaram tudo o que tínhamos, exceto nosso senso comum. Bem, quebramos as costas por alguns anos para nos escondermos o suficiente para abrir um novo local.\""
    },
    {
      "Key": "13c5ae06-7bb3-4ac1-b101-25e005bb7b58",
      "Value": "\"Ouvimos falar sobre esse novo barão, a nova cidade... Então, viemos aqui! E é uma mina de ouro. A cidade está crescendo. Há mais e mais pessoas, e todas elas precisam comer e beber! Se {g|Desna}Desna{/g} quer, seremos ricos!\""
    },
    {
      "Key": "6b8ef102-850d-41e1-947c-e03af84b18df",
      "Value": "\"Primeiro eles estavam conversando sobre Ignash, o feiticeiro, dizendo que ele era um sugador de sangue, enganando as pessoas simples. Depois, eles conversaram sobre como entrar no arsenal para conseguir algumas armas. Eles decidiram que não poderiam lidar com isso. – Muitos guardas. Mas então eles se lembraram de que havia garfos e sagadeiras no celeiro.\""
    },
    {
      "Key": "09934707-5e22-456b-b5a2-87f7455b92cd",
      "Value": "\"No final, eles começaram a conversar com as pessoas, tentando provocá-las para um motim. Mas ninguém quis ouvir. Eu as mostrei à porta e enviei uma mensagem ao Tesoureiro imediatamente. Não sei para onde elas foram, eu acho que eles disseram algo sobre pescadores no rio!\""
    },
    {
      "Key": "004d53ad-cd7b-419f-8595-5609255f1345",
      "Value": "{n}Você ouve vozes e barulhos de ferro do lado de fora. Parece que uma multidão se reuniu perto da taberna. Você ouve as vozes familiares de seus guardas e outra voz ecoando, gritando slogans afiados sobre a tirania.{/n}"
    },
    {
      "Key": "49f32b2e-2203-439a-8342-85edfc06ee84",
      "Value": "\"Faça algo com ela, pelo amor de Desna! Chute-a com tanta força que ela volta para {g|Galt}Galt{/g}. Caso contrário, ela acabará com alguns tolos e eles queimarão a cidade inteira! Nós  vamos conversar com as pessoas, mas é melhor você descobrir onde ela está e o que está fazendo.\""
    },
    {
      "Key": "21dd9556-2973-4d03-b4fe-1ebb5f85929f",
      "Value": "{n}Svelid empalidece e alcança a besta que ela mantém escondida embaixo do balcão.{/n}"
    },
    {
      "Key": "ce0e9358-7d40-4407-85e5-1c43c8229e5d",
      "Value": "\"Parece que você não precisará procurá-la, afinal. Vamos, general. Vamos dar a esses ladinos!\""
    },
    {
      "Key": "04391277-cd7a-4c7d-b134-e2dc3f175d71",
      "Value": "\"Obrigado por lidar com esse desgraçado!\""
    },
    {
      "Key": "d7f7ca7d-2275-4545-90cb-1d19a1dcfeac",
      "Value": "\"Ela está certa! Fiquei mudo de medo quando ouvi esses gritos lá fora. Era como quando eles destruíram nossa taberna em {g|Galt} Galt...{/g}\" {n}O halfling se serve de algo forte e engole.{/n}"
    },
    {
      "Key": "b4f877b9-24f0-4b49-8406-706670a64e74",
      "Value": "\"É melhor ela não enfiar o nariz aqui novamente. Não vou avisá-la. – Vou atirar minha besta enquanto ela ainda estiver na porta!\""
    }
  ]
}