{
  "$id": "1",
  "strings": [
    {
      "Key": "612b81a8-b441-4305-acd3-0384f6878781",
      "Value": "\"Willas, que tal discutirmos antiguidades e relíquias em um ambiente mais privado? Existem quartos tranquilos no subir...\""
    },
    {
      "Key": "79978e75-1e44-4581-a43d-1946a2f7279f",
      "Value": "\"Então, o que leva um 'cientista, viajante e pesquisador de antiguidades' a nossas terras selvagens?\""
    },
    {
      "Key": "ee041f94-6ee4-4a7b-bd44-ccb3b9dcd288",
      "Value": "\"E o que foi escrito na laje?\""
    },
    {
      "Key": "d1e50b18-cca5-4e38-bbb4-f8fdd0baa30e",
      "Value": "\"Obrigado pela conversa, eu tenho que ir!\""
    },
    {
      "Key": "ea048021-0ebb-4383-b377-81208eca3c02",
      "Value": "[Aproxime-se] \"Uma conversa sobre antiguidades, é claro! Sobre a incrível sensação que você tem, quando arranca a capa do segredo, {mf|penetra suas profundezas|absorve seu aroma}, persegue incansavelmente esse objetivo querido e, finalmente, pode entender algo mais emocionante?\""
    },
    {
      "Key": "9a4bb4e4-ef13-47c2-89bf-3ff7d348544e",
      "Value": "\"Eu acho que você me entendeu mal.\""
    },
    {
      "Key": "30a6a2cb-8f6c-4f61-b4d8-04dff0ebe32e",
      "Value": "\"Você terá a chance de aprender tudo sobre meus métodos. Espere por mim lá em cima. E leve uma garrafa de vinho com você.\""
    },
    {
      "Key": "ab61d53e-8ed8-4739-a093-101e1c0954b3",
      "Value": "\"Fale-me sobre você.\""
    },
    {
      "Key": "d36c46ca-f6a1-4f81-9d82-82eebcaa6fdb",
      "Value": "\"Você chamou essa enorme placa de caderno de ciclope. Talvez sua pulseira não seja uma pulseira?\""
    },
    {
      "Key": "6e8e8fe1-46ea-45fc-9957-767236abdbac",
      "Value": "\"Eu vejo...\""
    },
    {
      "Key": "ea126c23-b10d-4e4f-9ef4-ca660397dd43",
      "Value": "\"Então você vai escrever um livro sobre nós?\""
    },
    {
      "Key": "c923359e-0d96-4ee5-b393-88177b647dd5",
      "Value": "\"O quê? O próprio Jubilost Narthropple, em nossas terras?!\""
    },
    {
      "Key": "f817d8df-c574-43e4-95d4-6a030afbdd8d",
      "Value": "\"E que tipo de personagem eu serei no seu livro?\""
    },
    {
      "Key": "00e41095-c2cf-43c6-b95e-88a307bd0163",
      "Value": "\"Tudo bem, bem...\""
    },
    {
      "Key": "8ad79894-fe35-4629-b9c4-3252052b19d2",
      "Value": "\"Você viu aquele encrenqueiro de Galtan? Aquele que começou a revolta na cidade.\""
    },
    {
      "Key": "6103f3ef-22fc-4d8c-a1e0-14a1205dfd95",
      "Value": "\"Meu general!\" {n}Willas faz uma reverência zombeteira.{/n} \"Você acha que nossa doce anfitriã nos perdoou pelas persianas e candelabros?\""
    },
    {
      "Key": "342606f2-43cc-408c-a625-048ce206e11f",
      "Value": "{n}Vestido com roupas limpas, botas brilhantes e acessórios completos, Willas Gunderson parece ainda mais jovial do que quando você o conheceu na estrada.{/n} \"Ah, aí está, minha {mf|senhor|senhora }! Que prazer é vê-lo novamente!\""
    },
    {
      "Key": "2f009124-e3e7-4ce1-975c-2fe344771bf8",
      "Value": "{n}Willas parece estranhamente pálido e distraído – a tal ponto que ele não percebe você até que você chegue muito perto. Há olheiras sob seus olhos, como se ele mal tivesse dormido.{/n} \"{name}, é você! Boa... boa tarde.\""
    },
    {
      "Key": "2a79b09c-a300-433f-96dc-c037b4764b4d",
      "Value": "\"Sabe, general, discussões científicas são a minha fraqueza! Você provavelmente quis dizer uma conversa sobre antiguidades... ou uma conversa sobre antiguidades?\" {n}As bochechas do jovem coram levemente.{/n}"
    },
    {
      "Key": "863887ce-fd1e-45d5-99f9-ac1216cb7883",
      "Value": "\"Claro...\" {n}O rosto de Willas cai e ele parece muito decepcionado.{/n}"
    },
    {
      "Key": "bfbfb922-c3e4-49d8-a2ea-db0a002bca5f",
      "Value": "{n}Willas arqueia a sobrancelha.{/n} \"Agora estou mais curioso quanto à abordagem científica que você prefere. Algo intrincado, talvez, com uma preparação demorada e uma ampla variedade de métodos? Ou uma abordagem direta é mais adequada a você?\""
    },
    {
      "Key": "5cc849d9-d29e-4725-ad8d-459d44eaacfa",
      "Value": "\"Sim, meu general!\""
    },
    {
      "Key": "3743d186-f6b8-4a09-818f-663de7a9a973",
      "Value": "\"Fui guiado aqui por algumas informações que descobri enquanto traduzia os escritos em um antigo painel de pedra\". {n}Os olhos de Willas ardem de excitação.{/n} \"Era uma laje de granito pesada do tamanho de uma porta, mas um mero caderno de bolso para aqueles que deixaram suas marcas nela, ha! Ciclopes antigos. Foram eles que escreveram essas inscrições na laje. Os ciclopes antigos, ao contrário dos pobres selvagens de hoje, eram sombriamente espertos. Eles mantiveram sua civilização brilhante por meio de terríveis mágicas...\""
    },
    {
      "Key": "903cb786-6a1e-4296-843c-aba5f0a18a39",
      "Value": "\"Oh, eu sou uma pessoa muito chata, acredite em mim.\" {n}O tom de Willas deixa claro que ele está brincando.{/n} \"O tédio me levou a aprender uma dúzia de línguas antigas, decifrar um tesouro de manuscritos e crônicas antigas e enigmas dos locais mencionados e das relíquias ocultas. Entre essas tarefas bastante entediantes, escrevi alguns romances brilhantes e uma dúzia de poemas. Na verdade, tive que fugir para a região de trás de meus admiradores e fãs. Espero que ninguém aqui saiba o nome de Willas Gunderson, ou Terei que fugir de novo! Receio que a fama seja a coisa mais chata do mundo.\""
    },
    {
      "Key": "51c040cb-136b-4e4b-a8f0-a53d27250d7d",
      "Value": "{n}Willas olha para você com desconfiança, avaliando a impressão que o discurso dele causou em você. Finalmente, ele fica meio triste.{/n} \"Verdade seja dita, meus livros não são muito populares, e o dinheiro que recebi pelas relíquias dificilmente foi suficiente para reabastecer meu guarda-roupa. Mas está tudo bem. A Grande Expedição aos Tores de Levenies certamente me levará a um final maravilhoso. E eu já encontrei algo especial aqui.\" {n}Ele lhe dá um sorriso encantador.{/n}"
    },
    {
      "Key": "a0bea315-1848-4abf-85ad-0f4984537060",
      "Value": "\"Em, hum... nada terrivelmente significativo. Descreveu os assentamentos de ciclopes nos Tórs dos Levenies e mencionou que 'tesouros mágicos incríveis' haviam sido armazenados aqui no passado. Mas isso foi há milhares de anos. Há uma chance escassa de que ainda resta alguma coisa hoje. Até mesmo a pulseira que encontrei não passava de uma bugiganga valiosa. Mas, mesmo que não encontre artefatos reais, continuarei minha busca! Em nome da ciência!\""
    },
    {
      "Key": "f7696d61-d9ab-49a9-820e-a750ad5f592b",
      "Value": "\"Estou feliz em lhe dizer o que quiser!\""
    },
    {
      "Key": "00b31a1a-02c9-471b-a593-8ddaa25b7be0",
      "Value": "\"Mas – mas como eu não pensei nisso?!\" {n}Os olhos de Willas se arregalam.{/n} \"Claro, se você considerar o tamanho dos ciclopes, este é um anel. Ugh! Um explorador deve permanecer imparcial, mas, para ser perfeitamente honesto, tudo sobre esses ciclopes me repulsa. Eles não eram espíritos gentis mesmo enquanto viviam. Temos sorte de não ter vivido no tempo de seus impérios!\""
    },
    {
      "Key": "fd9ea113-4c7f-43de-a21b-2ffd105fb0f1",
      "Value": "\"Estou sempre feliz em falar com você!\""
    },
    {
      "Key": "97dca79e-ff55-47ee-abbc-accba156f22c",
      "Value": "\"Adeus, minha {mf|senhor|senhora}!\""
    },
    {
      "Key": "96952f35-3590-4d75-9d8e-d3565fd21822",
      "Value": "\"Oh, estamos bem além disso – eu já comecei! Seus camaradas do anfitrião Varnling já me deram todo o pano de fundo que precisarei para detalhar os primeiros capítulos. Ainda estou pensando em um título, mas o capítulo sobre o seu encontro com centauros perto da Cidade dos Olhos-Vazios será chamado de Ondulação da Água. Poético, relevante para o local e prenuncia eventos misteriosos por vir.\""
    },
    {
      "Key": "a88da58a-ff82-486d-8ee8-87f11b38c045",
      "Value": "{n}Willas exala indignado, depois olha para o chão.{/n} \"Isso foi rude, meu bom {mf|senhor|senhora}! Você pode pelo menos ter fingido estar tão impressionado por mim quanto por ele! Mas tudo bem. Como quiser. Willas Gunderson ainda não mostrou o quanto vale!\""
    },
    {
      "Key": "d5049a40-cd45-4471-a27e-e55462bf9379",
      "Value": "\"Ouvi dizer que Jubilost Narthropple estava visitando seus vizinhos ocidentais. Não conheço ninguém que ainda assiste a suas palestras ou lê seus artigos. O gnomo desagradável nunca consegue fazer isso sem fazer piadas sarcásticas à custa de seu próprio público! Mas nunca Quão injusto seria se um publicitário conhecido demonstrasse interesse em um recém-nascido baronato, deixando seu vizinho, nosso doce e ligeiramente selvagem Varnhold, no frio. Você vê agora como você tem sorte que o próprio Willas Gunderson tem fez uma visita a Varnhold?\""
    },
    {
      "Key": "d0b55a70-e9fa-4494-b04b-c3e8d1382958",
      "Value": "\"O personagem principal terá que ser o Barão Varn, é claro. Mas você, minha querida, será a encantadora assistente do herói, que o público mais vai adorar. Espero que os incontáveis admiradores do livro componham mil continuações, inteiramente dedicadas a você. E, é claro, nesses apócrifos, seu admirável namorado se parecerá estranhamente com ninguém menos que o próprio autor, ha ha! Essa é a natureza do amor aos olhos do público.\""
    },
    {
      "Key": "667616dc-b1d7-4410-b404-8e274bacc36c",
      "Value": "\"Suponho que você será a sombra sombria que está por trás do personagem principal, Barão Varn. Terror para seus inimigos e um vingador implacável. Hmm... Mas vou ter que atribuir algum tipo de fraqueza estranha, ou o personagem acabou de ganhar seja crível. Você é alérgico a salsa por acaso?\""
    },
    {
      "Key": "380d6a99-fbdb-4e74-aa49-2587b3d489e3",
      "Value": "\"Você será assistente do personagem principal, Barão Varn. Mas não se desespere! Geralmente, os personagens coadjuvantes são amados ainda mais e se divertem com todo tipo de diversão que um personagem principal simplesmente não podia ser perdoado! Você sabe {name}? Acho que você será o personagem mais charmoso do livro. E após seu sucesso esmagador, eles estarão me implorando por mais. Talvez eu faça de você o personagem principal da série!\""
    },
    {
      "Key": "8f3bf987-a971-4da6-bcbd-b628a4ae8f23",
      "Value": "\"Você não tem outras perguntas?\""
    },
    {
      "Key": "1e434d0c-c100-4678-bde8-05b00a5b9702",
      "Value": "\"Realmente sim! Há! Eu estava apenas dizendo aos meus amigos aqui sobre esse tocante sinal de amizade e carinho que o Barão Varn me mostrou, quando esses encrenqueiros entraram com sua conversa boba. Eu tive que passar alguns minutos explicando as senhora quão ridículas são suas mensagens, e quão repugnante é como as expressa. Isso lhe disse! Então o encrenqueiro saiu correndo da taberna. Ela não vai se arriscar a cruzar o caminho comigo de novo! Eu suspeito que ela esteja voltando para {g|Galt}Galt{/g}.\" {n}Willas brinca com uma mecha de cabelo e sorri atrevidamente.{/n}"
    },
    {
      "Key": "91f8f866-29e3-4dee-84a3-3921e8e2394b",
      "Value": "\"Ah, ai está, minha {mf|senhor|senhora}! Que prazer vê-lo novamente!\""
    }
  ]
}