{
  "$id": "1",
  "strings": [
    {
      "Key": "4046c942-e72a-4854-8218-c72fede845e7",
      "Value": "[Despeje a poção na boca do cachorro]"
    },
    {
      "Key": "9da8bb51-f735-4039-8eeb-c5c401ed7ca6",
      "Value": "[Sair]"
    },
    {
      "Key": "c63e1c06-1220-4e74-b566-dd39ba36a1b0",
      "Value": "[Desamarre o cachorro e deixe-o ir]"
    },
    {
      "Key": "b54b0d90-d165-4a00-bad7-1b7c4a5b8d0d",
      "Value": "{n}É um típico cachorro de rua em uma trela com um casaco amarelo sujo. Seus olhos lacrimejantes o consideram sem interesse particular.{/n}"
    }
  ]
}