{
  "$id": "1",
  "strings": [
    {
      "Key": "144b8168-f350-476f-ab52-09fdec761d90",
      "Value": "...suba na torre."
    },
    {
      "Key": "5ab072cd-8018-4e97-89bc-da40a7213bf0",
      "Value": "...fique lá a noite toda."
    },
    {
      "Key": "eb082896-f17e-4c76-a0d4-5f693e7415e6",
      "Value": "...vire-se e vá embora."
    },
    {
      "Key": "90f9a5cd-fcc3-433b-8aff-bcc3a381268c",
      "Value": "Fechar."
    },
    {
      "Key": "aa9aefeb-f623-4ee5-a05f-dcc54887d3b5",
      "Value": "...tente subir ao topo mais uma vez."
    },
    {
      "Key": "59149850-2f59-4050-b267-416cc13f76be",
      "Value": "...desça."
    },
    {
      "Key": "961305db-7282-4a96-8610-eae83942087a",
      "Value": "...suba mais."
    },
    {
      "Key": "7b7ed960-b95e-4c77-a6e1-eb5c389d4e17",
      "Value": "...tente ler a inscrição."
    },
    {
      "Key": "b2998844-78d1-48c4-8f0d-f0ee15ad3808",
      "Value": "Quando {mf|ele|ela} caiu, {mf|ele|ela} tentou se agarrar a algo."
    },
    {
      "Key": "f24a65c8-8554-4192-9fa7-f4f679a8f75f",
      "Value": "Continuar."
    },
    {
      "Key": "db2d39a5-45a8-46b4-909a-fa10a3c55ae7",
      "Value": "As ruínas da torre pairavam sobre as planícies circundantes, como uma lápide tão antiga que o tempo havia desgastado o epitáfio, assim como a linguagem em que havia sido escrita. Cada degrau em ruínas da escada gigante era tão alto quanto o peito de um homem adulto, e o enorme portal onde a porta ficava era largo o suficiente para que todo o nosso grupo passasse lado a lado. Nós decidimos..."
    },
    {
      "Key": "56bda0b8-8a61-42fd-a1a6-159b53d95964",
      "Value": "Afastamo-nos, deixando o colosso de pedra em seu sono eterno."
    },
    {
      "Key": "7d798e7c-e6e3-46ed-8c79-661b38b1d248",
      "Value": "Aparentemente, não fomos os primeiros a nos refugiar nessas ruínas antigas – encontramos um leito de incêndio contendo carvão fresco nos escombros. A noite passou silenciosamente, perturbada por nem espíritos do passado nem monstros do presente."
    },
    {
      "Key": "887cbe2a-cac5-4fcd-ad4d-f0bfd28733d8",
      "Value": "{name} cuspiu nas própria mãos e rapidamente subiu a uma das bordas altas – o que restava do segundo andar."
    },
    {
      "Key": "c2e78e39-9c84-4ac2-9ef1-0b5e22590eb3",
      "Value": "Infelizmente, {name} não estava em sua melhor forma naquele dia. Foi uma sorte que {mf|ele|ela} não tivesse subido muito antes de escorregar em algum musgo molhado. {mf|Ele|Ela} caiu nas pedras embaixo, mas seu orgulho doeu mais do que seu corpo. Depois que garantimos que {mf|ele|ela} estava bem, decidimos..."
    },
    {
      "Key": "dc0b994d-6fa4-4ba5-8a90-4d46fd9d4167",
      "Value": "Um incêndio cintilou à distância: alguém havia acampado ali."
    },
    {
      "Key": "a0c6536e-eceb-4f73-acb8-f949727fbb16",
      "Value": "No pior momento possível, a pedra {name} estava segurando se soltou da parede, enviando {mf|ele|ela} despencando."
    },
    {
      "Key": "7acc2a5c-dbb8-407a-91c3-af2cf972c8c9",
      "Value": "Felizmente, {name} foi capaz de se torcer agilmente no ar e agarrar-se à borda que havia passado no caminho. Depois de recuperar o fôlego, {mf|ele|ela} decidiu..."
    },
    {
      "Key": "db3f8224-c3e6-43c4-93e8-c7e222fb4b7b",
      "Value": "{name} tentou agarrar-se à saliência pela qual passou ao subir, mas seus dedos agarraram apenas o ar e {mf|ele|ela} caiu no chão de pedra. A queda torceu seu corpo dolorosamente, mas felizmente não foi fatal. Depois de ajudá-{mf|lo|la} a voltar, decidimos..."
    },
    {
      "Key": "0d01e9f6-405f-48bf-a765-b97d43ce7cd4",
      "Value": "Depois de remover o musgo de alguns símbolos gravados na pedra, {name} os estudou cuidadosamente."
    },
    {
      "Key": "eee8fe75-3d76-44c7-8f90-479662110d47",
      "Value": "{name} finalmente conseguiu determinar que os grandes símbolos devem ter sido escritos em uma antiga linguagem ciclópica. O tempo destruiu os símbolos, deixando-os em grande parte ilegíveis, mas ele conseguiu distinguir uma única palavra – \"VORDAKAI\". Depois de enviar a palavra para a memória, {name} decidiu..."
    },
    {
      "Key": "270dd2a0-b449-4545-8d31-9874fa9eed36",
      "Value": "O tempo destruiu os símbolos – {name} não conseguia nem distinguir as inscrições das finas redes de rachaduras que cobriam a parede. Sem esperança de recolher algo útil, {mf|ele|ela} decidiu..."
    },
    {
      "Key": "f9660e12-d4d5-4132-afb6-676f48783be6",
      "Value": "Lá, as paredes haviam se deteriorado ainda mais. Eles estavam cobertos de gravuras – símbolos pouco visíveis de alguma língua antiga. Depois de recuperar o fôlego, ele decidiu..."
    },
    {
      "Key": "781b7629-d442-42c5-aadd-9ed8ee177b3e",
      "Value": "A parede em ruínas estava coberta de símbolos quase imperceptíveis na antiga língua ciclópica, entre eles a misteriosa palavra \"VORDAKAI\". Depois de recuperar o fôlego, ele decidiu..."
    },
    {
      "Key": "a6f40a07-db38-4fbd-9f42-852fcfc96da9",
      "Value": "Agarrando-se às placas gravadas na parede, {name} lentamente começou a se mover para cima. Finalmente, {mf|ele|ela} alcançou o topo: um pedaço irregular era tudo o que restava da torre que antes deveria ter chegado às nuvens mais baixas. Infelizmente, não havia nenhum tesouro lá, a menos que você esteja disposto a contar a magnífica vista da área circundante."
    },
    {
      "Key": "d6afc368-efc6-4e79-b036-f555c333bfb9",
      "Value": "Descobrindo {mf|ele|ela} já tinha visto o suficiente, {name} desceu cuidadosamente. Depois disso, decidimos..."
    }
  ]
}