{
  "$id": "1",
  "strings": [
    {
      "Key": "f93f07f4-03c6-42f2-9527-af31259545a0",
      "Value": "\"Acho que não nos conhecemos...\""
    },
    {
      "Key": "dfc2b2f8-e0bf-4ec1-9be5-24d12e69effb",
      "Value": "\"Há assassinos à espreita. Temos que ir!\""
    },
    {
      "Key": "27b19d77-75e6-4d2c-bc72-b5e50e6c36a1",
      "Value": "\"Você parece um Keleshita. Estou certo?\""
    },
    {
      "Key": "0257d6ef-f5a8-4ab8-bd28-ed100d2c856a",
      "Value": "\"Há! Tudo é muito mais divertido com um pouco de fogo!\" {n}A garota tiefling que você viu na recepção antes do ataque para perto e balança o rabo de emoção.{/n} \"Que noite, hein? Eu pensei que estava sozinha. É bom você estar aqui – é um um pouco chato, perseguindo assassinos tolos sem ninguém assistindo o show...\""
    },
    {
      "Key": "9cd80764-1f17-493c-a3f1-be4d81c4c12d",
      "Value": "{n}A garota faz uma reverência zombeteira.{/n} \"Eu sou Kaessi. Um dos muitos aqui que buscam um destino melhor, atendendo ao chamado de Senhora Jamandi. Mas, ao contrário dos outros, nunca abaixo minha guarda, dia ou noite. É por isso que ainda estou vivo.\""
    },
    {
      "Key": "9f64bd11-b174-4fbb-8e9c-c7953537ecbd",
      "Value": "\"Claro. Sou de {g|Qadira}Qadira{/g}. Mas histórias de desertos quentes e oásis sombrios podem esperar até que a luta termine. Mas se você quiser compartilhar um jantar e uma conversa agradável, apenas diga a palavra... eu gosto de fazer novos amigos!\""
    },
    {
      "Key": "7a656e4d-3652-4b55-b19c-9f377e2eadbd",
      "Value": "\"Eu não sei para onde você está indo, mas estarei na entrada do salão principal. Acho que vi alguns guardas lá. Junte-se a mim se quiser!\" {n}O tiefling saúda você e corre à frente com agilidade.{/n}"
    },
    {
      "Key": "314f8b5e-9b6a-4724-b81b-508a73e1163c",
      "Value": "\"Não é nada divertido! Muitas pessoas morreram por nada...\""
    },
    {
      "Key": "e091b999-19c2-4494-9583-6218d640165d",
      "Value": "\"Pf-ff!\""
    }
  ]
}