{
  "$id": "1",
  "strings": [
    {
      "Key": "ccb0dea3-5756-4585-9166-9d39fdd37e57",
      "Value": "\"Os ataques vão continuar?\""
    },
    {
      "Key": "f66bbf92-277e-4ff2-a3b3-1c9f7e7384e0",
      "Value": "\"Vamos nos preparar para o próximo ataque. Não importa quem está por trás. Não vamos deixá-los vencer.\""
    },
    {
      "Key": "c61c9d54-bb58-451d-9032-1bc702a6eb33",
      "Value": "\"Um novo dia e uma nova vitória, {mf|Sua Graça|Sua Graça|Sua Alteza|Sua Alteza}! Outro ataque foi repelido, e seus súditos agradecidos têm uma recompensa especial por você.\""
    },
    {
      "Key": "9b8a7889-3a37-4f7c-9081-a74474dece39",
      "Value": "\"A fada que atacou você causou danos significativos ao seu {mf|baronato|baronato|reino|reino}, {mf|Sua Graça|Sua Graça|Sua Alteza|Sua Alteza}. Através dos grandes esforços de você e de seus súditos, o os atacantes foram derrotados. Aqueles que não foram mortos no campo de batalha fugiram para se abrigar nas florestas próximas. Ganhamos uma pausa bem merecida.\""
    },
    {
      "Key": "9b403382-d88b-4b64-8734-f0d561e11fdf",
      "Value": "\"A fada que atacou você causou danos significativos ao seu {mf|baronato|baronato|reino|reino}, {mf|Sua Graça|Sua Graça|Sua Alteza|Sua Alteza}. Seus súditos foram deixados para se defender ou fugir, e algumas aldeias foram reduzidas a escombros. Em outras, não há nada além de casas vazias. Famílias inteiras abandonaram o  {mf|Baronato|Baronato|Reino|Reino} por terras mais seguras.\""
    },
    {
      "Key": "e7c71411-94c8-4f64-a447-1840521c1aab",
      "Value": "{n}Linzi lança um olhar estranhamente sério.{/n} \"Bem, nós sabemos quem estava por trás dos ataques. Foi Tristian, não foi?\""
    },
    {
      "Key": "c4b6040b-cc20-4217-99b6-5013d81ac98a",
      "Value": "\"Mal posso esperar para ver Tristian novamente – e fazer todas as perguntas que estão nadando na minha cabeça. Por que ele nos traiu? Ele era tão gentil e gentil. Éramos amigos!\""
    },
    {
      "Key": "278944de-b977-498a-b9ea-52df0d1c41a7",
      "Value": "\"Ele era tão gentil e gentil... Ele era nosso amigo. Minha mente está me dizendo que ele é um traidor, e fizemos a coisa certa para nos livrar dele. Mas meu coração não quer acreditar. Eu... Sinto falta dele.\""
    },
    {
      "Key": "062e8e94-695b-460d-bb8c-b3d0e2a8c064",
      "Value": "{n}A voz do Orador é calma, mas firme.{/n} \"De qualquer forma, duvido que a ausência de Tristian impeça o próximo ataque.\""
    },
    {
      "Key": "46578834-411b-4a8f-ac41-b9a9a4956f4b",
      "Value": "{n}A voz do Orador é baixa, mas firme.{/n} \"De qualquer forma, duvido que o arrependimento de Tristian de alguma forma impeça o próximo ataque.\""
    },
    {
      "Key": "1ceb0e65-5c6a-49ab-8480-9aaa9bc7b7e7",
      "Value": "\"Assim como a Flor Eterna, eu só ajudei Nyrissa a abrir um portal do Primeiro Mundo para Golarion. Não sou eu quem lidera seus exércitos.\""
    },
    {
      "Key": "15290d76-ca62-4b98-8bef-a92093cb62f6",
      "Value": "\"Eu duvido seriamente que Tristian tenha sido o responsável pelos ataques. Eu disse antes que detectei a magia feérica e tenho certeza disso. Acho que Tristian foi apenas um acessório para o nosso verdadeiro inimigo.\""
    },
    {
      "Key": "bbc4cb1f-dc0e-46fb-97fe-892a84537ffc",
      "Value": "{n}O Orador assente.{/n} \"Tenho certeza disso. Seu {mf|Baronato|Baronato|Reino|Reino} é muito mais forte do que seus inimigos imaginam. – Como você os lembra de vez em quando.\""
    }
  ]
}