{
  "$id": "1",
  "strings": [
    {
      "Key": "c124edad-1aca-4441-a73d-abac956b166e",
      "Value": "\"Eu não gosto de toda essa temporada de flores! E se aquele canalha que vimos no Primeiro Mundo quiser cultivar outra flor?\""
    },
    {
      "Key": "475e6592-bb48-472e-aac6-8b80b4d328ab",
      "Value": "\"Eu... acho que não é provável que isso aconteça. Criar uma segunda Flor Eterna exigiria muito esforço.\""
    },
    {
      "Key": "4cde1de8-5cb3-4a00-881c-03f61cea9981",
      "Value": "\"Eu concordo. Prefiro uma luta honesta – e não gosto do desconhecido. Inimigos que aPunhalam você pelas costas, com a ajuda de magia alienígena.\""
    },
    {
      "Key": "0d4e989f-57b0-4488-adba-158a866d598c",
      "Value": "\"Seria menos divertido, pela segunda vez.\""
    }
  ]
}