{
  "$id": "1",
  "strings": [
    {
      "Key": "01d191f5-0706-4bd2-b05e-733e3a934806",
      "Value": "\"Então, rações para o almoço hoje? – Ótimo! Eu tenho maçãs secas!\""
    },
    {
      "Key": "148a61d0-cfbb-4f6f-a711-34f6589b2c23",
      "Value": "\"Por que todos estão tão sombrios? Então, temos rações para o jantar, grande coisa. Essa é realmente uma boa razão para ficar tão triste?\""
    },
    {
      "Key": "6f70a023-4cf0-44a8-97a8-f4673b9e1b8a",
      "Value": "\"Sem carne fresca, não é uma refeição. É apenas uma porcaria!\""
    },
    {
      "Key": "865b1e37-3334-405c-88ff-201d74ea1abe",
      "Value": "\"Oh, em tempos como esses, sinto falta dos bons velhos tempos, quando um chef adequado cozinhava para mim.\""
    },
    {
      "Key": "ea02dd35-7332-459f-a325-d37aebf6c58b",
      "Value": "\"Que pena! Até Octavia pode ver quantas rações nos restam. Acho que isso deve significar que você pode contá-las por um lado.\""
    },
    {
      "Key": "dbec63f2-a9eb-4aa0-a096-8e043c196f40",
      "Value": "\"A luz do seu coração aquece as pessoas ao seu redor. Viajar com você é um verdadeiro prazer!\""
    }
  ]
}