{
  "$id": "1",
  "strings": [
    {
      "Key": "99b6a6ae-ad64-4475-b8c6-ed091b5cd35b",
      "Value": "\"Quem é você?\""
    },
    {
      "Key": "ef2f9d8d-a582-42dd-ba31-b5eb00ecf01b",
      "Value": "\"Qual foi o seu papel no campo?\""
    },
    {
      "Key": "5879084c-59f4-4c7d-95df-93c38984bf61",
      "Value": "[Atacar] \"Uma história tão triste... Mais triste ainda, não me toca nem um pouco. Talvez sua morte afaste meu terrível tédio?\""
    },
    {
      "Key": "9f059eb2-815a-44f0-ac2f-159f8ad9e931",
      "Value": "\"Vou poupar a sua vida, mas não espere tanta indulgência da próxima vez.\""
    },
    {
      "Key": "4a459ff7-6695-43c2-af37-07fffea4f4fd",
      "Value": "[Atacar] \"As atrocidades que você cometeu são imperdoáveis. Você obedeceu à vontade de um tirano e trouxe morte e ruína a inúmeros inocentes. Prepare-se para morrer.\""
    },
    {
      "Key": "5764ecdd-1411-43c0-b692-4412fe04d87a",
      "Value": "\"Você está dizendo que Irovetti pensou em você?\""
    },
    {
      "Key": "dab2b4bd-91b3-47a7-bee2-1a741e609ac8",
      "Value": "\"Você não é da guilda dos ladrões?\""
    },
    {
      "Key": "cb9bf36c-fc86-49a2-bef8-28932cf473cf",
      "Value": "\"Eu dou! Eu dou. Por favor, não me mate!\""
    },
    {
      "Key": "4ab0b28b-e0bc-44b3-aacb-80762fb71592",
      "Value": "\"Eu não estou interessado em morrer por Irovetti. Deixe o porcaria sujo trazer alguém da guilda de ladrões dele aqui, veja como eles gostam desse trabalho... ou a maneira como ele fica prático!\""
    },
    {
      "Key": "fc5df76b-ab33-47cb-8ef3-7f7785115af8",
      "Value": "\"Meu nome é Ilora Nuski, chefe das lâminas do rio... ou o que resta de nós, entre você e Irovetti. O canalha nos encontrou, nos prendeu e nos deu uma escolha – ele poderia matar todos nós, ou poderíamos tomar nossas chances de lutar contra o seu reino. Fizemos o que ele disse, é claro. Pelo menos, nos deu uma chance de sobreviver.\""
    },
    {
      "Key": "4359b580-ebfb-4c97-b811-0b3c739bf7d7",
      "Value": "\"Você tem uma boa alma... e luta como um lobo. Fico feliz que Irovetti tenha mais problemas para lidar. Talvez nos encontremos novamente.\""
    },
    {
      "Key": "99df60f7-408b-4a3a-98a0-73f02d0b0f9e",
      "Value": "\"O habitual – reuniu informações de batedores, planejou ataques, recrutou e treinou novos membros... Mas travar uma guerra é muito diferente do banditismo diário ao longo de um rio ou rodovia! Nossa gangue diminuiu a cada dia – Irovetti apenas queria nos jogar neste banho de sangue para que pudéssemos danificá-lo o máximo possível antes de morrer.\""
    },
    {
      "Key": "b6887ddf-5c33-42e4-9b5d-abc4bf68be76",
      "Value": "{n}O bandido limpa o sangue dos lábios com as costas da mão.{/n} \"Não tenho ressentimento contra você. Irovetti simplesmente não me deu uma escolha!\""
    },
    {
      "Key": "8ddeea8d-d002-4488-bd4c-074a5dd0ca6c",
      "Value": "\"Para dizer o mínimo! Ele me perseguiu como se tivesse um enxame de vespas nas calças. Da última vez que estive em {g|Pitax}Pitax{/g}, ele ficou louco! Eu estava andando pelo corredor do palácio quando eu o conheci, e ele estava segurando essa estranha espada de madeira – não tenho idéia de onde ele a tirou, mas ele é maníaco por isso agora. Quando chegou perto, ele me tocou com a espada, acho que por acidente. Eu me virei imediatamente e tentei me prender contra a parede! Eu o empurrei e estava pronto para bater nele, mas eu me parei – ele poderia ter me matado por isso. Desde que peguei a vara de madeira, é como se ele estivesse completamente louco.\""
    },
    {
      "Key": "59156c57-e3f1-40b1-a676-466dfb72c36b",
      "Value": "\"Não, nós temos nossa própria gangue, boa como qualquer outra... Bem, tinha. Irovetti prometeu à guilda direitos exclusivos para todas as ordens contidas em {g|Pitax}Pitax{/g}... não que sua palavra valha alguma coisa.\""
    },
    {
      "Key": "de033295-b0ba-4247-a9a6-6ab780057993",
      "Value": "\"Você realmente sabe como transformar inimigos em aliados!\""
    },
    {
      "Key": "e7038f8e-f031-46ff-86ef-ed24251da46f",
      "Value": "\"Outra vida salva. Outra chance para um novo começo.\""
    },
    {
      "Key": "f61cf5e0-a3e6-4993-9ff9-5dba42cc2fbb",
      "Value": "\"Não teve escolha! A desculpa preferida dos bandidos em todos os lugares quando confrontados com as conseqüências de seus pecados. Não acredite nela, {name}!\""
    },
    {
      "Key": "bb29b459-8706-4d4e-bafb-57c382196165",
      "Value": "\"Vamos ver quem sai vivo!\""
    },
    {
      "Key": "3be946c5-1ee2-4c01-9bc8-a73e4a2c00db",
      "Value": "\"Morte aos inimigos do {mf|baronato|baronato|reino|reino}!\""
    },
    {
      "Key": "674d37f2-e6e7-4a42-a79d-5c6bf73c1043",
      "Value": "\"Ela lutou bravamente e com muita habilidade! Talvez não devêssemos acabar com ela. Se ela nos atacar novamente, teremos outra boa luta! E se não, melhor ainda – teremos um forte aliado.\""
    }
  ]
}