{
  "$id": "1",
  "strings": [
    {
      "Key": "45bf0bda-15e8-425b-be5d-0440d8b5c35b",
      "Value": "\"Você parece preocupado.\""
    },
    {
      "Key": "9ed0ce64-6b85-4c13-a346-b08e4858f6e9",
      "Value": "\"Eu só queria dizer que estou muito feliz por ter conhecido você, Octavia.\""
    },
    {
      "Key": "2f427ddd-cc37-489e-bf3a-abcb3f391aac",
      "Value": "\"Bem, nós temos que ir. Você está pronto para o nosso teste final?\""
    },
    {
      "Key": "15876000-09f6-461d-b51b-a2bbe02de48c",
      "Value": "\"Eu só queria te dizer mais uma vez o quanto estou feliz por estarmos juntos.\""
    },
    {
      "Key": "297c6e07-9992-4ce6-9692-3f6ac0798117",
      "Value": "{n}Octavia cumprimenta você com um olhar ansioso, mas cordial e determinado.{/n} \"Não acredito que isso esteja acontecendo conosco! Não achei que estaria entre os heróis de uma lenda, mas aqui estamos espero que essa lenda tenha um bom final!\""
    },
    {
      "Key": "6ef3747e-48fa-48f2-b931-03ff59de0d16",
      "Value": "\"Estou preocupada com você. E estou triste com Linzi. É melhor pensar que ela ficou conosco, não importa o quê. Mas sinto falta de algumas das pequenas coisas, como conversar com ela de manhã, quando os dois acabaram de sair de nossas tendas, ainda com sono... Linzi, se você pode nos ouvir agora, saiba que sinto muito a sua falta, seu pequeno tagarela! \nMas vamos olhar para o futuro por um momento. Eu não quero distrair você com minhas preocupações. Estou pronto para a batalha como nunca antes!\""
    },
    {
      "Key": "57bc8dd1-04f5-47bf-ac6f-e41af3db3036",
      "Value": "\"E Reg...\" {n}Octavia fecha os olhos por um momento.{/n} \"Deixa pra lá. Prometi a mim mesma que seria forte e serei. Por nós.\""
    },
    {
      "Key": "19e2b498-f484-4b9b-adc1-05d182b0d743",
      "Value": "\"Como nunca antes. Se eu precisar derrotar uma divindade para salvá-lo de uma maldição, então eu o farei.\""
    },
    {
      "Key": "5a2bec73-aa7d-45e8-88ff-89b98d503c72",
      "Value": "{n}Octavia sorri e não pode deixar de rir baixinho.{/n} \"Eu queria ser firme e fingir que não me comove nada – mas é claro que não é verdade! Também estou muito feliz por conhecer você – e que você não se importa com a minha companhia!\""
    },
    {
      "Key": "76724521-8a8c-46dd-b694-735f4514e651",
      "Value": "\"Eu também. Nós três tivemos que superar muito por isso... Mas estou feliz por termos ficado juntos durante tudo! Agora vamos provar que não foi tudo em vão!\""
    },
    {
      "Key": "0aba7052-f59b-43eb-b8b8-c49e84156734",
      "Value": "\"Eu também. Eu amo você, {Name}. Nossa felicidade nos custou muito... Agora vamos provar que não foi tudo em vão!\""
    }
  ]
}