{
  "$id": "1",
  "strings": [
    {
      "Key": "f716c39d-2e24-4901-9e24-ee5e4fae0708",
      "Value": "\"Meu dente dói. Eu deveria curá-lo... Mas qual é o sentido de morrer logo?\""
    },
    {
      "Key": "08c18cd4-4e43-4909-8ebc-37a741b1f747",
      "Value": "\"Se você curar sua dor de dente, o mais honrado Harrim, você poderá morrer sem se distrair com insignificantes! As dores de dente podem ser uma distração terrível, mesmo no leito de morte...\""
    },
    {
      "Key": "1c5fdaf9-5ac2-4b58-9133-ae3409f3dacb",
      "Value": "\"Se você curar sua dor de dente, o mais honrado Harrim, você poderá morrer sem se distrair com insignificantes! As dores de dente podem ser uma distração terrível, mesmo no leito de morte...\""
    }
  ]
}