{
  "$id": "1",
  "strings": [
    {
      "Key": "6d741848-7a2c-42a4-9d23-17cedc272da7",
      "Value": "\"Jaethal, você foi juiz por muitos anos em sua terra natal. Eu não entendo – o que fez você se voltar contra a lei?\""
    },
    {
      "Key": "d66c468e-2d10-4c9e-a54d-bf4f45c5316b",
      "Value": "\"As leis são escritas por quem está no poder – e não para se restringir, mas para dominar os impotentes. Aquele que respeita a lei é digno de desprezo, como um escravo que honra suas algemas.\""
    }
  ]
}