{
  "$id": "1",
  "strings": [
    {
      "Key": "1175db10-2327-490f-955b-46494cecab6f",
      "Value": "{mf|O barão|A baronesa} aproveitou a oportunidade para descobrir o motivo de tanta cautela."
    },
    {
      "Key": "645338dd-564c-4de0-8506-1c96ac39d0f5",
      "Value": "[Fechar] Concordamos em deixar os guardas nos escoltar com segurança até Varnhold."
    },
    {
      "Key": "89dddb90-bf60-4b0f-8168-c16356cbba0f",
      "Value": "[Fechar] Nos viramos e voltamos para as terras {mf|do barão|da baronesa}."
    },
    {
      "Key": "858a032f-bee2-4209-a317-9592c71ef727",
      "Value": "Nossas viagens nos levou para o leste. Deixando o cume da montanha para trás, chegamos à {g|Dunsward}Dunsward{/g} – uma terra selvagem, muito menos populosa e civilizada do que o baronato que se tornou tão querido para nós! Não foi tão ruim assim – as estradas de Dunsward estavam bem guardadas, e logo encontramos uma patrulha armada."
    },
    {
      "Key": "a256810f-f038-4351-a53e-8807b38eded4",
      "Value": "Quando nos aproximamos, um deles levantou a mão. \"Pare! Volte! A estrada para {g|Varnhold}Varnhold{/g} está fechada.\"\nO segundo guarda estava com menos pressa para nos expulsar. Ele apertou os olhos e estudou nosso líder. \"Espere... você é {name}! Meus respeitos, Sua Graça! Se você está aqui, viajando para tão longe de suas terras, devo assumir que veio visitar nosso governante, Maegar Varn.\""
    },
    {
      "Key": "abaaa9ac-b7aa-4219-b172-45cfd0809f28",
      "Value": "\"Você pode continuar, é claro, mas permita-nos acompanhá-l{mf|o|a} até {g|Varnhold}Varnhold{/g} – para sua própria segurança. Você está pront{mf|o|a} para seguir?\""
    },
    {
      "Key": "7209521c-4ff7-49df-bb16-486d4de76f71",
      "Value": "Assim que nos voltamos para {g|Varnhold}Varnhold{/g}, encontramos uma patrulha – novamente. Trocamos os cumprimentos habituais, e eles se ofereceram para nos acompanhar até a cidade."
    },
    {
      "Key": "2bb4c922-7bee-46d8-9491-e6ae2e4eb5f4",
      "Value": "\"Bandidos, Sua Graça.\" Um dos guardas murmurou. \"Todos os tipos de plebeus chegam aqui vindos de {g|Restov}Restov{/g} – não temos um momento de paz. O rio e as estradas estão cheios com as coisas deles... Até resolver isso, pensamos que é melhor patrulhar as trilhas e o rio. Mas não estamos aqui para segurá-l{mf|o|a} – teremos o maior prazer em lhe acompanhar em sua jornada para {g|Varnhold}Varnhold{/g}!\""
    }
  ]
}