{
  "$id": "1",
  "strings": [
    {
      "Key": "8ea02901-40d3-422e-a0cd-c8b8341baa69",
      "Value": "\"Quem é você e por que você está procurando Octavia e Regongar?\""
    },
    {
      "Key": "f1e6a11a-3ea9-4cbf-bbd1-8386a3b98ae2",
      "Value": "\"Não minta. Você é um espião da Irmandade Tática!\""
    },
    {
      "Key": "091d7d8f-6635-425e-8eba-3e72e96d7442",
      "Value": "\"Este não é um bom lugar para conversar – vamos para um lugar mais conveniente. Como uma câmara de tortura, talvez.\""
    },
    {
      "Key": "08a794f8-4f3f-4803-9f08-8c251565d58a",
      "Value": "\"Octavia, você acredita nele?\""
    },
    {
      "Key": "e53816f8-d70a-4819-b9da-f373930cde65",
      "Value": "\"Regongar, você acredita nele?\""
    },
    {
      "Key": "79957017-7f0d-437e-bf83-9b677ffbb97f",
      "Value": "\"Diga-me, Kerreg, você sabe onde podemos encontrar Janush?\""
    },
    {
      "Key": "0bcbd412-2d18-464e-8552-b703b34a2092",
      "Value": "[Dê 100 moedas de ouro a Kerreg] \"Aqui, pegue isso. Ele deve cobrir sua viagem às Montanhas dos Cinco Reis.\""
    },
    {
      "Key": "3c2c6d49-59ef-4419-a12d-be876f07e1fe",
      "Value": "\"Kerreg, você não pode voltar. Fique aqui – sempre precisamos de sapateiros qualificados.\""
    },
    {
      "Key": "ffc73b3e-95d3-4388-bb12-9daf7f9084ba",
      "Value": "\"Obrigado pela informação. Agora saia da minha cidade.\""
    },
    {
      "Key": "508aa9fe-c990-4c7d-a794-e3ad1ab990f1",
      "Value": "[Mate Kerreg] \"Muito bem. Eu tenho uma maneira simples de lidar com espiões...\""
    },
    {
      "Key": "2df2a193-50b3-4a5e-8e65-0a7f2a63558d",
      "Value": "{n}Um anão discreto vestindo um casaco cinza está sentado à mesa bebendo cerveja. Quando você, Octavia e Regongar aparecem em sua mesa, ele derruba a caneca, assustado.{/n}"
    },
    {
      "Key": "08a63cc3-5303-4c92-8592-8b022bea014d",
      "Value": "\"Vaia!\""
    },
    {
      "Key": "ee6907f4-61e9-4415-9952-02205ed5d4e6",
      "Value": "\"Você estava perguntando sobre nós, certo? Bem, aqui estamos nós. Então, o que você quer de nós, hum?\""
    },
    {
      "Key": "4238c25a-cd08-45df-b825-377288103714",
      "Value": "\"II... Você cometeu um erro! Eu não tenho idéia de quem você é!\""
    },
    {
      "Key": "cae5469b-5834-4957-8389-7cc351447e05",
      "Value": "\"Nenhuma câmara de tortura, por favor! Vou te contar tudo!\""
    },
    {
      "Key": "c556bd3e-777b-4c39-9588-f60a215050c9",
      "Value": "\"Não, você está errado, eu sou apenas um sapateiro simples...\""
    },
    {
      "Key": "8c00dc2e-691a-4871-b943-43f6816c8c21",
      "Value": "{n}Regongar bate com o punho na mesa quase com força suficiente para quebrar as pernas da mesa.{/n} \"Corte a porcaria, impetuosamente! Fale, ou eu começo a cortar os dedos!\""
    },
    {
      "Key": "27547b0d-d965-489d-974f-e6077863d865",
      "Value": "\"Não... Por favor, não meus dedos! Vou te contar tudo!\""
    },
    {
      "Key": "bb8aad52-144f-4f6f-bf37-0bbafba313eb",
      "Value": "\"Oh, {g|Abadar}Abadar{/g}, o que fiz para merecer isso... Tudo bem, sim, admito que fui enviado pela {g|Technic League}Irmandade Tática{/g}! Eu vou te contar tudo, só não me bata!\""
    },
    {
      "Key": "d04ba647-5fec-4e46-9f17-93bbed6701b3",
      "Value": "\"Meu nome é Kerreg, apenas um humilde servo do Maestro Janush...\" {n}Os olhares nos rostos de Octavia e Regongar depois de ouvir esse nome fazem o anão empalidecer e encolher em sua cadeira.{/n} \"Você... conhece ele, não é?\""
    },
    {
      "Key": "de421055-eee2-4f08-8521-34b81e49e0a3",
      "Value": "\"Você poderia dizer isso... E por que ele te enviou aqui?\""
    },
    {
      "Key": "8904c965-0f2f-48ed-9214-bcb1341e927f",
      "Value": "\"Eu era escravo dele. Eu servi ao Maestro lealmente por um longo tempo, e ele finalmente me concedeu a minha liberdade! Ele me prometeu muito dinheiro, o suficiente para me levar às Montanhas dos Cinco Reis e depois a alguns, se eu apenas faça uma tarefa simples para ele – descubra se um meio-elfo chamado Octavia e um meio-orc chamado Regongar estavam morando na capital e, se sim, onde eles poderiam ser encontrados... não sei por que ele me enviou – Eu não sou espião, apenas um sapateiro simples!\""
    },
    {
      "Key": "4505b112-f89c-4dce-8adf-1bb0ca24974c",
      "Value": "\"Acho que essa bola fina está mentindo. Um sapateiro, com certeza! Todo mundo conhece a {g|Technic League}Irmandade Tática{/g} com pouca experiência em espiões – é claro que eles precisam enviar sapateiros, cozinheiros e carregadores de água! Então, aqui está o que eu pense: vamos arrastá-lo pela barba do portão da cidade para o palácio e vice-versa – talvez então ele invente algo mais inteligente ao longo do caminho!\""
    },
    {
      "Key": "f25bd88a-7300-483f-83ad-ff3a9f1d69fb",
      "Value": "\"Por mais estranho que possa parecer, sim. Ele parece mais alguém enganado do que enganador. Usar pessoas no escuro sem dizer a elas o verdadeiro objetivo de sua missão é muito parecido com Janush. Não acho que ele seja um espião. Acho que ele é isca."
    },
    {
      "Key": "86132231-32eb-4c46-9440-a4e6bab3dca2",
      "Value": "\"Sim! Sim, sim! Ah, o Maestro vai me matar... {g|Abadar}Abadar{/g}, o que eu fiz para merecer isso... Dê-me um mapa – eu mostrarei a você onde ele está escondido!\""
    },
    {
      "Key": "f2897926-e6e8-4495-873a-809235c266f5",
      "Value": "{n}Octavia e Regongar trocam olhares.{/n} \"Parece uma armadilha.\""
    },
    {
      "Key": "24d74020-037f-422b-9fe5-88da67619222",
      "Value": "\"Claro que é uma armadilha! É o Maestro!\""
    },
    {
      "Key": "14926e41-252f-4728-a534-5f12af3319db",
      "Value": "{n}O bar fica quieto por um momento, enquanto todo mundo olha para o corpo sem vida do anão. Todos os convidados se afastam simultaneamente e desajeitadamente retornam às suas conversas, fazendo tudo o que podem para não parecer do seu jeito.{/n}"
    },
    {
      "Key": "42127a21-922c-4c9c-a2ca-3dd5d1b85587",
      "Value": "\"Claro! De uma vez! Você nunca me verá aqui novamente, nem mesmo um fio de cabelo...\" {n}O anão sai correndo da taberna.{/n}"
    },
    {
      "Key": "b0ec7d43-93dd-4f20-b102-1699db2a6bb5",
      "Value": "\"Obrigado, {mf|Sua Graça|Sua Graça|Sua Alteza|Sua Alteza}! Vou servi-lo com lealdade e sinceridade como eu fiz com o próprio Maestro! Você precisa de novas solas? Você provavelmente passa por muitas de sapatos em suas viagens... Perdoe-me, estou sendo excessivamente falador – todos os nervos, você vê... Que {g|Abadar}Abadar{/g} o proteja! \" {n}O anão sai correndo da taberna.{/n}"
    },
    {
      "Key": "f2869d2a-73d4-4638-9ea7-52e8824e764e",
      "Value": "\"Oh, {mf|Sua Graça|Sua Graça|Sua Alteza|Sua Alteza}! Obrigado, do fundo do meu coração! Vou rezar para {g|Abadar}Abadar{/g} por sua boa saúde até a dia eu morro! \" {n}O anão sai correndo da taberna.{/n}"
    },
    {
      "Key": "29bc2f85-369b-4ea4-862e-cec61bfee3d4",
      "Value": "\"Bem, agora sabemos onde Janush está esperando por nós. Ele sabe que estamos vindo, é claro... mas sabemos que ele sabe, então isso nos dá a vantagem!\""
    },
    {
      "Key": "79cb6023-1464-4dee-926f-eb0b57fa5182",
      "Value": "\"Mas ele sabe que nós sabemos que ele sabe?\" {n}Regongar franze a testa com seriedade exagerada.{/n}"
    },
    {
      "Key": "9ddaf576-8bb2-43c4-ab33-10f1e7db0311",
      "Value": "{n}Rindo, Octavia toca levemente o nariz de Regongar. Incapaz de manter sua expressão séria, ele desaba e ri com ela.{/n}"
    }
  ]
}