{
  "$id": "1",
  "strings": [
    {
      "Key": "94993809-844e-4268-88ee-7ca07406f0fa",
      "Value": "\"O que há de errado?\""
    },
    {
      "Key": "7a8ee899-b0b7-4827-81ec-d3e7d3b6344d",
      "Value": "\"Você não está sendo um pouco prematuro? Olhe para si mesmo – você mal conseguiu arranhar!\""
    },
    {
      "Key": "31ea643f-e1da-4456-85b4-a994add754f5",
      "Value": "\"Pare de agir – levante-se e lute, ou eu realmente te mandarei para o seu descanso final!\""
    },
    {
      "Key": "11e5aa67-839c-45ac-b637-eafdf1e6bf9f",
      "Value": "[Coloque uma das poções de cura do anão na boca] \"Isso deve ajudar!\""
    },
    {
      "Key": "4b55f32d-30e9-47a3-93c4-1e97f7da7e59",
      "Value": "{n}Um anão está deitado no chão, olhando para o céu escuro. Ele não parece ter feridas graves, mas seu sussurro trêmulo é fraco, como se estivesse às portas da morte.{/n} \"{g|Groetus}Groetus{/g}... Eu posso sentir sua silhueta pairando sobre mim... Não vai demorar muito... Em breve, nos encontraremos, ó senhor do esquecimento...\""
    },
    {
      "Key": "adce6697-2db1-46d5-b9cc-58d853a74b86",
      "Value": "\"Estou morrendo... eu sabia que esta expedição estava condenada... Oh, {g|Groetus}Groetus{/g}, minha visão escurece...\""
    },
    {
      "Key": "9ede8042-ed25-4b67-8cb0-da12a89e005b",
      "Value": "\"Isso é impossível!\" {n}O anão levanta a cabeça e inspeciona seu corpo com cuidado, depois tenta mover as mãos e os pés.{/n} \"Parece... parece que você pode estar certo.\""
    },
    {
      "Key": "4d699408-73d0-4fe7-a2a2-ed4663794c73",
      "Value": "\"Você está errado... Quem saberia melhor que eu a gravidade de minhas próprias feridas...? Eu posso sentir as últimas gotas de energia vital me deixando...\""
    },
    {
      "Key": "88703c8e-fd79-479a-a914-d04a33b268b0",
      "Value": "\"Que grosseria – falar com um moribundo dessa maneira! Olha, eu não consigo nem me mexer!\" {n}O anão move as mãos e depois olha para elas, perplexo.{/n} \"Não pode ser... Mas estou gravemente ferido! Não consigo nem ficar de pé com os meus próprios pés... Observe?\""
    },
    {
      "Key": "6e86af55-80f9-4b3b-bf4a-ebd0a976761f",
      "Value": "\"Não estou ouvindo você... estou sendo levado... para a escuridão...\""
    },
    {
      "Key": "06a99263-bf16-4a1f-a92a-c956bb704675",
      "Value": "{n}Tartuccio dá um chute rápido no anão.{/n} \"Up, seu fingido! Basta olhe para ele – morrendo, ele diz! Que palhaço! Vamos, levante-se agora, ou eu dançarei em seu cadáver!\""
    },
    {
      "Key": "876c9735-a57a-45f7-97f1-eaa9b61c9db5",
      "Value": "{n}O anão grunhe enquanto se recupera e olha cautelosamente para sua armadura manchada de sangue.{/n} \"Parece... parece que vou viver. Suponho que devo adiar o encontro com meu deus... Não por muito tempo, Tenho certeza. Mas enquanto permanecemos neste mundo transitório, Harrim está ao seu dispor.\""
    },
    {
      "Key": "2680a8de-1f56-4365-9186-c51a3137ab67",
      "Value": "{n}As feridas do anão, por mais rasas que sejam, começam a se curar, mas ele parece não perceber enquanto continua sussurrando.{/n} \"Tarde demais... Perdoe-me... O esquecimento está chamando...\""
    }
  ]
}