{
  "$id": "1",
  "strings": [
    {
      "Key": "e86b35d0-ef19-49de-9264-1f0071a73bb7",
      "Value": "\"Estamos com falta de suprimentos. Espero que haja pessoas nestdo grupo prontas para caçar – ou prontas para ficar sem comida até reabastecer nossos estoques.\""
    },
    {
      "Key": "72de3822-7f29-4555-beff-ea0ffa4e127f",
      "Value": "\"Nossos suprimentos estão acabando. Ou encontramos uma maneira de reabastecer nossas provisões ou teremos que apertar nossos cintos.\""
    },
    {
      "Key": "0aa030a0-7325-4010-aac6-4446cdea5fa3",
      "Value": "\"Oh, eu posso ficar sem comida por um longo tempo! Às vezes, ninguém nos alimentou escravos por vários dias seguidos!\""
    },
    {
      "Key": "710aa70c-de7d-4ae8-bb8b-2c3008f5ba27",
      "Value": "\"Não é divertido, sem comida. Deveríamos trazer mais na próxima vez.\""
    },
    {
      "Key": "f0ac124d-261d-4bb4-b48c-b39911bb659e",
      "Value": "\"A comida chegará. Pela caça ou pelo comércio.\""
    },
    {
      "Key": "3d0e87c1-624a-416f-8dbc-6d73d0fb5d54",
      "Value": "\"O general fala a verdade. Mais alguns dias, e estaremos bebendo sopa de casca de pinheiro.\""
    }
  ]
}