{
  "$id": "1",
  "strings": [
    {
      "Key": "7d247e3c-21a9-4bd4-893b-7be012993685",
      "Value": "\"Quem é esse Orador, eu me pergunto? Ele é estranho – um elfo, mas parece velho. E ele é cego. E ele não gosta de compartilhar histórias, que avarento!\""
    },
    {
      "Key": "cb8cc249-2f4f-40da-ba95-49bdbf8e4a15",
      "Value": "\"Então, quem é ele? O elfo mais velho de todo Golarion? Ou um príncipe encantado de Kyonin? Oh, talvez ele seja um deus com perda de memória? Estou tão empolgada que não vou conseguir dormir esta noite, caramba.\""
    }
  ]
}