{
  "$id": "1",
  "strings": [
    {
      "Key": "92f9a83a-42aa-47ca-9936-f5fd7f83efe6",
      "Value": "\"Eu não entendo você. Você não é um covarde em batalha. Você não foge de nossos inimigos. Então, por que você sempre fica suspirando e choramingando como um filhote?\""
    },
    {
      "Key": "83762cc9-25dd-4e95-b147-4775f3e503f5",
      "Value": "\"Coragem é o fim endurecido da compaixão, Amiri. Mas estou muito animado que você não me leve como covarde.\""
    }
  ]
}