{
  "$id": "1",
  "strings": [
    {
      "Key": "0d37ee6f-e0e1-4ed5-9bc2-e04c9fe8e1d1",
      "Value": "\"O que você está fazendo aqui?\""
    },
    {
      "Key": "6b8aa1a0-5880-4afc-838e-087af6fdb5f4",
      "Value": "\"Estou procurando um cultista de uma deusa das trevas. Você pode me ajudar?\""
    },
    {
      "Key": "b74566ae-64a3-48a3-b076-039cca01a81f",
      "Value": "\"Eu preciso ir.\""
    },
    {
      "Key": "ec47a3ee-f89a-41d1-8dfa-a97bfc050856",
      "Value": "\"Olika, por que há roupas de baixo manchadas de sangue no seu quarto? De onde é isso?\""
    },
    {
      "Key": "6bb0036f-940d-4fe3-aa25-68ce8880aad7",
      "Value": "\"Você planeja ficar em Gralton?\""
    },
    {
      "Key": "083d48dd-08ff-4090-bdc0-52fc5cdde809",
      "Value": "\"De onde você é?\""
    },
    {
      "Key": "0135cbf3-f01b-4dcc-9e24-337c6bae48d8",
      "Value": "\"Vamos conversar sobre outra coisa.\""
    },
    {
      "Key": "e7bb5c04-b8e2-49bc-8109-b34d2bb2c4fc",
      "Value": "\"Você viu algo suspeito esta noite?\""
    },
    {
      "Key": "985a87c9-95d7-4c9d-8dfc-049ad4dd7eeb",
      "Value": "\"Você conhece alguém neste salão?\""
    },
    {
      "Key": "cac60995-02d6-4a41-98f4-65b73a656116",
      "Value": "\"Você vê esse casal à mesa? Eles são nobres de Restov. Eles alegam que você foi a última pessoa que veio ao salão.\""
    },
    {
      "Key": "a6d2de1b-fb48-4098-8c5b-b713a2bd58cd",
      "Value": "\"Você sabe quem chegou ao alojamento por último?\""
    },
    {
      "Key": "432937fa-c9ef-42ce-8daf-5401659fe239",
      "Value": "\"Foi uma longa viagem para você.\""
    },
    {
      "Key": "acb3e1fa-edf4-4076-a15d-3359aed69d87",
      "Value": "\"Vamos conversar sobre outra coisa.\""
    },
    {
      "Key": "3be3a559-332a-4a57-8e92-aa6f798977c2",
      "Value": "\"Eu preciso de uma chave para o seu quarto.\""
    },
    {
      "Key": "a835d93e-a182-4fef-80e5-11317e802684",
      "Value": "{n}Uma jovem está diante de você, vestindo uma túnica lisa e sem capa. Sua barriga está inchada – ela está grávida e o parto está próximo.{/n}"
    },
    {
      "Key": "822cb11a-d6ef-44c7-806f-8348a3976305",
      "Value": "{n}A mulher administra um arco.{/n} \"Eu ouvi outras pessoas chamando você {mf|de barão|de baronesa}, Sua Graça. É uma honra estar em sua presença. Eu sou Olika.\""
    },
    {
      "Key": "bddb44c9-9ead-4ab9-80ed-3e612f5e7deb",
      "Value": "\"Sua Graça! É uma honra!\" {n}A mulher se inclina e depois olha para você com olhos brilhantes.{/n} \"Eu pensei que nunca seria capaz de agradecer pessoalmente por sua bondade, mas os deuses foram gentis comigo.\""
    },
    {
      "Key": "d0c3ef5f-f4e7-4fd9-b008-6b8aff289942",
      "Value": "{n}Ela toca um broche turquesa preso ao vestido – o broche é familiar para você.{/n} \"Você tornou possível que o último presente do meu marido tivesse chegado em casa. Não há palavras suficientes no mundo para expressar o quanto sou grata.\""
    },
    {
      "Key": "a7453bb9-cae5-41ad-8166-502c24e316d2",
      "Value": "\"Você quer perguntar sobre outra coisa?\" {n}Olika dá um sorriso fraco.{/n}"
    },
    {
      "Key": "aa36dc73-8233-4e6c-a205-42f488613ba4",
      "Value": "\"Eu tenho uma irmã em Gralton. Os deuses a abençoe - ela concordou em me dar abrigo em sua casa. Então eu fui lá - não havia outro lugar para ir.\""
    },
    {
      "Key": "1b6b4439-98ef-4d36-9c3a-4bc083e55fd3",
      "Value": "\"De {g|Galt}Galt{/g}, Sua Graça. Sou de uma pequena vila perto da área – acho que ninguém aqui nunca ouviu falar desse lugar.\""
    },
    {
      "Key": "76c0cbd9-80c3-4a69-8277-df37a95ab516",
      "Value": "{n}Olika hesita.{/n} \"Ainda não sei.\" {n}Ela responde.{/n} \"Mas se as coisas correrem bem... por que não?\""
    },
    {
      "Key": "78ba4568-766b-4efc-a7d0-181d9fc2c654",
      "Value": "{n}Olika assente.{/n} \"Claro, Sua Graça.\""
    },
    {
      "Key": "9a631b5f-4219-4352-b41d-3f6863db407c",
      "Value": "{n}Olika empalidece.{/n} \"Cultistas? Isso é... isso é horrível! Mas... como posso ajudá-l{mf|o|a}?\""
    },
    {
      "Key": "6cc7b300-6e4c-4697-805e-11798c9b70ca",
      "Value": "{n}Olika encolhe os ombros.{/n} \"Eu tenho pouco dinheiro, Sua Graça ... Então, tenho que implorar aos comerciantes na estrada para andar em suas carroças. Passo as noites em qualquer lugar. Este lugar pelo menos é quente e seco.\""
    },
    {
      "Key": "90990657-1f43-4130-8982-79740d294db8",
      "Value": "{n}Olika dá um passo para trás, os olhos arregalados de medo.{/n} \"Eu... eu posso explicar...\""
    },
    {
      "Key": "8e4d1d6e-e318-4430-a225-f1a167e5f20f",
      "Value": "{n}Olika parece perplexa.{/n} \"Mas isso não é verdade! Não é!\" {n}A voz dela treme.{/n} \"Dumra... a anfitriã... ela... ela foi a última! Lembro-me dela entrando na cozinha!\""
    },
    {
      "Key": "0877785c-9007-4d25-9162-9d663d0af11f",
      "Value": "\"Estou descansando o máximo que posso depois de um longo dia na estrada, Sua Graça. Sou viúva...\" {n}Olika para de repente.{/n} \"Mal tive duas estações para lamentar meu marido, e ele me deixou com uma criança. E em tempos difíceis como esses...\""
    },
    {
      "Key": "ea718c09-6a79-401a-8055-f0a9a3f69b75",
      "Value": "{n}Olika balança a cabeça lentamente.{/n} \"Não... acho que não...\""
    },
    {
      "Key": "2f5e3681-9f83-470f-8a45-1564bd24c016",
      "Value": "\"A primeira vez que vi essas pessoas foi quando eu pisei no limiar desta hospedaria.\""
    },
    {
      "Key": "f2c9e399-0ccf-4738-a2c4-45b1d95f6d5a",
      "Value": "{n}Olika franze a testa.{/n} \"Ouvi um barulho da cozinha... Foi como se algo caísse no chão. E então essa velha rabugenta Dumra saiu.\""
    },
    {
      "Key": "a7d28cb0-1aa1-4829-b106-92264fe9fa3a",
      "Value": "{n}Olika faz vários acenos apressados. Parece que a conversa dos cultistas a assustou.{/n}"
    },
    {
      "Key": "67d2f28f-f23d-4cfb-ad05-fb699bda1423",
      "Value": "{n}A mulher abaixa a cabeça e descansa as mãos contra a barriga.{/n} \"Eu... estou esperando um bebê... Mas... por causa da jornada... ou de todas as preocupações... algo deve ter deu errado. Está doendo...\" {n}Olika fecha os olhos com força.{/n} \"E eu tenho sangrado.\""
    },
    {
      "Key": "2e29e810-751b-4fb9-8ccc-3be8170c233e",
      "Value": "{n}Olika começa a soluçar.{/n} \"Eu tentei! Tentei descobrir o que há de errado! Para me curar! Para apaziguar os deuses! O sacerdote de {g|Pharasma}Pharasma{/g} me disse que não podia ajudar – a deusa rejeitou meu filho, disse que nasceria morto!\""
    },
    {
      "Key": "9abfde57-2a76-4da2-932d-8a4a54fcf8a7",
      "Value": "{n}Você se lembra da localização de {g|Galt}Galt{/g} e Gralton. Até onde você sabe, as {g|Stolen Lands}Terras Roubadas{/g} ficam ao lado dos lugares que Olika mencionou.{/n}"
    },
    {
      "Key": "536740f9-69d0-443b-8c0c-e76873a8b82f",
      "Value": "{n}Olika ajeita as dobras do vestido e coloca as mãos sobre a barriga.{/n}"
    },
    {
      "Key": "5cfb7d42-b76d-43b9-9fc2-0ba66e2ef140",
      "Value": "{n}Olika hesita, tira uma chave da capa e entrega a você sem dizer uma palavra.{/n}"
    },
    {
      "Key": "14c10155-7ed4-4264-8dff-65111b469340",
      "Value": "\"Mas não posso... não posso simplesmente aceitar. Não posso desistir. Essa criança... é filho do meu marido... é tudo o que me resta dele...\" {n}Olika esconde o rosto atrás das mãos e começa a chorar. Você percebe que não titará mais nada dela no momento.{/n}"
    },
    {
      "Key": "3b605629-8770-4b6f-8989-d3fefec66ecf",
      "Value": "{n}Uma lembrança da carta de Olika surge das profundezas de sua mente. Ela mencionou seu filho naquela carta, mas agora não há nenhum filho com a mãe. É estranho que Olika, que está planejando ficar em Gralton, não tenha trazido seu filho junto.{/n}"
    },
    {
      "Key": "7031a77b-2e6b-4964-9e49-7ab32e7e8ab2",
      "Value": "\"Você já deve ter esquecido, mas... foi você quem descobriu o corpo do meu marido. Um comerciante que morreu em uma de suas viagens. Você encontrou um broche e uma carta no corpo dele e os enviou para mim.\""
    }
  ]
}