{
  "$id": "1",
  "strings": [
    {
      "Key": "54e4d694-3d3f-4fad-b028-79279d45df4e",
      "Value": "\"Sente-se ou eu vou cortar seus braços e pernas!\""
    },
    {
      "Key": "2293b3ee-ff08-4567-9ea6-5f76fb122eee",
      "Value": "[Atacar] \"Eu vou lidar com você de uma vez por todas!\""
    },
    {
      "Key": "8dda10e7-c769-4e03-826a-2087dbc9f523",
      "Value": "\"Diga-me, quem é você e o que você está fazendo aqui?\""
    },
    {
      "Key": "5f262810-5a6f-4adb-b4f2-96e4502c1145",
      "Value": "\"É melhor você voltar ao seu mundo. Existem alguns monstros devoradores de feiticeiros nessas terras. Eles vão te devorar assim!\""
    },
    {
      "Key": "a6686045-1049-446f-bb2c-e4411ec2b261",
      "Value": "\"Tudo bem, vamos olhar seus tesouros.\""
    },
    {
      "Key": "1d30aa68-f429-49c4-a066-9f59870fe9f3",
      "Value": "\"Prefiro ouvir suas aventuras.\""
    },
    {
      "Key": "6913f32e-3846-45e5-b02e-d543a4160137",
      "Value": "\"E daí? Tesouros? Eu tenho muitos deles. Você nunca viu nada parecido com o que eu tenho!\""
    },
    {
      "Key": "c2e9f2eb-097c-439a-b8da-445f2582e3c3",
      "Value": "\"Vá. Viage com cuidado!\""
    },
    {
      "Key": "a959b29b-1d94-4fd4-9e1f-87a99158cfb0",
      "Value": "[Atacar] \"Inferno, não! Eu não perdoo esse comportamento!\""
    },
    {
      "Key": "b8664327-9df0-4039-96dc-c885b1cf6031",
      "Value": "Kamala conjura a magia das fadas com um gesto gracioso e começa a lançar outra magia para enviá-lo para casa. A ninfa e o sátiro olham para você maliciosamente – algumas brincadeiras estão obviamente se formando em suas cabeças.{/n}"
    },
    {
      "Key": "1e198822-82a8-43f9-991c-a8d79afb4c89",
      "Value": "{n}Lançando olhares de medo para você e sua arma, os feéricos ficam parados, esperando o ritual terminar.{/n}"
    },
    {
      "Key": "44db4a13-d67f-4410-987c-8c198dbc7f31",
      "Value": "\"Você é mau!\""
    },
    {
      "Key": "788b5db5-d747-41a8-996a-0724d2c55229",
      "Value": "\"Bola Magro!\""
    },
    {
      "Key": "e96ea704-f7b8-444e-b648-93786c81d97f",
      "Value": "\"Não temos medo de você! Não temos – entendeu? Hahaha!\""
    },
    {
      "Key": "26e2e1c0-5b4b-42eb-8473-7a6aa04a3178",
      "Value": "{n}Os feéricos fogem, rindo alto e enfiando a língua em você.{/n}"
    },
    {
      "Key": "e399fdb2-e99f-4335-808d-03f3bb57ae78",
      "Value": "\"Eu sou Myrrhine e esta é Kinesias. E estamos entediados!\""
    },
    {
      "Key": "2405506c-5d05-4400-a9aa-350a1b9c7e29",
      "Value": "\"Sim, certo. Sentamos, conversamos e contamos coisas... Como se não tivéssemos nada melhor para fazer!\""
    },
    {
      "Key": "00e0e13d-960e-4515-81e7-3ba2a3d74b93",
      "Value": "\"Sim, terrivelmente entediado! Em todos os outros lugares está mudando, tremulando assim e assim! Mas aqui é sempre o mesmo o tempo todo! As árvores não andam, as montanhas não voam... E você é tão tolos! Hahaha!\""
    },
    {
      "Key": "8ee9f6c3-c452-4be7-9739-6324b9e874a6",
      "Value": "\"Tudo é tão estranho aqui... Como você mora aqui?\""
    },
    {
      "Key": "5ef1a4d0-b645-4fbb-971d-684b526e7c95",
      "Value": "\"Oh, sério? Monstros... Grandes? Eles têm dentes?\""
    },
    {
      "Key": "ba8b922e-58c7-488f-9295-af42251fa98f",
      "Value": "\"Oh, sério? Que tipo de monstro? Eu quero vê-los!\""
    },
    {
      "Key": "0158b268-f51f-41c7-aa30-85a66d95b309",
      "Value": "\"Vamos procurar os monstros! Você continua sentado aqui como bonecos!\""
    },
    {
      "Key": "abe753f7-2ee2-4a5f-b76c-3f08ef46038e",
      "Value": "\"Oh, nós tivemos essas aventuras – você não tem idéia! Além dos seus sonhos mais loucos! Por exemplo, uma vez que tivemos corridas de manticora!\""
    },
    {
      "Key": "65e1467c-021c-48f7-98d0-5fd8c2344502",
      "Value": "\"Você não vai deixar que eles nos machuquem, vai? Você vai?\""
    },
    {
      "Key": "a6ccfd84-6ce0-4557-95f9-6e08d89962f7",
      "Value": "\"Estamos sentados aqui há cem milhões de anos! Estamos tão entediados! Vamos dar uma volta! Vamos mostrar uma coisa maravilhosa – você vai adorar!\""
    },
    {
      "Key": "440284f9-98e1-45a6-92a9-025299fb230c",
      "Value": "\"E você será rico! Seus mortais amam tesouros, certo? Lá vai você! Há muitos tesouros por aqui. Mas sem nós, você nunca o encontrará a vida toda!\""
    },
    {
      "Key": "3affb8da-2f2c-4d5a-a1fd-e7ff44cad3c9",
      "Value": "\"Você é tão boba e chata! E se for contagiosa? E se nós nos tornarmos tolas e chatas só de sentar aqui com você?\""
    },
    {
      "Key": "747fe60a-172d-417c-84d4-aa240b6127c7",
      "Value": "\"O quê? Infernos não! Fuja antes de pegá-lo!\""
    },
    {
      "Key": "585a2d3b-bb22-4946-94c1-92f947cc46f9",
      "Value": "\"Não é longe, muito perto... Ali!\""
    },
    {
      "Key": "2011c891-576f-4330-bc59-120d506c96d3",
      "Value": "\"Sim, eles são muito próximos... Tee-hee! Ei, {mf|ele|ela} realmente acredita nisso?\""
    },
    {
      "Key": "29194c01-331f-4c8c-8c37-61e8ea71bcf1",
      "Value": "\"{mf|Ele|Ela} fez! {mf|Ele|Ela} fez! Oh, que idiota!\""
    },
    {
      "Key": "7b958af8-2ba2-46e0-b8a6-36eb6323aae3",
      "Value": "\"Não há muito o que contar... Tivemos algumas aventuras! Acabamos de chegar ao seu mundo, quando essa malvada senhora decidiu nos enviar de volta imediatamente!\""
    },
    {
      "Key": "2ed54cc0-7c91-4354-bc8a-46c7cb03fd1f",
      "Value": "\"Sério? E que tipo de tesouros seus mortais têm?\""
    },
    {
      "Key": "513423dd-de41-41f1-b318-11fd58a2a6ad",
      "Value": "\"Sim, certo! O que os mortais saberiam sobre tesouros? Provavelmente não há nada que valha a pena mencionar em todo o seu mundo!\""
    },
    {
      "Key": "02203f31-a20d-467d-9235-93bd2c68fa53",
      "Value": "\"Sim! Apenas trapos, pedras e pedaços!\""
    },
    {
      "Key": "6cdf0311-a8cf-4a33-8cb7-5e587bee9a04",
      "Value": "\"Mostre-nos! Mostre-nos! Queremos ver!\""
    },
    {
      "Key": "35e05e89-1414-4699-b96b-662d254547ae",
      "Value": "\"Outra vez, conhecemos o {g|LanternKing}Rei das Lanternas{/g}! Ele nos deu uma moeda de cobre, meia torta e uma meia de seda!\""
    },
    {
      "Key": "004deab1-378a-49e4-9b2b-96c8f7515034",
      "Value": "\"E uma vez, alguns caçadores entraram em nós! Dançamos com eles, e dançamos, e dançamos até cairmos! Oh! Mas depois nos levantamos e, por algum motivo, eles não...\""
    },
    {
      "Key": "f89cc35c-cc0c-4115-81ce-62937c7944de",
      "Value": "\"É isso aí. Está na hora de você ir para casa!\""
    },
    {
      "Key": "e186ab67-9942-4aa3-af33-3a78b2573337",
      "Value": "\"Não, não! Acabamos de chegar! Não vamos a lugar nenhum!\" {n}O sátiro pega uma flauta de pan e começa a tocar.{/n}"
    },
    {
      "Key": "c805b46c-e8fd-4461-a302-58f42f91d9ae",
      "Value": "{n}Você se sente sonolento por um momento, mas os efeitos da magia desaparecem rapidamente. Percebendo que seu feitiço não funcionou, o sátiro esconde sua flauta.{/n} \"Um... Tudo bem, provavelmente deveríamos ir...\""
    },
    {
      "Key": "d4c861d5-07e2-4b0a-8a85-8863df0db0b8",
      "Value": "{n}Você se sente sonolento. Seus olhos se fecham involuntariamente e você nem consegue mexer um dedo.{/n}"
    },
    {
      "Key": "e1a21096-7b41-48f7-aaf0-632f117e169a",
      "Value": "\"Não há lugar como o lar!\""
    }
  ]
}