{
  "$id": "1",
  "strings": [
    {
      "Key": "ddb4a432-a91f-47bc-b20a-6ba281627bb9",
      "Value": "\"Você me conhece? Como?\""
    },
    {
      "Key": "f1e78311-239e-416b-8e21-45aa1c8ab825",
      "Value": "\"Me conte sobre você.\""
    },
    {
      "Key": "9d08521b-5e54-476a-88ce-60412afd1acf",
      "Value": "\"Você sabe alguma coisa sobre o que aconteceu em Varnhold?\""
    },
    {
      "Key": "222210b0-8d54-4e08-8f68-13ff2f4072a1",
      "Value": "\"O que voce procura por aqui?\""
    },
    {
      "Key": "10c7ab50-b5d0-4747-a065-8ffa4f9b9906",
      "Value": "\"Conte-me sobre sua tribo.\""
    },
    {
      "Key": "5279ddf3-d725-4bbe-ab48-9cd8fdaa89c8",
      "Value": "\"Conte-me sobre a Numéria.\""
    },
    {
      "Key": "368e9863-0165-4359-8c07-bf8cbcc36ecd",
      "Value": "\"Quem é essa mulher?\""
    },
    {
      "Key": "6de5e8ee-3ec9-4a7b-86b7-74879b54dff8",
      "Value": "\"Eu tenho que ir.\""
    },
    {
      "Key": "de8547a0-4f66-428a-8761-fc5b850497e3",
      "Value": "\"Então, como podemos ser úteis um para o outro?\""
    },
    {
      "Key": "5f775853-b438-418d-b1c9-13d2849d137a",
      "Value": "\"Como foi? Você encontrou algo de interesse?\""
    },
    {
      "Key": "b53689fe-bad8-48de-ab3c-2064efc51dc4",
      "Value": "\"Conte-me sobre o seu chefe.\""
    },
    {
      "Key": "e720f2fe-0cc8-4378-bd91-e4eff3b6c37d",
      "Value": "\"Conte-me sobre Gorum.\""
    },
    {
      "Key": "43b29260-1495-4a90-9c42-1605caaafe4c",
      "Value": "\"Há todo um exército de vocês aqui. Como você conseguiu chegar tão longe?\""
    },
    {
      "Key": "39268450-e51d-428b-ab1e-5f5289908f36",
      "Value": "\"O que você sabe sobre os ciclopes?\""
    },
    {
      "Key": "e9c01313-dca2-41f0-a9aa-5884a674300d",
      "Value": "\"Deixe-me fazer uma pergunta.\""
    },
    {
      "Key": "f43be5c5-52ea-4e8b-a054-e5409eaa17af",
      "Value": "\"Obrigado por suas respostas.\""
    },
    {
      "Key": "da99a976-081b-43f7-93fd-3a0c50cf58f8",
      "Value": "\"Não fique na tenda dele por muito tempo. Temos que ir logo.\""
    },
    {
      "Key": "4e45ee52-2b66-4306-9fd7-2fa0a5ed9b69",
      "Value": "\"Dugath está certo, você está me provocando de propósito. Por quê?\""
    },
    {
      "Key": "03d3eb7c-6f81-4afa-94fb-97f202935c80",
      "Value": "\"Se você quer se divertir, então vá – eu tenho certeza que você pode encontrar alguém aqui!\""
    },
    {
      "Key": "00e74235-bbf3-47d1-8fd1-01459c555eae",
      "Value": "\"Talvez haja outros sinais que não são tão fáceis de encontrar?\""
    },
    {
      "Key": "6df9b449-df35-41d9-8943-5acf8559fffc",
      "Value": "\"Existem magias para encontrar sangue afim?\""
    },
    {
      "Key": "2e92eec1-a4e4-43e0-94a8-7dd8ca8d02b5",
      "Value": "\"Talvez haja sinais indiretos?\""
    },
    {
      "Key": "1d986d08-79f1-4ec8-ab56-be1d26f3cb53",
      "Value": "\"Acho que ele não vai ajudá-lo.\""
    },
    {
      "Key": "e07f7917-a79b-4cf9-9310-6ca68ffd647b",
      "Value": "\"Então vamos seguir em frente. Temos coisas mais importantes a fazer.\""
    },
    {
      "Key": "ed46219e-3c0a-418f-bdae-124caa6192c4",
      "Value": "{n}Ao se aproximar do líder bárbaro, você não pode deixar de ouvir parte de sua conversa com uma mulher que você reconheceu do banquete anterior. O rosto dela permanece oculto e ela parece extremamente preocupada.{/n} \"Eu imploro... eu não vejo minhas irmãs há vários dias! Acho que elas podem estar com problemas!\""
    },
    {
      "Key": "923260b0-2df6-47f2-b988-14951c92f2de",
      "Value": "{n}O clérigo balança a cabeça.{/n} \"Esta terra inteira não passa de problemas. Você quer que eu arrisque minha vida e a vida do meu povo para fazer seu trabalho sujo? Vá em frente, peça a Armag para dar a ordem Oh, mas Armag ficou em {g|Numeria}Numéria{/g}. O que significa que sou eu quem toma as decisões aqui.\""
    },
    {
      "Key": "dacbb13e-be38-4bf3-ac31-8f03e35c6b67",
      "Value": "\"Mas e as minhas irmãs? Algo terrível poderia acontecer com elas!\""
    },
    {
      "Key": "98d2224e-653f-48f6-a5fa-25dc6975736a",
      "Value": "\"Vocês, irmãs, insistiram nesta expedição, então é o seu preço a pagar. Com seu sangue, não o nosso. Algo terrível pode acontecer, você diz? É tarde demais para isso – já perdemos bons homens nessa jornada inútil para lugar nenhum. Qualquer que seja o Armag necessidades, não está aqui, e não estava aqui desde o início, mas você não veio aqui para ele, veio? Você veio por suas próprias razões. Você quer algum brinquedo mágico que pertenceu aos ciclopes antigos. Não estou levando meus homens à morte por isso.\""
    },
    {
      "Key": "048e46b3-bd0d-4d2c-8ace-a5920324e605",
      "Value": "\"Dugath...\""
    },
    {
      "Key": "5dfac2e2-2df8-480e-b5b8-1eeb30882a13",
      "Value": "\"Essa conversa acabou. Você quer ajuda? Por que não pedir a nossos convidados que o ajudem? Se você puder pagar as tarifas deles, é isso. Quanto a mim, meu único objetivo restante é levar meu povo vivo e bem, e o mais rápido possível.\""
    },
    {
      "Key": "260af0fa-2e7a-4064-b931-2bf8d9537cd9",
      "Value": "{n}A mulher sai chorando. Dugath se vira para você.{/n} \"Bom dia! Bem, vamos ao que interessa, não é? Apresentações não são necessárias, {mf|barão|baronesa}, eu sei quem você é. Vamos discutir como podemos ser útil um para o outro.\""
    },
    {
      "Key": "1ae0ef82-5140-4668-b581-a007f3e97b4e",
      "Value": "\"Como você pensa?\" {n}Dugath sorri.{/n} \"Ficamos de olho em tudo o que acontece na região. É inteligente conhecer nossos empregadores em potencial... e nossos inimigos em potencial.\""
    },
    {
      "Key": "c401f95e-3314-4997-b6ba-47fd3c38ed4c",
      "Value": "{n}Os clérigos franzem a testa.{/n} \"Eu gostaria de saber. As Irmãs estão procurando por algo, mas não contam a ninguém o que é. Acho que é uma antiguidade que costumava pertencer aos ciclopes – alguma mágica bugiganga ou algo assim. Quanto a mim, a única coisa que estou procurando é uma boa razão para abandonar essa bobagem e retornar a {g|Numeria}Numéria{/g} o mais rápido possível.\""
    },
    {
      "Key": "ad4f1083-38f8-4370-8e3a-5f469115687f",
      "Value": "\"Sou Dugath, filho de Gordr e Harrith Three-Fingers, da tribo {g|Tiger Lords}Lordes Tigres{/g}. Toda a minha vida servi a {g|Gorum}Gorum{/g} – primeiro no campo de batalha, espada na minha mão e, mais tarde, com oração. Eu lutei em batalhas por todos os {g|River Kingdoms}Reinos Fluviais{/g}, em {g|Galt}Galt{/g}, {g|Ustalav}Ustalav{/g}... Meu preço é alto, minha mão está firme e minha espada é mortal.\" {n}Terminando esse discurso, o homem dá um sorriso largo, mostrando vários dentes perdidos.{/n}"
    },
    {
      "Key": "e31a0d35-ab33-46d7-a55d-3e479c9378ca",
      "Value": "\"Há muitas tribos em {g|Numeria}Numéria{/g}. Cada um faz o possível para sobreviver. Os Cavalos Negros vendem adamantina, os Caras Sanguinários roubam caravanas e as Cicatrizes Brancas lambem as botas da {g|Technic League}Irmandade Tática{/g}. Quanto a nós, os {g|Tiger Lords}Lordes Tigres{/g}, somos mercenários – e os melhores nesta parte do {g|Avistan}Avistânia{/g}. Lembre-se disso, {mf|barão|baronesa}! Se você manter seu trono por tempo suficiente, nos encontraremos novamente – mais cedo ou mais tarde. Lutando lado a lado ou de outra forma... Quem sabe!\""
    },
    {
      "Key": "d5f5fbd1-9171-4b8f-a678-f84298c6d833",
      "Value": "\"Eons atrás, estrelas choveram sobre {g|Numeria}Numéria{/g}. Pedaços de metal, tanto mortos quanto vivos, caíram do céu. Desde então, monstros de metal percorrem essas terras, e o chão tem uma riqueza de adamantina, entre outras coisas valiosas. Os fracos não sobrevivem lá. Quanto a nós, numerosos kellides, crescemos naquela terra – bebemos suas águas envenenadas e respiramos seu ar tóxico. Metais de suas profundezas infundiram nossos ossos e músculos. Ninguém pode nos vencer. Se houvesse alguém capaz de nos derrubar...\" {n}o clérigo dá um sorriso amargo,{/n}\" seriamos nós mesmos.\""
    },
    {
      "Key": "fba6b963-7869-4713-9146-89543fb0525a",
      "Value": "\"{g|Varnhold}Varnhold{/g}, hein? Não é que a vila {d|Varn}Maegar Varn{/d} recebeu do {g|Restov}Restov{/g} {g|Swordlords}Senhores das Espadas{/g}? Conheço Varn – ele não é o melhor guerreiro, mas também não é o pior. Quanto ao que aconteceu lá – eu não saberia.\""
    },
    {
      "Key": "8d078082-14b8-408d-963e-4930bdef6b02",
      "Value": "{n}O clérigo solta um suspiro pesado.{/n} \"Gostaria de saber quem são essas bruxas e de onde elas vieram. Nosso chefe, os grandes Armag – os espíritos o abençoam – confia neles como se fossem santos oráculos. Ele enviou nós com eles para essas colinas mortas, e ninguém, a não ser as Irmãs e o próprio chefe, sabe o porquê. Quem sou eu para enfrentar o chefe? Então agora nós vagamos por essas terras, perseguindo o desconhecido.\""
    },
    {
      "Key": "c56a55a1-d4e7-4c6e-8ad5-3ddc10d9d7e6",
      "Value": "{n}Dugath lança um olhar sombrio para os arredores.{/n} \"Esta terra inteira parece um grande cemitério.\""
    },
    {
      "Key": "b6e08bd9-e800-4a42-8380-79ddd4519c57",
      "Value": "\"Receio que não possamos, pelo menos ainda não. Eu ficaria feliz em aceitar um novo emprego, mas as ordens de nosso chefe eram rigorosas: pesquise o local e volte com um relatório. Mas se você puder nos ajudar aqui – digamos, encontrando o que essas Irmãs bruxas estão procurando, ou talvez apenas fazendo-as desaparecer para sempre – marque minha palavra, {mf|barão|baronesa}, os {g|Tiger Lords}Lordes Tigres{/g} nunca esquecem aqueles que ajude-os.\""
    },
    {
      "Key": "6d4d36f1-9faf-44c2-9092-5e51460af5a5",
      "Value": "\"Se o fizéssemos, você acha que ainda estaríamos aqui agora? A única coisa a ser encontrada nessas colinas é a própria morte. Um grupo de meus homens entrou em uma caverna que acabou sendo um covil de spriggan – eles mal sobreviveram. Além disso, encontramos as ruínas de alguma torre antiga – antiga como o próprio mundo e inútil como esta expedição. Não há nada a ser encontrado aqui – exceto, como eu disse antes, pela própria morte.\""
    },
    {
      "Key": "4d5d672a-8b34-4d74-96e5-32c5094c1386",
      "Value": "{n}O clérigo hesita, tentando escolher as palavras certas.{/n} \"Ele é um guerreiro forte. Valente. Ele diz que é Armag, uma encarnação de um herói dos velhos tempos. Só não pergunte se eu acredito. Armag é inteligente, ele sabe como fazer negócios. Se ele prestasse menos atenção ao que essas bruxas sussurram, ele seria um chefe perfeito.\""
    },
    {
      "Key": "fb82e122-b0dd-4485-861f-6cda8237c556",
      "Value": "\"Nosso Senhor do Ferro não gosta de conversas vazias. Ele é o deus daqueles que agem em vez de tagarelar. Sua palma abençoa todas as espadas já criadas, e onde pelo menos dois homens se encontram em batalha, ele está lá com eles. Até os orcs adoram os Deus da Batalha – e não apenas isso, eles imaginam que ele também é um orc! É tudo bobagem, é claro, mas pode haver um grão de verdade nisso. Por que alguém pode aspirar a ser como ele – um humano, um orc, ou mesmo um elfo... qualquer um que agarre seu ferro para fazer seu inimigo sangrar!\""
    },
    {
      "Key": "9d93bd41-61aa-4069-84c6-2133935bdaf9",
      "Value": "{n}Dugath franze a testa.{/n} \"Não é da sua conta, na verdade... Mas apenas para garantir que não estávamos entrando nas suas terras sem permissão, responderei: foi mágico. As Irmãs abriram um estranho túnel, e usamos para chegar aqui de {g|Numeria}Numéria{/g}. A testemunha de {g|Gorum}Gorum{/g}: Não sou covarde, mas prefiro marchar por um mês através de todos os {g|River Kingdoms}Reinos Fluviais{/g} do que usar aquele maldito túnel novamente. Foi... estranho. Errado. Assim como aquelas próprias bruxas.\""
    },
    {
      "Key": "4c766a23-7de5-441d-8b89-4c5ac7b41694",
      "Value": "{n}Amiri sorri com aprovação e levanta o punho cerrado.{/n} \"Bem dito, velho! Verdadeiramente bem dito! Sangue para {g|Gorum}Gorum{/g}!\""
    },
    {
      "Key": "327bf25a-f9c3-439b-9ca7-abf5dab77070",
      "Value": "{n}Harrim abre a boca, obviamente querendo dizer algo, mas apenas suspira e acena com a mão.{/n}"
    },
    {
      "Key": "83e5a972-e149-4076-9b12-df4e1d3271ac",
      "Value": "\"Você é um dos nossos, certo? Não negue, eu conheço um gorumita quando o vejo!\" {n}O clérigo sorri.{/n} \"Talvez em algum momento tenhamos a chance de homenagear {g|Gorum} Nosso Senhor em Ferro{/g} juntos no campo de batalha, quem sabe...\""
    },
    {
      "Key": "caf7fecc-2778-4541-9d6d-eb44bcd77ac0",
      "Value": "\"Nem tanto. Há muito tempo, essas terras faziam parte de seu império. Eles eram um grande povo naquela época, usavam magia inacreditável e possuíam tesouros incalculáveis. As eras se passaram e seu império se desfez em pó. Os ciclopes ficaram selvagens e esqueceram tudo sobre o que costumavam ser... Mas as ruínas - sim, as ruínas lembram de tudo.\""
    },
    {
      "Key": "474413e3-bddd-4fa3-9a73-8f0a474535fb",
      "Value": "\"Pergunte, por que não! Mas não prometo que vou responder.\""
    },
    {
      "Key": "6db27bcc-43d5-4ae0-b033-13a610f814fa",
      "Value": "\"Seja bem-vindo.\""
    },
    {
      "Key": "0c07edd7-2105-4bd8-aa5e-e50ae0a6b6aa",
      "Value": "{n}Octavia murmura baixinho:{/n} \"E alguns acordos no comércio de escravos...\""
    },
    {
      "Key": "b40c4316-4c28-4912-a245-de1b898d5cbd",
      "Value": "\"Sim, também existem muitos. E o número deles nunca vai diminuir, desde que a {g|Technic League}Irmandade Tática{/g} gere o reino!\""
    },
    {
      "Key": "807bdce0-95c2-4fde-bd51-93982d1f6657",
      "Value": "{n}Valerie franze a testa.{/n} \"É assim que você serve ao seu senhor?\""
    },
    {
      "Key": "e68812df-25ad-4e9f-828b-f8cc05bed266",
      "Value": "\"Não confunda nossos chefes com seus reis, cavaleiro. É o chefe que faz um juramento à tribo, e não o contrário! 'Liege', ha! Eu era um dos anciãos da tribo quando ele estava nos primeiros dentes!\""
    },
    {
      "Key": "f84c6f64-5dfa-4c6d-bfb2-84043b9cbdaf",
      "Value": "\"Aqui está, {g|Numeria} humor numeroso{/g}! Para aqueles que acham o humor da forca muito alegre.\""
    },
    {
      "Key": "3cce6263-1cff-4a98-ba34-c2360c673bac",
      "Value": "\"De fato, eles lembram muito – se eles estivessem mais ansiosos para compartilhar!\""
    },
    {
      "Key": "e9724f32-b297-41a5-8e03-f35f936746cf",
      "Value": "\"'Desaparecer', você diz? Há hmmm... Isso pode ser facilmente arranjado...\""
    },
    {
      "Key": "4669ce16-8f1d-4519-a775-6e0b6f8809ac",
      "Value": "{n}Octavia estuda o corpo musculoso de Dugath com admiração.{/n} \"Você tem tantas cicatrizes... Você deve ter visto tanto!\""
    },
    {
      "Key": "144a3d58-d3bb-41af-9bff-e7877ed802a9",
      "Value": "{n}O rosto do bárbaro permanece indiferente.{/n} \"Mais do que alguns, sim. Acabei de dar minha neta mais velha para se casar. Ela é um pouco mais nova que você.\""
    },
    {
      "Key": "99f2eb92-24df-4751-bc52-16282241378b",
      "Value": "\"Mmm? Então você tem uma vasta experiência – e não apenas no campo de batalha?\" {n}Octavia lança um rápido olhar para o seu rosto.{/n}"
    },
    {
      "Key": "3c70dd0f-0c9c-471a-b3a2-9e8c22a71e54",
      "Value": "\"Eu estava pensando a mesma coisa.\""
    },
    {
      "Key": "8026794e-b263-46e3-9471-b7715433acce",
      "Value": "\"Escute, garota, eu sou velha demais para me apaixonar por esses truques. Se você quiser provocar seu amante, boa sorte. Mas você terá que encontrar alguém mais novo que eu.\" {n}Dugath se afasta.{/n}"
    },
    {
      "Key": "90b1e14e-29a1-40a2-ac55-5ce2eaa0d067",
      "Value": "\"Temos um ditado: se você quer viver por muito tempo – não fique entre uma mãe urso e seus filhos, entre um gigante e o almoço dele, ou entre dois amantes.\""
    },
    {
      "Key": "a93c6296-399d-44df-9ac2-5ed95221154a",
      "Value": "\"Inferno não, todas as camas da minha barraca estão ocupadas.\""
    },
    {
      "Key": "eaab5142-8e9b-4760-b745-64768f2cf65b",
      "Value": "{n}A raiva fervilha nos olhos de Octavia.{/n} \"Estou fora de linha?! Você está fora de linha! Eu não sou sua escrava, entendeu? Sou uma pessoa livre e farei o que Eu quero!\""
    },
    {
      "Key": "3efa8715-6b1f-4a6e-8ca6-f5ae0ebb6960",
      "Value": "{n}Octavia segue o bárbaro com os olhos, irritada, depois olha para você. Ela olha para você como um filhote de cachorro travesso, e por um momento você sente que está prestes a se desculpar, mas o meio-elfo faz beicinho.{/n} \"Tudo bem! Vá então! Hum!\""
    },
    {
      "Key": "52080e2d-e5a8-4986-a8cd-e282c8dcd4e2",
      "Value": "\"Provocar você? Não foi nada disso! Eu sou apenas... Bem... Não importa! Esqueça.\""
    },
    {
      "Key": "442d1adc-b415-4c5f-898f-b467bf310598",
      "Value": "\"Naah... não estou mais com disposição. Que velhote malvado!\""
    },
    {
      "Key": "a059dfb5-c3f9-4391-bcef-e1af9849bf51",
      "Value": "{n}Regongar franze a testa pensativamente.{/n} \"Então, {g|Tiger Lords}Lordes Tigres{/g}... Escute! E se, digamos, alguma tribo abandona uma criança... Digamos, vamos vender ele para a {g|Technic League}Irmandade Tática{/g}... Um pouco irritante, sem tatuagens, sem cicatrizes rituais. Existe alguma outra maneira de descobrir de onde ele é?\""
    },
    {
      "Key": "9da5f69e-8a89-4a2e-bc8d-113b312be968",
      "Value": "\"Isso é uma pergunta e tanto! Se não houver tatuagens, cicatrizes, nada – então como você o identificaria?\""
    },
    {
      "Key": "f5de15ef-c647-4ac2-9f26-b078e637b9c0",
      "Value": "\"Talvez haja – eu não sei o que não sei. Se sim, apenas um mago muito poderoso poderia fazer isso. Eu não conheço nenhum deles.\""
    },
    {
      "Key": "ff315fa7-d38a-4ee2-8c8b-f2cf0af83c8a",
      "Value": "\"Hm, você está certo. Ei, garoto, abra sua boca...\" {n}Dugath enfia o dedo na boca de Regongar, examina os dentes e depois inclina a cabeça para baixo e sente o couro cabeludo. Finalmente, quando o exame termina, o bárbaro balança a cabeça.{/n} \"Seus dentes não estão arqueados e não há nada na cabeça. Não conheço outros sinais.\""
    },
    {
      "Key": "8850facc-eed1-4012-aae1-54b61db9bb79",
      "Value": "\"Existe apenas um sinal indireto. Se a tribo realmente vendeu seu filho para a escravidão – era uma tribo sem honra ou consciência. Somente duas das tribos maiores poderiam ser capazes disso: os Chifres Quebradores...\" {n}O bárbaro cospe a seus pés.{/n}.\" E as Cicatrizes Brancas. Mas além delas existem dezenas de pequenas tribos em {g|Numeria}Numéria{/g}, e cada uma delas tem seus próprios costumes. Alguns não são são apenas traficantes, mas canibais!\""
    },
    {
      "Key": "37fd77da-b6a5-413b-be54-dbbd202c228d",
      "Value": "\"Sinto muito, amigo, mas o que você procura...\""
    },
    {
      "Key": "94aec394-c1e7-4616-a530-470931b5eaed",
      "Value": "{n}Regongar se afasta ressentidamente.{/n}"
    },
    {
      "Key": "1088718f-29f3-44db-97dc-28a7aacfd50c",
      "Value": "\"Eu não tive muitas esperanças. Eu apenas pensei – e se? Heh...\""
    },
    {
      "Key": "6f10f138-4adb-4f95-97db-8d47fce36ea0",
      "Value": "\"Eu sei. Eu sempre penso – e se?\" {n}Suspirando, Regongar olha para você.{/n} \"Mas obrigado por perguntar a ele. Eu nunca pensei em perguntar!\""
    },
    {
      "Key": "ab55d5e0-b44f-4172-90ca-97b4a76fcafe",
      "Value": "\"Difícil sentir falta de alguém como você, arrastando aquela fera verde como se fosse apenas mais um compatriota.\""
    },
    {
      "Key": "510741cb-15cf-4ce5-b1df-dad096b1df45",
      "Value": "\"Esses pernaslongas já conhecem a Nok-Nok! Essa boa fama já está subindo. Só mais um pouco, e a Nok-Nok será um verdadeiro herói!\""
    },
    {
      "Key": "2c2f387b-8dba-49cc-a6e1-6f6d7d2770d8",
      "Value": "\"Então ele é três vezes mais novo que você, mas conseguiu mais?\" {n}Kanerah zomba.{/n} \"É por isso que você está zangado, velho.\""
    },
    {
      "Key": "da6776c1-5f64-4428-8f11-c956090c7048",
      "Value": "\"Muito sábio. Seria ainda mais sábio não contar ao {mf|senhor|senhora} dessas terras que você considera {mf|ele|ela} um adversário.\""
    },
    {
      "Key": "8bf62ac1-7a73-4f9a-b0ec-e7beefd6faa1",
      "Value": "\"Eu entendo como alguém poderia lutar por justiça, por algo querido, por novos conhecimentos ou simplesmente por um futuro melhor. Mas batalha pelo bem da batalha? Morte pelo bem da morte?\""
    },
    {
      "Key": "11b41399-9eae-4c08-b420-75cea6e858bd",
      "Value": "\"Um desperdício de ouro e vidas preciosas – isso é guerra pelo bem da guerra. Entendo os seguidores de Lamashtu melhor do que os de Gorum!\""
    }
  ]
}