{
  "$id": "1",
  "strings": [
    {
      "Key": "831bb1c0-bbae-4395-9e33-2e7591fa37a7",
      "Value": "\"Escute Harrim, você gostaria de voltar às Montanhas dos Cinco Reis? Pegar um martelo de novo? Sentir o calor da fornalha?"
    },
    {
      "Key": "afe6dc56-5a1d-4648-a4eb-6198ab573808",
      "Value": "\"Não reabra velhas feridas. Encontrei meu caminho e não estou me afastando dele. As montanhas não são mais minha casa, mesmo que alguém queira me ver lá.\""
    }
  ]
}