{
  "$id": "1",
  "strings": [
    {
      "Key": "6f8d71db-096a-4f1a-9965-7f0ab1433664",
      "Value": "\"Soletra. Precisa descansar.\""
    },
    {
      "Key": "6e977d23-c009-4233-bed5-910818d46027",
      "Value": "\"Passou toda a magia novamente. Quase nada sobrou.\""
    },
    {
      "Key": "8804d2cc-38e5-422f-9060-735c172b88bb",
      "Value": "\"Talvez possamos plantar Nok-Nok na Irmandade Tática? Ele vai fugir de qualquer maneira, mas antes disso esses bastardos terão problemas suficientes para deixar de lidar com os escravos que conjuram magias para sempre!\""
    },
    {
      "Key": "b26ed893-15c7-4fbc-b831-aa04d14f5277",
      "Value": "\"Heh. Nok-Nok e magia. He-he... oh, não me olhe! Parece até hilário, aha-ha!\""
    },
    {
      "Key": "cb52f04d-4546-46a6-aeff-5adbc1034c19",
      "Value": "\"Um mago goblin... outra esquisitice para minha coleção de coisas que nunca deveriam ser!\""
    },
    {
      "Key": "fce8fb03-4049-4e8b-b548-9e52c2a72aaa",
      "Value": "\"Você apressa sua ruína lidando com os poderes que não pode compreender. No entanto, não sou eu quem está infeliz porque você escolheu esse caminho.\""
    },
    {
      "Key": "cbc0a95c-860a-4210-9731-32e56f435a27",
      "Value": "\"Um goblin empunhando magia é como um gatinho com a cabeça de um dragão: engraçado – mas mortal, no entanto!\""
    },
    {
      "Key": "a31ddcb2-756b-4d07-9908-5e3cc561bae9",
      "Value": "\"Um goblin empunhando magia é como um gatinho com a cabeça de um dragão: engraçado – mas mortal, no entanto!\""
    }
  ]
}