{
  "$id": "1",
  "strings": [
    {
      "Key": "91ccdc6f-fd1a-44ed-8904-903b7a408e26",
      "Value": "\"O que espera Darven em Cheliax?\""
    },
    {
      "Key": "57a374e7-4c7e-4e09-a0a2-d4c8d24433b7",
      "Value": "\"Execute o criminoso aqui e agora.\""
    },
    {
      "Key": "cdf41f4d-0a5e-4920-8bb0-a005fb9dafed",
      "Value": "\"Deixe-o viver. Mammon o castigará, de um jeito ou de outro.\""
    },
    {
      "Key": "f4787cd8-ae73-4320-bb92-bdfbf3d7db55",
      "Value": "\"Faça como quiser.\""
    },
    {
      "Key": "afbb249e-6329-404c-81ca-f09912ddf010",
      "Value": "\"Uma execução exemplar? Pena que eu não posso ir com você para assistir.\""
    },
    {
      "Key": "25dbe504-2574-41c8-b82b-dd6d9de2755d",
      "Value": "\"Eu aceito sua oferta. Os Cavaleiros Infernais da Ordem da Cremalheira sempre serão bem-vindos convidados em minhas terras.\""
    },
    {
      "Key": "8d5e0cf8-e7f5-4234-a134-ef1328b86958",
      "Value": "\"Deixe Darven em paz e saia das minhas terras.\""
    },
    {
      "Key": "06d2b3e4-92e0-4a22-86fc-580e72e8c6cc",
      "Value": "\"Eu não tenho medo de você. Venha e traga seus Cavaleiros Infernais com você. Vou esperar.\""
    },
    {
      "Key": "107800d9-6297-4963-92d5-29b2682358b6",
      "Value": "[Atacar] \"Você testou minha paciência por muito tempo.\""
    },
    {
      "Key": "11d24e38-d357-4238-8160-91714930e9af",
      "Value": "\"Apenas vá embora. Eu não quero mais te ver.\""
    },
    {
      "Key": "3b6433c0-fd90-40d4-9937-8ab18207e2bf",
      "Value": "\"Eu ajudei você a pegar Darven. Onde está minha recompensa?\""
    },
    {
      "Key": "a92ca3b2-e85c-47c7-8bc7-1688b957529a",
      "Value": "\"Então, e agora, Darven? Para onde foi toda a sua arrogância? O que você diz agora, deitado em uma poça de seu próprio sangue?\" Os olhos de Linxia brilham de prazer. Sua espada balança preguiçosamente de um lado para o outro, perto da garganta de Darven.{/n}"
    },
    {
      "Key": "3eb24042-f556-4c3c-9027-34546d8e32cc",
      "Value": "{n}Sem tirar os olhos da lâmina da Linxia, Darven faz um esforço para cuspir sangue.{/n} \"Bem, eu sei o que significa uma derrota honrosa. {g|Mammon}Mammon{/g} está esperando por mim por um longo tempo agora. Então me faça um favor, me mate agora e vamos acabar com isso.\" {n}Uma tentativa de falsa bravata falha em tornar sua voz sem graça mais animada.{/n}"
    },
    {
      "Key": "92e6937a-24f3-467c-9023-2546f21e01a6",
      "Value": "\"Matar você agora? Simples assim? Depois de tantos anos perseguindo você em todo o {g|Golarion}Golarion{/g}? Ah, não, de jeito nenhum. Vamos levá-lo de volta ao {g|Cheliax}Cheliax{/g}.\""
    },
    {
      "Key": "298b0757-2063-4b5c-86a9-0c04b1d04a50",
      "Value": "\"É exatamente o que eu vou fazer. Agora, quanto a você...\" {n}Linxia olha para você de cima a baixo.{/n}"
    },
    {
      "Key": "b6b72454-4460-4795-9243-a7692b200dc2",
      "Value": "\"O fogo, ou talvez o pedaço de madeira. O rack, talvez os estoques. Mas antes de tudo isso – um julgamento honesto.\""
    },
    {
      "Key": "9e419f73-d4e3-434e-a7c9-1f88d5d3a332",
      "Value": "\"Um julgamento tão honesto que você já sabe o resultado.\""
    },
    {
      "Key": "f67d3558-41b5-47cf-843d-1d6ba9f28dfd",
      "Value": "\"Ah, nós temos um admirador da arte! Confie em mim, quando se trata de tortura, Linxia é um verdadeiro mestre. É realmente triste que você sinta falta de tudo.\""
    },
    {
      "Key": "d48106ae-cb73-437d-9076-97c6fcfccba6",
      "Value": "\"Pelo menos você não vai perder nada, Darven.\" {n}O rosto de Linxia estremece com desprezo.{/n} \"Agora, quanto a você...\" {n}Linxia olha para você de cima a baixo.{/n}"
    },
    {
      "Key": "f588d10a-5305-494f-af3f-58f574779d9c",
      "Value": "\"Não pedi sua opinião. A vida e a morte de Darven são a única preocupação da {g|Order of the Rack}Ordem da Cremalheira{/g}. Agora, quanto a você...\" {n}Linxia olha para você de cima a baixo.{/n}"
    },
    {
      "Key": "d4f30cc7-26dd-49d8-b180-46cf32ea117b",
      "Value": "\"Você é... um governante adequado.\" {n}Cada uma das palavras de Linxia vem com um tremendo esforço.{/n} \"Admito, eu... não esperava... uma fortaleza da lei e da ordem poderia aparecer nessas marés. Você tem minhas... desculpas.\""
    },
    {
      "Key": "a722c1cf-f074-43e2-baa5-b02d9753d891",
      "Value": "\"Você é... um governante indigno.\" {n}Linxia não faz nenhum esforço para esconder seu desprezo.{/n} \"Embora eu não esperasse mais nada de um lorde bandido.\""
    },
    {
      "Key": "978350b0-4990-4009-a738-9681fb6f9322",
      "Value": "\"Em nome da {g|Order of the Rack}Ordem da Cremalheira{/g}, eu gostaria de oferecer-lhe uma mão amiga. Vamos nos juntar aos nossos esforços no combate à ilegalidade e dissidência.\""
    },
    {
      "Key": "e88fbc5e-714a-4c6c-9226-0f94e9d5c79c",
      "Value": "\"Obrigado.\" {n}Linxia dá um sorriso constrangedor.{/n} \"Eu tenho grandes expectativas de nossa aliança.\""
    },
    {
      "Key": "b12db730-0045-4e1d-bac5-fba5b638f33c",
      "Value": "\"Mais cedo ou mais tarde, os {g|Hellknights}Cavaleiros Infernais{/g} lidarão com suas terras e trarão ordem aqui. Ore aos seus deuses para que você esteja morto até então.\""
    },
    {
      "Key": "ba04b567-3a30-49f2-ba46-6ef6bcad6485",
      "Value": "{n}Linxia lança um olhar fulminante para você e se afasta.{/n}"
    },
    {
      "Key": "68f75a84-3131-4a94-8719-507ac366c050",
      "Value": "\"Eu estava esperando algo assim! Fico feliz em ser lembrado de que sou um excelente juiz de caráter – especialmente quando se trata dos que eu mato.\""
    },
    {
      "Key": "cd26a7f4-e457-40fe-a772-ff07a771397f",
      "Value": "\"Ver a justiça servida já é uma recompensa suficiente!\""
    },
    {
      "Key": "23331cff-0ba5-4398-8e95-774f25f22377",
      "Value": "{n}Darven tenta rir, mas tosse.{/n} \"Se você esperava uma recompensa, obviamente escolheu o lado errado.\""
    },
    {
      "Key": "9d14be2f-2a9a-4e12-b20d-ed7c6d11e146",
      "Value": "\"Um requisito justo. A lei deve ser lei, e a justiça deve ser a justiça. Nem se destina a satisfazer seus próprios sentimentos sórdidos ou a divertir uma multidão.\""
    },
    {
      "Key": "5b7d9aa7-8ef8-462c-8d13-289c94c3bba0",
      "Value": "\"Poderíamos obter alguns benefícios com essa proposição. E seria errado não receber nada da ordem, depois de todos os problemas que seus seguidores zelosos nos colocaram em prática.\""
    },
    {
      "Key": "9e02d72c-8b70-437a-82f8-aa6a3732f455",
      "Value": "\"Para o caso, acho que devo lembrá-lo – a {g|Order of the Rack}Ordem da Cremalheira{/g} é um culto de fanáticos de mente estreita que perseguem cientistas e artistas. Eles odeiam tecnologia, odeiam livros e canções, e especialmente odeiam a liberdade e o direito de expressar sua opinião.\""
    },
    {
      "Key": "0ebde975-d260-4da6-bc3a-970dce988965",
      "Value": "\"Pela primeira vez, eu realmente concordo com Jubilost. Olhe nos olhos de Linxia – não há nada além do desejo de exterminar e subjugar! Além disso, eu gosto de Darven... Independentemente de seu comportamento, não seria bom deixá-lo em suas mãos...\""
    },
    {
      "Key": "487a84c0-2a4e-4488-859a-6d1b02ffbd4e",
      "Value": "\"Então, o que, agora eu tenho que esconder todos os meus livros e manuscritos em um baú trancado? O que os impede de invadir e queimar tudo assim que eu me viro?\""
    },
    {
      "Key": "757ac5df-1712-448f-a3e6-e948cb601a30",
      "Value": "{n}Amiri lança um olhar preguiçoso em sua direção.{/n} \"Posso arrancar os dentes dela?\""
    },
    {
      "Key": "99f1c7aa-84af-4448-9ac8-a6bfdd5fab83",
      "Value": "\"Não, é demais! Nós não a ajudamos apenas para tê-la nos ameaçar agora!\""
    }
  ]
}