{
  "$id": "1",
  "strings": [
    {
      "Key": "f33c67b8-8109-48b2-80e0-6fcd4f95b26a",
      "Value": "\"Você certamente parece estar de bom humor.\""
    },
    {
      "Key": "dbc0bf8d-a155-4c1b-a1a5-dc86069d04f5",
      "Value": "\"Alguma notícia de Brevoy?\""
    },
    {
      "Key": "732b734b-c8f8-4a95-9bab-f07a4d7c85d4",
      "Value": "\"Algum conselho para mim, Lander?\""
    },
    {
      "Key": "a5aba884-9312-4da1-a637-62c83a68c8d9",
      "Value": "\"Você me abordará pelo meu título apropriado, a menos que queira acabar como o bobo da corte.\""
    },
    {
      "Key": "1eb49c3c-e001-4371-98ec-ea6a7ef52edd",
      "Value": "\"Falaremos depois.\""
    },
    {
      "Key": "d1d8df4e-a503-43e0-a8d3-42798583f681",
      "Value": "\"Saudações... 'Sua Graça.'\""
    },
    {
      "Key": "f8360260-0858-479d-8a0c-ed9491b8fca5",
      "Value": "\"Você voltará para casa eventualmente, não vai?\""
    },
    {
      "Key": "ff87c4fe-8df0-461a-b384-0c887dd0bf0c",
      "Value": "\"Eu gostaria de aprender mais sobre você.\""
    },
    {
      "Key": "6af0421e-c4a9-47d2-8bad-a37b56d220a6",
      "Value": "\"Eu preciso discutir política e assuntos do baronato com você.\""
    },
    {
      "Key": "51a98339-43c7-4391-b681-0d4120c6f0ca",
      "Value": "\"O que está acontecendo entre a Casa Real Surtova e os Senhores da Espada Aldori?\""
    },
    {
      "Key": "a2adeefc-80bc-471a-894b-358e29a43918",
      "Value": "\"Qual é o papel do meu baronato no conflito Surtova-Aldori? Estou certo de que eles continuarão tentando ganhar meu apoio.\""
    },
    {
      "Key": "1cc021db-bef1-4b79-a6a0-1fe11291df47",
      "Value": "\"Me fale sobre sua familia.\""
    },
    {
      "Key": "2c4a528f-00f3-426c-8e36-250510aa7790",
      "Value": "\"A julgar pela história, parece que ninguém está realmente perto de você.\""
    },
    {
      "Key": "a648a986-28b0-4b42-8de3-2575132011b1",
      "Value": "\"O que você mais valoriza nas pessoas?\""
    },
    {
      "Key": "2eaf6273-25f0-4e90-b654-fe1d485c3fae",
      "Value": "\"O que você pode me dizer sobre os Reinos Fluviais?\""
    },
    {
      "Key": "d1b2ed20-cb42-4223-8b42-d332f6a45891",
      "Value": "\"Isso é negócio suficiente por enquanto.\""
    },
    {
      "Key": "49d5c120-5172-4597-b691-b6c25fceacce",
      "Value": "\"Vamos voltar a esta conversa mais tarde.\""
    },
    {
      "Key": "0390a678-463d-41d3-a375-f29300c1f000",
      "Value": "\"Se eu decidisse confiar uma parte do governo do barão, que papel você seria capaz de assumir?\""
    },
    {
      "Key": "f03b6799-6f9d-4030-9598-5cdd3de2f7a1",
      "Value": "\"Como você gosta de ser regente?\""
    },
    {
      "Key": "26d51725-7360-4004-b370-e9e4459cdb6a",
      "Value": "\"Você chegou à maioridade há dois anos. Por que, Lebeda, você ainda é o herdeiro do trono, e não está sentado nele?\""
    },
    {
      "Key": "87e6ecb3-36cc-42eb-8fc2-db5f32c7f92a",
      "Value": "\"Tome cuidado com Sir Stefano. No caminho de {g|Brevoy}Brevoy{/g} para {g|Pitax}Pitax{/g}, e ele acontece aqui por acaso? Improvável. Muito improvável.\""
    },
    {
      "Key": "8b8a6259-ac87-43c1-83b0-202fd9b702c1",
      "Value": "\"Prometi a você nada mais do que refletir sobre sua proposta. Agora, tenho negócios muito mais convincentes para atender a esta noite... assim como os que se seguem, nesse caso.\""
    },
    {
      "Key": "b312cf5d-67e1-46cb-aa7a-f82011a400c9",
      "Value": "\"Prometi a você nada mais do que refletir sobre sua proposta. Agora, tenho negócios muito mais convincentes para atender a esta noite... assim como os que se seguem, nesse caso.\""
    },
    {
      "Key": "2a0e6e1d-9936-4112-ac56-cdfbe8c3ceaf",
      "Value": "{n}Um rapaz alto, com cerca de dezessete anos, está diante de você. Ele é atlético, e a compostura e o toque de nobreza. Um leve sorriso curva seus lábios, mas seu olhar permanece frio e examinador.{/n}"
    },
    {
      "Key": "63bd2ee6-7f9b-4ceb-b2df-4c046852e250",
      "Value": "\"É claro! Não posso deixar um trono vazio, afinal. Especialmente um não tão rico.\" {n}Os olhos de Lander brilham.{/n} \"Voltarei. Algum dia. Mas por hoje, minha casa pode esperar.\""
    },
    {
      "Key": "8644eece-5242-402a-ba34-8a79bd80c6da",
      "Value": "{n}Quando você se aproxima, Lander para de estudar as unhas, seu sorriso largo revela dentes brancos e brilhantes.{/n} \"Ah, saudações!\""
    },
    {
      "Key": "0f9cab13-e0e3-41e7-9d4e-64623076bf54",
      "Value": "\"Oh, desculpas! Onde estão minhas maneiras hoje?\" {n}Lander ri, ainda sem mencionar o seu título.{/n} \"Devo ter minha cabeça nas nuvens hoje.\""
    },
    {
      "Key": "f3065e81-5891-4705-aa76-a549ff9027d2",
      "Value": "\"Outra hora, então – mas certamente cumprirei sua promessa quando voltar.\" {n}Lander se inclina um pouco e pisca.{/n} \"E como dizem os poetas, a antecipação alimenta a chama da paixão.\""
    },
    {
      "Key": "ea7332eb-ece2-47c5-a799-8ab21f05fb4a",
      "Value": "\"Jhod Kavkhen parece um velho de bom coração, mas eu definitivamente ficaria de olho nele. De {g|Galt}Galt{/g}, não? Nunca se importou muito com {g|Galt}Galt{/g}. Revolução e insubordinação correm profundamente no sangue de seu povo.\" {n}Lander estreita os olhos.{/n} \"Mas ele não parece um espião. Parece não ter a sutileza do trabalho. Mas ele realmente?\""
    },
    {
      "Key": "57b70851-a3a3-4743-9b7c-1d2a925020ea",
      "Value": "\"Eu conheci Kesten {g|House Garess}Garess{/g} antes. Ele era um homem amável e gregário – de maneira alguma como ele é agora.\" {n}Lander suspira.{/n} \"Agora ele é um homem quebrado. E eu não considero sensato confiar em pessoas quebradas em posições importantes.\""
    },
    {
      "Key": "545d8d9b-0b62-4a5e-ab5a-0dcfb95ec06e",
      "Value": "\"{g|House Lebeda} A Casa Lebeda{/g} permanece neutra – por enquanto, pelo menos. Mas tenha certeza, quando eu voltar para casa, apoiaremos de todo o coração a amizade entre nossas nações.\""
    },
    {
      "Key": "ee47303b-8c3c-4d74-9864-e37095305100",
      "Value": "\"Ou os apaga, eu rezo.\" {n}Valerie revira os olhos enquanto se afasta.{/n}"
    },
    {
      "Key": "827801fa-fce2-4de8-abbb-2caa37c0c489",
      "Value": "\"Ou os apaga, eu rezo.\" {n}Valerie revira os olhos enquanto se afasta.{/n}"
    },
    {
      "Key": "c31399ec-8772-4ec3-a468-9ce085ce8f02",
      "Value": "{n}Lander sorri amplamente.{/n} \"Oh, muitos – e maduros, pelo menos. Parece que {g|House Surtova}Casa Surtova{/g} perdeu a cara, meu amigo. E o motivo? Seu baronato? Criado com o {g|Swordlords}Senhores das Espadas{/g} 'e {g|House Lebeda} o dinheiro da Casa Lebeda{/g}, está crescendo rapidamente – em breve se tornará um poder que todas as casas nobres serão forçadas a reconhecer. Um vento de mudança está soprando através de {g|Brevoy}Brevoy{/g}, e esse vento somos nós.\""
    },
    {
      "Key": "185fee9b-c0db-4611-a58a-4b003f130dfd",
      "Value": "{n}O rosto de Lander fica vermelho, mas suas maneiras prevalecem quando o jovem aristocrata se curva.{/n} \"Eu acreditava nisso... Bem, não importa. Nunca mais cometerei um erro tão desagradável. Sua Graça.\""
    },
    {
      "Key": "a7639904-7f3c-496b-8e1f-1f09ba655d60",
      "Value": "\"Realmente alto astral! De fato, nesta manhã, recebi notícias de {g|Brevoy}Brevoy{/g}. Minha ilustre mãe, que os deuses prolongem seus anos, está terrivelmente chateada com o desaparecimento de vocês verdadeiramente.\" {n}O sorriso de Lander se transforma em escárnio.{/n} \"Ela enviou grupos de busca para as províncias vizinhas. Discretamente, é claro – ela teme qualquer escândalo que possa surgir devido à minha ausência.\" {n}Lander suspira.{/n} \"Bem, não é a primeira vez que ela se esforça tanto...\""
    },
    {
      "Key": "25188ebe-8b19-48c5-9d28-9ac28dac65f0",
      "Value": "\"Os {g|Swordlords}Senhores das Espadas{/g} de {g|Restov}Restov{/g} estão preocupados com algumas das liberdades que você se permite, mas ainda estão mostrando uma cara boa por um jogo ruim.\""
    },
    {
      "Key": "4275c714-5987-4781-adcd-831517763c6c",
      "Value": "\"Expandir. Uma postura expansionista agressiva é a ordem do dia. Quanto maior o baronato, melhor, certo?\" {n}Lander sorri.{/n}"
    },
    {
      "Key": "dbb2ec7b-ac35-4cde-8b1e-002d7daa4be0",
      "Value": "\"{g|House Surtova}Casa Surtova{/g} denuncia abertamente você e seu baronato. Nada além de palavras barulhentas até agora, no entanto.\""
    },
    {
      "Key": "ea466dd1-3804-447e-99f3-256c19cb3a83",
      "Value": "\"E para você, minha querida Valerie, uma saudação especial e sincera. Parece que me lembro de uma promessa de sua companhia para uma noite no rio que ainda não foi cumprida... Você, eu, a lua acima de nós como nosso barco desliza ao longo do rio...?\""
    },
    {
      "Key": "7a9fb52e-db22-4233-8eeb-c8b64604889e",
      "Value": "\"Outra hora, então – mas certamente cumprirei sua promessa quando voltar.\" {n}Lander se inclina um pouco e pisca.{/n} \"E como dizem os poetas, a antecipação alimenta a chama da paixão.\""
    },
    {
      "Key": "8019ae60-4284-483b-9361-686c9d4c822d",
      "Value": "\"Sempre feliz em dar conselhos.\" {n}Lander sorri.{/n}"
    },
    {
      "Key": "a1045dc8-0501-43df-a3d1-6fd44b327271",
      "Value": "\"Para ser franco, manhosos maníacos lutando pelo poder contra fanfarrões obstinados. Há muito tempo, os dois governavam um reino próprio – os {g|House Surtova}Surtovas{/g} dominaram {g|Issia}Issia{/g}, e {g|Swordlords}Senhores da Espada Aldori{/g} sobre {g|Rostland}Correnterra{/g}. Então {g|Choral}Choral Rogarvia{/g} entrou com seus dragões e deixou bem claro para todos que tudo o que viam ao redor deles era dele.\""
    },
    {
      "Key": "162b8ab4-4f85-49c3-b16d-82a0a1ff44e2",
      "Value": "\"Nos dois séculos seguintes, os {g|House Surtova}Surtovas{/g} espremeram tudo o que podiam da benevolência de seus governantes. E agora, depois do desaparecimento da linha {g|House Rogarvia}Rogarvia{/g} Noleski Surtova assumiu o trono, mas os Surtovas têm uma dívida de sangue com metade de {g|Brevoy}Brevoy{/g} – será difícil para eles manter esse poder. Isso os torna paranóicos – eles vêem inimigos em todos os lugares, e os Aldori não são exceção.\""
    },
    {
      "Key": "bea6f41e-0705-4eda-bf82-f44b6ff6aa9d",
      "Value": "\"Quem você acha que correu mais rápido para expressar sua profunda devoção e lealdade? Certamente não eram os Aldori. Eles lutaram até o fim – e quase morreram como resultado.\""
    },
    {
      "Key": "53ad2c62-18d2-4044-9e33-bc26460ad2cc",
      "Value": "\"Os Aldori são corajosos e sem sentido. É mais provável que você os arranje de problemas do que quem recebe ajuda. E os {g|House Surtova}Surtovas{/g} são inteligentes, mas terão prazer em vender você se eles vêem lucro nisso. Eles também são insuportavelmente chatos. Tudo isso significa que você tomou uma decisão sábia quando me escolheu como seu aliado.\" {n}Lander sorri.{/n} \"Eu não aceitaria nenhum deles, mas também evitaria irritá-los até que houvesse uma boa causa.\""
    },
    {
      "Key": "f19433d4-7879-4e5d-880f-98c6ab0e0978",
      "Value": "\"Eu? Mas eu sou tão chata!\" {n}Lander bufa indignado, embora esteja claramente lisonjeado por sua atenção.{/n} \"O que você gostaria de saber?\""
    },
    {
      "Key": "6b85b6d2-dfa4-4a3b-959d-1522b3a3c0cd",
      "Value": "\"{g|House Lebeda} A Casa Lebeda{/g} é considerada uma das mais influentes em Brevoy, e com razão. Nós possuímos as terras férteis ao redor de {g|Lago Reykal}Lago Reykal{/g} e o castelo do {g|Silverhall} Salão de Prata{/g} – uma estrutura impressionante, famosa além das fronteiras de {g|Brevoy}Brevoy{/g}. Também controlamos uma quantidade significativa do comércio marítimo de lagos e rios na região.\""
    },
    {
      "Key": "c8f28315-563b-4ae7-9f9e-053ee119b282",
      "Value": "\"E se a minha família é do seu interesse... Meu pai faleceu há muito tempo. Minha mãe passou anos tentando casar minha irmã Elanna com nosso amado rei, {g|King Noleski Surtova}Noleski Surtova{/g} Quanto a mim, bem, a família lembra que eu existo nas raras – ou não tão raras! – ocasiões em que acabo causando problemas a todos.\" {n}Lander dá um sorriso desarmante.{/n}"
    },
    {
      "Key": "f6054eb0-d785-4446-8581-66f2eac24581",
      "Value": "\"Relações estreitas são um luxo que algumas pessoas não podem pagar.\" {n}Lander desvia o olhar por um momento antes de continuar.{/n} \"Certa vez, me aproximei de um homem que considerava um mentor e amigo. Mais tarde, soube que ele estava me usando para obter informações sobre as caravanas da minha casa para alguns bandidos locais.\""
    },
    {
      "Key": "a7dbaa47-3f1f-4ffd-a16b-ca3db5a0800e",
      "Value": "\"Aprendi muito com essa experiência. E, portanto, observarei sua comitiva com um olhar penetrante – não permitirei que pessoas não confiáveis ou suspeitas passem despercebidas. Você pode confiar em mim!\""
    },
    {
      "Key": "6537be28-7474-4014-a8bb-25b451b7b330",
      "Value": "\"Decisão!\" {n}Lander responde imediatamente e depois acrescenta:{/n} \"Bem, determinação sensata. Não gosto de quem fica sentado e murmura o dia todo quando chega a hora de agir, nem daqueles que se apressam sem consideração ou planejamento.\""
    },
    {
      "Key": "71742afd-d81b-429a-b1b5-3a100d38af2a",
      "Value": "{n}Lander cumprimenta você com um sorriso e um arco familiares.{/n} \"Sua Graça, {mf|barão|baronesa} {name}!\""
    },
    {
      "Key": "918b43a8-7996-4971-b9fc-5b70555ca424",
      "Value": "\"Você já viu um pote cheio de aranhas? É quase o mesmo, apenas em uma escala maior. Uma infinidade de pequenas nações e cidades-estados que se formam espontaneamente e se dissipam com a mesma rapidez. No entanto, existem aqueles que podem representar ameaça séria ou se tornar um aliado promissor – {g|Pitax}Pitax{/g} é um bom exemplo, aqui.\""
    },
    {
      "Key": "ccdaccc2-f6ad-46b1-ba33-211cf8ab9568",
      "Value": "\"Claro.\" {n}Lander assente.{/n} \"O mundo é muito interessante, mesmo sem política, você não diria?\""
    },
    {
      "Key": "4767dd1e-47d7-434c-9c51-0d3b9fafefff",
      "Value": "\"Por que não?\" {n}Lander encolhe os ombros.{/n}"
    },
    {
      "Key": "b8d2d460-d634-40b8-903d-ad07f97542c1",
      "Value": "{n}Lander dá um sorriso sutil.{/n} \"Minhas habilidades são tão notáveis que você não deve me considerar por nada menos que um Regente.\""
    },
    {
      "Key": "5155396a-1e16-4944-bd88-cbe9dd88db99",
      "Value": "\"Isso me dá uma grande satisfação, Sua Graça – o próprio pensamento de quanto influencio o baronato. Ah, mas você deve estar perguntando minhas responsabilidades? Todos os assuntos estão em ordem – e de forma alguma eles atrapalham meus outros assuntos.\"\""
    },
    {
      "Key": "a29f2128-dbf7-4a23-b308-47e03ba8278b",
      "Value": "{n}Lander balança a cabeça em desaprovação.{/n} \"Não vamos repetir nossos erros anteriores, Sua Graça. Da última vez que tentamos isso, não nos damos muito bem, lembra? Por que nos torturar novamente? Você deve encontrar você mesmo, outro regente mais agradável, não acha?\""
    },
    {
      "Key": "7614bf15-a46c-4228-b27a-9292cbff2a0f",
      "Value": "\"Um trono é uma coisa curiosa: ele é dono de você mais do que você. Minha mãe se inclinou para trás para me colocar na posse do legado de meu pai. Mas eu... eu gostaria que Lander realmente visse e fizesse algo neste mundo, antes que ele se torne o Senhor {g|House Lebeda}Lebeda{/g}.\""
    },
    {
      "Key": "6bd5d2ad-0747-44cc-a4c3-abff2b9c2d20",
      "Value": "\"Ouvi um nobre de um dos Reinos Fluviais, lorde que nome é Frey, pensou em convidá-lo para o casamento da filha dele. Aconselho não aceitar um convite de casamento de um homem com um sobrenome assim."
    }
  ]
}