{
  "$id": "1",
  "strings": [
    {
      "Key": "e0175f0b-b0e9-4d32-bbfc-3483a90eeec6",
      "Value": "\"A decisão é sua.\""
    },
    {
      "Key": "99d46221-e8e4-4f4f-a032-829e28603d8c",
      "Value": "{g|Stability4_2}[Efeitos de decisão]{/g} \"Vamos seguir a letra da lei. O infrator será multado.\""
    },
    {
      "Key": "b27982be-a947-4df1-be49-55d330ece6f6",
      "Value": "{g|Stability4_1}[Efeitos de decisão]{/g} \"Isso é mais do que simples engano. Jogue o vilão na cadeia.\""
    },
    {
      "Key": "302dfc01-39c8-4ffe-bb5a-339bbd477158",
      "Value": "{g|Stability4_3} [Efeitos de decisão]{/g} \"Execute o tolo.\""
    },
    {
      "Key": "f78af692-4d37-4b02-9329-76472f6c085c",
      "Value": "{g|Stability4_4} [Efeitos de decisão]{/g} [Ganha 4000 ouro] \"Concordamos. A busca pela filha do comerciante deve ser a principal prioridade dos guardas.\""
    },
    {
      "Key": "876afc68-80a2-497c-a63f-3eb05c525cd6",
      "Value": "\"O guarda já tem suas ordens. Este caso deve ser tratado como qualquer outro.\""
    },
    {
      "Key": "da964079-f6c4-4a0f-8b88-07af912c4330",
      "Value": "\"Você pode decidir isso sozinho.\""
    },
    {
      "Key": "be77a732-4ca3-45d1-8884-db549cc5ccc8",
      "Value": "{n}O rosto de Ekun está sombrio.{/n} \"Pegou um vigarista. Ele tentou derramar uma poção do amor na bebida de uma filha mercante. A família dela é bem conhecida, e o caso é incomum... As pessoas estão assistindo, e sua culpa já está comprovada. Mas os juízes não sabem como puni-lo. Você deve decidir.\""
    },
    {
      "Key": "e3dadecb-517c-4a79-93c3-97525f765080",
      "Value": "\"Um caso judicial menor foi o assunto da capital, Sua {mf|Graça|Graça|Alteza|Alteza}. Um vigarista foi pego tentando deslizar uma poção do amor para a filha de um comerciante importante. O tribunal o considerou culpado – mas decretou que, como a situação é tão incomum, somente você pode pronunciar uma sentença justa.\""
    },
    {
      "Key": "b65113bd-42be-4fa9-870a-a04bff71d305",
      "Value": "{n}Os passos de Regongar ecoam pela sala do trono.{/n} \"Os malditos vigaristas, {name}! Eles são como piolhos – não importa quantos você pegue, amanhã haverá ainda mais! Meus meninos pegaram outro canalha alguns dias atrás. Este estava tentando colocar uma poção do amor na filha de um saco de dinheiro local.\""
    },
    {
      "Key": "314183de-4f3d-4d89-a8a0-5c4ff7038618",
      "Value": "\"A punição usual é uma multa. Mas neste caso... muito suave. Minha sugestão – uma sentença de prisão.\""
    },
    {
      "Key": "11e49038-1af9-4dde-96bc-e53db9be01c2",
      "Value": "\"A punição estabelecida por fraude no {mf|baronato|baronato|reino|reino} é uma multa. Na minha opinião, este caso não justifica uma saída do procedimento estabelecido. O caso não é tão excepcional quanto os habitantes locais imaginam.\""
    },
    {
      "Key": "6dd4aaba-b5f6-48c5-bd5f-80f8026be61d",
      "Value": "{n}Regongar ri.{/n} \"De qualquer forma, pegamos o pobre coitado, o tribunal o considerou culpado, e tudo o que precisamos de você é uma sentença. O plano dele era ladino e frio, e todos na capital estavam assistindo isso A menos que você mostre a escória ladrão por aqui quem é o chefe, eles continuarão assim. Sugiro uma execução pública. O amor pode fazer você perder a cabeça, ha ha hmmm.\""
    },
    {
      "Key": "d7ebdafa-6357-44cd-a369-50220817d8a6",
      "Value": "\"A filha de um comerciante rico desapareceu. Roubada, provavelmente. O pai dela quer que enviemos o nosso melhor para procurá-la.\" {n}Depois de um momento, Ekun acrescenta:{/n} \"Ele deu a entender que nos recompensará pelo nosso problema.\""
    },
    {
      "Key": "a975b857-a819-4c3e-a455-967c33447fd7",
      "Value": "\"Rumores estão voando pela capital, Sua {mf|Graça|Graça|Alteza|Alteza}. A filha de um comerciante conhecido desapareceu. Alguns dizem que ela pode ter sido seqüestrada. Seu pai está nos chamando para enviar todo homem e mulher temos que procurá-la – e promete que ele pagará generosamente sua dívida de gratidão.\""
    },
    {
      "Key": "ee0f8a78-a371-4a3d-a163-ec6923d924d1",
      "Value": "\"Outro dia, outro desastre, {name}! Alguém levou a filha de um saco de dinheiro local. O comerciante jura 'ele vai nos tornar todos ricos' se enviarmos todos os guardas da cidade em busca de sua preciosa garotinha.\""
    },
    {
      "Key": "4e3dde2a-adc0-45ef-9487-f7e274f15aa4",
      "Value": "\"Deveríamos concordar em ajudar. Teremos que lidar com a situação independentemente. Se concordarmos, também poderemos encher nossos cofres.\""
    },
    {
      "Key": "5fd3001d-8143-4f56-930c-dbf2e208f221",
      "Value": "\"Há várias razões pelas quais devemos aceitar a oferta dele. Eu aprendi que ele tem amigos em altos cargos na guilda comercial...\""
    },
    {
      "Key": "f15447fc-3413-4980-b5d3-0b98b5582310",
      "Value": "\"Para dizer a verdade, não me surpreenderia se ela fugisse. Quanto ao comerciante – o que há para falar? Do que devemos nos importar? Parece que o idiota acabou de esquecer o lugar dele. 'Ele vai nos fazer tudo rico '?! Quem diabos ele pensa que é?! Nós gastamos mais em festas em uma semana do que ele ganha em um ano!\""
    },
    {
      "Key": "1ffcd18b-32b7-4fb3-bdf1-d6147823222f",
      "Value": "{n}Ekun assente lentamente.{/n} \"Eu entendo. Isso será feito.\""
    },
    {
      "Key": "c32bd484-9dbd-4774-8852-d70343d7a354",
      "Value": "\"Escolha sábia.\""
    },
    {
      "Key": "23b03743-0386-40d4-92b5-ac6d113a2383",
      "Value": "\"Então eu o mandarei para a prisão. Fico feliz que você confia em mim, {name}.\""
    },
    {
      "Key": "57ae31af-11ba-46b9-bd20-4ceb33c822c7",
      "Value": "\"Nesse caso, o criminoso será multado e libertado.\""
    },
    {
      "Key": "ceb42bb9-710b-4b15-ac9b-e74c10fc60ca",
      "Value": "\"Bom pensamento. Por que você precisaria de mim de outra forma? Hah. Para encurtar a história, estamos enforcando o bastardo.\""
    },
    {
      "Key": "8c169be9-c482-4bc5-907e-a811df7331d2",
      "Value": "\"Legal! Eu vou direto ao assunto.\""
    },
    {
      "Key": "c8b95385-d117-4a55-b42d-e5b598124730",
      "Value": "\"Isso deve fazer, eu acho. Seu desejo é o meu comando, ha ha hmmm.\""
    },
    {
      "Key": "fdfeb9d0-5980-4bce-bb44-06cde01a853d",
      "Value": "\"Eu informarei o tribunal, Sua {mf|Graça|Graça|Alteza|Alteza}.\""
    },
    {
      "Key": "623c30a9-9a51-4af4-b1e3-90543c1fa817",
      "Value": "{n}Nós curtos de Ekun.{/n}"
    },
    {
      "Key": "90d77a72-da66-41cb-afd3-1776acccdddc",
      "Value": "\"Isso será feito, Sua {mf|Graça|Graça|Alteza|Alteza}.\" {n}Kesten se curva, segurando a mão contra o peito.{/n}"
    },
    {
      "Key": "34551231-5ef6-42c2-a85f-616ecfd0b021",
      "Value": "\"Vou pedir ao guarda que se concentre na pesquisa.\""
    },
    {
      "Key": "62a3d569-c677-4862-9e3e-2058625f26b4",
      "Value": "\"Como você ordena, Sua {mf|Graça|Graça|Alteza|Alteza}. Direi ao mercador que o caso dele está em boas mãos.\""
    },
    {
      "Key": "23019a59-3c82-449b-a47b-2252742fca69",
      "Value": "\"Legal. Mal posso esperar para dizer ao porco onde ele pode encher seu ouro...\""
    },
    {
      "Key": "da3cef73-9f4c-4013-b9e1-25c752d128df",
      "Value": "\"Mas não sei por que ele se deu bem. O dote está certo, é claro. Mas a garota... Vamos apenas dizer que eu preferiria ganhar meu pão rastejando por masmorras fedorentas através dos excrementos de ratos.\""
    }
  ]
}