{
  "$id": "1",
  "strings": [
    {
      "Key": "5408c469-7771-4b8f-9371-becab7818c46",
      "Value": "\"Professor Eobald, isso é verdade?\""
    },
    {
      "Key": "81b91b43-236a-4226-870c-e753469bfae1",
      "Value": "\"O que você tem a dizer, Alondi?\""
    },
    {
      "Key": "a837f005-b75d-4e60-9faf-d51adaca5159",
      "Value": "\"O que você quer fazer com ele, Linzi?\""
    },
    {
      "Key": "c7739bc5-5fc0-4fc7-a15a-6b64d9595902",
      "Value": "\"Perdoe-o. Dê-lhe a chance de reparar suas ações.\""
    },
    {
      "Key": "5d713383-7d7b-46cd-af9b-083810b45d87",
      "Value": "\"Você não precisa perdoá-lo. Não importa o quão maravilhosa é a poesia dele, eu não preciso de pessoas como ele no meu {mf|Baronato|Baronato|Reino|Reino}.\""
    },
    {
      "Key": "7469c2d9-dfd2-45e4-94be-5adba2fc5c32",
      "Value": "[Atacar Alondi] \"Você se divertiu intimidando Linzi? É a minha vez de me divertir agora!\""
    },
    {
      "Key": "712d472c-c7be-4d40-a691-6f86bf303c5c",
      "Value": "\"A decisão é sua, Linzi.\""
    },
    {
      "Key": "98583596-3697-4e5f-8139-8cb59b6437d7",
      "Value": "\"Olha quem está aqui! Linzi! E é isso Sua {mf|Graça|Graça|Alteza|Alteza}. Graças a todos os bons deuses – você chegou bem a tempo! Um pouco mais e nós foi feito para!\""
    },
    {
      "Key": "dc6f7a4d-804c-4629-ab4d-a6744acd2164",
      "Value": "\"Saudações, {mf|barão|baronesa|rei|rainha}! Agora todos nós-\" {n}Alondi para quando vê o brilho penetrante de Linzi.{/n} \"Há... algo errado?\""
    },
    {
      "Key": "053bcdb6-8578-42dc-a759-568bf679e045",
      "Value": "\"Você nem se lembra, lembra? É claro que não. Mas nunca esquecerei – você e seus amigos envenenaram os anos que passei na {g|Academy of Grand Arts}Academia{/g}! Escondendo minhas coisas, rasgando meus livros, derramando tinta em mim, mergulhando-me na fonte... E agora você tem a coragem de vir aqui? Talvez você queira um emprego na editora também?\""
    },
    {
      "Key": "f43e5ad2-855c-43f9-8af8-2a21ab0ce3ae",
      "Value": "\"Eu... é claro, nunca ousaria acusar nosso querido Linzi de mentir, mas não sei nada sobre essas acusações. Alondi sempre deu o melhor de mim. Ele é um poeta e músico maravilhoso, e sempre foi educado... Se não fosse ele arriscando sua vida para nos levar à capital, todos estaríamos mortos!\""
    },
    {
      "Key": "d8d07b1a-e207-4c42-85f8-ea65408772d3",
      "Value": "\"Alondi, você realmente tratou um colega assim? Por vergonha. Pensei melhor em você!\""
    },
    {
      "Key": "1d1935cf-1e22-4717-aeb8-5e2a8019b52a",
      "Value": "\"O que há para dizer? Nós éramos estudantes – às vezes fizemos piadas, brincadeiras. Às vezes eram rudes e estúpidas. Sinto muito, Linzi. Tenho vergonha do meu comportamento – nunca deveria ter feito essas coisas para você.\""
    },
    {
      "Key": "272b0cd5-c83a-4bde-ab68-feb42e18cbb0",
      "Value": "\"Você pode se desculpar por todo o caminho...\" {n}Você ouve lágrimas na voz de Linzi.{/n}"
    },
    {
      "Key": "604aaa24-9f33-4d78-ba1e-174fb0d1b0e6",
      "Value": "\"Por favor, Linzi... estamos à sua mercê. Você realmente se vingará? Foi isso que você tirou das minhas lições?\""
    },
    {
      "Key": "1b990d1e-d25d-463c-a48e-4921e2c9bc61",
      "Value": "\"Eu não sei! Sinto muito, professor, mas não suporto olhar para ele. Deixe-o ir aonde ele quiser – {g|Restov}Restov{/g}, {g|Mivon}Mivon{/g} ou {g|Absalom}Absalom{/g} por tudo o que me importa. Vou até dar-lhe dinheiro para viajar, só para não precisar ver o rosto dele!\""
    },
    {
      "Key": "bfccdb97-2c30-41a5-b642-e64cf890d032",
      "Value": "\"Linzi...\" {n}Eobald aperta as mãos diante dele.{/n} \"Entendo que você está machucado. E também estou em falta. Se os outros professores e eu prestássemos tanta atenção em o comportamento dos alunos, como fizemos nas notas...\" {n}Eobald fecha os olhos e respira fundo.{/n}\" Não posso mudar o passado, mas por favor, encontre em seu coração o perdão de Alondi. Ele é um poeta excepcional – permita que ele expie seu comportamento, leve um pouco de bondade e luz ao seu {mf|baronato|baronato|reino|reino}.\""
    },
    {
      "Key": "a7495557-799b-4080-b225-96150337e72d",
      "Value": "\"Eu... professora, eu não sei.\" {n}Linzi olha para você.{/n} \"O que devo fazer? Talvez eu deva perdoá-lo? Deixe-o escrever aqueles brilhantes versos dele... O canalha!\""
    },
    {
      "Key": "19aea13b-499a-4af6-95db-5eea94623591",
      "Value": "\"Espere! Não! Não!\" {n}Linzi agarra sua mão. Alondi, pálido pelo terror, foge o mais rápido que pode.{/n}"
    },
    {
      "Key": "ed9d1c7f-2e95-4d4b-92d7-5c8037772106",
      "Value": "{n}Linzi olha para Alondi por um longo tempo, depois suspira e desvia o olhar.{/n} \"Tudo bem. Fique. Mas é melhor você escrever a melhor poesia do mundo! Entendeu? Vou verificar!\""
    },
    {
      "Key": "0785917e-363d-4b43-9a6f-803170f0272b",
      "Value": "{n}Linzi aponta em direção à floresta.{/n} \"Vá embora. Eu não me importo com sua poesia – não posso esquecer como você rasgou a minha.\""
    },
    {
      "Key": "5f46157c-f15f-4a42-97c0-876570aaa383",
      "Value": "\"Eu prometo!\""
    },
    {
      "Key": "582bf270-257c-4c9c-b7f0-c88b45f33ec1",
      "Value": "{n}Alondi abaixa a cabeça.{/n} \"Como você diz. Mas eu realmente sinto muito.\""
    },
    {
      "Key": "c9590d5b-82d3-4265-95b1-ab3dd740bad6",
      "Value": "{n}Todos ficam em silêncio por um tempo enquanto se olham sem jeito. Eobald é o primeiro a quebrar o silêncio.{/n} \"Eu... vejo Sua {mf|Graça|Graça|Alteza|Alteza} prefere uma... maneira resoluta de administração!\""
    },
    {
      "Key": "bfbbf2a6-bb78-403a-842e-a3b562587b98",
      "Value": "\"Obrigado. Eu juro, você não vai se arrepender.\""
    },
    {
      "Key": "9c3e9c4e-e4ed-4cf2-a606-9989ac7779cd",
      "Value": "\"Bem, Sua {mf|Graça|Graça|Alteza|Alteza}, Linzi... Você está bem dentro dos seus direitos.\""
    },
    {
      "Key": "17c1c730-c133-41e4-8ff1-651264c75b1e",
      "Value": "\"Professor... fico muito feliz em vê-lo! Não acredito que o Irovetti, sem talento, o expulsou da {g|Academy of Grand Arts}Academia{/g}. Eu gostaria que todos pudessem ver o que é um 'filantropo e patrono das artes'! Seus truques podem encher um livro inteiro!\""
    },
    {
      "Key": "efd9b9c4-10e6-44f4-9a76-0de9425770a7",
      "Value": "\"Sabe, Linzi, isso não é uma má idéia! Conheço muitos... detalhes de quanto dano o rei causou à sua própria {g|Academy of Grand Arts}Academia{/g}. Se você se encontrar com o tempo entre aventuras, ficaria feliz em sentar e escrever um livro assim com você! Ainda mais agora que você tem sua própria editora para imprimi-lo!\""
    },
    {
      "Key": "656d06aa-6a4e-4c97-aaa3-86d434616bad",
      "Value": "\"Sério? Você... você quer trabalhar em um livro comigo? Claro que vou encontrar tempo! Vamos para a capital o mais rápido possível – mal posso esperar para começar!\""
    },
    {
      "Key": "f989dc31-7ffb-48e7-b0f5-599a8a16256d",
      "Value": "\"Vamos voltar para a capital. Mal posso esperar para começar a trabalhar no livro, professor!\""
    },
    {
      "Key": "0f36c651-d1c2-4329-a138-59709458f2a0",
      "Value": "\"Devo dizer que seus livros foram muito bem-sucedidos! E começar sua própria editora com a impressão de um livro {d|Linzi Forbidden} banido{/d} pela ordem pessoal de Irovetti – bem, foi uma jogada ousada. Eu estou orgulhoso de você!\""
    },
    {
      "Key": "cc16eb80-3b02-4162-b74a-4e7aedf45b1c",
      "Value": "\"Ah, e permita-me parabenizá-lo, ainda que tarde, pela abertura de sua própria editora. Tive o prazer de ler aqueles de seus livros que conseguiram chegar a {g|Pitax}Pitax{/g} e eu devo dizer que você certamente estudou bem – sua escolha de autores e livros para publicação sugere um gosto {d|Linzi Beauty}sofisticado{/d} na literatura!\""
    },
    {
      "Key": "e46b9457-fa34-47fa-a21d-a4f8dead2a6c",
      "Value": "\"Para não mudar de assunto, mas eu examinei alguns dos livros que você {d|Linzi Pulp Fiction} imprimiu{/d}. Admito que os livros não eram do meu gosto, mas os alunos parecem ame-os. Fico feliz que você finalmente esteja realizando seu sonho de administrar sua própria editora!\""
    },
    {
      "Key": "0fd84282-b74d-4c11-a511-da0b50903678",
      "Value": "\"Escute, pipsqueak... O conselho geralmente é barato, mas esse é pago pelas minhas costas. Não o perdoe – as pessoas não mudam. Ele era uma merda, e ele continuará, se você der ele uma chance ou cem!\""
    },
    {
      "Key": "4416895f-2622-4d08-ac1a-b05c3564d78c",
      "Value": "\"A própria Shelyn não ensina que não se deve negar misericórdia a quem pede?\""
    }
  ]
}