{
  "$id": "1",
  "strings": [
    {
      "Key": "0abdedd6-d2c0-4688-bfa1-f7f2b5f97109",
      "Value": "\"Magias quase desperdiçados... Coisas inúteis, afinal, certo?\""
    },
    {
      "Key": "c7feefa7-36f8-4555-ae11-b2ce1d469747",
      "Value": "\"Não sei por que me envolvi nessa mágica de baixa qualidade... é tão útil quanto mamilos no Peitoral de Aço!\""
    },
    {
      "Key": "dbe7e04b-a691-4114-a6a1-c10441506801",
      "Value": "\"No seu caso, suponho que sim. Você deve se ater à sua espada gigante e deixar magia para aqueles que têm talento para isso.\""
    },
    {
      "Key": "07eceb32-b02b-4dc7-b5c7-41d7cd46ca0e",
      "Value": "\"Não desista da magia tão cedo. É mais poderoso do que parece à primeira vista.\""
    },
    {
      "Key": "48e35254-e030-4315-ba91-7739d32224ba",
      "Value": "\"Ah, de jeito nenhum! A magia é um poder maravilhoso – se você usá-lo com sabedoria e dedicar tempo e esforço para aprendê-lo.\""
    },
    {
      "Key": "c09a6f19-1808-4087-84b6-889550c8394c",
      "Value": "\"Não se preocupe! Apenas alguns seletos podem dominar tanto a magia quanto a espada! Há, ha, ha, hmm...\""
    }
  ]
}