{
  "$id": "1",
  "strings": [
    {
      "Key": "503b7a54-aa27-47f8-a96a-6b80ebf8f875",
      "Value": "\"Vou poupar-lhe o problema e apenas coletar esse 'imposto' de Oleg para mim. Você poderia tentar me impedir, suponho... pode até ser divertido. Os Senhores das Espadas me mandaram limpar a sujeira por aqui de qualquer maneira\".\""
    },
    {
      "Key": "447d61a4-e2a5-4427-b2c8-d9083d09f05c",
      "Value": "[Atacar] \"Não há necessidade de palavras. De armas!\""
    },
    {
      "Key": "754154f8-9da4-49a8-81c8-34480bb63e71",
      "Value": "\"Eu não estou interessado em derramamento de sangue, mas não vou deixar você roubar esse homem. Vá embora e eu deixarei você ir em paz.\""
    },
    {
      "Key": "768f91fc-e148-4d4a-9e4e-ea6ac014162a",
      "Value": "\"O que está acontecendo aqui?\""
    },
    {
      "Key": "f1cc0832-1d6d-4618-8f27-4794444fb5ac",
      "Value": "[Atacar] \"Minha tarefa é limpar essa terra de bandidos. Vou começar agora.\""
    },
    {
      "Key": "9e9e141b-3081-4997-bfe8-0f00d0eaad40",
      "Value": "\"Em nome do Lorde Cervo, a autoridade – haha! – 'legal' nas {g|Stolen Lands}Terras Roubadas{/g}, exigimos o imposto desta semana! E um pouco de cerveja.\""
    },
    {
      "Key": "c9d18381-675b-4a34-91c9-af5d0a0b4701",
      "Value": "\"Você quer beber um pouco do meu sangue também? Estou cansado de você – você é como gafanhotos! Você acha que controla tudo por aqui só porque coloca seu seu pano pintado?! Você vem aqui, nos aperta seque e olhe-\" {n}Oleg, um homem grande com uma cara áspera, para de falar quando percebe você.{/n}\" Ah, você deve ser convidado de {g|Restov}Restov{/g}!\""
    },
    {
      "Key": "c4d6734d-ff1c-4257-8218-eb780ede2233",
      "Value": "{n}Oleg aperta os punhos com força.{/n} \"Parece que os visitantes de Restov {Restov} são ainda piores que os bandidos por aqui. Para o poço com você, então! Pegue o dinheiro – apenas deixe-nos ser.\""
    },
    {
      "Key": "5360889d-f086-432b-9da2-232d62177965",
      "Value": "{n}A mulher olha para você de cima a baixo.{/n} \"Estranho, você tem sorte de não termos hoje mais da nossa equipe conosco. Vá em frente e fique com o dinheiro desse tolo. Mas pode ter certeza que eu vou contar ao Lorde Cervo tudo o que aconteceu aqui!\""
    },
    {
      "Key": "9c8cc812-9b37-44a9-8a66-cf07476cbf3a",
      "Value": "\"Recue! Somos muito poucos para brigar. Vamos pedir ajuda do acampamento!\""
    },
    {
      "Key": "23bc0b83-cf78-4e0b-b733-d024679e4c79",
      "Value": "\"De jeito nenhum! Apenas significa que podemos roubar alguns idiotas em vez de apenas um! Nas armas, todo mundo!\""
    },
    {
      "Key": "c28c0e36-f91e-4bac-94eb-c608f0be8dd8",
      "Value": "\"Por que partiríamos quando temos escolhas fáceis de {g|Restov}Restov{/g} diante de nós? Vamos arrancar suas entranhas e esvaziar seus bolsos!\""
    },
    {
      "Key": "abaf2007-549a-4f9f-8a77-be369d0802f4",
      "Value": "{n}A mulher sorri friamente.{/n} \"Tudo bem, vamos embora. Mas o que faz você pensar que não voltaremos apenas com números maiores?\""
    },
    {
      "Key": "d292131b-a8e7-4505-8049-686758bc9e0d",
      "Value": "\"Calma, idiota. Oleg, estamos aqui apenas para pagar os impostos do Lorde Cervo. Entregue o dinheiro, e estaremos a caminho."
    },
    {
      "Key": "7c82113c-3caa-4ceb-bc60-2aa9318b7757",
      "Value": "\"E onde está sua linda esposa, Oleg? Ela deveria nos servir o jantar!\""
    },
    {
      "Key": "5f4150ca-c7df-4d64-b5bd-9619589866ba",
      "Value": "\"Não é óbvio? Esses bandidos estão nos roubando colonos honestos! Dizem que estão cobrando um 'imposto' por seu líder, o Lorde Cervo.\" {n}Oleg cospe.{/n} \"Mas eu não jurei lealdade a nenhum Lorde Cervo! Pago meus impostos a Restov.\""
    },
    {
      "Key": "d8268d7b-dfed-4951-800f-4fe218df3296",
      "Value": "\"Mas {g|Restov}Restov{/g} está tão longe, Oleg. E o Lorde Cervo está tão perto. E quanto a você...\" {n}A jovem mulher de cabelos escuros olha com raiva para você.{/n} \"Saia daqui antes que seja tarde demais. Esta é a nossa terra – nós a possuímos!\""
    },
    {
      "Key": "08fddbf0-49c2-4b2f-9f02-9ea601b5af6e",
      "Value": "\"Que divertido. Estou começando a gostar da sua companhia.\""
    },
    {
      "Key": "c5813557-9f2e-4fce-bbdd-ac0c092990d6",
      "Value": "\"Nosso dever é proteger o {g|Oleg's Trading Post}posto comercial de Oleg{/g}. Não desperdice seu fôlego com essa escória.\""
    }
  ]
}