{
  "$id": "1",
  "strings": [
    {
      "Key": "0ac49d56-1523-437e-a6a8-2cf59dfd4067",
      "Value": "\"Que céu lindo. Lembro-me de um céu semelhante em Hajoth Hakados, quando Octavia e eu nos escondemos no telhado, escapando dos agentes da Irmandade Tática."
    },
    {
      "Key": "6b44ad89-6918-4272-bdbe-28f28592ec21",
      "Value": "\"O que é isso que eu ouvi – Regongar falando sobre beleza? Eu esperava que pelo menos esse vício fosse estranho para você! Bem, agora eu acho que você personifica absolutamente tudo o que eu odeio!\""
    },
    {
      "Key": "b2332beb-87ec-4727-82d9-3d3ef0166c88",
      "Value": "\"É surpreendente ouvir você falar da beleza do céu. Você parece mais alguém que chuta as pessoas por admirar o céu, e não por si mesmo.\""
    },
    {
      "Key": "4b6b6fae-b76b-456e-9b91-109fb454dfb6",
      "Value": "\"Você sabe o que mais me surpreende nas suas histórias? Como – como a Irmandade Tática o deixou escapar tantas vezes? Se os recursos e as pessoas que escolheram para capturar escravos se concentrassem em protegê-los, em primeiro lugar, seus problemas seriam resolvido...\""
    }
  ]
}