{
  "$id": "1",
  "strings": [
    {
      "Key": "d614cb27-b205-469e-babd-67ca40d6a100",
      "Value": "...entrou no portal!"
    },
    {
      "Key": "7a2f7034-d988-4919-b953-f71fb89d3f6c",
      "Value": "...deixou o portal por enquanto, saindo para cuidar de outros negócios certamente importantes!"
    },
    {
      "Key": "17788797-2f08-4b62-a008-9ed39b6d3b7f",
      "Value": "Fechar."
    },
    {
      "Key": "07c9796a-17e8-4c3d-8437-4891c44d23d3",
      "Value": "O portal diante de nós brilhava misteriosamente. Não parecia nada com o que vimos no ventre de {g|Lamashtu}Lamashtu{/g}, mas não havia dúvida – esse era o caminho para {g|Lamashtu}Primeiro Mundo{/g}? Mal conseguimos sair com a pele na época anterior – e não sem a ajuda de um misterioso gnomo antigo. O que nos esperaria desta vez? Veríamos a luz do nosso mundo novamente? Voltaríamos às nossas casas aconchegantes e aos sorrisos felizes de nossos amigos? Ou nos veríamos levados a ruínas, reduzidos a ossos? Sem perder tempo com pensamentos sombrios como esses, {mf|o Rei|a Rainha} rapidamente..."
    },
    {
      "Key": "e05f5d34-09c6-4022-9d28-1111bf67a040",
      "Value": "{mf|O Rei|A Rainha} virou-se e olhou para trás uma última vez, quase como se estivesse dizendo adeus ao domínio {mf|dele|dela}, e depois avançou sem medo!"
    },
    {
      "Key": "862acebb-e39e-4f34-bda5-77b5a1dc6d94",
      "Value": "...Mal havíamos cruzado o limiar antes que uma mágica invisível levasse nosso senso de direção de nós. Para cima e para baixo, para frente e para trás, esses significados perdidos quando o portal pelo qual passamos se tornaram um buraco no qual estávamos caindo!"
    },
    {
      "Key": "8a86f964-7eec-48d2-90dd-c7368dc0c71b",
      "Value": "Cada um de nós alcançou o que mais temia perder ou o que mais queria manter."
    },
    {
      "Key": "90718a2c-5f60-421e-93cd-e5683a7ee71b",
      "Value": "(Exceto Harrim – ele apenas cruzou as mãos sobre o peito, mergulhando calmamente junto com um ar de desapego consciente!)"
    },
    {
      "Key": "1963934a-d55c-45d2-ad59-33c1f4cdea74",
      "Value": "...Mas por mais que nos agarrássemos, a força misteriosa nos separava, escondendo-nos entre nuvens de neblina mágica que rodopiavam ao nosso redor enquanto nos carregavam, o tempo todo nos deixando completamente sozinhos, até que finalmente uma luz cintilou adiante..."
    }
  ]
}