{
  "$id": "1",
  "strings": [
    {
      "Key": "02ed26ae-c3da-4310-89c8-254a2f1fc624",
      "Value": "{n}Harrim brinca com a barba, pensativo.{/n} \"Você se lembra do clã Skjegge que veio até nós, nos implorando para salvá-los? Você concordou em ajudá-los na época, mas nunca chegamos a isso. Às vezes eu pergunto o que aconteceu com eles...\""
    },
    {
      "Key": "9b7fb679-5cee-4c27-b8ff-46699e39ea96",
      "Value": "\"Eles provavelmente morreram. Ou voltaram para casa em desgraça... Mas qual é a diferença? Há uma lição para todos nós, {Name}: não vá atrás dos tesouros dos mortos, a menos que você esteja pronto para se juntar a eles. Foi seu orgulho que os desestruturou. Orgulho e ganância...\""
    }
  ]
}