{
  "$id": "1",
  "strings": [
    {
      "Key": "68b5d55e-6e7f-43a9-b30d-84adca0b79ee",
      "Value": "\"Eu ouvi isso corretamente? Você nunca viu neve até chegar às Terras Roubadas?\""
    },
    {
      "Key": "8b112437-62b7-4617-98b9-77636a446319",
      "Value": "\"Eu fiz! Na minha terra natal, o gelo se forma nas pedras depois de noites frias, e os magos conjuram magias de gelo – para não mencionar minhas próprias habilidades elementais... Mas o verdadeiro inverno e a neve são outra coisa!\""
    }
  ]
}