{
  "$id": "1",
  "strings": [
    {
      "Key": "a865d011-2ff6-4e63-a77d-badac061ecd9",
      "Value": "\"Eu gostaria de dar uma olhada nos seus produtos.\""
    },
    {
      "Key": "23582fe2-948b-4b24-b5bb-748f8011f3c8",
      "Value": "\"Fale-me sobre você.\""
    },
    {
      "Key": "486f895a-3a48-4648-a679-a71281741559",
      "Value": "\"Você tem muitos produtos de Kyonin. Você já esteve lá?\""
    },
    {
      "Key": "ac70c2bb-ce6e-4c8a-a638-d3678a479766",
      "Value": "\"Despedida!\""
    },
    {
      "Key": "9e136976-37e3-499f-9141-e6a47f508f9a",
      "Value": "{n}Um comerciante meio-elfo bronzeado faz uma reverência educada. Seus grossos cabelos castanhos mostram um leve toque de cinza em suas têmporas – um sinal claro de que ele está na sétima década – maduro, mas não na velhice para um meio-elfo.{/n} \"Estou feliz em recebê-lo, seu Grace. Eu sou Enneo, comerciante errante em curiosidades. Eu vim para suas terras recentemente e espero ficar aqui por um tempo – até que a estrada me chame novamente!\""
    },
    {
      "Key": "da8ea86f-b837-4817-b2c4-51c6e5426d6b",
      "Value": "{n}Enneo se inclina com sua cortesia habitual.{/n} \"Bem-vindo novamente, Sua Graça.\""
    },
    {
      "Key": "afb4c676-2ce0-4af0-b04a-752d30093d27",
      "Value": "\"Prefiro viajar pelos cantos selvagens e escassamente povoados do continente. Quanto mais ando pelas grandes cidades e rotas comerciais, menor a concorrência que tenho das ricas guildas de comerciantes. Nas minhas viagens, às vezes consigo adquirir verdadeiras curiosidades. É claro que, às vezes, tenho problemas. Poucos podem se gabar de escapar de um escorpião gigante escalando um cacto gigantesco...\""
    },
    {
      "Key": "89373fcc-14ad-4540-b16b-35e0419fb8dd",
      "Value": "{n}Enneo encolhe os ombros.{/n} \"Nasci em {g|Kyonin}Kyonin{/g} – em {g|Greengold}Ouro-Verde{/g}, um porto na margem do Lago Encarthan e o único comerciantes de todo o mundo correram para Ouro-Verde, assim que a rainha Telandia Edasseril a abriu para estranhos. Tem sido uma cidade comercial desde então. Você pode dizer que os negócios comerciais corre no meu sangue. E voltando à sua pergunta – sim, eu frequentemente visito minha terra natal quando estou por perto.\""
    }
  ]
}