{
  "$id": "1",
  "strings": [
    {
      "Key": "16f5bab5-0b96-4363-aeb1-a32aca731597",
      "Value": "\"Estamos prontos.\""
    },
    {
      "Key": "4f235fca-2b84-4a72-b5bb-eb7483e3f107",
      "Value": "\"Eu tenho tempo para olhar em volta?\""
    },
    {
      "Key": "1b0102df-e7c7-43c2-b462-e4863c86cb4e",
      "Value": "\"Bem, Cephal? Sua mágica funcionou? Não parece que nada mudou.\""
    },
    {
      "Key": "b83d334f-1cce-4b20-b2b3-52b151e97486",
      "Value": "\"Sim. Os portões se abrirão em um momento ou dois. Esteja pronto!\""
    },
    {
      "Key": "807533c5-227c-4dd7-9e5b-ad8ebed76084",
      "Value": "\"Os fiéis não têm nada a temer na cidadela do Mestre! Exceto, talvez, um imperador ciclope morto e seus servos, que não desejam ceder a Sua dádiva, embora nunca tenha sido verdadeiramente deles reivindicar.\""
    },
    {
      "Key": "e2f2d9de-78ae-4ff6-be9c-b3846246f991",
      "Value": "\"Sim, barão. A escuridão nos espera.\""
    },
    {
      "Key": "f1951985-e68c-47d2-baf1-3f3dd5108f06",
      "Value": "\"...realmente começou? Bem, Torag te abençoa em todos os seus atos e maneiras. Até mais!\""
    },
    {
      "Key": "98a00967-b30e-421f-b54d-08b814a919b3",
      "Value": "{n}As últimas palavras de Kjerdi são abafadas por um gemido abafado que surge sobre a área. As portas da masmorra antiga se abrem lentamente, como se uma enorme criatura estivesse abrindo sua boca. O caminho à sua frente está aberto.{/n}"
    },
    {
      "Key": "876ec019-cf14-4459-b2ee-ec3b4fc11818",
      "Value": "\"Mantenha suas armas e magias à mão. Não sabemos o que nos espera lá dentro.\""
    },
    {
      "Key": "acb726f3-151b-447f-9bc7-4bd7e8486da2",
      "Value": "{n}Cephal franze a testa.{/n} \"Sim, mas muito pouco. Continue com isso.\""
    },
    {
      "Key": "4ceea66b-8f0e-4d32-81af-453b1f69bfb8",
      "Value": "\"Bem, todo mundo pronto?\""
    }
  ]
}