{
  "$id": "1",
  "strings": [
    {
      "Key": "cdc31aa7-541b-4dab-9559-c7d0eec7f313",
      "Value": "\"Conte-me mais sobre o seu pedido.\""
    },
    {
      "Key": "9ff08d06-e905-404a-a7e2-4de80368ad8c",
      "Value": "\"Kamala, a Fênix – esse nome não parece élfico.\""
    },
    {
      "Key": "6c5fc6c4-648d-4ecb-9722-bca723116989",
      "Value": "\"É ingênuo acreditar que um governante de terras tão selvagens possa ser pacifista.\""
    },
    {
      "Key": "936ee7d5-82b1-49b4-bb91-c7316a333c84",
      "Value": "\"Em outras palavras, vocês são apenas hipócritas que preferem alguém para fazer todo o trabalho sujo para você.\""
    },
    {
      "Key": "1c00c8dd-174a-4e43-a613-9d0898c73cd5",
      "Value": "\"É um trabalho árduo e ingrato que você está fazendo. Mas estou feliz que o mundo tenha gente como você.\""
    },
    {
      "Key": "80fd2f4c-7067-43c7-bd4c-84790537a0fc",
      "Value": "\"Palavras bonitas. Mas essa é apenas mais uma fachada, escondendo os mesmos instintos básicos que todos compartilham: os impulsos pelo poder e pelo lucro!\""
    },
    {
      "Key": "002640f8-0f91-4dca-be58-c59e10b6a25c",
      "Value": "\"Paz em Golarion? Você é simplesmente louco, desperdiçar seu tempo e esforço em um sonho inatingível!\""
    },
    {
      "Key": "a6efd35b-f7e9-4a10-9cf4-78d2de5007cb",
      "Value": "\"Você não pode derrotar o mal pregando sozinho! Os bons precisam de uma boa espada para conter os monstros!\""
    },
    {
      "Key": "effc41e3-dcb2-4423-8484-6dcd759a424a",
      "Value": "\"O que você sabe sobre o poder por trás dos portais?\""
    },
    {
      "Key": "e90baea2-8958-454b-89d5-011e4ecb372f",
      "Value": "\"Eu não vou perder meu tempo em suas provações estúpidas. Vá embora!\""
    },
    {
      "Key": "df4d32a3-79fd-4f23-8987-b6fc64ba7d3f",
      "Value": "[Atacar] \"Não vou sofrer como você, não aqui!\""
    },
    {
      "Key": "0adb2ea4-0d43-468d-b15c-0185770676c1",
      "Value": "\"Eu tenho que ir.\""
    },
    {
      "Key": "26e976f2-b24a-422d-a953-ca930c41aa59",
      "Value": "\"Parabéns. Você passou no meu julgamento. Sua vontade é forte e não pode ser quebrada por magias ou pelo inimigo mais assustador: a besta sedenta de sangue que espreita dentro de cada um de nós.\""
    },
    {
      "Key": "9515c806-8aa3-448c-a9b6-bdf2441102e2",
      "Value": "\"Infelizmente, você falhou no meu julgamento. Mas não se desespere – nossa força de vontade às vezes falha até nos melhores!\""
    },
    {
      "Key": "82fdb1f3-cefb-41b5-888a-290c7d2cb420",
      "Value": "{n}Kamala balança a cabeça.{/n} \"Perdoe-me, mas você fracassou no meu julgamento. Uma ameaça não é tão definitiva quanto a violência, mas contém a mesma semente venenosa. Quando você semeia medo, colhe ódio.\""
    },
    {
      "Key": "6ec04539-a8b8-46ef-a7b0-e65d80c5ef18",
      "Value": "\"Convido você a conhecer os outros mestres da ordem e passar em suas provações. Não tenha medo do fracasso – ninguém neste mundo é perfeito. Mas devemos ter certeza de que aqueles a quem ajudamos são dignos. Partam para o {g|Temple of the Elk}Tempo do Alce{/g}. O irmão Visaka, o Unicórnio, está esperando por você lá para sua próxima provação.\""
    },
    {
      "Key": "a579daba-eaa0-4957-b6d4-36ea120a89b1",
      "Value": "\"Quando passei em todas as provas e entrei na ordem, o professor me deu um novo nome na língua de sua terra natal, como é o seu caminho. 'Kamala' significa 'lótus' – uma flor que cresce da lama do pântano, mas que brilha com imaculada brancura. É um símbolo que fala por si.\""
    },
    {
      "Key": "173558db-17ea-401a-bacd-10e5eb61fc9b",
      "Value": "\"Quanto a 'Phoenix' – isso é algo como um título. Refere-se àqueles que queimaram seus instintos primitivos e revivem a pura força de vontade de suas cinzas. Antes de percorrer o Caminho Sábio, fiz muito mal e muitas coisas estúpidas, pois fui controlado pelo animal dentro de mim. Agora que ele não tem poder sobre mim, sigo o caminho da Ordem e do Bem, como mostra o professor.\""
    },
    {
      "Key": "ae355fb6-f751-40be-953c-dba759f05a8c",
      "Value": "\"Ao contrário de muitas ordens monásticas, não ensinamos artes marciais. Os segredos que compartilhamos destinam-se a semear a paz e o acordo, não a destruir.\""
    },
    {
      "Key": "598bccd8-44c8-49c5-b609-de31e2c77826",
      "Value": "\"Não pedimos que você faça o mesmo voto de não-violência que temos. Há muito mal no mundo – e, infelizmente, nesta era de fogo e aço, aquele que abaixa a arma muitas vezes se torna alimento para monstros. Ainda assim, tentamos ajudar aqueles que causam menos danos. Nenhum de nós viverá para ver um pacífico {g|Golarion}Golarion{/g} – mas todos fazemos nossas partes para tornar isso possível.\""
    },
    {
      "Key": "a8d7b1c3-779a-4a12-95c0-3f6b012235e0",
      "Value": "\"Você aprenderá mais com meus irmãos e irmãs quando os encontrar.\""
    },
    {
      "Key": "083e90bf-18ba-44c2-981b-eddf6545569e",
      "Value": "\"Não somos tão ingênuos na esperança de que nossa pregação possa transformar instantaneamente o mundo inteiro. Encontramos pessoas cujos objetivos são semelhantes aos nossos e os ajudamos em suas boas ações. Onde está a hipocrisia nisso?\""
    },
    {
      "Key": "22e2e008-9f33-4f5f-bad3-3819973ecd39",
      "Value": "\"Há mais de nós do que você pensa. Todo mundo que tenta fazer o bem às vezes se sente como um pequeno navio solitário em uma tempestade de dor, violência e maldade. Um dos nossos principais objetivos é unificar a visão de todos cuja boa vontade é forte, para que possam agir juntos.\""
    },
    {
      "Key": "195d423a-e0d2-406b-b6b5-94deac4462fb",
      "Value": "\"Todo mundo atribui aos outros os mesmos pecados {mf|ele|ela} é o mais culpado. Eu entendo perfeitamente seu cinismo. E você – você é capaz de entender aqueles que pensam diferente de você?\""
    },
    {
      "Key": "05d06eb2-5e49-462b-8152-455feac85256",
      "Value": "\"Inatingível? Somente aqueles que percorreram o caminho até o fim podem ter certeza do que é possível. Nosso objetivo ainda é distante, mas digno de passar a jornada da vida caminhando em direção a ele.\""
    },
    {
      "Key": "c760393a-285c-4619-984e-b3fb6b459e64",
      "Value": "\"Muitos pensaram assim. E então, no momento da verdade, olham para as ruínas, as poças de sangue que deixaram para trás e se perguntam: tudo isso foi realmente bom? Quem sou eu aos olhos dos pessoas – um salvador, ou apenas mais um entre monstros, atormentando um ao outro?\""
    },
    {
      "Key": "a72557b0-6aeb-49d4-b406-4ad8d736762a",
      "Value": "\"Compartilharemos nosso conhecimento com você quando você provar que é digno de nossa ajuda.\""
    },
    {
      "Key": "c186d097-d095-4d81-972c-a01938bca740",
      "Value": "\"Como desejar, Alteza. Não vamos incomodá-lo novamente.\""
    },
    {
      "Key": "e3da22c5-03aa-4bc6-bdaa-d22dc49a3e31",
      "Value": "\"Que pena.\" {n}O elfo sussurra uma magia e paz e tranquilidade sem limites caem sobre você. Incapaz de alcançar sua arma, você vê Kamala partir com dignidade.{/n}"
    },
    {
      "Key": "1bc74d3b-1ed4-46b1-a97d-a3412bc1e55a",
      "Value": "\"Até logo, Alteza. Que seu caminho seja sábio.\""
    },
    {
      "Key": "84c48d6f-9750-4817-9b18-18acc61a4e34",
      "Value": "\"Sim! Canibais, assassinos, traficantes – você fala com pessoas como aquelas com espadas, não com palavras!\""
    },
    {
      "Key": "de691285-0fd9-41b5-9f7a-0af2310f2d2d",
      "Value": "\"Retórica familiar sobre a fera interna. Deveríamos ter enviado você para os Debates Inconseqüentes – você conversaria suavemente com o anfitrião em um piscar de olhos!\""
    }
  ]
}