{
  "$id": "1",
  "strings": [
    {
      "Key": "16f17f49-841f-40c6-ae92-83e175ef6abd",
      "Value": "\"Minhas pálpebras estão pesadas como pedras. Não sei se posso guardar o acampamento hoje à noite.\""
    },
    {
      "Key": "d5bee4bc-443e-4dde-8a79-1659deeddbed",
      "Value": "\"Tão exausta. Eu preciso dormir. Você poderia cuidar do acampamento?\""
    },
    {
      "Key": "08926dfa-6b8c-4bbb-b228-d0be7069f034",
      "Value": "\"Devo fazer minhas orações a Groetus, por isso estarei muito ocupado para ajudar. Pergunte a alguém que está mais preocupado com as coisas do mundo.\""
    },
    {
      "Key": "e10de29d-6d78-45da-9ed3-99e447ed9881",
      "Value": "\"De jeito nenhum! Eu tenho que terminar o rascunho do meu novo capítulo. Alguém que não sabe escrever deve guardar o acampamento. – Há analfabetos suficientes entre nós.\""
    },
    {
      "Key": "e2c5756f-15c7-4ca6-93b7-5741c053361b",
      "Value": "\"Estou pronto para vigiar. Não se preocupe com isso.\""
    },
    {
      "Key": "8be6d3b7-c668-4e7a-b488-15bf441c7842",
      "Value": "\"Pff.\""
    },
    {
      "Key": "5a701278-7c10-4df9-82b7-27a14947bc46",
      "Value": "\"Então durma bem. As espadas de seus amigos vão mantê-lo seguro.\""
    }
  ]
}