{
  "$id": "1",
  "strings": [
    {
      "Key": "a50b3aef-8926-417a-b30e-5c8db37f8a8c",
      "Value": "{g|Espionage10_1}[Efeitos de decisão]{/g} \"Nem sequer é uma pergunta. Os espiões podem fazer o melhor para o exército.\""
    },
    {
      "Key": "c8e9d1f1-b87b-4c0d-944b-bbabd96ce350",
      "Value": "{g|Espionage10_2} [Efeitos de decisão]{/g} \"Espiões em embaixadas e consulados trazem as informações mais valiosas.\""
    },
    {
      "Key": "05130b7c-4980-4b7f-bf9e-001074a8b55f",
      "Value": "{g|Espionage10_3} [Efeitos de decisão]{/g} \"Quero espiões colocados nas guildas e escolas de magia.\""
    },
    {
      "Key": "f2c4a1ef-6d1b-473a-a9a5-0591b3bb5a89",
      "Value": "\"Você é o mestre da espionagem. Depende de você.\""
    },
    {
      "Key": "f5c89a19-ccc8-4a9c-ae9d-f69db31f9ac6",
      "Value": "\"Fizemos bem. Temos olhos e ouvidos leais em todos os lugares. Não precisamos temer espiões ou conspirações. Seu domínio está bem protegido contra todo tipo de ameaças silenciosas.\""
    },
    {
      "Key": "7d3bc47d-198c-47f8-938b-8ce5879b6292",
      "Value": "\"Lembrei nosso melhor pessoal da capital. Eles repassam o que aprenderam sobre nossos inimigos e instruem os guardas sobre como rastrear a conspiração. A experiência deles em intimidação e autoridade de comando será útil.\""
    },
    {
      "Key": "d42eb045-8418-41c2-954b-b309923b1d7a",
      "Value": "\"Lembrei de nossas melhores pessoas na capital. Elas são astutas e astutas – escorregadias como enguias – e aprenderam muito com suas relações com nossos inimigos. Faça deles seus embaixadores agora. Um bom espião faz um bom político.\""
    },
    {
      "Key": "57d0f604-3999-4e72-965d-fe49816bf1c7",
      "Value": "\"Falando em inimigos, nosso ataque atingiu seu alvo. A Guilda dos Assassinos está lambendo suas feridas. Enquanto isso, estamos apreendendo seu poder.\""
    },
    {
      "Key": "f5b1f236-2345-44d9-b792-d872c6835475",
      "Value": "\"Falando em inimigos, nosso ataque atingiu seu alvo. A Guilda dos Envenenadores foi à clandestinidade, deixando-nos apreender suas riquezas.\""
    },
    {
      "Key": "c6630ad0-42f4-4c55-8969-0606d652a8c3",
      "Value": "\"A Guilda atacada tinha espiões em todos os cantos. Eles precisam de um novo mestre. Temos a chance de nos tornar esse mestre. Mas onde queremos nossos espiões?\""
    },
    {
      "Key": "53bb3283-27b3-4be2-a650-afdc748768b1",
      "Value": "\"Você sabe, {name}, nossos espiões finalmente parecem estar em toda parte. É uma experiência muito incomum. Às vezes me sinto como um novo deus. Vejo todo mundo! Ouço tudo!\""
    },
    {
      "Key": "7bec10e4-a01f-4e76-a6a9-19d7c8cd7de4",
      "Value": "\"{name}, recebemos notícias de Marcadaga. Somos vitoriosos. Acho que os parabéns estão em ordem. Você está de olho em todos os cantos. Todos os segredos dos vivos e dos mortos são nossos.\""
    },
    {
      "Key": "fc8e6a4e-ff51-4e66-ab85-f7c2b374e2ff",
      "Value": "\"Convoquei vários de nossos agentes de volta à capital. Eles compartilharão com os guardas a experiência que adquiriram na luta implacável contra o inimigo. Isso será bom para... vamos chamá-lo de 'prevenção de conspiração'.\""
    },
    {
      "Key": "6e343b60-1da5-4c42-bef3-5aa351c165c9",
      "Value": "\"Convoquei vários agentes de volta à capital. Eles iluminarão nossos embaixadores na intriga e na arte do engano. Essa experiência será útil em seus jogos de política.\""
    },
    {
      "Key": "0bf0e25d-a456-4420-951b-9e62b6b2fc89",
      "Value": "\"A propósito, você se lembra da Guilda dos Marcadaga que tentou jogar areia em nossas engrenagens? Nossa resposta tem as doninhas correndo assustadas. A Guilda dos Assassinos ainda existe, mas agora é muito menos poderosa. Na verdade, eles estão lutando para lutar por o pouco que resta.\""
    },
    {
      "Key": "048e2dfb-0644-4de5-a28f-466eec9e1a09",
      "Value": "\"A propósito, você se lembra da Guilda dos Marcadaga que tentou jogar areia em nossas engrenagens? Nossa resposta assustou as doninhas. A Guilda dos Envenenadores está agindo como se tudo estivesse bem, mas os vencedores estão arrancando seus pertences.\""
    },
    {
      "Key": "7ed112e8-37c2-43bb-9669-8393c0c94400",
      "Value": "\"Queremos nosso pedaço da torta também, é claro! Estou ansioso para colocar minhas mãos nos agentes que estão prontos para negociar mestres. Mas cabe a você decidir para onde devemos enviar nossos novos infiltrados.\""
    },
    {
      "Key": "75fba449-437f-4fc0-a8c3-a234de51688b",
      "Value": "\"Convoquei vários agentes para a capital. Os guardas poderiam usar sua experiência em sua luta implacável contra o inimigo.\""
    },
    {
      "Key": "83f69426-9b3c-4b04-be55-93496319b90d",
      "Value": "\"Convoquei vários de nossos agentes de volta à capital. Nossos diplomatas podem fazer bom uso de sua experiência em intrigas e decepções.\""
    },
    {
      "Key": "6418d081-e105-415d-a4a3-13bc83415e72",
      "Value": "\"Se você está se perguntando sobre o destino de nosso velho inimigo, não se preocupe, eles não são mais uma ameaça. A Guilda dos Assassinos sofreu um duro golpe. Por enquanto eles estão preocupados principalmente com sua própria sobrevivência. Os abutres já começaram a destruir seus bens.\""
    },
    {
      "Key": "34605022-35fc-4481-86c1-c96ebfb77012",
      "Value": "\"Se você está se perguntando sobre o destino de nosso velho inimigo, não se preocupe, eles não são mais uma ameaça. A Guilda dos Envenenadores se envenenou. Eles estão desesperadamente lutando para se manter à tona. Todo mundo está agarrando sua pilha de riquezas, e eles mal conseguem ficar de olho em nós.\""
    },
    {
      "Key": "e456e7c3-b71d-48c4-a68c-3e328daffda5",
      "Value": "\"Deveríamos reivindicar nosso prêmio também. O Clã tinha muitos espiões com uma variedade de habilidades e áreas de especialização. Muitos deles certamente adorariam trocar mestres nesses tempos de tempestade. Mas onde poderíamos usar as novas pessoas da melhor maneira?\""
    },
    {
      "Key": "a13a8a88-3224-4ef4-a598-ca64918b51e1",
      "Value": "\"Será bom ter ouvidos nos exércitos de nossos inimigos. Isso será feito.\""
    },
    {
      "Key": "df546663-f0a4-44b0-958f-a6fb7baf5318",
      "Value": "\"Hmm. Isso parece razoável. Farei algumas perguntas.\""
    },
    {
      "Key": "b33fe62b-2d29-444f-a456-a12ec39581b0",
      "Value": "\"Saber sobre os inimigos torna mais fácil matá-los.\""
    },
    {
      "Key": "20810579-d9b8-4620-b872-8720836e9a04",
      "Value": "\"Tudo bem. Vamos aprender o que está sendo discutido nos palácios de nossos vizinhos.\""
    },
    {
      "Key": "7f5ca6ff-cb07-4949-976d-0cd3e060a57f",
      "Value": "\"Diplomatas são espiões com credenciais públicas. Os segredos dos monarcas vizinhos são mais valiosos do que suas coroas.\""
    },
    {
      "Key": "41484f4f-5bf9-4f31-8fa1-5bfb7aa6e84f",
      "Value": "\"Às vezes duvido que a arte da diplomacia exista. Talvez seja apenas mentira e punhais.\""
    },
    {
      "Key": "e2a46497-d05a-4d7c-a411-505781c897b0",
      "Value": "{n}Ekun faz uma pausa para pensar e depois assente.{/n} \"Você sabe que nem sempre confio na mágica. Mas venenos e punhais não podem ser nossas únicas ferramentas.\""
    },
    {
      "Key": "d53d2736-95de-4f6c-aac5-3a724eecdd2f",
      "Value": "\"Acredito que a mágica é o futuro da espionagem. Esta é uma decisão sábia.\""
    },
    {
      "Key": "93ab6b15-dc85-42ec-8c35-07db426e2e37",
      "Value": "\"Segredos místicos são mais valiosos que planos militares ou intrigas políticas. A vida mortal é curta. A magia é eterna.\""
    },
    {
      "Key": "c13d1a1e-549b-4fbd-9310-01a434b25d83",
      "Value": "\"Falando em inimigos... A guilda de Marcadaga aceitou nossa oferta de união. O ataque ao seu rival foi inesperado e bem-sucedido. Podemos compartilhar os prêmios com nosso novo aliado.\""
    },
    {
      "Key": "509284f9-7440-4f30-8a83-0e47115b21c1",
      "Value": "\"A propósito, você se lembra quando aquela guilda de Marcadaga tentou jogar areia em nossas engrenagens? Nossa resposta encorajou as doninhas a mudar seus planos e organizar um ataque contra seu rival! É claro que os pobres idiotas não esperavam nada do que agora eles estão lambendo suas feridas e seus inimigos estão arrancando seus pertences.\""
    },
    {
      "Key": "73059cd8-f787-4949-832d-fb473ef4f775",
      "Value": "\"Se você está se perguntando sobre o destino de nosso velho inimigo, então não se preocupe – eles são nossos amigos agora. Depois de nosso ataque unido a seus rivais, esses velhos ressentimentos são esquecidos – todos estão agarrando a pilha de troféus dessa operação inesperada enquanto o uma guilda ferida está agindo como se tudo estivesse normal – embora mal possa ficar à tona.\""
    }
  ]
}