{
  "$id": "1",
  "strings": [
    {
      "Key": "c07c829e-bedd-4570-978f-63d39b883060",
      "Value": ""
    },
    {
      "Key": "220fe79e-af63-4191-a9c8-4b8f01fb7f4c",
      "Value": ""
    },
    {
      "Key": "2fad1fa7-bbfe-4ca4-9b7b-017daae8908a",
      "Value": ""
    },
    {
      "Key": "4df51c5b-5e3c-4113-8992-500f185e95b3",
      "Value": ""
    },
    {
      "Key": "a3c41f9b-2a03-4a66-b145-fc78ba13e416",
      "Value": ""
    },
    {
      "Key": "4453bec1-4318-4864-b1ec-6b7539f3f79e",
      "Value": ""
    },
    {
      "Key": "f121ced0-06ea-4afe-9161-f4ea7229477b",
      "Value": ""
    },
    {
      "Key": "c7bb80a9-9486-434b-87ea-949d29f0eeb8",
      "Value": ""
    }
  ]
}