{
  "$id": "1",
  "strings": [
    {
      "Key": "b7d4f354-0e9e-46ee-97f4-04cd2ec3b0cc",
      "Value": "{g|Loyalty6_1}[Efeitos de decisão]{/g} \"Jogue os mercenários para fora da capital. Eles estão causando problemas, então precisam ir embora.\""
    },
    {
      "Key": "6ee753c0-23cb-44e8-aecd-5f8e71539cb3",
      "Value": "{g|Loyalty6_2} [Efeitos de decisão]{/g} [Pague 100 PC] \"Financie mais guardas do tesouro. Certifique-se de que os guardas dos comerciantes não lutem com as pessoas comuns.\""
    },
    {
      "Key": "f45b224b-d2d7-45cb-9373-ec4d6fa37613",
      "Value": "{g|Loyalty6_3}[Efeitos de decisão]{/g} \"Envie a nossos cidadãos a mensagem de que esses mercenários estão sob nossa proteção.\""
    },
    {
      "Key": "eb631255-6dcf-4cd6-9d2a-d4e68868e563",
      "Value": "\"Você decide, e está feito.\""
    },
    {
      "Key": "7743fb7e-acfd-47eb-bcda-1b6313f92d99",
      "Value": "\"{name}, a situação tornou-se bastante complicada. Um grupo de mercenários chegou em nossas terras para buscar um futuro melhor. Eles se uniram para garantir a segurança. Alguns foram contratados por nossos comerciantes como guarda-costas.\""
    },
    {
      "Key": "0ccf2e00-c497-46bb-af30-18cb2874db03",
      "Value": "\"Há uma questão que exige sua atenção. As tensões estão aumentando entre os locais e um grupo de mercenários que vieram à capital para obter uma renda. Alguns foram contratados por comerciantes ricos que podem pagar guarda-costas.\""
    },
    {
      "Key": "2e213786-bff2-4bd7-9207-6b2bbbf95e58",
      "Value": "\"{name}, há problemas na cidade. Um grupo de mercenários chegou à capital. As pessoas parecem não gostar delas, então elas se uniram por segurança. Esses vagabundos buscam trabalho, e alguns deles têm foi contratado pelos comerciantes. {g|Lamashtu}Lamashtu{/g} abençoou essas pessoas com força e amor pela luta, então por que não usá-las?\""
    },
    {
      "Key": "d805d8ee-c3a9-43a3-9c90-4f136f710e5f",
      "Value": "{n}A voz de Tristian parece triste.{/n} \"Você pode estar certo. Nem todo mundo é capaz de viver lado a lado em paz. No entanto, é uma pena se nunca tentarmos mudar as coisas.\""
    },
    {
      "Key": "d0802d22-b90b-49f2-b804-a686758decff",
      "Value": "\"Qualquer que seja o dinheiro que gastamos com novos guardas, valerá a pena, se impedir que mais sangue seja derramado.\""
    },
    {
      "Key": "4b7fd308-5b87-4db8-8ddc-9b947632b7ef",
      "Value": "{n}Shandra levanta a sobrancelha.{/n} \"Para onde isso vai levar? Você espera que os camponeses gostem? Eles encontrarão algo novo para odiar amanhã, e você será o culpado. Você pode dar ao luxo de resolver todos os seus problemas.\""
    },
    {
      "Key": "9075de2a-7e9a-4573-a7ba-cb3ae2d1fa50",
      "Value": "\"Tudo bem. No futuro, espero que os dois bandos, os mercenários e o seu, se fundam em um. Poderoso... invencível.\""
    },
    {
      "Key": "14706482-cc15-4780-a117-f16133f62629",
      "Value": "\"Muito sábio. Permita que os comerciantes façam o que quiserem, e a moeda deles encherá seus cofres.\""
    },
    {
      "Key": "0c75ef8c-4dce-4e45-8fab-73bb12b74b6d",
      "Value": "\"Você prende seus súditos em uma gaiola com brutamontes selvagens. Muito bem, deixe os fortes sobreviverem e os fracos perecerem.\""
    },
    {
      "Key": "d8d06cb3-e2f8-456f-9f1a-4e4d9aed002c",
      "Value": "\"Vou retirar do tesouro para contratar mais guardas e evitar provocações. No futuro, espero que os dois bandos, os mercenários e o seu, se fundam em um. Poderoso... invencível."
    },
    {
      "Key": "549161ce-1d5a-4056-8d2c-0f3f53e122ee",
      "Value": "\"Infelizmente, suas maneiras são baixas e os habitantes locais têm preconceito contra eles. Eles lutam cada vez mais. Os camponeses querem que banamos os mercenários da cidade. Os comerciantes esperam que os protejamos, independentemente das queixas dos camponeses.\""
    },
    {
      "Key": "2da72e70-5a95-40a9-9c43-79b9b8eec4be",
      "Value": "\"Se você me perguntar, não devemos nos render ao ódio. Esse assunto deve ser resolvido pacificamente. Recorra ao tesouro para financiar mais guardas. Eles vão acabar com esses confrontos. Nada vai mudar se simplesmente escolhermos lados. Devemos mediar, embora isso precise de dinheiro e vontade de paz.\""
    },
    {
      "Key": "24fe47b8-6d19-4602-83d6-10bce272d659",
      "Value": "\"É claro que os cidadãos os consideram brutamontes e brutamontes – estereótipos aos quais estão satisfeitos. As pessoas nos chamam para expulsar essa multidão da cidade. No entanto, isso seria um erro. Pense em como as tropas dos comerciantes leais serão úteis, se é que os camponeses se revoltam.\""
    },
    {
      "Key": "950e7afa-a59b-4e67-806c-fb5046222258",
      "Value": "\"Dê ouvidos surdos àqueles que o incentivam a expulsar os mercenários. Isso não nos tornará populares entre o povo, mas esses mercenários podem ser úteis. Nem você deve ouvir os camponeses que exigem que seus guardas os protejam contra os indisciplinados\" brutos. Sempre haverá confrontos entre diferentes camadas da sociedade. Você deve apoiar os mais úteis e prender aqueles que provocam os guarda-costas dos mercenários.\""
    },
    {
      "Key": "a9d9962f-9b79-48ca-a7fb-af264414540e",
      "Value": "\"Infelizmente, os cidadãos desprezam esses mercenários. Eles os insultam pelas costas e cospem onde pisam. Eles os provocam, provocam brigas e depois gritam assassinatos quando conseguem o que estão pedindo. Seu povo covarde precisa para aprender o significado da força. Deixe-os ver que agora há um peixe maior a ser considerado. Você não deixará que os mais fracos da sua tribo o obriguem a expulsar os mais fortes, certo?\""
    }
  ]
}