{
  "$id": "1",
  "strings": [
    {
      "Key": "b5e2f07f-5162-4dda-8992-353eed2bdffd",
      "Value": "\"Poderíamos bloquear todos os doentes em um só lugar, e o problema logo se resolveria...\""
    },
    {
      "Key": "817261c6-dfca-47d0-ba74-6d2b5545b3e1",
      "Value": "\"Mesmo essas medidas podem não ajudar. Não temos certeza de como a doença se espalha – de uma pessoa para outra ou de alguma outra maneira.\""
    },
    {
      "Key": "6738df0e-c209-4d46-a924-8fdf3778d51d",
      "Value": "\"Devo admitir que limitar os movimentos de pessoas doentes de fato retardaria a propagação da doença. Mas não se segue que devemos deixá-los sem ajuda.\""
    },
    {
      "Key": "bcaa27eb-6759-4685-93e1-04a1085f9436",
      "Value": "\"É fácil para você dizer. Nada de doente vai acontecer com seu rosto fedido! Mas e se um de nós ficar doente?!\""
    },
    {
      "Key": "a9a826d5-c088-459d-9cd1-758593a5e3b4",
      "Value": "\"Seus lábios pingam veneno. Você profere crueldades apenas para se divertir. Mas você entende que essa maldição não começou com os doentes e também não terminará com a morte deles.\""
    }
  ]
}