{
  "$id": "1",
  "strings": [
    {
      "Key": "4d10eb39-a4da-428b-a378-38a62251d56c",
      "Value": "[Estude o portão]"
    },
    {
      "Key": "57e6e965-4e33-42a5-b79a-d9fb646cd1b2",
      "Value": "[Examine os pilares do portão]"
    },
    {
      "Key": "6b04f5b1-08b5-48be-b8b8-ed8addf511b0",
      "Value": "[Sair]"
    },
    {
      "Key": "5d642b8b-463f-4574-9b16-45d1bd3af7f8",
      "Value": "[Acenda os três queimadores de incenso das tumbas e pendure-os nos ganchos no centro do portão]"
    },
    {
      "Key": "18fc4fe4-19ff-4cd0-a98b-097fd97a6cda",
      "Value": "[Tente traduzir as inscrições no portão]"
    },
    {
      "Key": "83291e79-b6d2-480f-be07-11aced5b8b1d",
      "Value": "[Tente decifrar as imagens no portão]"
    },
    {
      "Key": "9a5d45db-74a4-42d5-8497-0c8b39abd02b",
      "Value": "[Afastar-se do portão]"
    },
    {
      "Key": "453254de-ad51-45a6-b6ad-14cd6c5b08b4",
      "Value": "[Examine a saliência circular]"
    },
    {
      "Key": "bca1047d-877a-4d68-9cda-c3b4bed75474",
      "Value": "[Estude os ganchos colocados na saliência]"
    },
    {
      "Key": "6766bf1c-c0e6-4805-b7fd-d2a96288ec0e",
      "Value": "[Examine o pilar esquerdo]"
    },
    {
      "Key": "cec49d96-282f-4f77-ac09-4da8bd33f658",
      "Value": "[Estude o pilar certo]"
    },
    {
      "Key": "8cbc9224-26fd-46d3-96e9-b4846a8f017c",
      "Value": "[Afastar-se dos pilares]"
    },
    {
      "Key": "25250118-0e7e-41f6-a9fa-4ba1d41694bc",
      "Value": "[Grite seu nome]"
    },
    {
      "Key": "b23a3599-0a2b-4fb7-8332-c1ac2ab53c9e",
      "Value": "[Jogue uma pedra no portão]"
    },
    {
      "Key": "1e9667d0-6931-4bbb-9b7a-cdcaf3dd7d97",
      "Value": "{n}Um portão imponente bloqueia seu caminho. Os pilares que ladeavam o portão são esculpidos na própria montanha, e o portão e o pilar se erguem tão alto que são obscurecidos pelas névoas acima. O portão está selado, mas você não vê nenhuma trava... nem mesmo uma maçaneta.{/n}"
    },
    {
      "Key": "03066bb9-95b1-4dd0-8068-a30596174c0e",
      "Value": "O corvo faz um barulho estridente. \"Criadora patética! Como você está estrelando a criação de suas senhoras com indiferença! Ajoelhe-se! E diga que os antigos não atacam você!\""
    },
    {
      "Key": "0e90f25a-6ce7-4457-b7fb-0fed3dba1b4a",
      "Value": "{n}O portão parece inexpugnável – você não pode imaginar o poder necessário para abri-lo, parece que vários aríetes se estilhaçariam contra ele.{/n}"
    },
    {
      "Key": "4c98a9b9-0618-449e-88c0-d1d477d09c4f",
      "Value": "{n}Pilares maciços se erguem no meio da névoa. Você mal pode imaginar o poder necessário para construir essa estrutura gigantesca.{/n}"
    },
    {
      "Key": "dd048152-cfa4-447d-aa54-1cc3c2e7314f",
      "Value": "\"Um toque de merrre do poder do meu mestre... ele comanda arrrrmies, escravos, servos, molda montanhas à sua vontade...\" {n}O corvo faz um barulho estridente.{/n} \"Este é um monumento ao seu reinado... e seu reino voltará.\""
    },
    {
      "Key": "094ceda5-69b4-48d7-9413-168ab932738b",
      "Value": "{n}Muitas palavras são perdidas no tempo e no tempo, mas você identifica alguns glifos e símbolos que reconhece – e a partir daí consegue juntar a inscrição:{/n} \"NA ESCURIDÃO, AS PORTAS ABREM, A VERDADE REVELA-SE. NO SANGUE, A MORTE DÁ PARA OS SALÕES.\""
    },
    {
      "Key": "c33e72f0-9e08-439d-be39-82230182cbda",
      "Value": "{n}As inscrições antigas foram vítimas do tempo e do tempo. Por mais que tente, não é possível decifrá-los.{/n}"
    },
    {
      "Key": "03f5cc63-c71e-4cbd-891c-9f1d127d989b",
      "Value": "{n}Os portões estão cobertos com inscrições antigas e representações perturbadoras de adoração e sacrifício... mas as inscrições estão muito acima do nível dos olhos, tanto que você precisa dar alguns passos para trás para vê-las. No centro, onde os dois portões se encontram, há uma saliência circular – nele estão três ganchos pretos.{/n}"
    },
    {
      "Key": "05d26725-86ce-4975-bd52-ea647745e14b",
      "Value": "{n}O corvo inclina a cabeça, afixando-o com um único olho redondo.{/n} \"O que é wrrrrit, não é mais wrrrrit, pois o vento e o tempo cobraram seu preço... mas você precisaria de dominar as línguas, Aprimoradoes e mais antigas do que o seu para ler o que há lá... e uma mente muito maior do que a sua para compreendê-la.\""
    },
    {
      "Key": "815b99fc-9243-411c-abfe-f9b55065871c",
      "Value": "{n}São retratados nos portões três ciclopes – grandes gigantes vestidos com trajes cerimoniais. Eles estão diante de uma imagem do portão, que está aberto. Cada ciclope está erguendo uma lanterna que parece ser o crânio de um ciclope.{/n}"
    },
    {
      "Key": "2a03b7d6-af41-4293-809e-fee7b18a03fa",
      "Value": "{n}Chuvas e ventos cobraram seu preço neste baixo-relevo – tudo o que você consegue entender são algumas figuras vagas, cada uma segurando algo no alto, mas você não consegue entender quais são as figuras ou o que elas estão carregando.{/n}"
    },
    {
      "Key": "bd3cdf02-3d8b-4d4e-91e5-01dbf5d412bc",
      "Value": "{n}O corvo faz um barulho estridente.{/n} \"Nada a ver, nada a ver... as tempestades o arrasaram... assim como meu mestre fará com você.\""
    },
    {
      "Key": "3a7ed81a-e5a1-416b-8460-7fb35d2e3372",
      "Value": "{n}Nuvens de fumaça saem dos queimadores de incenso iluminando as órbitas oculares do ciclope... Você rapidamente percebe que a fumaça não está subindo – está envolvendo-o, envolvendo-o, até que tudo à sua volta esteja escuro...{/n}"
    },
    {
      "Key": "283cdbee-d97e-4d4d-bd30-3e1350b097db",
      "Value": "{n}Você desce e mais uma vez fica na sombra do portão.{/n}"
    },
    {
      "Key": "d7fc55bc-71cb-4212-8a80-ad15d838908d",
      "Value": "{n}Sua idéia inicial – que alguma fechadura antiga estava no centro do portão – prova errada. O \"portão\" é selado, uma parede sólida sem fechadura, trava ou buraco da fechadura. Talvez o portão não fosse para ser aberto – era para selar algo dentro.{/n}"
    },
    {
      "Key": "89eb9a6d-91b7-4fe0-bc50-4591419b28f1",
      "Value": "{n}O portão parece construído para gigantes e seus parentes, mas três pequenos ganchos são colocados em uma saliência circular no portão, a um metro e meio do chão. Se esse portão era para gigantes, é estranho que eles colocassem os ganchos tão baixos. Olhando mais perto, você vê os ganchos com traços de fuligem e cinzas.{/n}"
    },
    {
      "Key": "e309a46a-ac5e-47f6-a743-79a54d86e4b9",
      "Value": "{n}Você volta para absorver toda a estrutura mais uma vez.{/n}"
    },
    {
      "Key": "b4f7644d-cd5a-414d-b98d-417b41ec89ce",
      "Value": "{n}Este pilar fica do lado de barlavento, por isso é mais intemperizado do que o resto do portão. Você pode distinguir fracamente os restos de inscrições que costumavam cobrir o pilar – mas elas são tão desbotadas pelo vento e pelos elementos que são ilegíveis.{/n}"
    },
    {
      "Key": "e158b7fb-44ba-44a5-96ab-b2cd0fb7d88b",
      "Value": "{n}O tempo e o tempo falharam em destruir o baixo-relevo que se eleva do pé deste pilar e serpenteia na névoa. O pilar é coberto por intrincados padrões geométricos, imagens de lótus e outras flores, figuras misteriosas realizando rituais estranhos – a atenção aos detalhes é incrível, você precisaria de horas para examinar todas as imagens.{/n}"
    },
    {
      "Key": "7405c095-e2f0-40e2-96c8-47af4a801c90",
      "Value": "{n}A pedra voa em arco, bate no portão e bate no chão. Você espera vários momentos em um silêncio constrangedor, mas nada acontece.{/n}"
    },
    {
      "Key": "e9a3b6c2-07eb-4cad-9fdf-738c76868512",
      "Value": "{n}Seu grito ecoa repetidamente nas montanhas e no portão. À medida que o último eco se esvai, há um momento de silêncio; então, do vale, sai um som estranho, uma mistura ou uivos e gritos que ecoam bruscamente nas paredes de pedra.{/n}"
    },
    {
      "Key": "d92ffa0c-95f9-4eab-9dd4-6da716866a13",
      "Value": "{n}O corvo inclina a cabeça para a frente, seus minúsculos olhos negros penetrando em você.{/n} \"{name}. Eu lembrarei do seu nome, {race}.\""
    },
    {
      "Key": "e8258aa1-9577-44ec-b467-428a6b486f8c",
      "Value": "\"Os ciclopes acreditavam que a alma deixa o corpo através da órbita ocular... Supõe-se que a fumaça do incenso simbolize as almas que partem para a vida após a morte.\""
    },
    {
      "Key": "29fd9839-ab27-4d5c-9ac1-e7520cb6d644",
      "Value": "\"O que significa, diretamente na boca de {g|Charon}Caronte{/g}.\""
    },
    {
      "Key": "e458cc7a-77a5-4df8-bee0-7cc0f1bcdd70",
      "Value": "\"Oh, eu não gosto deste lugar. Sinto como em Qadira, durante nossos ataques a adoradores de daemon. É uma atmosfera muito parecida.\""
    }
  ]
}