{
  "$id": "1",
  "strings": [
    {
      "Key": "321ccbb7-00f4-467d-bff6-74d24134f4b5",
      "Value": "\"Eu ordeno: deixe este lugar imediatamente!\""
    },
    {
      "Key": "ac3ac116-a51a-455f-a278-7ea961865728",
      "Value": "\"Silêncio! Por favor, deixe-nos falar. Diga-me o que a traz à minha porta.\""
    },
    {
      "Key": "672ec216-5553-45dc-8800-9d2168ec7579",
      "Value": "[Deixar Jhod falar]"
    },
    {
      "Key": "a5de3aa7-dbe0-452a-a6c4-e933327082b6",
      "Value": "\"Continue assim, e todos vocês vão se arrepender de vir aqui.\""
    },
    {
      "Key": "391a1e5a-c462-4d63-8994-3573f117676b",
      "Value": "\"Jhod, você pode tentar argumentar com eles?\""
    },
    {
      "Key": "e5deff53-567f-478f-a251-d66ec5a95830",
      "Value": "[Para Remus] \"Eu ordenei que você fosse executado!\""
    },
    {
      "Key": "0369f68a-a0bf-4df3-a9f3-ff0585b827ad",
      "Value": "[Para Remus] \"Você deveria estar em uma cela!\""
    },
    {
      "Key": "96a6b2a8-67b3-4292-8ce4-a11b2244d8e4",
      "Value": "\"As pessoas não estão morrendo de maldição, é de estranhas sementes mágicas que carregam uma doença fatal. Só precisamos descobrir de onde elas vêm, então...\""
    },
    {
      "Key": "f3550983-4251-45c2-b369-9c8b2ce14275",
      "Value": "\"Não vale a pena discutir com eles. Deixe-os chegar a suas próprias conclusões.\""
    },
    {
      "Key": "fbaaca86-5c9a-4eb9-8888-006e854cb597",
      "Value": "\"Eu me recuso a me envolver nisso. Deixe que eles acreditem no que quiserem.\""
    },
    {
      "Key": "be3147c1-4eaf-4872-9a5c-2eaf6a680f63",
      "Value": "\"Eu não preciso me justificar para ninguém!\""
    },
    {
      "Key": "d423f549-b626-47ac-9dcd-19d98de6df59",
      "Value": "\"Em tempos como esses, um governante deve poder contar com o pessoal {mf|dele|dela}, mas eu pareço ter apenas vagabundos mal equipados que insistem em me ameaçar. Voltem para suas casas, antes que eu decida lhes dar uma amostra do que tenho reservado para aqueles que se atrevem a enviar uma doença mágica para as MINHAS terras!\""
    },
    {
      "Key": "fae6864d-2325-4afb-9e8b-645237fe8a75",
      "Value": "\"Não tenho tempo para suas lamentações e ameaças – leve seus pedidos para outro.\""
    },
    {
      "Key": "45536a71-5e85-4d1c-b12c-023d34d2ab1d",
      "Value": "\"Por favor, me dê mais tempo! Não permitirei que nenhum desastre, natural ou mágico, supere nossas forças! Confie em mim, seu legítimo legado, e encontrarei uma maneira de proteger você e aqueles que ama!\""
    },
    {
      "Key": "e05dec19-6474-4a9b-b9ba-2a7927f20f0a",
      "Value": "\"Não faz muito tempo, as Terras Roubadas eram pouco mais que um refúgio para assassinos e bandidos. Se os cidadãos excelentes e respeitosos me abandonarem, em quem vou ter que confiar? É você quem é o verdadeiro alicerce desse baronato – um fato Eu nunca esqueci!\""
    },
    {
      "Key": "c14a3d8a-699b-4c15-b7f4-c1f580a95a7f",
      "Value": "\"Seu ralé ingrato, ouse me julgar, o encarregado de proteger esse baronato? Você ainda está aqui, então eu devo estar fazendo algo certo!\""
    },
    {
      "Key": "950882ec-ac37-484f-a25b-3686abd66505",
      "Value": "\"Seu gemido me deixa doente. Quanto tempo mais devo aguentar essa farsa?\""
    },
    {
      "Key": "71743623-3070-47d3-b7fb-a8a3708f559e",
      "Value": "\"O culto de Lamashtu é proibido nessas terras, como em qualquer outro lugar. Manter o reinado da lei nas Terras Roubadas é a minha principal prioridade, e eu o defenderei até a morte!\""
    },
    {
      "Key": "5f0ae645-6104-4643-bbce-5fce5f799730",
      "Value": "\"Se você se importa tanto com minhas crenças, talvez seja a hora de examinarmos seus altares de adoração! Deixe-me ver seus modelos de virtude que têm o direito de me reprovar!\""
    },
    {
      "Key": "b70f225b-2dc5-444d-a2b3-7b592219c0f7",
      "Value": "\"Pensar que esses miseráveis imbecis podem andar livremente em minhas terras...\""
    },
    {
      "Key": "febce508-cbcc-4f69-96b1-0af80588aabc",
      "Value": "[Atacar] \"Certamente posso tentar! Guardas, ataquem!\""
    },
    {
      "Key": "8c02df96-52e5-41bf-b503-a91732f55411",
      "Value": "[Atacar] \"Morte aos insurgentes!\""
    },
    {
      "Key": "2ef2f58e-c62f-4390-8285-70cd023933f8",
      "Value": "\"Estou fazendo tudo ao meu alcance para proteger este reino dos males que o cercam. Juro que em breve descobriremos a verdade e poremos um fim nisso!\""
    },
    {
      "Key": "89e95bd3-6bbd-4ed1-98c5-9b1ee4c219a4",
      "Value": "[Atacar] \"Eu terei ordem!\""
    },
    {
      "Key": "67b5ac3f-c8de-43f7-8083-f4aebb8b9363",
      "Value": "\"Coloque sua fé em mim, fique comigo para superar essa provação, e eu prometo que não vou decepcioná-lo!\""
    },
    {
      "Key": "3ea197ff-a6ef-4c0c-9367-5cea8a981733",
      "Value": "[Atacar] \"Basta! Guardas, espalhem essa multidão.\""
    },
    {
      "Key": "d35adeb5-b1b5-4cdf-a88c-46b193f4fd42",
      "Value": "\"O simples pensamento de seguir Lamashtu me dá nojo. Eu nunca colocaria a vida daqueles que me foram confiados em tal perigo.\""
    },
    {
      "Key": "ca96f117-fd55-4d6c-8b48-2e748cba4df9",
      "Value": "[Atacar] \"Chega! Estou farto das ameaças dessa multidão.\""
    },
    {
      "Key": "5204e27b-5763-4cb0-aa44-3c6b5ce66a62",
      "Value": "[Mentir] \"Sim, eu adoro o Lamashtu. Se você tem um problema com isso, por que não dar um passo à frente para que possamos discuti-lo cara a cara?\""
    },
    {
      "Key": "7b9f74bd-4129-4195-9bb8-6eecfcca4bd3",
      "Value": "\"Não tenho tempo para essa bobagem de 'revolta'. Guardas, trancem esses vira-latas e pendurem cada segundo deles – se houver alguém que persista, quebre-os no volante. Essas pessoas precisam ser ensinadas a respeitar a lei de {mf|seu barão|sua baronesa}.\""
    },
    {
      "Key": "9cbdd7ef-3b04-44d1-9fe7-db0b5fb0f549",
      "Value": "\"Por favor, ouça-me antes de me linchar. Eu sei que você está cansada e descontente – eu também. Dia após dia eu e meus companheiros procuramos uma solução para seus infortúnios. Salvamos muitos desta doença fatal e, se os deuses têm misericórdia, podemos economizar ainda mais! Então, por favor, façamos o que pudermos – voltemos para suas casas, para seus entes queridos. Eles precisam de você, assim como eu preciso de sua paciência e boa fé.\""
    },
    {
      "Key": "03ae2591-4ed7-4ebc-b12d-01a066e555a6",
      "Value": "[Para Remus] \"Você deveria ser banido das minhas terras!\""
    },
    {
      "Key": "f682f637-8df9-4c75-81df-350d76990d1a",
      "Value": "{n}A multidão murmurante ocupa quase toda a praça. Os murmúrios se transformam em gritos à sua chegada, e uma pedra voa para fora da multidão e atinge as pedras aos seus pés.{/n}"
    },
    {
      "Key": "9355b5f1-4e74-4903-b998-871fe4b449cb",
      "Value": "\"Lá está ele! Ela finalmente está lá! Finalmente, malditos olhos dele!\""
    },
    {
      "Key": "a60b8f0b-d590-4d46-8d26-0c41467376a2",
      "Value": "\"Pessoas, por favor, me ouçam!\" {n}Jhod dá um passo à frente e levanta as mãos.{/n} \"Quietos!\" {n}Sua voz troveja sobre a multidão, e as pessoas se calam, esperando.{/n}"
    },
    {
      "Key": "5d455e7f-9b15-4bf2-8acc-d681b250a34b",
      "Value": "\"Mentiras! Esse 'governante' é a fonte de todo o nosso sofrimento! Quando nos livrarmos dele, a maldição será eliminada!\""
    },
    {
      "Key": "72a8243d-1e05-4510-b069-75bd0541140c",
      "Value": "\"Está certo?! Você não pode calar a todos nós!\""
    },
    {
      "Key": "39d67146-d801-4c22-9f34-d2398b3e6d21",
      "Value": "{n}De repente, um velho vestido com trapos fica a passos da multidão – ou a multidão se parte para ele, é difícil dizer. Quando ele se aproxima, você o reconhece – é o profeta {d|Remus}Remus{/d}. Seus olhos caem sobre a multidão.{/n} \"Arrependam-se, tolos! Esta é sua última chance de apaziguar a Deusa.\" {n}Ele se vira e aponta para você, com os olhos em chamas.{/n} \"Matando aquele que ousou reivindicar as terras de nossa Senhora!\""
    },
    {
      "Key": "8feaa368-41a6-42aa-88fa-a13a4921b9a2",
      "Value": "\"Maldição? Não há maldição, seu tolo! Você tem tanto medo de aceitar todos os boatos que ouve como verdade?\""
    },
    {
      "Key": "56a355f3-9549-486d-a14e-d9909937a9c3",
      "Value": "\"A Deusa me enviou um {d|c21 Remus Executed}alívio{/d}! Deusa protege aqueles que ouvem seus sussurros! Deusa me levou aqui para revelar a besta que destrói seu reino e envenena sua terra!\" {n}Remus levanta a mão e aponta o dedo para você.{/n} \"{mf|Seu barão|Sua baronesa} não receberá a misericórdia que {mf|ele|ela} está tão ansios{mf|o|a} para negar! {mf|Ele|Ela} ri de presságios e profetas sem saber com que forças {mf|ele|ela} está se metendo!\""
    },
    {
      "Key": "2a90f91c-7572-417c-80dd-59769ae0300b",
      "Value": "\"Os bloqueios e as d|c21 Remus Imprisoned}travas{/d} podem parar a força primordial? Que portas podem suportar a própria natureza que ataca aqueles que são culpados?\" {n}Remus sorri, mostrando seus dentes podres.{/n} \"Você não tem idéia de que forças está tentando se opor! Arrependa-se, aceite sua fé e reivindique sua recompensa – morte rápida!\""
    },
    {
      "Key": "57d39fe0-db8a-4315-8fb4-50724783c0ec",
      "Value": "\"Deseja saber onde encontrar refúgio seguro em tempos sombrios? Na fé, forte e puro! Ore para {g|Erastil}Erastil{/g}, ou para seus próprios deuses! Afaste o pensamento perverso e preguiçoso que lhe trouxe até este ponto. Somente juntos podemos purificar o mal, buscando criar raízes em nossos corações!\""
    },
    {
      "Key": "20ff8cf7-1ac5-4e1b-97da-74834931cf59",
      "Value": "{n}As pessoas na multidão se entreolham incertas. Alguns fecham os olhos e colocam as mãos nos símbolos sagrados no pescoço.{/n}"
    },
    {
      "Key": "06cc96c0-64de-4b31-b54d-1bd40e04d948",
      "Value": "\"Uma doença? Por que você esconderia a verdade} esconderia isso de nós, fique em silêncio enquanto os monstros despedaçam nossos entes queridos? Não, você está apenas tentando esconder a verdade sobre sua maldição!\""
    },
    {
      "Key": "dff80dd1-9420-4367-aab9-8ac6d27dbf70",
      "Value": "\"{mf|O barão|A baronesa} está dizendo a verdade, e sempre o fez! Quantos de nós fomos salvos ao ser {d|c22 diga a verdade} avisados{/d} do desastre vindouro?\""
    },
    {
      "Key": "c3b7f565-1dad-48a5-bae7-dd2b923be914",
      "Value": "\"{d|MadlaStasek} Madla Stasek{/d}! Ela também acreditava nessas mentiras sobre uma doença e foi até você na esperança de encontrar uma cura! Bem, onde ela está, {mf|barão|baronesa}? Provavelmente enterrado em um túmulo não marcado!\""
    },
    {
      "Key": "e0561aab-6719-4808-9606-246c6925daff",
      "Value": "\"Vocês estão todos loucos? Eu mesmo vim {mf|ao barão|à baronesa} para uma cura! Se você tivesse visto a sujeira que eles tiraram de mim, saberia que isso não é uma maldição!\""
    },
    {
      "Key": "25557aa1-d75b-42c5-b124-1c2d3048666d",
      "Value": "{n}As pessoas trocam olhares e assentem devagar. Parece que suas palavras os acalmaram um pouco.{/n}"
    },
    {
      "Key": "2e47d0f8-2ac4-4cb4-b358-321570f3b406",
      "Value": "{n}Suas palavras são recebidas com frio silêncio. A multidão se entreolha com olhares sombrios e aperta os punhos nas tochas.{/n}"
    },
    {
      "Key": "79cff526-8f4b-408f-8765-438ebf1219e1",
      "Value": "\"Chega! Você não se importa conosco! Você fica com medo no castelo e se recusa a levantar um dedo enquanto nós, gente simples, morremos como animais!\""
    },
    {
      "Key": "94e3949f-1198-41c9-b74b-d3e783f9150f",
      "Value": "\"{mf|Ele|Ela} nem sequer nos deixa {d|c22 Refugees Capital}sair{/d}! Nos fez voltar atrás - seria ruim para os negócios se qualquer outro povo rico soubesse que as pessoas estavam fugindo das terras como ratos de um navio naufragando!\""
    },
    {
      "Key": "8e540a46-5335-4a3b-9769-ff83f8cdc15b",
      "Value": "\"Se tudo o que importa é a sua própria pele, então continue, fuja com o rabo entre as pernas! Meus vizinhos podem ter fugido como covardes, mas {mf|o barão|a baronesa} ainda está aqui – {mf|ele|ela} se recusa a deixar o povo dele!\""
    },
    {
      "Key": "0acb18ed-a098-4caa-a7ed-fdcdc215c337",
      "Value": "\"Bah, apenas {d|c21 Bandidos Evil}bandidos{/d} no serviço {mf|dele|dela}! Eles estão trancando estradas e pontes! Você quer atravessar? Melhor pagar! As pessoas estão correndo por suas vidas e {mf|ele|ela} está forrando seus bolsos!\""
    },
    {
      "Key": "b81948f7-44e1-407b-83cf-e256b25a751a",
      "Value": "\"Você já ouviu falar do novo Senhor dos Veados? Não? Isso é porque {mf|o barão|a baronesa} {d|c22 Fake Killed}cuidou dele{/d} dele, exatamente como o anterior! As estradas são mais seguras, graças a {mf|ele|ela}!\""
    },
    {
      "Key": "4dd676b1-6918-49f8-97d1-97a07ee11163",
      "Value": "\"Deixe um homem velho falar! Você vai saber que fui {d|c22 GoTo Jhod}enviado{/d} pel{mf|o barão|a baronesa} {mf|ele mesmo] para ver este sacerdote de Erastil aqui E ele me curou! Portanto, tagarele tudo o que quiser sobre alguma maldição, mas não espalhe mentiras sobre noss{mf|o barão|a baronesa}!\""
    },
    {
      "Key": "21f338e6-4efb-46db-9ab8-0262673d6031",
      "Value": "\"{mf|Ele|Ela} não dá a mínima para nós! Eu tenho certeza disso – um colega meu conheceu esse canalha para um {d|c22 Camponeses Esquerdos} conversar{/d} perto do castelo. Saiba o que aconteceu depois disso? Ele pegou sua família e partiu para sempre, porque estava claro sua graça não se importa com os problemas dos súditos {mf|dele|dela}!\""
    },
    {
      "Key": "faa2da1d-7c6e-49a3-b832-a95432cd9635",
      "Value": "\"Chega, todos vocês! {mf|O barão|A baronesa} está lutando para nos proteger! Eu {d|c22 Peasants Stayed}conversei{/d} com {mf|ele|ela} pessoalmente! Eu vi o quanto {mf|ele|ela} se importa! Se nos virarmos uns contra os outros, estamos perdidos!\""
    },
    {
      "Key": "aac7c3f8-450c-411c-82a0-5ad56313e67b",
      "Value": "\"Você deixa {mf|o barão|a baronesa} ser! {mf|Ele|Ela} nem hesitou em ajudar pessoas pobres como eu!\""
    },
    {
      "Key": "ff8ffe95-177d-4740-9eef-2e47383a3ccc",
      "Value": "{n}As pessoas antes de você se entreolham, assentindo. Você vê alguns camponeses se virando e saindo em silêncio.{/n}"
    },
    {
      "Key": "764afbbe-0d53-45f7-9972-b5905cacf6b3",
      "Value": "{n}Murmúrios de raiva percorrem a multidão. Alguns agitam seus punhos em você, outros suas armas no ar.{/n}"
    },
    {
      "Key": "072ff44b-52c9-4cc4-9c57-55b92540002d",
      "Value": "\"Língua de uma serpente! Sinal claro de {g|Lamashtu}Lamashtu{/g}! Ela concedeu a você tanta astúcia e hipocrisia em troca de nossas vidas?!\""
    },
    {
      "Key": "866e3af4-fe12-442e-b22f-5753095d95bd",
      "Value": "\"É verdade! {d|c22 Goblins Live} Goblins{/d} circulam por toda parte, colocando seus totens imundos e sem um pouco de medo! Mas isso não incomoda noss{mf|o barão|a baronesa} – não, eles podem simplesmente colocar seus ídolos vis em qualquer lugar que quiserem e esculpir pessoas honestas por seus deuses miseráveis!\""
    },
    {
      "Key": "9975df34-233c-4b7e-8003-0037b9a2e7b3",
      "Value": "\"Você morde a língua! Desde que noss{mf|o barão|a baronesa} {d|c22 Goblins Mortos} dispersou{/d} a tribo dos goblins e pisoteava seu culto vil, não houve uma palavra de insulto!\""
    },
    {
      "Key": "68df9a3b-ddbc-4384-b6ef-623cf67d1307",
      "Value": "\"Você ouviu falar do culto humano de {g|Lamashtu}Lamashtu{/g}? Eles dizem que {mf|o barão|a baronesa} lhes deu {mf|dele|dela} {d|c22 Tsanna Lives} favor{/d} e agrada a todos os seus caprichos!\""
    },
    {
      "Key": "5d3b5f81-0f2e-4ac6-abca-e0f6a5c84ac6",
      "Value": "\"Você ouviu falar do culto humano de {g|Lamashtu}Lamashtu{/g}? {mf|O barão|A baronesa} declarou {d|c22 Tsanna Exiled} guerra{/d} sobre eles! Nossas terras não são lugar para deuses perversos e seus servos!\""
    },
    {
      "Key": "5d506164-d595-4817-84a6-7c9372e25910",
      "Value": "\"Basta olhar para {mf|ele|ela}! Tem um goblin bem ao lado {mf|dele|dela}! {mf|Ele|Ela} não tem vergonha, levando animais como esse ao seu serviço?\""
    },
    {
      "Key": "6db9bf17-2485-406f-b921-9db3f77f4b13",
      "Value": "{n}Enquanto eles ouvem você, algumas pessoas se aproximam. Muitos concordam, e aqueles que estavam gritando as mais altas acusações desviam os olhos.{/n}"
    },
    {
      "Key": "9200e3ef-8b70-4b34-9090-44dadf51464a",
      "Value": "{n}Murmúrios de raiva percorrem a multidão. Parece que pode entrar em erupção a qualquer momento.{/n}"
    },
    {
      "Key": "1f939a2c-706f-4ce4-84b2-a60cbbc1bdd3",
      "Value": "{n}...o que dá lugar a uma tosse desajeitada e o movimento dos pés quando a multidão começa a se dispersar. Alguns arriscam um olhar para você enquanto andam, outros escondem o rosto quando saem apressadamente da praça.{/n}"
    },
    {
      "Key": "a1cabf2f-77c7-4c6b-870a-4df42b409f0e",
      "Value": "{n}...e então as pessoas começam a discutir entre si. Você consegue captar partes de suas conversas – algumas desistiram da revolta, enquanto outras exigem que ela continue. Depois de um tempo, fica claro que a multidão perdeu o fogo. As pessoas se viram e vão embora, continuando a discutir como o fazem.{/n}"
    },
    {
      "Key": "0d44c7aa-676f-4c57-a56e-fa07569e02f9",
      "Value": "{n}...que explode em gritos furiosos.{/n} \"Abaixo {mf|o barão|a baronesa}! Morte ao demônio amaldiçoado!\" {n}Acenando tacos e tochas, a multidão se volta contra você para atacar.{/n}"
    },
    {
      "Key": "4ab72ecb-c46d-473c-b82c-abc234b009c2",
      "Value": "{n}Jhod se inclina.{/n} \"Fizemos tudo o que podemos.\" {n}Ele se vira para a multidão, depois aperta as mãos em oração.{/n} \"Em nome de {g|Erastil}Erastil{/g}, eu suplico – volte para suas casas, suas famílias! Você já sofreram o suficiente – não tragam mais contendas sobre si mesmos!\""
    },
    {
      "Key": "e2e3ff71-429a-4048-b2cb-e1b6a0f7003e",
      "Value": "\"Você poderia ver isso! {mf|O barão|A baronesa} está tentando nos ordenar, que surpresa! Bem, estamos cansados de você e de suas ordens! Saia de nossas terras enquanto ainda estiver em uma peça!\""
    },
    {
      "Key": "c899b557-0994-4ae7-b386-33bf464299f4",
      "Value": "{n}Sua voz é abafada pelo alvoroço da multidão. Os camponeses da frente erguem suas tochas, forquilhas e tacos enquanto gritam com você.{/n}"
    },
    {
      "Key": "9c5545bb-62ad-4674-8bd8-c5093ebd93c7",
      "Value": "\"Eu sou Jhod Kavken, humilde servo de {g|Erastil}Erastil{/g}. Eu posso ser {mf|o|a} confidente de sua graça, mas também sou um de vocês, o povo deste reino. {mf|O barão|A baronesa} está profundamente preocupado com o seu sofrimento, e {mf|ele|ela} está fazendo tudo ao seu alcance para...\""
    },
    {
      "Key": "2b93fe35-097b-46e8-89e5-9d439f4e51bb",
      "Value": "{n}A multidão está ficando cada vez mais alta. As pessoas na frente parecem estar lentamente se aproximando de você.{/n}"
    },
    {
      "Key": "ec1b212a-4421-4863-b7d4-8418db73b002",
      "Value": "\"Silêncio! Deixe seu governante falar!\" {n}Jhod acena para você.{/n} \"Por favor, continue, Sua Graça.\""
    },
    {
      "Key": "4f3aa4c5-b278-448c-8b80-fb31b7a0b829",
      "Value": "\"Vocês vieram aqui se ouvir falar? Por vergonha! Enquanto você tenta descobrir por que todos se reuniram aqui, pelo menos deixe {mf|o barão|a baronesa} falar!\""
    },
    {
      "Key": "6ed297d0-edd3-4f4e-9593-bcf5b9456ac0",
      "Value": "\"{g|Erastil}Erastil{/g} o misericordioso! Perdoe-os, eles são apanhados em sua própria raiva! Sua Graça, eles não sabem o que estão dizendo!\""
    },
    {
      "Key": "ce9e5933-8d6f-437f-8ef9-605e303adb08",
      "Value": "{n}Quando o discurso do sacerdote termina, um silêncio enche o ar...{/n}"
    },
    {
      "Key": "15d35d1b-0be9-4c13-b197-4df2d01fadc4",
      "Value": "{n}Você olha em volta em busca de Remus, o velho misterioso que conseguiu aparecer apesar dos seus melhores esforços para se livrar do instigador. Parece que o pregador louco conseguiu desaparecer em toda a comoção.{/n}"
    },
    {
      "Key": "24959ec7-0742-4d5f-8af5-c05383682310",
      "Value": "{n}Por um momento, a multidão está em silêncio. Então as pessoas começam a trocar olhares e sussurros. Alguns dão a você uma aparência cheia de medo e ódio.{/n}"
    },
    {
      "Key": "161bd8ed-c003-4aae-b217-331d62e1cb29",
      "Value": "{n}As pessoas da primeira fila recuam, empurrando os companheiros para trás também. Aqueles que encontram seu olhar desviam o olhar rapidamente.{/n}"
    },
    {
      "Key": "a9fce2c0-90dc-44c9-8b5f-a7ef87e1de3d",
      "Value": "{n}As pessoas antes de você trocam olhares cautelosos e se afastam. Você percebe alguns camponeses apressadamente virando e saindo.{/n}"
    },
    {
      "Key": "af52f80d-4e82-4e23-b8b6-be72cb3e87d3",
      "Value": "{n}A multidão diante de você balança e murmura: as pessoas se entreolham, conversam em voz baixa, balançam a cabeça e franzem a testa. Parece que rebeldes gritavam e zombavam há um minuto, quase toda a sua confiança. Finalmente, um dos camponeses abre a boca.{/n}"
    },
    {
      "Key": "14a71312-aa48-4e3e-9566-7d814d50c4d4",
      "Value": "\"... {mf|O barão|A baronesa} está certo.\""
    },
    {
      "Key": "6d6dffb9-f41a-4a43-809a-f9b9b4f01434",
      "Value": "\"Você realmente acredita nisso? É pura bobagem!\""
    },
    {
      "Key": "c758d2de-49d5-40d2-b50d-d990fc6f12bb",
      "Value": "\"Vocês não entendem? Poderíamos acabar com {mf|o barão|a baronesa}, e isso não mudaria nada! {mf|Ele|Ela} é mais útil {mf|vivo|viva} do que {mf|morto|morta}!\""
    },
    {
      "Key": "3b8d531f-f23c-4d1f-b2dd-523d74e54b14",
      "Value": "\"Que assim seja, {mf|barão|baronesa}, deixaremos essa passar. Mas não se esqueça – estamos confiando a você as nossas vidas.\""
    },
    {
      "Key": "773609e7-d240-474a-b0c3-0914b5872096",
      "Value": "\"Encontre a fonte desse mal! Salve nossos filhos desta praga terrível!\""
    },
    {
      "Key": "fbd035b7-0dce-4a48-a01b-72bb00ee2b54",
      "Value": "\"O velho está certo! {mf|O barão|A baronesa} é amaldiçoad{mf|o|a}! Se deixarmos {mf|ele|ela} ir agora, todos encontraremos nossos túmulos amanhã!\""
    },
    {
      "Key": "eacdf141-08ff-47b4-98de-45301a01d939",
      "Value": "\"E se não o deixarmos partir, seremos mutilados um a um pelos animais que arrancam os doentes! Essa deusa que ninguém viu – que ajuda ela será então?\""
    },
    {
      "Key": "6da83750-16d2-429d-9287-3ed9b9b237fe",
      "Value": "\"Tolos deploráveis! Vocês se condenam confiando a quem irritou a grande deusa!\""
    },
    {
      "Key": "cf46043e-5d11-46ed-9b4f-6f2ecd0160e1",
      "Value": "\"Você está louco, Sua Graça?! Isso é desumano!\""
    },
    {
      "Key": "2fdd5ff3-9222-4c54-b598-ab14647899ff",
      "Value": "\"Jhod, o tempo das palavras está terminado. Guardas! Você não ouviu {mf|seu barão|sua baronesa}? Cumpra suas ordens!\""
    },
    {
      "Key": "3b4b11de-87f7-4a56-a115-474b616d78a2",
      "Value": "\"Eu sou a voz e visão da deusa, Seu servo leal e anunciador de Sua vontade! Suas palavras não são nada contra Seus mandamentos! Suas ordens são cinzas contra Suas profecias. O dia está próximo em que esta cidade nojenta será engolida pelo outro mundo, e eu clamo a todos que podem me ouvir: Arrependam-se, tolos! Arrependam-se, pois o acerto de contas de sua avareza está próximo! Nenhum de vocês conhece as forças com as quais está lidando!\""
    }
  ]
}