{
  "$id": "1",
  "strings": [
    {
      "Key": "8af7df15-128c-46df-aa32-f41be1ee80bd",
      "Value": "\"Oh... Faz muito tempo desde que me senti tão podre...\""
    },
    {
      "Key": "e2e058d7-4767-402b-96b0-c8ec4229ab67",
      "Value": "\"Eu preciso me deitar. Ou melhor, ver o curador.\""
    },
    {
      "Key": "e97ccc4c-f13e-4f61-8add-f3a81a7957e3",
      "Value": "\"Vá dormir. Amanhã você terá força suficiente para encontrar ajuda.\""
    },
    {
      "Key": "d2ebf5ba-4a67-4491-bc7a-a515d360ffb3",
      "Value": "\"Se eu estivesse no lugar de nossos inimigos, eu batia em você com as coisas mais desagradáveis que eu tenho. Oh, quem eu estou brincando – estou pensando em bater em você com algo desagradável agora...\""
    },
    {
      "Key": "88b985f7-bc09-41c6-a8e9-f5056c6748b0",
      "Value": "\"Acho que não posso ajudá-lo agora. Mas certamente descobriremos algo amanhã.\""
    },
    {
      "Key": "e9bee267-3002-40f2-81c9-ede7daef08cc",
      "Value": "\"Quando o véu da vida é levantado, e em um instante a escuridão sem fim se revela – então toda arrogância se desfaz em pó.\""
    },
    {
      "Key": "beab55ab-75cf-4e50-8fd2-31b3478bf77e",
      "Value": "\"Oh. Jub-Jub não vomita palavras extras. Jub-Jub deve estar quase pronto!\""
    }
  ]
}