{
  "$id": "1",
  "strings": [
    {
      "Key": "db18af29-f0ec-4c5d-be81-1b76569b6b4e",
      "Value": "\"Armag não mentiu para você – o espírito do antigo chefe realmente vivia em seu corpo. Ainda assim, ele caiu pela minha mão.\""
    },
    {
      "Key": "62a9f266-3028-4541-bb20-accb4acfbfb8",
      "Value": "\"Armag era um louco e um assassino de parentes. Ele levou sua tribo à destruição. Mas eu derrotei ele e suas bruxas!\""
    },
    {
      "Key": "d16816d2-2ecc-4345-9d2e-8167fb5a4e43",
      "Value": "\"Armag era um covarde e um pedaço de escória, indigno de seu nome. Ele fugiu do campo de batalha, se escondeu no subsolo e morreu como um rato imundo, rastejando aos meus pés!\""
    },
    {
      "Key": "a4ca1ac7-7655-417c-81d3-85577a34be4f",
      "Value": "\"Quem são eles?\""
    },
    {
      "Key": "9284464a-5892-41bd-90b7-8c66797a757a",
      "Value": "\"O que está acontecendo aqui?\""
    },
    {
      "Key": "7fd0f031-fe3f-4c79-84f9-a6116030ca31",
      "Value": "\"Estes parecem assuntos dos Lordes dos Tigres. Que ajuda eu seria?\""
    },
    {
      "Key": "55490ec1-e9b9-4258-bd64-f5eb55dc8db1",
      "Value": "\"Armag era um louco patético. Ele morreu na tumba, incapaz de passar nas provações!\""
    },
    {
      "Key": "497415a6-2734-4b4c-bda7-c9df023bacdc",
      "Value": "\"Por que suas brigas são da minha conta? Volte para Numéria e faça o que quiser. Deixe-me fora do seu feudo.\""
    },
    {
      "Key": "c1a24f28-1fff-46ea-ac6c-ac6f914b22bd",
      "Value": "\"Tudo bem, eu aceitarei qualquer Lordes Tigres que deseje deixar sua tribo e morar em minhas terras – desde que eles jurem lealdade primeiro.\""
    },
    {
      "Key": "f3f004f0-ebd4-4d4a-b28e-22ef031fa099",
      "Value": "\"Não há necessidade de mudar de chefe. Deixe Armag permanecer seu líder – ele é um herói e um amigo pessoal.\""
    },
    {
      "Key": "b9fc9b44-476a-4225-bb86-ab113c558ad1",
      "Value": "\"Não há necessidade de mudar de chefe. Deixe Armag permanecer seu líder – ele é um herói e meu irmão jurado.\""
    },
    {
      "Key": "0dd903ce-5d2c-448a-90a7-92388db8d897",
      "Value": "\"Amiri lutou com Armag – ela teria vencido, se não fosse pelos truques sujos da irmã. Ela é digna de ser sua líder.\""
    },
    {
      "Key": "68d8c323-3417-48e8-a6df-3581e39315b5",
      "Value": "\"Dugath é sábio e valente. Ele será um bom líder.\""
    },
    {
      "Key": "1d497d8c-27f6-4006-b3bd-cf83b4999814",
      "Value": "\"Gwart é jovem, mas é corajoso e inteligente. Com o tempo, ele será um verdadeiro chefe.\""
    },
    {
      "Key": "3017e6cd-aadb-4eec-90db-e23fb019cf96",
      "Value": "\"Eu mudei de idéia. Você não me trará nada além de problemas se ficar. Volte para Numéria e lide com seus problemas.\""
    },
    {
      "Key": "55ad704e-5692-408d-aec9-859524effe5a",
      "Value": "\"Você me ouviu – vá embora. Se eu te encontrar em minhas terras novamente, você será recebido com fogo e aço!\""
    },
    {
      "Key": "9c5e33e4-b373-49fc-9d77-f560842eb417",
      "Value": "{n}Está barulhento na saída da tumba – muitos {g|Tiger Lords}Lordes Tigres{/g} se reuniram aqui. Eles estão discutindo e brigando, e a discussão é tão acalorada que alguns participantes começaram a atacar sua oposição ou sacar armas, enquanto mais chefes de nível trabalham para acalmá-los.{/n}"
    },
    {
      "Key": "20ff762a-696e-48e9-bd5c-5dcb18a63b68",
      "Value": "{n}A multidão é maior em torno de Armag. A escolta do chefe deposto segura as mãos nas armas, lançando olhares nervosos para os homens da tribo.{/n}"
    },
    {
      "Key": "bb28eab4-20cd-40cc-8939-1cebda8fc046",
      "Value": "{n}Amiri se destaca da multidão, contemplando algo intensamente. Os braços dela estão cruzados sobre o peito e ela está mordendo o lábio.{/n}"
    },
    {
      "Key": "2a6730f1-4564-42d3-a229-14a15db1d7f5",
      "Value": "{n}{d|Ashman}Dugath{/d} também está aqui. Ao perceber você, ele para de falar e lhe dá um sorriso caloroso.{/n}"
    },
    {
      "Key": "6163deeb-d28e-41a5-967f-8d7c9de0cd24",
      "Value": "{n}{d|Ashman}Dugath{/d} também está aqui. Ao perceber você, ele se afasta.{/n}"
    },
    {
      "Key": "05dcc2f3-1dad-4b96-bf2a-ba870e84160d",
      "Value": "{n}À medida que você avança, a multidão o rodeia. Os {g|Tiger Lords}Lordes Tigres{/g} o bombardeiam com perguntas sobre o destino de seu chefe deposto.{/n}"
    },
    {
      "Key": "564d65a1-7434-4fe6-90ae-5f74ecdbc84a",
      "Value": "\"É bom que você esteja aqui. Como você pode ver, a tribo está à beira do colapso. Talvez você possa nos ajudar a resolver as coisas sem recorrer ao fratricídio.\""
    },
    {
      "Key": "3e36b120-a54b-4e48-b115-c7303976e482",
      "Value": "{n}Todos os bárbaros ficam em silêncio, atordoados. Um momento depois, a discussão começa mais uma vez.{/n}"
    },
    {
      "Key": "dd2720b3-4751-4109-bdc6-64a7a7d58d95",
      "Value": "{n}Suas palavras estimulam uma nova onda de controvérsia. Enquanto alguns bárbaros aplaudem, outros defendem com raiva o seu herói.{/n}"
    },
    {
      "Key": "bb12745d-a5eb-4576-b33b-6a975337d404",
      "Value": "{n}Suas palavras causam uma onda de indignação. Por um tempo, os {g|Tiger Lords}Lordes Tigres{/g} esquecem a disputa e gritam com você, exigindo provas e acusando-o de mentir. No entanto, não demorou muito para eles começarem a discutir entre si novamente.{/n}"
    },
    {
      "Key": "0cff1d16-a3b5-4faa-a2f3-48db8dcc5da8",
      "Value": "{n}{d|Gwart}Gwart{/d}, aprendiz de Dugath, abre caminho até você através da multidão de bárbaros que discutem.{/n}"
    },
    {
      "Key": "ec81c697-251e-4737-99a6-80442784bc9c",
      "Value": "\"É um tipo de conselho tribal. Depois que se espalhou a notícia sobre a localização da tumba de Armag, anciãos e outros membros da tribo apressados vieram para cá. As ações de Armag dividiram a tribo em duas – algumas o chamam de herói, enquanto outras o consideram um criminoso.\""
    },
    {
      "Key": "51a9a348-b874-4c29-bbbb-8047d9a770cf",
      "Value": "\"Seu exército nos forçou a recuar. Você derrotou nosso chefe em uma luta honesta. Além do mais, você conseguiu o que ninguém antes podia – você mergulhou na tumba de Armag e se mostrou digno de entrar na câmara de descanso! E se isso não bastasse, a terra onde está localizada a tumba é sua, ou logo será sua. Tudo depende de sua decisão.\""
    },
    {
      "Key": "73e74c4c-6507-4616-b6d8-2a4f8fd983f8",
      "Value": "{n}Suas palavras apenas adicionam combustível ao fogo. Alguns bárbaros aplaudem, outros exigem provas, e outros apenas olham para você, atordoados, incapazes de acreditar na queda de seu herói.{/n}"
    },
    {
      "Key": "66c18333-5eaf-4a14-90db-c948faf55e06",
      "Value": "\"Nossos anciãos, clérigos, bardos e guerreiros mais fortes se reuniram aqui... Todos são importantes o suficiente para ter voz nos assuntos de nossa tribo. E como você pode ouvir, eles estão mais do que felizes em continuar usando essas vozes. Com o destino de nossa tribo em jogo, só posso que o grande {g|Gorum}Gorum{/g} segure sua mão e nos permita resolvê-la sem derramamento de sangue!\""
    },
    {
      "Key": "7927e77b-dded-4322-9e51-3b415a9eb9f9",
      "Value": "\"A morte de Armag falhou em reparar as feridas que sua vida infligiu à tribo. Muito pelo contrário, de fato.\""
    },
    {
      "Key": "9f532559-e9fe-449f-bf0f-4c69bfff96a9",
      "Value": "\"Aqueles que amaldiçoam Armag por enviar seus homens da tribo para mortes sem sentido também não tolerarão aqueles que o elogiam como um grande chefe.\""
    },
    {
      "Key": "0e87e15b-8f77-41e8-b6bc-4280494a7e91",
      "Value": "\"Você está dentro dos seus direitos, mas considere a sabedoria dessa decisão. Vivemos bem perto de suas terras, e a maioria dos reis do rio estaria ansiosa por nos ter como amigos e aliados.\""
    },
    {
      "Key": "05f26325-044a-4f21-bbb8-8af959f03098",
      "Value": "{n}Desta vez não há gritos nem brigas. Após um breve e intenso debate, um dos anciãos se dirige a você.{/n} \"Aceitamos sua oferta com gratidão. Com sua permissão, vamos nos instalar aqui, mantendo a paz do túmulo de Armag e a paz de suas fronteiras.\""
    },
    {
      "Key": "f9c9dea4-fe2c-495e-a87b-27626a297830",
      "Value": "\"Há mais uma questão que devemos discutir. Quem liderará o {g|Numeria}Numeriano{/g} {g|Tiger Lords}Lordes Tigres{/g}? Embora possa não ser mais sua preocupação, aqueles que fazem suas os lares em suas terras precisarão de um líder. E essa pessoa precisará ser respeitada pela tribo, mas também terá sua confiança. Se você nomear um candidato adequado, atenderemos à sua decisão.\""
    },
    {
      "Key": "24dbd047-0956-4af9-9856-7dd78cbcd235",
      "Value": "{n}A multidão começa a gritar, de acordo e de indignação. Erguendo a espada sagrada, Armag dá um passo à frente. Seu olhar vagueia sobre a multidão, finalmente subindo para o céu.{/n} \"Armag estava errado. Ele acreditava nas mentiras das bruxas. Ele derramou o sangue de seus parentes sem motivo. Mas isso é tudo no passado! Diante dos olhos de {g|Gorum}Gorum{/g}, nesta lâmina sagrada, Armag jura dedicar sua vida à tribo! Trazer glória e riqueza à tribo, como nos tempos antigos! Não, melhor do que nos tempos antigos!\""
    },
    {
      "Key": "109269c9-df28-4582-a7e2-1eb866efe347",
      "Value": "{n}O clérigo assente com dignidade e dá um passo à frente.{/n} \"{g|Tiger Lords}Lordes Tigres{/g}! Não podemos deixar essa rivalidade dividir nossa tribo. Ainda somos irmãos e irmãs, e se surgir algum problema, nos uniremos e lutaremos juntos. Mas, por enquanto, {g|Gorum}Gorum{/g} nos pede que sigamos por caminhos separados por um tempo. Voltar para {g|Numeria}Numéria{/g}, escolha um novo chefe e conduza a tribo à riqueza e à glória. Nós permaneceremos aqui, junto ao túmulo de nosso antigo líder. Adeus, irmãos e irmãs!\""
    },
    {
      "Key": "e85e8843-8b28-4c8e-a3d1-298ce11016bf",
      "Value": "{n}Amiri está surpreso com suas palavras, mas os {g|Tiger Lords}Lordes Tigres{/g} expressam ruidosamente sua aprovação. A multidão a empurra para frente, praticamente carregando-a sobre seus ombros, enquanto todos se juntam ao seu redor, esperando que ela responda.{/n}"
    },
    {
      "Key": "f0ca2667-2515-4395-b740-c1ce1e4113ce",
      "Value": "{n}Os lábios do clérigo se apertam em uma linha fina. Ele balança a cabeça e responde com uma voz gelada.{/n} \"Aprecio a honra, mas não posso {d|c31 Ashman Hostile}aceitar{/d}. Voltarei à {g|Numeria}Numéria{/g}.\""
    },
    {
      "Key": "4ccbeef1-9824-4541-9ecb-bfeaf1323b43",
      "Value": "{n}Sua sugestão abre uma nova onda de debates, mas todos logo se acalmam – ninguém pode propor um melhor candidato para líder. Relutantemente, os {g|Tiger Lords}Lordes Tigres{/g} finalmente concordam com você. O jovem dá um passo à frente.{/n} \"Irmãos e irmãs, Sua Graça... Obrigado. Não vou falhar com você.\""
    },
    {
      "Key": "389a66ec-4d95-4135-b607-b4eaedd875a1",
      "Value": "\"Assim seja. Os deuses deram testemunho – estávamos prontos para lhe estender a mão da amizade.\" {n}Amaldiçoando baixinho e lançando olhares furiosos em sua direção, os bárbaros partem.{/n}"
    },
    {
      "Key": "53645241-953d-469e-88d5-2df0f154bcb7",
      "Value": "{n}As últimas palavras do discurso do chefe são afogadas nos aplausos de seus partidários. Seus oponentes se viram e saem um por um. Armag se aproxima de você e aperta sua mão, com grandes aplausos.{/n} \"Os {g|Tiger Lords}Lordes Tigres{/g} percorrerão este reino. Se alguém se atrever a violar suas fronteiras e seguir em direção à capital, será primeiro tem que passar por cima do cadáver de Armag!\""
    },
    {
      "Key": "a3750044-fd03-4360-b56d-8cb088152abf",
      "Value": "{n}Os bárbaros assentem sombriamente enquanto o clérigo fala. Uma vez terminado seu discurso, alguns deles permanecem e os outros se despedem de seus membros da tribo quando eles partem. Dugath se aproxima de você e aperta sua mão.{/n} \"É assim que acontece, {mf|barão|baronesa}. Verdade seja dita, quando nos conhecemos, eu tinha certeza que {g|Gorum}Gorum{/g} acabaria nos jogue no campo de batalha. Fico feliz que não tenha sido o caso. Vamos percorrer esta área e, se algum inimigo se aproximar de suas fronteiras, eles terão que lidar conosco primeiro!\""
    },
    {
      "Key": "8882b844-5e12-4f99-9796-c4237e9dc9ed",
      "Value": "\"{g|Tiger Lords}Lordes Tigres{/g}! Eu sou, hum... eu posso não ser da sua tribo, mas... Bem, para encurtar a história, eu só quero dizer, as {g|Stolen Lands}Terras Roubadas{/g} são um lugar onde... Hum, é estranho. Todos que conseguem sobreviver aqui – são exilados, mas são como uma família um para o outro. É uma porcaria que sua situação tenha feito você se liguem, mas aqui, nessas terras, todos nós temos uma chance de começar de novo. O que quer que o seu Armag tenha feito... Juntos, encontraremos glória! Marque minhas palavras, não vou falhar! \" {n}Os bárbaros cumprimentam o discurso inconsistente de Amiri com aplausos. Então chega a hora de despedidas – alguns Lordes Tigres permanecem na tumba com seu novo líder, enquanto os demais começam sua jornada de volta a {g|Numeria}Numéria{/g}.{/n}"
    },
    {
      "Key": "3bd192ab-5364-435f-a7ca-5d65428a62c5",
      "Value": "{n}Amiri se aproxima de você, aparentemente ainda incapaz de entender o que aconteceu.{/n} \"Você me surpreende! Poderia ter dado algum aviso ou algo assim! Está tudo bem, porém, não é como se eu pudesse reclamar! Há Mas espero que você não espere se livrar de mim tão facilmente. Acho que vou ter que descobrir como administrar meu tempo viajando com você, além de liderar minha nova tribo. Mas posso fazê-lo, não duvide! Os {g|Tiger Lords}Lordes Tigres{/g} percorrerão esta área perto de suas fronteiras. Se algum inimigo arrastar sua bunda aqui, ele se arrependerá de ter nascido!\""
    },
    {
      "Key": "a5636dee-defd-46fe-b65c-27685948ee12",
      "Value": "{n}O jovem clérigo aperta sua mão.{/n} \"Agradeço por nos dar abrigo. Nossa tribo percorrerá esta área. Se os inimigos vierem, não tenha dúvida, vamos detê-los!\""
    },
    {
      "Key": "7ef36777-c928-417e-bc19-ed796fd9a827",
      "Value": "{n}Os bárbaros ouvem Gwart atentamente, mas com pouco entusiasmo. Depois que ele termina seu discurso, é hora de se despedir – alguns {g|Tiger Lords}Lordes Tigres{/g} permanecem perto da tumba com seu novo líder, enquanto o restante começa sua jornada de volta a {g|Numeria}Numéria{/g}.{/n}"
    },
    {
      "Key": "fa6e342f-5ba0-438d-8cdd-6f9cff028333",
      "Value": "{n}Depois que o novo chefe termina seu discurso, chega a hora de despedidas. Alguns bárbaros trocam abraços e apertam as mãos dos homens da tribo com olhos lacrimejantes, enquanto outros simplesmente fecham os punhos e cospem no chão, murmurando palavrões. Finalmente, aqueles que decidiram voltar para {g|Numeria}Numéria{/g} deixam suas terras e os demais cercam seu líder.{/n}"
    },
    {
      "Key": "5b268564-6dfa-461e-8081-295f26b71a9b",
      "Value": "\"Incrível, não?\" {n}O elfo olha para a multidão de bárbaros com pretensão indiferente.{/n}"
    },
    {
      "Key": "78b8f840-07d9-439f-a920-9640efb99edd",
      "Value": "\"Caos e uma brecha – de que outra forma essa história poderia terminar? Armag pode não ter sido o melhor chefe, mas, ao tentar derrubá-lo, você apenas acendeu as chamas de uma briga.\""
    },
    {
      "Key": "1026cb33-3680-4ef8-adb4-748e9feb0555",
      "Value": "\"Amizade? Essa multidão tem uma opinião muito alta de si mesma. Eles são incontroláveis e imprevisíveis – não são adequados para serem servos ou aliados.\""
    },
    {
      "Key": "c203b5d2-02df-460f-a103-ca513f6ff6d9",
      "Value": "\"Um assassino que se instala ao lado da família de sua vítima traz apenas caos e sofrimento. Os {g|Tiger Lords}Lordes Tigres{/g} não têm lugar ao nosso lado. Não mude de idéia, {name} – deixe-os ir.\""
    },
    {
      "Key": "b8ec71f7-7f94-4596-8c81-93dfc08e5d4c",
      "Value": "\"Esta é uma chance de mostrar misericórdia e visão, {name}. Essas pessoas podem estar perdidas, mas ainda podem ser levadas ao caminho certo. Pare de formar essa fenda em sua tribo – pare de sofrer mais derramamento de sangue.\""
    },
    {
      "Key": "f5df16b6-f576-4976-9545-fbaf0391c22b",
      "Value": "{n}Os lábios do clérigo se apertam em uma linha fina. Ele balança a cabeça e responde com uma voz gelada.{/n} \"Isso não vai acontecer. Eu desprezo o que aconteceu com essa tribo.\""
    },
    {
      "Key": "ec567ef4-4de7-4f35-b0a9-a94473b92e19",
      "Value": "\"Eu digo que é melhor arrancá-los. Mas se, por algum motivo, você não quiser, dê a eles um chefe fraco, ou alguém que você possa controlar. Caso contrário, em dez ou vinte anos eles volte para suas terras, para tentar a sorte mais uma vez.\""
    },
    {
      "Key": "282898e1-faa9-4cfc-9dc3-52c66dccb273",
      "Value": "\"Essas pessoas trazem apenas caos e morte. A melhor solução seria enviá-las de volta para casa e nunca deixá-las olhar para as fronteiras desta terra novamente.\""
    }
  ]
}