{
  "$id": "1",
  "strings": [
    {
      "Key": "d7d9a3a8-6966-4a7b-8024-04b501319d56",
      "Value": "\"Você é louco. Pare com isso, antes que seja tarde demais!\""
    },
    {
      "Key": "d0225124-df79-48ac-b4a3-daa4b150f410",
      "Value": "\"Você não entende o que está fazendo.\""
    },
    {
      "Key": "4d57ff77-2465-41eb-b492-a1183b11118c",
      "Value": "\"Eu vou parar você, de um jeito ou de outro.\""
    },
    {
      "Key": "654c704f-b34e-43d9-a0df-4a39e8087e06",
      "Value": "\"Tudo bem. Eu vou. Vamos ver o valor das suas palavras.\""
    },
    {
      "Key": "516219a4-e681-4fa2-87e6-c586feec55cf",
      "Value": "\"Outra emboscada? Parece que você me leva não por um cão, mas por uma galinha tola.\""
    },
    {
      "Key": "8439aae2-e169-4fe5-abd1-bb72c84a43cc",
      "Value": "\"Não tenha muitas esperanças. Eu não dançarei ao seu ritmo.\""
    },
    {
      "Key": "4172d65c-7932-46e7-bfe4-b588ba2337f5",
      "Value": "\"Conheço sua história agora, Nyrissa. Infelizmente, o que não sei é como ajudá-lo a superar a maldição...\""
    },
    {
      "Key": "533ed92e-0c41-4b39-9dec-24f79e3f0d07",
      "Value": "\"Mais um... grão... E outro... grão... Este levou cem anos para ser obtido. E esse foi apenas uma semana. O primeiro carrega o sangue de três gerações, queimado na guerra. A segunda... apenas duas palavras bem escolhidas e uma pequena traição...\""
    },
    {
      "Key": "fb5c3575-bfc7-4615-b321-78f1c02a6407",
      "Value": "{n}O rosto da ninfa repentinamente brilha de raiva enquanto ela aperta sua xícara.{/n} \"Isso nunca vai acabar! Nunca!\" {n}Ela abaixa a cabeça, em silêncio por um longo tempo, antes de desviar o olhar para você com um sorriso estranho, quase sonhador.{/n} \"Você vê este copo? Tem um nome, você sabe – o Apology Dentro dele está o Lorde Cervo, e seu sonho louco de se tornar um rei e me tomar como sua rainha. E Armag, e seu império bárbaro nunca nascido. Quem cairá em seguida? {g|Pitax}Pitax{/g}, e seu rei pavão? Ou você?\""
    },
    {
      "Key": "e4fb1e30-2e68-4feb-a173-236ca0035027",
      "Value": "{n}O olhar de Nyrissa fica frio e duro.{/n} \"O que é isso – um sonho? Ou alguém está realmente brincando comigo?!\""
    },
    {
      "Key": "60080c2d-d246-4d6f-97fd-0b772b10e6e7",
      "Value": "{n}Nyrissa – aparentemente a verdadeira Nyrissa, mais consciente do que sonhando – olha para você com curiosidade e aprovação.{/n} \"Então... isso é um sonho. Mas você o inseriu da realidade. Requintado. Muito reminiscente de os métodos que normalmente uso. Por mil anos, nenhum chegou tão perto de mim... e garanto que nunca mais voltará.\""
    },
    {
      "Key": "4863011c-4990-4606-a4ee-2ccbf206befa",
      "Value": "\"Mas você... eu gosto mais de você, meu cão de caça. Talvez eu não precise mais desse pavão estúpido. Eu poderia deixá-lo despedaçá-lo, se você quiser. Eu sei onde está uma ferramenta que permitirá que você corte suas asas - a evidência de seus crimes. Algo que ele tem escondido de seus aliados {g|Pitax}pitaxianos{/g}... mas ele não conseguiu esconder isso de mim. Lembre-se deste nome: {g|Whiterose Abbey}Abadia da Rosa Branca{/g}. É aí que Irovetti normalmente se encontrava comigo, no passado – e o lugar onde você encontra sua ferramenta contra ele.\""
    },
    {
      "Key": "bfaa0a2d-6918-45d3-9b74-c6dd56f78893",
      "Value": "\"Oh, você sempre pode recusar. Então, o pavão simplesmente bicará você até a morte e ganhará seu reino por conta própria. E ainda ganho outro grão para o pedido de desculpas.\""
    },
    {
      "Key": "16f02765-259c-4b2a-9324-56f48f337341",
      "Value": "\"Meu corajoso, corajoso cão de caça... Vamos nos dar muito bem, eu diria.\""
    },
    {
      "Key": "771c5c3b-9fba-4e5c-b281-a4549eb7d6de",
      "Value": "\"Tão irritadiço. Não é como eu exijo que você vá sozinha. Leve seus servos tolos, se desejar.\""
    },
    {
      "Key": "1595d1ce-e1d0-4e05-b3b7-5d246c32baf9",
      "Value": "\"Eu tive sonhos estranhos recentemente... de tempos antes da maldição... e uma reunião que nunca ocorreu...\""
    },
    {
      "Key": "1a58bc79-1fad-40d3-905e-4e072468ccaf",
      "Value": "{n}O olhar de Nyrissa fica frio e duro.{/n} \"O que é isso – um sonho? Ou alguém está realmente brincando comigo?! Falando palavras que perfuram como flechas, me provocando com a esperança de salvação além do meu alcance...\""
    }
  ]
}