{
  "$id": "1",
  "strings": [
    {
      "Key": "9407fe2d-3ce0-4ea6-8faf-3f6ac41ac1d1",
      "Value": "\"Eu só quero dizer que você tem sido uma companheira leal, Ekun. É bom ter alguém em quem confiar em uma hora tão sombria.\""
    },
    {
      "Key": "fb40a302-9e1d-4aa4-b527-ba0e22a307bc",
      "Value": "\"Você tem medo do que está por vir?\""
    },
    {
      "Key": "a8f322b3-a663-4604-9ed2-5bc64123a0a3",
      "Value": "\"É hora de ir. Você está pronta?\""
    },
    {
      "Key": "fd4c622b-c7c4-4959-85ce-90bb077ecb2a",
      "Value": "{n}Ekun acena para você brevemente. Você sente energia e determinação nos movimentos dele.{/n} \"A maldição não quebrou você. Ótimo. Mas devemos nos apressar. Essa loucura deve ser interrompida, de uma vez por todas.\""
    },
    {
      "Key": "b45f7f6b-929a-4a81-ac14-2963f5a5897c",
      "Value": "{n}O rosto de Ekun, geralmente imóvel, brilha com gratidão. Ele aperta a mão no coração.{/n} \"Palavras de um líder digno são uma recompensa melhor do que honras e ouro. Percorremos um longo caminho. Que os que estão à frente sejam mais longos e mais leves.\""
    },
    {
      "Key": "8cdeea9c-bd38-4698-9310-04779d4a9c88",
      "Value": "\"Não. Vamos lutar por nossa casa, pelo riso de crianças que ainda não nasceram. Aquele deus estranho do mal luta apenas por seu orgulho. Ele não pode vencer.\""
    },
    {
      "Key": "bd35c7fa-a5aa-4ce8-ab4d-7ec6a0a17fcf",
      "Value": "\"Chumbo. Eu seguirei.\""
    }
  ]
}