{
  "$id": "1",
  "strings": [
    {
      "Key": "fc28eddc-c68c-4a29-8dd1-ccf88a6dfd49",
      "Value": "\"Estamos ficando sem comida. Eu iria me caçar, mas não tenho talento para isso...\""
    },
    {
      "Key": "0480499b-2268-49e5-b960-9d0e954ddcff",
      "Value": "\"Precisamos reabastecer nossos estoques. Mas não tenho certeza se posso fazê-lo. Não sou muito caçador.\""
    },
    {
      "Key": "cd5130ce-cad0-4e7b-b02a-08ca8416e4b1",
      "Value": "\"Você não poderia pedir a Jhod para lhe ensinar uma coisa ou duas sobre os truques de caça do Deus dos Cervos? Você o acompanhou por tempo suficiente.\""
    },
    {
      "Key": "0679b39a-ac88-417c-921d-e0f27585fe70",
      "Value": "\"Se você deseja aprender, basta perguntar. Todos devem saber caçar.\""
    },
    {
      "Key": "09f5927e-091d-4f24-9ab3-ee925861c70a",
      "Value": "\"Eu sabia que deveríamos ter levado mais rações conosco. Com caçadores como este, em breve estaremos morrendo de fome.\""
    },
    {
      "Key": "5615ff2b-a96f-49fa-a7c9-77e645f0ef76",
      "Value": "\"Lembro-me de como cantava para comer nas ruas e nos bares – quando eu estava na Academia. Verdade seja dita, eu não era muito bom nisso. Espero que não chegue a esse ponto...\""
    },
    {
      "Key": "fa689251-59bd-4f33-9089-61e0bbe7c9a8",
      "Value": "\"Caçar é simples. Eu ensino você! Mas primeiro precisamos de isca para armadilha. Linzee serve.\""
    }
  ]
}