{
  "$id": "1",
  "strings": [
    {
      "Key": "891389ec-fc09-4024-9bd9-7dbb1dac7b0f",
      "Value": "\"Os goblins parecem que fariam melhor em adorar Rovagug. Você adora destruição e esmaga tudo o que pode. Então, por que você e sua tribo seguem a Mãe das Bestas?\""
    },
    {
      "Key": "babc0726-b615-4f16-b042-9c4650b8d608",
      "Value": "\"Gostamos de quebrar coisas de outras pessoas. Coisas que construímos – boas demais para quebrar. E Lamashtu dá à tribo bebês resistentes – resistentes o suficiente para sobreviver em suas gaiolas!\""
    }
  ]
}