{
  "$id": "1",
  "strings": [
    {
      "Key": "2826be25-d879-4811-8ed4-aa460a7e77d5",
      "Value": "\"Você está esperando novos recrutas, certo? Me disseram para me apresentar ao Lorde Cervo.\""
    },
    {
      "Key": "94746117-f35e-4536-8dee-d76b5d42748a",
      "Value": "\"Sou um enviado de Restov e dos Senhores das Espadas. Informe o Lorde Cervo que estou aqui para lutar com ele. Se ele é tão feroz quanto os rumores dizem, ele aceitará o meu desafio.\""
    },
    {
      "Key": "762364af-ae1a-4919-a0d1-f09cd4dda656",
      "Value": "[Atacar] \"Estou aqui para poupar as Terras Roubadas da sua espécie!\""
    },
    {
      "Key": "67d76eb7-75f4-4ea7-b7e1-6cd4652027d9",
      "Value": "[Sair] \"Sou apenas um viajante simples que se perdeu! Vou embora imediatamente!\""
    },
    {
      "Key": "1c25e827-3cca-43df-9ba2-fd44708dfc88",
      "Value": "\"Trago uma mensagem do acampamento do rio para Akiros!\""
    },
    {
      "Key": "66bf0390-17e6-4a75-b62f-120118195ab6",
      "Value": "\"Pare! Quem está aí?\" {n}Uma sentinela o chama preguiçosamente, uma demonstração óbvia de quão seguros os bandidos estão aqui.{/n}"
    },
    {
      "Key": "aaa7b48f-7408-4fb8-b4f7-9652a14f8a4d",
      "Value": "\"O que, esses mites roubam o vinho do Lorde Cervo de novo? Ugh, tudo bem, continue e dê seu relatório.\""
    },
    {
      "Key": "3dd75ad3-6703-467f-97c2-94c1fb463add",
      "Value": "\"Eu não me lembro dele dizendo nada sobre você. Ele é um homem rigoroso, Akiros é. Ele não esqueceria de mencionar algo assim.\""
    },
    {
      "Key": "a6d64c20-dbe7-48e0-b0e5-35acdaca6d92",
      "Value": "\"Como se ele não tivesse nada melhor para fazer do que cumprimentar todas as pulgas que vierem visitar. Bem, continue, eu acho. Talvez isso traga algum entretenimento!\""
    },
    {
      "Key": "f8312dce-5eb9-4b57-85db-24efee49adda",
      "Value": "\"Há! Eu sei sobre 'recrutas' como você. Saia daqui antes que eu chame meu comandante.\""
    },
    {
      "Key": "f63a4bb1-1ad5-4fc0-b422-24a92162b319",
      "Value": "{n}O sentinela coça a nuca dele.{/n} \"Então, o que, eu tenho que acordar o comandante? Esses desafiantes de {g|Restov}Restov{/g} continuam chegando... Me faça correr entre, informe-se ao comandante e depois limpe os cadáveres... Tudo bem, tudo bem, espere aqui. Vou conversar com o comandante.\""
    },
    {
      "Key": "637676ab-2971-42d6-91b1-6fa02745d03d",
      "Value": "\"Há! Você precisa entrar primeiro! Ah, mas olhe esses bravos guerreiros aqui!\""
    },
    {
      "Key": "b66c8725-50d9-4465-8e1e-12d0dc567ac3",
      "Value": "\"Saia daqui, viajante! Considere-se com sorte que o comandante esteja dormindo e eu estou de bom humor – caso contrário, eu chamaria os outros para encher você de penas.\""
    }
  ]
}