{
  "$id": "1",
  "strings": [
    {
      "Key": "f0eb3d9f-6069-4309-8ba6-abfadd0e0603",
      "Value": "\"Eu preciso dormir. E não ouse me acordar – mesmo que minhas roupas de repente pegem fogo.\""
    },
    {
      "Key": "94883c8d-1a0d-4ba8-a7a0-35c764f912dc",
      "Value": "\"Suponho que lhe darei boa noite e deixarei sua companhia iluminada. Preciso dormir um pouco."
    },
    {
      "Key": "52208ba9-1838-486e-a232-3d3b2d47191e",
      "Value": "\"Isso não serve, senhor gnomo: você pode precisar ficar em guarda. Só não durma muito.\""
    },
    {
      "Key": "545ec996-1f29-44a2-94a4-2b15b43b37b3",
      "Value": "\"Lembro-me da última vez. Você roncou tão alto que ninguém, mas conseguiu dormir.\""
    },
    {
      "Key": "aff0feec-0b9d-4ded-97e4-c0bea21b9436",
      "Value": "\"Ótimo! Mas enquanto o bufão estiver ausente, quem se sentará aqui com uma cara presunçosa e mandará as pessoas ao redor? Eu farei se você quiser!\""
    },
    {
      "Key": "9052e7c8-f7e8-44c7-80ff-19d8eaa430a4",
      "Value": "\"Oh, é melhor eu dormir antes dele! Como é que alguns gnomos roncam mais alto que orcs?!\""
    },
    {
      "Key": "6962acb4-9c80-4d86-80c6-0d406dc406d6",
      "Value": "\"Paz. Finalmente.\""
    },
    {
      "Key": "f7fa9288-2bb8-405f-8b2a-188ea04fc906",
      "Value": "\"Um riacho não se cansa de tagarelar, e Jubilost não se cansa de dar palestras!\""
    },
    {
      "Key": "f4c74a37-eb34-4aaf-a3b8-ff28502efe9f",
      "Value": "\"Um riacho não se cansa de tagarelar, e Jubilost não se cansa de dar palestras!\""
    }
  ]
}