{
  "$id": "1",
  "strings": [
    {
      "Key": "78c04e2a-d118-4a0c-b808-91fd30e194f0",
      "Value": "\"O que importa se você vingar seus inimigos da Irmandade Tática? Todos eles morrerão mais cedo ou mais tarde.\""
    },
    {
      "Key": "557e471b-9bb3-4c38-bcc4-09784320e843",
      "Value": "\"Você pode não se importar com como seus inimigos serão enviados para a outra vida, mas eu sim. Prefiro mais cedo e pela minha mão – não depois em uma cama quente!\""
    }
  ]
}