{
  "$id": "1",
  "strings": [
    {
      "Key": "01423b3f-d24c-4445-9c4a-1af2f32a7ee0",
      "Value": "{mf|Ele|Ela} olhou pela janela."
    },
    {
      "Key": "a9ea0465-db91-42f2-8bc0-8cf9ac0ceeda",
      "Value": "{mf|Ele|Ela} tentou abrir a porta."
    },
    {
      "Key": "79bbc744-5991-4dba-bc61-c6bd1e16c873",
      "Value": "{mf|Ele|Ela} pulou pela janela."
    },
    {
      "Key": "2ecec978-49c9-4c7b-96f2-98736234da36",
      "Value": "Fechar."
    },
    {
      "Key": "5ab9a015-f22c-455c-9a68-0701af0f7e68",
      "Value": "{mf|Ele|Ela} gritou: \"Eu matei o Lorde Cervo! Saia dos meus sonhos!\""
    },
    {
      "Key": "bb87f1eb-c789-462d-b26a-d0f02d7f390e",
      "Value": "Fechar."
    },
    {
      "Key": "9746786d-6296-4015-906c-6f0e418179ca",
      "Value": "No instante em que ele se aproximou da janela, o vidro quebrou e uma flecha atingiu {mf|ele|ela} no peito. Caindo, {mf|ele|ela} vislumbrou uma dúzia de figuras escuras do lado de fora. Os olhos dele esmaeceram..."
    },
    {
      "Key": "a661f2a1-dd20-4975-8214-29d3802cab7b",
      "Value": "{name} de repente acordou dentro de casa. Os cães uivavam ferozmente, não muito longe. Cheirava a arder, as paredes de madeira fumegavam e a fumaça subia pelo teto baixo."
    },
    {
      "Key": "8913c70c-3853-4431-9af8-06f9f2f53f39",
      "Value": "{name} empurrou a porta com {mf|dele|dela} ombro, mas não se mexeu. As chamas estavam começando a subir pelas paredes. {name} ficou sem fôlego e {mf|ele|ela} sentou-se pesadamente no chão..."
    },
    {
      "Key": "4e3eddc9-4a19-4862-823f-e4bcf40fc18b",
      "Value": "Chutando pela janela, {name} pulou na escuridão. Uma flecha atingiu o ombro dela, e {mf|ele|ela} ouviu risadas e gritos de triunfo. {mf|Ele|Ela} avançou para a ponte de corda. Chegando ao meio do rio, {name} olhou para trás e percebeu que um jovem homem usando um elmo de chifre cortou uma das cordas com um machado. A ponte começou a desmoronar quando suas cordas torceram e estalaram..."
    },
    {
      "Key": "a72360ae-59d0-454f-9e25-36a8f0d8d56c",
      "Value": "De repente, o sonho começou a perder seu poder. \"Adeus,\" sussurrou alguém no ouvido de {name} e {mf|ele|ela} despertou."
    }
  ]
}