{
  "$id": "1",
  "strings": [
    {
      "Key": "607b422f-5ff0-47b7-9261-9f46f07f41f0",
      "Value": "\"Vordakai encheu um sepulcro – um lugar de paz e contemplação – com paixão e vaidade inútil. Eu achei isso... perturbador.\""
    },
    {
      "Key": "e991dee1-3169-4bf5-a0a1-55a925f8a86f",
      "Value": "\"Pela primeira vez pensamos da mesma forma – Vordakai conseguiu o que merecia!\""
    },
    {
      "Key": "38f51ab9-27c1-432e-822c-de6a3d299dfd",
      "Value": "\"Sentimentos certos. Razões erradas.\""
    },
    {
      "Key": "dfeb20e5-5ccc-4f27-ba0e-2d752bfcaead",
      "Value": "\"E nós chutamos a bunda dele. Dane-se, estamos bem!\""
    },
    {
      "Key": "543ad39d-a447-4e6c-82ca-1ca53c067b8d",
      "Value": "\"Bem, é o sepulcro dele. Qualquer um é livre para fazer o que quiser em sua própria casa. – Mesmo que esteja morto!\""
    },
    {
      "Key": "318e7a88-84f9-4c63-9f01-78198fa739d4",
      "Value": "\"Bem, é o sepulcro dele. Qualquer um é livre para fazer o que quiser em sua própria casa. – Mesmo que esteja morto!\""
    }
  ]
}