{
  "$id": "1",
  "strings": [
    {
      "Key": "6b439415-d382-4c61-b05c-0fe075d37ed5",
      "Value": "\"Guerras são travadas entre estados, mas são as pessoas comuns que sofrem. O mundo não é justo...\""
    },
    {
      "Key": "5e1b0802-3d21-41e1-9ed4-5db32e79d9f3",
      "Value": "\"E qual é a resposta? Derrubar os governantes e destruir os estados? Anarquia completa? Você realmente acha que isso significaria menos guerras?\""
    },
    {
      "Key": "1d616360-ffbb-4162-9466-999ebffd9230",
      "Value": "\"Palavras sábias.\""
    },
    {
      "Key": "c4d73b72-4a15-48bf-a12b-04c3ab3c1aac",
      "Value": "\"É por isso que é preciso fazer tudo o que puder para se tornar quem comanda, não quem sofre sob o jugo. Essa é a ordem do mundo – ou você vence ou perde.\""
    },
    {
      "Key": "7cb231fd-e43c-4d3a-b994-2af28f309013",
      "Value": "\"Não existe 'mundo' – existem apenas pessoas. O mundo é cruel apenas onde os cruéis podem governar. Você quer justiça? Então faça isso – se você tiver forças.\""
    },
    {
      "Key": "e10440dd-fd0b-45e6-b018-915381a2e954",
      "Value": "\"Não existe 'mundo' – existem apenas pessoas. O mundo é cruel apenas onde os cruéis podem governar. Você quer justiça? Então faça isso – se você tiver forças.\""
    }
  ]
}