{
  "$id": "1",
  "strings": [
    {
      "Key": "a261de7a-631e-48d1-b882-72119b822e28",
      "Value": "\"Você chegou bem a tempo! Um pouco mais e eu teria... ugh, eu nem quero pensar nisso! Você pode imaginar que perda terrível teria sido? Mas está tudo bem, agora. Estou são, são e ileso – pronto para levá-lo à vitória!\""
    },
    {
      "Key": "a54908e1-0f9c-4c61-a1bc-2cdc39eea553",
      "Value": "\"Senhora Jamandi está segurando a fila no salão de banquetes – você sabe, aquela em que ela nos reuniu antes? Precisamos ir até ela! E, ao longo do caminho, tentaremos salvar alguns desses idiotas que deveriam para nos acompanhar às {g|Stolen Lands}Terras Roubadas{/g}!\""
    },
    {
      "Key": "cc1a51ac-b9f7-423f-a357-bbf78a60a37c",
      "Value": "\"Falando em idiotas...\" {n}O gnomo olha de volta para Linzi e começa a sussurrar enquanto tira um anel do dedo, entregando a você.{/n} \"Pegue este anel – fique quieto agora, para que aquela idiota não nos ouça! Ela pode tentar roubá-la... É mágico. Protegerá você. Você precisará dele enquanto luta para me defender!\""
    }
  ]
}