{
  "$id": "1",
  "strings": [
    {
      "Key": "c61a7d6c-d414-4921-a81d-483c1b5ddf25",
      "Value": "\"Claro. À beleza!\""
    },
    {
      "Key": "d1460d82-2dc2-42cc-b3c8-35006c6429c5",
      "Value": "\"Claro. Para o meu sucesso.\""
    },
    {
      "Key": "801c27c9-ffe5-4a7d-9204-99fbf2ee64be",
      "Value": "\"Ainda estou para me tornar um {mf|barão|baronesa}, e já parece que alguém deseja me envenenar...\""
    },
    {
      "Key": "187c4180-ad56-411f-b5af-92cee58a8280",
      "Value": "\"Você quer ir direto aos negócios?\""
    },
    {
      "Key": "38d90c76-2de8-4926-b335-da641632779a",
      "Value": "\"Não há necessidade de pedir desculpas – não espero que todos que conheço caiam imediatamente sob meus encantos e me confiem todos os seus segredos!\""
    },
    {
      "Key": "8cd5c219-978a-4501-9b17-2ee57624618d",
      "Value": "\"Desculpas aceitas. O que você quer me dizer?\""
    },
    {
      "Key": "b54a642d-e9c5-42a1-a680-2001557d1ea5",
      "Value": "\"Você mostrou sua duplicidade uma vez. Não quero ter mais nada a ver com você.\""
    },
    {
      "Key": "2cdaf194-fa54-4fa5-bc5c-90d2e499f803",
      "Value": "\"Primeiro ouvirei o que você tem a dizer e depois decidirei o que pensar do seu arrependimento.\""
    },
    {
      "Key": "3f0d5ecc-c0a8-4865-abaf-50dcb709c47c",
      "Value": "\"Parece tentador, mas vou precisar pensar nisso.\""
    },
    {
      "Key": "c7e0d56b-dfe3-48bd-ab1b-f69adb2bfe8a",
      "Value": "\"Perdoe-me se suas promessas não forem tranquilizadoras. Não desejo ter mais nada a ver com você.\""
    },
    {
      "Key": "c48830f3-c83e-47e9-a160-d8e76a8673e3",
      "Value": "\"O que poderia ser melhor do que uma caça ao tesouro? Estou pronto!\""
    },
    {
      "Key": "a2ed5438-1887-4353-9cf1-80c883048c6d",
      "Value": "{n}Você vê {d|Kaessi}Kaessi{/d} se aproximando – o tiefling que você conheceu durante a batalha na mansão de Jamandi Aldori. Quando ela se aproxima, ela coloca uma das taças de vinho que está segurando na sua mão.{/n} \"Você bebe comigo?\""
    },
    {
      "Key": "76650ab7-8033-42a9-b844-dda381d8c425",
      "Value": "{n}Kaessi sorri e bate seu copo no seu.{/n} \"Para a beleza! Ela adoça nossos dias felizes e traz consolo para nossos dias sombrios e tristes...\""
    },
    {
      "Key": "b1cfb20c-3e29-4374-bbe3-a5f51914611f",
      "Value": "\"Ai sim!\" {n}Kaessi saúda-o com seu cálice.{/n} \"Não há vinho no mundo que tenha um sabor tão rico quanto a vitória. Mas ainda assim, não há nada de errado em animar seus sucessos com vinho.\""
    },
    {
      "Key": "c143bcfd-44de-4521-8865-68176ae00729",
      "Value": "\"Eu diria que você gosta de andar em uma estrada reta e se afastar das rotatórias...\""
    },
    {
      "Key": "b022b341-e72f-474b-a079-4287e80a1368",
      "Value": "\"Você me insulta com tais suspeitas! Apenas um envenenador muito tolo ofereceria um copo da morte com as próprias mãos – e bem aqui, para todos verem! Se eu quisesse envenená-lo, certamente o faria secretamente... e com graça.\" {n}Kaessi sorri timidamente.{/n}"
    },
    {
      "Key": "b7dea00a-fa06-47df-8e89-324e9f14ae34",
      "Value": "\"Mas piadas à parte.\" {n}Kaessi para de sorrir.{/n} \"Eu vim para... me desculpar. Eu sei – as palavras que eu disse em nossa conversa com Senhora Aldori podem ter ofendido você, mas essa não era minha intenção. As lições que a vida deu eu não fui fácil. Aprendi a desconfiar de novos conhecidos – e é por isso que me recusei a me juntar ao seu grupo. Espero que você me perdoe por essa fraqueza e por minhas palavras duras. E espero que você me ouça – pois tenho algo a lhe dizer...\""
    },
    {
      "Key": "10f1f8fc-bdd0-47d6-8ef4-148f97b622c0",
      "Value": "\"Por acaso, encontrei informações muito valiosas. Que corajoso conquistador dessas terras selvagens não ficaria intrigado com as notícias de um santuário antigo – possivelmente cheio de grandes tesouros? Um lugar como esse foi descoberto por meus velhos amigos de {g|Qadira}Qadira{/g}, e por acaso está localizado nas terras que hoje se tornam suas por direito. Meus amigos não têm coragem de entrar no santuário e buscar o tesouro. Mas o que nos impedirá? Nós, que conhecemos o sabor da batalha, e fomos assinados pelo mesmo fogo? \" {n}Kaessi para, olhando para você com expectativa.{/n}"
    },
    {
      "Key": "e8eed487-e138-4220-9bc8-8dd1281ec74e",
      "Value": "{n}Kaessi morde o lábio, preparando-se para discutir, mas depois balança a cabeça.{/n} \"Bem, a decisão é sua. Adeus, {name}! Que a coroa na sua cabeça não se torne um fardo pesado.\""
    },
    {
      "Key": "a4e918ad-f50b-43e6-8c9c-1e6f345baf73",
      "Value": "\"É justo. Então ouça...\""
    },
    {
      "Key": "5c0a9995-13ae-4e8c-a1bc-e13d7ae15232",
      "Value": "{n}Kaessi olha para a xícara por um momento.{/n} \"Que divertido. – Geralmente, quem não procura carinho é quem recebe... De qualquer forma, basta uma conversa doce. Há algo importante que eu queria lhe contar.\""
    },
    {
      "Key": "e28f3f1b-c786-47dd-8590-c9bde7c31122",
      "Value": "{n}Kaessi ri baixinho, brincando com a xícara.{/n} \"Tenho certeza que você gostaria de finalmente ganhar seu título oficial e comemorar sua vitória. E eu não gosto de festas e cerimônias barulhentas... quando você voltar ao seu domínio. Vou alugar uma casa em sua capital. Podemos discutir os detalhes de nossa expedição por lá.\""
    },
    {
      "Key": "e37f1b20-d6a4-4852-bb98-4c9c6239e2f3",
      "Value": "\"Sua cautela é razoável. Bem, eu vou visitar a capital do seu baronato recém-nascido de qualquer maneira. Eu posso alugar uma casa. Encontre-me lá se você decidir que está interessado na minha oferta!\""
    },
    {
      "Key": "9fd23bf5-23ab-4924-81af-24371aea8f80",
      "Value": "\"Até logo, {name}. Eu ligo para você hoje – porque em breve tudo o que você ouvirá é 'Sua Graça, Sua Graça, Sua Graça'!\" {n}Saudando você com o copo, a garota tiefling recua e desaparece nas sombras entre as colunas.{/n}"
    }
  ]
}