{
  "$id": "1",
  "strings": [
    {
      "Key": "5ef381d1-87d5-4686-bc1a-fd9e0d9aad46",
      "Value": "{g|Arcane3_1} [Efeitos de decisão]{/g} \"Deixe o encanto para quem o encontrou.\""
    },
    {
      "Key": "1122f508-6b11-4cf3-9a84-f3e53d66a570",
      "Value": "{g|Arcane3_2} [Efeitos de decisão]{/g} [Pague 500 de ouro] \"Compre o amuleto e entregue ao avaliador.\""
    },
    {
      "Key": "2450de17-a0e8-4b34-a27c-052bab580e53",
      "Value": "{g|Arcane3_3} [Efeitos de decisão]{/g} \"Aproveite a magia à Força e dê-o ao avaliador.\""
    },
    {
      "Key": "47d5fb50-3225-4f6c-abd9-d528bde7e5ef",
      "Value": "\"Você é capaz de tomar essa decisão sem mim.\""
    },
    {
      "Key": "f280d3d3-db4d-4bbf-ac36-f11fce5d33ac",
      "Value": "\"Um mensageiro de uma vila distante chegou. Algo estranho está acontecendo lá – parece que algum feiticeiro está brincando! Os moradores nunca encontraram nenhum feiticeiro, mas um deles encontrou um encanto estranho nos pântanos há pouco tempo. Ele mostrou para toda a vila e se gabou de sua sorte!\""
    },
    {
      "Key": "43ae02c7-8651-442e-b7d5-eb84f76135fd",
      "Value": "\"O sortudo agora se recusa completamente a permitir que alguém examine o encanto, para que ninguém tenha sido capaz de descobrir se é a razão por trás da desordem na aldeia. Ele está dentro dos seus direitos: ele a encontrou e é propriedade dele! Além disso, a interferência mágica até agora foi inofensiva – ninguém foi ferido ainda.\""
    },
    {
      "Key": "1f522e47-772e-4eb7-90a5-14150d464ce4",
      "Value": "{n}Octavia bate no queixo, pensativa.{/n} \"Acho que os locais estão simplesmente assustados e nada mais. Não vamos fazer algo do nada, e deixar o encanto para a pessoa que o encontrou. Caso contrário, vamos dê um exemplo para outros gritadores – e seja enterrado sob uma avalanche de cartas anônimas! É apenas uma pequena bugiganga – o que de pior pode acontecer?\""
    },
    {
      "Key": "105d449b-a495-4a04-8c17-f3e115d62f33",
      "Value": "\"Uma situação complicada, {mf|Sua Graça|Sua Graça|Sua Alteza|Sua Alteza}. Os moradores de uma das aldeias distantes pediram que lidássemos com o vizinho – de uma maneira ou de outra. Eles não podem falar com ele, e é por isso que eles se voltaram para você.\""
    },
    {
      "Key": "6c314139-c3c8-4bb2-8942-82a36ddd43b3",
      "Value": "\"Seu vizinho problemático descobriu um encanto mágico nos pântanos – entre algumas ruínas antigas, afirmou. Depois, coisas estranhas começaram a acontecer na vila. Um dia um silêncio mortal caiu sobre toda a área. Outro dia, o sol pareceu parar Todo mundo culpa o encanto, e eles imploram ao seu dono para desistir – mas ele se recusa. Ele o encontrou e, pensando, ele será o único a decidir o que fazer com ele.\""
    },
    {
      "Key": "8eecb707-dbc0-43f2-88bc-8757b65accc0",
      "Value": "\"É perigoso deixar um item mágico não identificado nas mãos de um ignorante. – Ainda mais quando parece estar causando eventos tão perturbadores. Mas não será justo apenas tirá-lo dele. Sugiro que o compremos ele e depois entregue ao nosso avaliador para exame.\""
    },
    {
      "Key": "c4a61e2d-e065-4275-90fe-540d8421a0c0",
      "Value": "{n}\"Maegar\" parece irritado.{/n} \"Os vícios e a autoconfiança das raças mais baixas nunca deixam de me surpreender. Um mensageiro de uma vila distante chegou ao castelo, solicitando uma investigação. Parece que um dos aldeões descobriu um artefato poderoso, que está liberando rajadas de energia mágica e assustando os outros camponeses.\""
    },
    {
      "Key": "f27b093d-f052-4aad-b9e2-77e9336aaa08",
      "Value": "\"Este verme se recusa a se separar de sua possessão recente, para que os vizinhos do teimoso busquem proteção contra você, seu governante. Se eu fosse você, daria um exemplo e rasgaria o encanto das mãos do insolente tolo. – Suas mãos mortas, se necessário.\""
    },
    {
      "Key": "048e7ee3-68a8-4c42-ba52-74092202cc7b",
      "Value": "\"Viva! Uma ótima decisão!\""
    },
    {
      "Key": "e29e7585-0a83-4084-a8f9-d5cc71240ec7",
      "Value": "{n}Uma sombra passa pelo rosto do Orador.{/n} \"Você tem certeza? Não posso prever para onde esse descuido da sua parte pode levar.\""
    },
    {
      "Key": "66c782b6-4b87-4285-9c46-f9699a2374b4",
      "Value": "{n}\"Maegar\" cheira com desdém.{/n} \"Os escravos dificilmente podem ser responsabilizados pela intemperança, quando seu mestre se entrega aos seus caprichos ridículos!\""
    },
    {
      "Key": "ab00a3d1-afb8-40cf-92f4-030e1af70dee",
      "Value": "\"Bem... suponho que seja uma solução razoável. Ele provavelmente venderia o encanto de qualquer maneira, então essa será uma solução ganha-ganha.\""
    },
    {
      "Key": "da8eb2fe-a642-4090-b4b1-bad633a8f50d",
      "Value": "\"Como quiser, {mf|Sua Graça|Sua Graça|Sua Alteza|Sua Alteza}.\""
    },
    {
      "Key": "6e8aa493-ffd1-40c1-9878-b67cf041c92d",
      "Value": "\"Um desperdício de dinheiro. Mas eu vou obedecer.\""
    },
    {
      "Key": "d9c59a8a-5a50-4add-a1a6-705325e1228e",
      "Value": "\"Ei! Você não pode se comportar assim! Especialmente com os pobres – a vida é difícil para eles como é!\" {n}Octavia faz beicinho.{/n}"
    },
    {
      "Key": "eeb2b3e6-8dc9-4614-9ea9-84463ba170a1",
      "Value": "\"Hmm... de fato, isso também resolveria o nosso problema. Farei o que você diz, {mf|Sua Graça|Sua Graça|Sua Alteza|Sua Alteza}.\""
    },
    {
      "Key": "89216719-de78-4524-a4d3-af3c3d046547",
      "Value": "\"Vou sair do castelo imediatamente e cuidar do assunto pessoalmente.\""
    },
    {
      "Key": "76fbdc75-a1af-400d-b221-95a65538fdbd",
      "Value": "\"Tudo bem! Vou deixar o encanto com o pescador. – O pobre homem merece fortuna para finalmente sorrir para ele!\""
    },
    {
      "Key": "a11550ca-77b2-4b42-be25-78c41eef0189",
      "Value": "\"Vou alocar a quantia necessária, comprar imediatamente o amuleto e transmiti-lo ao avaliador.\""
    },
    {
      "Key": "3f52749e-d91e-4421-a654-fef0fd11b24c",
      "Value": "\"Não reteremos os guardas se o camponês se mostrar obstinado. Usarei toda a força necessária para obter o encanto para o avaliador.\""
    }
  ]
}