{
  "$id": "1",
  "strings": [
    {
      "Key": "2a279c1f-e692-4b3a-9336-c723a3d0195a",
      "Value": "\"Valerie, explique-se!\""
    },
    {
      "Key": "dfc1055a-92a9-47c1-a976-da657fc9678e",
      "Value": "\"Eveld? Esse é o personagem ao seu lado?\""
    },
    {
      "Key": "631e0b14-85d6-4c71-b064-0a042a0226f2",
      "Value": "\"Você não pode lidar com alguma briga sem mim?\""
    },
    {
      "Key": "998d0deb-4643-4c78-b8e0-68f8454949ac",
      "Value": "\"Valerie, você exagerou. Peça desculpas a Eveld.\""
    },
    {
      "Key": "49ebbb16-80ce-4d13-9451-eeff02501395",
      "Value": "\"Eveld, peça desculpas a Valerie imediatamente.\""
    },
    {
      "Key": "e0ac643b-8cbe-4b5f-b8f9-b51f3d2a7ead",
      "Value": "\"Você. Vocês dois. Descobrir isso em outro lugar.\""
    },
    {
      "Key": "8d2d4c72-1374-4b71-83fa-b32b13b2fac1",
      "Value": "\"Eu não me importo com quem disse o quê a quem. Você vai fazer as pazes agora, bem aqui na minha frente.\""
    },
    {
      "Key": "0bffd020-de95-4ce6-8900-433df1c08e90",
      "Value": "\"Como assim, 'não foi ela mesma'?\""
    },
    {
      "Key": "b622bdaf-80b4-4162-b66a-7c7041e0d10c",
      "Value": "\"Você acha que Valerie poderia machucar alguém?\""
    },
    {
      "Key": "3310512d-71dc-4577-bf19-0f5102f867f7",
      "Value": "\"Obrigado por trazer isso à minha atenção. Vou tentar ajudá-la.\""
    },
    {
      "Key": "0c489d00-584a-4f64-8d42-494fd76b60d2",
      "Value": "\"Não tenho tempo para lidar com o comportamento de Valerie. Manter a paz nas ruas é de sua responsabilidade.\""
    },
    {
      "Key": "f70455da-fac2-4b80-bea8-9e87ac8bac95",
      "Value": "\"Vou conversar com Valerie quando tiver uma chance.\""
    },
    {
      "Key": "ef64a023-2b8e-4ead-bae1-1552d0a6bcc7",
      "Value": "\"Eveld, você realmente escreveu um pasquinade sobre Valerie?\""
    },
    {
      "Key": "de577c34-2511-4a6c-9bc2-c3f4217d8957",
      "Value": "{n}O rosto normalmente despreocupado do capitão está sombrio de raiva.{/n} \"{mf|Sua Graça|Sua Graça|Sua Alteza|Sua Alteza}! Por favor, perdoe-me por distraí-lo de assuntos importantes, mas você é o único alguém que possa falar com algum sentido sobre essas cabeças quentes!\""
    },
    {
      "Key": "4da1222b-db5b-4e7b-827b-2a812df8b4e6",
      "Value": "\"Eles discutiram no meio da rua! Gritaram tanto que seus súditos chamaram os guardas... mas o que eles podem fazer com Senhora Valerie? Além disso, Eveld não fez nada de ilegal... não é como eu posso dizer eles na cadeia!\""
    },
    {
      "Key": "97381ea0-eed3-467e-bdb3-8fd5f1d1ec11",
      "Value": "\"{mf|Sua Graça|Sua Graça|Sua Alteza|Sua Alteza}, Valerie é sua companheira, então ela recebe tratamento especial. Ela não recebe ordens de mim, além de estar errado...\" {n}o capitão esfrega seu templo.{/n} \"Lutamos juntos, protegemos a capital juntos... então o que vou fazer agora? Prendê-la?\""
    },
    {
      "Key": "b7de9295-a65f-4f2f-8dbf-c6883cb28aaf",
      "Value": "{n}Um homem baixo e robusto em uma roupa sofisticada se curva cerimoniosamente.{/n} \"Na minha própria pessoa, {mf|Sua Graça|Sua Graça|Sua Alteza|Sua Alteza}! Eveld o Língua de Prata, que serviu como bardo da corte nas melhores casas de {g|Brevoy}Brevoy{/g}, e agora trocou em sua gaiola dourada pelos ventos livres da viagem. Mas eu discordo...\""
    },
    {
      "Key": "ef3ce511-aa36-492a-a6b4-5e2dec68b0e0",
      "Value": "\"Isso, por assim dizer, doce dama me insultou, por favor, na frente da minha platéia! Parou minha apresentação e me envergonhou na frente de toda a taberna!"
    },
    {
      "Key": "77ac72e4-048b-4494-b999-a6847bb24e2d",
      "Value": "{n}Aparentemente, Valerie está tentando se controlar, mas manchas vermelhas revelam seu rosto.{/n} \"Notei que alguém colocou uma nojenta pasquinada ao lado da entrada da taberna. Algo sobre um pássaro brilhante que perdeu suas penas. Isso é... insolência abominável! Sim, não nego que sou culpada. Perdi a paciência, mas quem não teria?\""
    },
    {
      "Key": "e93adedf-3c0c-4dd3-a509-f1e9cd59c43f",
      "Value": "{n}Eveld engasga com indignação.{/n} \"É mesmo? Quando sufoquei esta senhora com elogios requintados, recebi apenas insultos e piadas em troca! Quando cheguei a ela com presentes, implorando para que ela se tornasse a musa da meu maior trabalho – fui ridicularizado e mandado embora como um garoto arrogante! E agora, no momento em que começo a perseguir minha arte para longe dessa boa dama, ela me procura e diz que sou culpado de calúnias maldosas! O que devo fazer? Sou apenas um escravo da minha inspiração, que me é enviada de cima! \" {n}Eveld alisa o cabelo e acrescenta.{/n} \"E enquanto estamos no assunto da minha poesia, não é tão ruim assim...\""
    },
    {
      "Key": "fe058bf1-06e2-43ff-b2a1-a38e58b69e51",
      "Value": "{n}Valerie olha para baixo, envergonhada.{/n} \"Peço desculpas humildemente, {name}. Eu falhei em controlar meu temperamento e manchei não apenas a mim mesma, mas a você como meu líder.\" {n}A garota lança um olhar ardente para o homem em trajes sofisticados, de pé ao lado dela.{/n} \"Infelizmente, fui provocada.\""
    },
    {
      "Key": "420ffc84-96fa-491d-ac57-ae701baa689b",
      "Value": "{n}O homem vê o olhar de Valerie e suspira com indignação.{/n} \"É assim?! Então é ah... Ah, perdoe minhas maneiras, {mf|Sua Graça|Sua Graça|Sua Alteza|Sua Alteza}? Permita-me me apresentar – Eveld, a língua de prata, de {g|Brevoy}Brevoy{/g}. É uma pena que nos encontremos nessas circunstâncias, mas...\""
    },
    {
      "Key": "8ca1ecaf-04e1-4c0e-9697-b350c0b7c438",
      "Value": "\"Inferno, não, {mf|Sua Graça|Sua Graça|Sua Alteza|Sua Alteza}! Se esse idiota rude me trouxe aqui e já estou ocupando o seu tempo, preciso ter certeza de que essa senhora está controlada. Preciso de proteção!\""
    },
    {
      "Key": "3070b38c-efe1-4ae4-a174-93fed1710bfb",
      "Value": "{n}A voz de Valerie soa com raiva.{/n} \"Eu juro, outra palavra desse rabiscador humilde, e tudo pode acontecer!\""
    },
    {
      "Key": "63145afe-b384-4cad-8b11-785da0578dc3",
      "Value": "{n}Eveld abre a boca, mas não diz nada. Finalmente, ele começa a enunciar palavras, uma a uma.{/n} \"Minha única transgressão é servir lealmente a minha padroeira, a bela {g|Shelyn}Shelyn{/g} que me inspira e nunca esconde deste mundo uma única palavra isso nasceu em meu coração. Mas como minha honestidade e abertura são tão ofensivas a essa boa senhora, que assim seja – peço desculpas por insultá-la, com todo meu coração!\""
    },
    {
      "Key": "a908b445-ea90-425f-8bdc-e3e4856de0ed",
      "Value": "{n}Valerie empalidece e seus lábios tremem. Reunindo forças, ela quase empurra as palavras da boca.{/n} \"Minhas mais profundas desculpas, Eveld.\""
    },
    {
      "Key": "47a36675-448e-4b1c-8e2b-f0259421f39c",
      "Value": "{n}Eveld se vira para a garota com um olhar triunfante, prestes a dizer alguma coisa, mas para quando vê o rosto dela.{/n} \"Eu... estou totalmente satisfeito, {mf|Sua Graça|Sua Graça|Sua Alteza|Sua Alteza}. Não tenho mais queixas sobre Valerie.\""
    },
    {
      "Key": "81cb496e-7a5e-410b-8763-8c72f9543bfd",
      "Value": "{n}Valerie contrai os lábios. Ela parece querer responder ao monólogo de Eveld, mas no final ela muda de idéia e apenas assente.{/n}"
    },
    {
      "Key": "63121ff6-fff9-463f-91d6-eda9ce6b4d31",
      "Value": "\"Sua língua condiz com a sua beleza, meu amor! Verdadeiramente, quanto vale um lindo botão de flor, se ele é comido por vermes e vazio por dentro?\""
    },
    {
      "Key": "1574f0dc-bf5e-43c3-8d60-3ce7a75b6f6e",
      "Value": "{n}Valerie quase grita.{/n} \"Eu não vou fazer as pazes com isso... esse... manchador de papel inútil! Deixe que ele gaste seu tempo inútil insultando seus outros piratas!\""
    },
    {
      "Key": "6e82ab69-c5dd-411e-841c-13e3b001d3aa",
      "Value": "\"Chega, vocês dois! Primeiro você assustou todo mundo na taberna e agora está se envergonhando na frente d{mf|o barão|a baronesa|o rei|a rainha}! Peça desculpas de uma só vez – se não um para o outro, depois para menos a {mf|Sua Graça|Sua Graça|Sua Alteza|Sua Alteza}!\""
    },
    {
      "Key": "02b75542-99c1-41c6-b8f2-16662d5c3fca",
      "Value": "\"Eu... não sei o que aconteceu comigo, {mf|Sua Graça|Sua Graça|Sua Alteza|Sua Alteza}. Perdoe-me esta cena.\""
    },
    {
      "Key": "3cb12efe-509c-49fe-9bb5-ea02d608a404",
      "Value": "\"Por favor, perdoe-me, {name}. Talvez eu deva sair, para me acalmar e voltar aos meus sentidos.\""
    },
    {
      "Key": "0a765b14-a585-4036-af77-6b6aedab899f",
      "Value": "\"Isso é legal. Você desabafou e resolveu algumas coisas. Pelo menos agora eu posso deixar você ir, esperando que você não assuste mais as pessoas boas!\""
    },
    {
      "Key": "2584039d-328f-449b-b09b-a68bfdfffe67",
      "Value": "\"{mf|Sua Graça|Sua Graça|Sua Alteza|Sua Alteza}, eu também irei, mas... por favor, fique de olho em Valerie. Não sei o que demônio deu nela, mas ela não é ela mesma ultimamente. No começo, ela acabou de brigar, depois começou a brigar com todo mundo por coisas estúpidas, e agora ela arrastou esse bardo para fora da taberna pelo colarinho. Receio que possa vir a uma verdadeira violência!\""
    },
    {
      "Key": "ff78a046-ea37-4ccd-adde-5c4f7c5c7781",
      "Value": "\"Perdoe-me, {mf|Sua Graça|Sua Graça|Sua Alteza|Sua Alteza}! É claro! Eu prometo – você não vai ouvir falar de Valerie por mim!\""
    },
    {
      "Key": "7e3d1a93-84b4-45d6-afe4-3122db0b7eb2",
      "Value": "\"Se eu fosse você, eu conversaria com o Orador. Um dos meus rapazes viu Valerie discutindo com ele. Não tenho idéia de como alguém possa brigar com um elfo tão inofensivo... mas ela o fez!\" {n}O capitão se curva, terminando a conversa.{/n}"
    },
    {
      "Key": "253739ee-e900-48bb-bde8-946c24843cc9",
      "Value": "\"Bem, eu não diria que... a Valerie que eu conhecia nunca faria mal a alguém sem uma boa razão. Mas a velha Valerie parece ter sumido. Então, eu não sei o que esperar dela.\""
    },
    {
      "Key": "d87f12cc-69e1-492a-bec2-dc940664afee",
      "Value": "\"Ela ficou na defensiva. Não posso dizer uma palavra para ela. Temos sido cuidadosos com ela, desde que ela...\" {n}O capitão passa um dedo pelo rosto de maneira significativa.{/n} \"Estou perto ordenar aos meus rapazes que a vigiassem nas ruas, para tornar a vida das pessoas comuns um pouco mais calma.\""
    },
    {
      "Key": "7967eae1-9393-4d4f-9ba5-3ae72705c866",
      "Value": "{n}Eveld aperta a mão no peito ostensivamente.{/n} \"Perdoe-me! Quem eu seria, se eu me inclinasse a ataques tão baixos! Não negarei que o conto de advertência dessa senhora possa me inspirar...\""
    },
    {
      "Key": "476cbf31-6a49-4be5-a11b-cf13bb15115e",
      "Value": "\"Como você pode ouvir esse cérebro de penas? É claro que, diante da justiça, ele está pronto para repudiar seus próprios pais!\""
    },
    {
      "Key": "0f2edfec-29d7-4134-b92b-06fb89c5af85",
      "Value": "{n}O capitão balança a cabeça tristemente.{/n} \"Nem tente {mf|Sua Graça|Sua Graça|Sua Alteza|Sua Alteza}. Receio até {g|Abadar}Abadar{/g} não conseguia chegar ao fundo desta bola de acusações.\""
    },
    {
      "Key": "d0ac925f-0b8f-4344-9604-830bb676f8e3",
      "Value": "\"...e se eu puder continuar, deixe-me dizer a que esse passatempo foi dedicado: a triste posição das artes nessas terras, perdoe minha franqueza. De qualquer forma, é improvável que a boa senhora compreenda que alegoria e poética hipérbole são!\""
    }
  ]
}