{
  "$id": "1",
  "strings": [
    {
      "Key": "01a129f2-954a-4f80-8ee0-e6a1a5f2c2f7",
      "Value": "\"Estamos apenas conversando. Você não gosta?\""
    },
    {
      "Key": "64b6d278-7423-463d-b530-a15df9adef99",
      "Value": "\"Fale-me sobre você.\""
    },
    {
      "Key": "59076d0c-0a10-4d6b-bd3f-f87abe06d0aa",
      "Value": "\"Então, por que você deixou sua tribo? E qual é a história dos gigantes do gelo?\""
    },
    {
      "Key": "d5a312dd-a269-4945-8b45-cec75fb47cc2",
      "Value": "\"Essa é uma espada formidável. Mas não é apenas uma arma simples, é?\""
    },
    {
      "Key": "c78ff0e0-d6a8-490c-b674-29facb15c7d0",
      "Value": "\"Então, eu sou... o chefe da sua nova tribo? O que você espera de mim?\""
    },
    {
      "Key": "1ad0aaf2-2d36-4ef4-bf39-01bab79db99b",
      "Value": "\"Obrigado por conversar comigo. Vamos conversar novamente mais tarde.\""
    },
    {
      "Key": "8b0a9a39-05f6-488d-864f-420bab866a0c",
      "Value": "\"Como é ser um bárbaro na tribo dos Seis Ursos?\""
    },
    {
      "Key": "aad2bd7e-df9f-4528-b643-0d819d01e101",
      "Value": "\"Eu acho que você teve que fazer muito treinamento para se tornar tão forte quanto você.\""
    },
    {
      "Key": "69b3eed3-5e33-4396-b139-79582ce8359f",
      "Value": "\"Como é o reino dos senhores mamutes?\""
    },
    {
      "Key": "8739a41d-23f9-475d-a312-ab524dcc35ad",
      "Value": "\"Por que você deixou sua tribo?\""
    },
    {
      "Key": "d1390a9a-cad3-4899-bc84-c19bcdd78bc1",
      "Value": "\"Você é um bom guerreiro.\""
    },
    {
      "Key": "c28ab20b-32dc-4166-b010-0979568956f7",
      "Value": "\"Você é um tanto rude, sabia?\""
    },
    {
      "Key": "28ba087b-3478-4147-b6a2-64f004fdece4",
      "Value": "\"Obrigado por me dizer. Vamos conversar sobre outra coisa.\""
    },
    {
      "Key": "e422cc2c-e64a-48c9-8898-48bfde8649ef",
      "Value": "\"Eu quis dizer exatamente o que eu disse. Você é um bom guerreiro. Não levante sua voz para mim novamente.\""
    },
    {
      "Key": "3b6b8213-bf56-4a2b-ae75-ac64970b3cc0",
      "Value": "\"Você é muito bom em uma luta. Você é um excelente guerreiro. Acabei de lhe elogiar, só isso.\""
    },
    {
      "Key": "d7676d24-4801-4c66-8b1b-f2140db16c79",
      "Value": "\"Oh, apenas relaxe. Esqueça que eu disse alguma coisa.\""
    },
    {
      "Key": "1ec2bff5-6cba-454a-aab9-9dbc0320e168",
      "Value": "\"Eu não preciso mais da sua ajuda. Arrume suas coisas e vá embora.\""
    },
    {
      "Key": "ca2b2b6b-44ae-49fe-9fcd-a9a0e168be07",
      "Value": "\"Quero que você vá embora. Seguimos caminhos diferentes, Amiri, e você sabe disso.\""
    },
    {
      "Key": "f65272f6-d608-4632-ad12-8e065620105a",
      "Value": "\"Há! Você fez uma cara tão engraçada! Relaxe, estou brincando.\""
    },
    {
      "Key": "2185aa2f-b936-4551-b206-c39d369b6b3b",
      "Value": "\"Como estão os Lordes dos Tigres?\""
    },
    {
      "Key": "b826f53a-5faf-44e1-a1b3-85367ee8fdba",
      "Value": "\"Por que sua tribo queria você morta?\""
    },
    {
      "Key": "4b505010-7711-4a78-96a4-6e3d9bd029d0",
      "Value": "\"Por que você quer matar tanto essa Presa-suja?\""
    },
    {
      "Key": "f50e5127-9dc6-4737-9153-8a4587cda408",
      "Value": "\"Então, você provou ser um poderoso guerreiro?\""
    },
    {
      "Key": "d3099c63-f3ba-4072-b55c-afaef8f406c9",
      "Value": "\"Por que aquele fantasma te chamou de ladrão?\""
    },
    {
      "Key": "985a8b01-1a5c-4234-8e7a-33df561ae8f6",
      "Value": "\"Parece que você e Nilak estão próximos.\""
    },
    {
      "Key": "87a3befc-a4d3-4959-9dc8-1617e3f5383a",
      "Value": "\"Sinto muito pelo que aconteceu com Nilak.\""
    },
    {
      "Key": "2edc235e-61cd-4764-b703-4e58fa2fd899",
      "Value": "\"Eu adoro Gorum, como você. Vamos dedicar muitas vitórias gloriosas a ele!\""
    },
    {
      "Key": "4a28be56-1728-466f-941d-649744f72d29",
      "Value": "\"Nós vamos conversar?\" {n}Amiri solta um suspiro cansado.{/n} \"Tudo bem, derramar. Estou ouvindo.\""
    },
    {
      "Key": "25865288-c83b-44f3-9155-92e1e0c741a6",
      "Value": "\"E se você quiser fazer perguntas – como 'por que' e 'para quê' e 'como' – que se dane!\" {n}Amiri olha lentamente para você, da cabeça aos pés.{/n} \"Ou você tem ainda mais dificuldade?\""
    },
    {
      "Key": "6756f70f-5437-41cf-b4e4-7e692acb7ca8",
      "Value": "{n}Amiri encolhe os ombros várias vezes – talvez flexionando os músculos, ou talvez apenas preenchendo o silêncio.{/n} \"Não sei,\" {n}ela admite finalmente.{/n} \"Depende do que falaremos sobre Se é sobre monstros, espadas ou cicatrizes – eu aprovo! Isso é bom.\""
    },
    {
      "Key": "99cbdace-a330-4ec4-9190-7d23341b9c01",
      "Value": "\"Eu já te disse, eles eram idiotas. Eles tratam as mulheres como ovelhas, não lutadoras.\" {n}Amiri franze a testa.{/n} \"Quanto aos gigantes... depois eu digo. Algum dia. Talvez.\""
    },
    {
      "Key": "1523a540-52f4-4c27-b08e-fb973e48091d",
      "Value": "\"Essa espada pertencia a um gigante do gelo! Eu matei a fera e peguei esse olhar para mim. Me encaixa perfeitamente! Meu maldito troféu!\" {n}Os olhos de Amiri brilham com ameaça, como se ela estivesse desafiando algum inimigo invisível para tentar tirar seu troféu.{/n}"
    },
    {
      "Key": "efc99eab-842a-467c-bd5f-fa2a2e6aa908",
      "Value": "\"Você pode apostar que não é simples! Veja como é grande!\" {n}Ela orgulhosamente levanta a lâmina e você percebe que, embora Amiri seja extremamente forte, ela ainda tem dificuldade em empunhar uma espada tão grande.{/n}"
    },
    {
      "Key": "4c934e36-56c8-4364-843c-e200a8c2d93f",
      "Value": "\"A tribo sempre deve ter comida suficiente. Os inimigos da tribo devem ser fortes – não uma escória fácil! Os combatentes da tribo devem desafiar os inimigos mais fortes!\""
    },
    {
      "Key": "55b2c499-666b-4e11-8b17-8ca1d51a0d96",
      "Value": "\"Além disso, bem...\" {n}Amiri contempla profundamente.{/n} \"Você deve governar a tribo. Tome grandes decisões.\" {n}Ela acena a mão vagamente.{/n}"
    },
    {
      "Key": "a1847b07-c7e3-408f-bebb-05891a9ab1de",
      "Value": "\"Conversando, conversando... Quando é que vamos matar algum monstro?\" {n}Amiri suspira e se afasta.{/n}"
    },
    {
      "Key": "d88f0c82-feea-4723-8fbe-71e254cfbc28",
      "Value": "\"Err...\" {n}Esta pergunta simples parece confundir Amiri. Ela coça a cabeça e começa a contar com os dedos.{/n} \"Primeiro, sou bárbara. Sou forte. Err... Cresci no {g|Realm of the Mamute Lords}Reino dos Lordes Mamute{/g}. Deixei minha tribo, os Seis Ursos.\" {n}Amiri olha pensativa para os quatro dedos dobrados e encolhe os ombros.{/n} \"E eu gosto de brigas,\" {n}ela conclui, dobrando o polegar.{/n}"
    },
    {
      "Key": "4beb8ff9-7e7b-440a-ad5f-a2192578ae08",
      "Value": "\"Há! Nosso povo é grande e forte. Podemos cortar um monstro ao meio com um balanço. Podemos caminhar três dias e noites sem descanso. Podemos comer um aurocão frito inteiro!\""
    },
    {
      "Key": "837e9c90-2af2-4e96-bbc1-54cc4b891277",
      "Value": "\"Treinando? Há! Ninguém me treinou! Os meninos dos Seis Ursos receberam o treinamento. Tudo o que eu podia fazer era assistir!\" {n}Os olhos de Amiri brilham de raiva.{/n} \"E você sabe o quê? Eles ainda eram péssimos mesmo depois de todo esse treinamento, porque eu chutei seus traseiros com força!\""
    },
    {
      "Key": "1a7f837f-5e55-4c3a-80a6-4cc5d189dfdf",
      "Value": "\"Animais, bandidos, monstros – todos pensavam que eram mais fortes que eu. Idiotas!\" {n}Amiri cospe no chão.{/n} \"Porque se você começar uma luta, você acha que pode vencer. Você pensa que é mais forte que seu inimigo.\" {n}Amiri levanta o queixo com orgulho.{/n} \"Eu derrotei todos eles! Vê todas as cicatrizes no meu rosto?\""
    },
    {
      "Key": "6c2f7767-b5fd-4c98-bddc-2c6db9bece8e",
      "Value": "\"Enorme e congelante. Não há lugar para fracos.\" {n}Amiri estreita os olhos como se estivesse avaliando sua capacidade de sobreviver à sua terra natal.{/n} \"As tribos caçam os rebanhos dos aurochs para sobreviver. Os aurochs são rápidos, então a tribo segue o rebanho por dias, apenas para não morrer de fome. Se você estiver fraco, você fica para trás e morre na neve. A tribo não pode parar.\""
    },
    {
      "Key": "00b3e2ba-ab01-43c6-8028-8ce40a75e5f2",
      "Value": "\"Além disso, existem gigantes e mamutes. Às vezes os demônios também vêm. Ah, e os mastodontes. E os tigres com dentes-de-sabre\". {n}Amiri sorri.{/n} \"Você sobreviveria, eu acho. – Por alguns dias, ha!\""
    },
    {
      "Key": "53b76b5f-8e96-4be0-8876-70c116107b13",
      "Value": "\"E as mulheres apenas acenam. 'Vá costurar couros, cozinhar carne, cuidar de crianças' – é o que sempre dizem. Mas eu sou um guerreiro, caramba! Não vou cozinhar couros e assistir carne!\" {n}Amiri já está gritando, seus punhos cerrados com força.{/n}"
    },
    {
      "Key": "7664aa1b-7379-4d7e-90ae-2c5f56e59b4f",
      "Value": "\"Eu disse a eles! Fui caçar com homens! E o que eu recebi? Ainda assim: 'Você é mulher, fica em casa!' Até me deu um apelido – 'o Chefe Mole', como uma mulher guerreira era uma piada engraçada! Dane-se, eu até fui caçar aqueles gigantes do gelo com cara de merda, e lá... ali...\" {n}Amiri para de repente, respirando pesadamente, suor pingando na testa.{/n}"
    },
    {
      "Key": "59362ed1-a0ee-4373-9f6e-da3f2ff1274c",
      "Value": "{n}Depois de um momento, Amiri balança a mão desajeitadamente e se força a sorrir.{/n} \"Então eu fui embora. Covardes, ladinos e maricas que eram – é por isso!\""
    },
    {
      "Key": "d7b64b75-6e6e-45d1-b792-4390826f6000",
      "Value": "\"Pode apostar!\" {n}Amiri sorri, e de repente franze a testa.{/n} \"Eu sou um guerreiro, grande e forte. Todo mundo tem medo de mim!"
    },
    {
      "Key": "b3bcfc2d-9097-48c4-b3b1-f1b2a8a9c1dd",
      "Value": "{n}A expressão contemplativa desaparece do rosto de Amiri, substituída por um sorriso sonhador.{/n} \"Gosto de ser temida. Quando passo e todas as mariquinhas quase desmaiam! Joelhos tremendo! Dentes tagarelando! \" {n}Amiri fica calada, fascinada com a imagem que sua imaginação criou.{/n}"
    },
    {
      "Key": "bfe8f21a-4d00-47cb-a674-15a4a5fe894c",
      "Value": "\"Por que não?\" {n}Amiri franze a testa, mas você sente que ela está feliz em mudar de assunto.{/n}"
    },
    {
      "Key": "33cf0dde-3665-4b85-8d01-eb761b0c29b8",
      "Value": "{n}Amiri levanta a cabeça.{/n} \"'Muito bem, hein? Comparado com quem? Se eu fosse um homem de baixa qualidade, lutaria melhor, é isso que você diz?\" {n}Ela olha para você, seus olhos se estreitam.{/n} \"Ou você diz que eu poderia estar melhor? Como, 'vá treinar Amiri, certo?\""
    },
    {
      "Key": "f5948a6a-495f-41cf-9a34-6690390dcc2c",
      "Value": "{n}Amiri continua respirando pesadamente por vários segundos, olhando para você. Mas finalmente ela se acalma.{/n} \"Eu não vou,\" {n}ela murmura.{/n} \"Esqueça.\""
    },
    {
      "Key": "99109fc4-cb97-4a0e-b896-11ab8fc1f54b",
      "Value": "{n}Por mais alguns segundos, Amiri continua a encarar seu rosto com desconfiança e, de repente, ela se acalma.{/n} \"É verdade, eu luto bem. É o que faço melhor.\""
    },
    {
      "Key": "76dd950b-077b-407d-83c6-4935cf511086",
      "Value": "{n}Amiri olha para você, depois de uma longa pausa pronuncia:{/n} \"O que?\""
    },
    {
      "Key": "311ca189-1752-4149-be3b-5a4171db7c92",
      "Value": "{n}Amiri fica vermelha de raiva.{/n} \"É assim? Bem, então! Você é um pedaço de merda de qualquer maneira, não um chefe! Até mais, mariquinhas!\" {n}Os bárbaros caem, passando dolorosamente por você no caminho.{/n}"
    },
    {
      "Key": "e2a3e9ea-20e9-4692-af5f-1b91cb66a34b",
      "Value": "{n}Amiri estreita os olhos.{/n} \"Suas piadas são meio ruins.\""
    },
    {
      "Key": "3f4aea0f-5ca6-4eba-8d0e-7fe99c365394",
      "Value": "\"Até agora, tudo bem. Para dizer a verdade, depois de toda aquela confusão com Armag, e depois da divisão, o {g|Tiger Lords}Tigre{/g} era mais como uma única pata. Mas as garras nele ainda são afiadas, então... Se {g|Gorum}Gorum{/g} quiser, voltaremos a lutar!\""
    },
    {
      "Key": "38318798-6148-471f-82d2-afb9acc3abfa",
      "Value": "\"Não está claro? Uma mulher não pode ser uma guerreira. Se ela é uma guerreira de merda, eles podem ficar com ela para as piadas. Dê a ela um apelido engraçado, como 'o Chefe Macio'. Mas e se ela for boa? Melhor a tribo tem? Então as outras tribos estão rindo.\""
    },
    {
      "Key": "1efd6303-d650-41b7-b72e-5c984cb1017f",
      "Value": "\"É por isso que eles... você sabe. Mas é um tabu derramar o sangue de parentes, então eles tiveram que fazê-lo sem fazê-lo. Alimente-me com gigantes, que plano! Mas nunca tive medo de pôr minhas mãos vermelhas! Eu cuspo neles e em sua tradição! Eu também sou um tabu ambulante!\""
    },
    {
      "Key": "dcb0ef4b-bab6-45b6-a9a1-b2745999d5aa",
      "Value": "\"Ele é um monstro. Nós matamos monstros. O que há aqui tão difícil de entender?\""
    },
    {
      "Key": "088adb1b-9606-4ad3-8b65-8775a99c129c",
      "Value": "\"Eu posso ter... O julgamento está terminado. E se alguém duvidar de mim, eu provo!\" {n}Amiri sacode o punho para o infrator invisível.{/n}"
    },
    {
      "Key": "cb2f840a-7f1a-48e2-b5bd-d2c60084d213",
      "Value": "\"Você está brincando? Eu não preciso mais provar nada!\""
    },
    {
      "Key": "f5778717-7946-4581-9e5c-723538776088",
      "Value": "\"Os Infernos que eu deveria saber! É um fantasma, que sabe o que fala.\""
    },
    {
      "Key": "f5a626fc-ef01-49de-bf86-2a130afe2b66",
      "Value": "{n}Depois de um momento de silêncio, Amiri continua.{/n} \"Talvez por causa da espada. Eu peguei de um gigante, e o fantasma é um gigante. Eu acho que ele gosta tanto desse pedaço de aço que ele voltar dos mortos por isso?\""
    },
    {
      "Key": "2d2c3503-bff3-4123-8d2b-ccf309f383c3",
      "Value": "\"Você não sabe metade disso! Só ela em toda a maldita tribo poderia me entender. Ela não é uma guerreira como eu, mas seu espírito é forte! E ela é inteligente, mais esperta do que qualquer chefe!\""
    },
    {
      "Key": "0e9c4ddc-a828-4d0d-9086-df20d4f0de07",
      "Value": "{n}Amiri aperta os lábios e se afasta.{/n}"
    },
    {
      "Key": "57c8f09d-2204-46c5-8090-c0ff4f6de2de",
      "Value": "\"Certo! Com um líder como você, as espadas não enferrujam nas bainhas! Nosso Senhor do Ferro já deve ter assentos de honra preparados para nós em sua mesa em Elysium... Não que eu esteja com pressa de chegar lá ha!\""
    },
    {
      "Key": "907bfbc2-e483-4339-b697-d61ba04be4b6",
      "Value": "\"Ei, chefe!\" {n}Amiri lhe dá um sorriso largo.{/n} \"O que está pensando?\""
    },
    {
      "Key": "9a5893b2-a618-441e-88d1-f5e7b1e2b4b3",
      "Value": "{n}Amiri cora.{/n} \"Porque eles eram idiotas, todos eles! Os homens eram covardes e ladinos, e as mulheres estavam assustadas como ovelhas!\" {n}Amiri revira os olhos sangrando de fúria.{/n} \"Homens acham que nenhuma garota pode ser uma lutadora! Por serem fracos! Eles temem que uma mulher possa vencê-los!\""
    }
  ]
}