{
  "$id": "1",
  "strings": [
    {
      "Key": "8796af7a-57a4-439f-8456-2fdf22bc1a24",
      "Value": "\"Ah, descanse finalmente! Finalmente posso sentar e ler em silêncio!\""
    },
    {
      "Key": "6d6b48da-b778-4041-8e54-614636ce94b8",
      "Value": "\"Não. Sem leitura. Pegue água. Ou você pode ler e ficar com fome.\""
    },
    {
      "Key": "1d906189-c488-46a2-b53d-327131a8862f",
      "Value": "\"Por que você não tira o nariz dos livros e fala com um de seus companheiros, Jubilost? Uma noite perto do fogo é o melhor momento para conversar.\""
    },
    {
      "Key": "d6828891-40fb-4853-8fdf-43e93b8eb700",
      "Value": "\"Por que você não tira o nariz dos livros e fala com um de seus companheiros, Jubilost? Uma noite perto do fogo é o melhor momento para conversar.\""
    }
  ]
}