{
  "$id": "1",
  "strings": [
    {
      "Key": "1fb509d9-43cc-45c4-8fd1-6b2f69b073ac",
      "Value": "\"Me desculpe, eu não gosto disso. Vamos continuar com o jogo regular de amor, ok?\""
    },
    {
      "Key": "6ef38f0e-08ad-4844-85fe-c58321bae69f",
      "Value": "\"Eu também te amo.\""
    },
    {
      "Key": "b51dff19-1ee5-41fa-9516-5caaa7197924",
      "Value": "\"Você tem certeza? Eu não gostaria de machucá-lo...\""
    },
    {
      "Key": "e3a6016c-55de-4252-9bd5-973c07928c54",
      "Value": "\"Cuidado com o que você deseja. Da próxima vez, você não será capaz de se sentar!\""
    },
    {
      "Key": "da83b9c8-7ea3-4308-87b6-865c8398b7a2",
      "Value": "\"Eu nunca fiz isso... Mas se você quiser – vamos tentar.\""
    },
    {
      "Key": "8ee7b025-e1af-428e-bfec-8c94417a8cdc",
      "Value": "\"Agora não. Eu preciso descansar.\""
    },
    {
      "Key": "d6328462-6bef-4389-925f-2119cb6e2bad",
      "Value": "\"Eu estava prestes a sugerir isso!\""
    },
    {
      "Key": "cdbb0bc8-2b73-4c72-9177-2bc52f3f7df0",
      "Value": "{n}Regongar se veste, levando tempo.{/n} \"Você é um milagre. Mas você sabe... Da próxima vez, você não precisa ser tão gentil comigo!\""
    },
    {
      "Key": "d2954ebb-5c29-424d-83da-715e8c825d9d",
      "Value": "\"Não tenha medo de me machucar. A dor também é uma carícia... Quando feita por alguém que você ama.\" {n}O meio-orc dá um sorriso que você nunca viu antes – quente, sem um tom da raiva ou bravura de sempre.{/n}"
    },
    {
      "Key": "6391ba59-e836-4acf-9574-117e58952d95",
      "Value": "\"Como você deseja. Tudo o que importa são suas mãos no meu corpo... eu aceito qualquer coisa que você me der.\""
    },
    {
      "Key": "b2d534ed-30b7-48ac-8fed-d3017936c396",
      "Value": "\"Oh, você teria que se esforçar para isso!\""
    },
    {
      "Key": "84f53ab8-160b-4bdd-8425-6ff7c30d4dee",
      "Value": "\"Não tenha medo! Você não tem ideia do que eu posso suportar... E implore por mais, haha!\""
    },
    {
      "Key": "43069c2b-9561-47a2-8334-24f908df8054",
      "Value": "\"Continue dizendo isso, e eu conquistarei todos os reinos vizinhos por você.\""
    },
    {
      "Key": "5dd40055-371a-4f17-aa57-446f5e995252",
      "Value": "\"Eu vou te ensinar. Tenho certeza que você vai adorar!\""
    },
    {
      "Key": "8d8ddbee-01c6-4fd6-aabc-1166e0860e4f",
      "Value": "{n}Regongar está brincando com a fivela do cinto.{/n} \"Eu me vesti cedo demais? Deseja fazer de novo?\""
    },
    {
      "Key": "8c874ec5-1680-41bc-a203-9def7d7b1444",
      "Value": "\"Há, estou lendo seus pensamentos!\" {n}O meio-orc desata o cinto.{/n} \"Venha aqui...\""
    },
    {
      "Key": "3104a884-a325-4cae-9120-52e0fb350c79",
      "Value": "\"Tudo bem. Volte quando tiver reunido suas forças... Você vai precisar! Estarei esperando.\""
    }
  ]
}