{
  "$id": "1",
  "strings": [
    {
      "Key": "13e9a086-ea0d-498a-9971-68ac79d1170d",
      "Value": "\"Então, o que aprendemos?\""
    },
    {
      "Key": "6fe11940-92a6-4803-930c-32aad299e6da",
      "Value": "\"Você é capaz de curar outras pessoas da doença agora?\""
    },
    {
      "Key": "3a73c8c7-7057-4067-bfac-c1745f223fc5",
      "Value": "\"O que você fará em seguida?\""
    },
    {
      "Key": "9cfe5e3f-c447-43d9-833f-2355174d78fa",
      "Value": "[Sair] \"Eu tenho que ir.\""
    },
    {
      "Key": "4351ce77-1ffa-4d77-9799-6ee5afca5b96",
      "Value": "{n}Olhando para o corpo do paciente, Jhod não consegue segurar as lágrimas. Ele enxuga os olhos, sem perceber o sangue ainda nas mãos.{/n}"
    },
    {
      "Key": "5ca71579-3f0a-43ea-9f16-a48228ba8ac6",
      "Value": "{n}Jhod enxuga o suor da testa, sem perceber o sangue que ainda está nas mãos.{/n} \"{g|Erastil}Erastil{/g} e {g|Sarenrae}Sarenrae{/g} sejam louvados! Eles estavam realmente do nosso lado hoje. É um milagre!\""
    },
    {
      "Key": "a0ae6233-5e3f-461b-9b02-50cd6a87eb77",
      "Value": "{n}Tristian entrega a Jhod uma toalha limpa. Jhod se recompõe e limpa as mãos e o rosto.{/n}"
    },
    {
      "Key": "6a89e6b7-82ec-4183-9c8d-54c545f330f2",
      "Value": "\"Aprendemos que eu era um tolo pomposo e Tristian estava certo o tempo todo. Não é uma doença, mas um parasita. Algo de origem vegetativa – lembra uma semente. Sinto muito, meu amigo – eu deveria ter sacudido menos minha língua e ouvido você mais!\""
    },
    {
      "Key": "8b0360e8-3d69-49bc-9111-c3a5b2186959",
      "Value": "\"Sim! Sim, agora que sabemos o que fazer, podemos extrair as sementes com muito menos risco para os pacientes e com muito menos sofrimento!\""
    },
    {
      "Key": "208c180e-ce63-4e2e-b864-b343e53699dd",
      "Value": "\"Ainda há muitos pacientes aqui. Vamos começar a trabalhar com eles imediatamente. E você, Sua Graça, pode querer procurar a fonte dessa doença! Ainda não sabemos de onde vêm essas sementes nem como elas entram no corpo das pessoas.\""
    },
    {
      "Key": "4cf626b1-7d17-47af-960f-2c6f1c255c22",
      "Value": "\"Obrigado por sua ajuda, Sua Graça.\""
    },
    {
      "Key": "5365a3d3-13d9-4b0f-9d4c-93a86f235379",
      "Value": "\"Por favor, encontre a fonte dessas sementes miseráveis!\""
    },
    {
      "Key": "f1480fdc-4a7e-4285-8c66-efbd6b705fcf",
      "Value": "\"Por favor, não diga isso. Foi um palpite de sorte, nada digno de seu elogio.\""
    },
    {
      "Key": "ca71a388-3eec-46f9-9423-c8c111f01518",
      "Value": "\"Novos pacientes chegam diariamente. E quantos nunca chegam a um hospital? Nossos esforços aqui não são suficientes por si mesmos. Precisamos encontrar a raiz desse problema.\""
    }
  ]
}