{
  "$id": "1",
  "strings": [
    {
      "Key": "b480f194-2ec5-4e70-bcea-e7349803ee90",
      "Value": "\"Quem é você?\""
    },
    {
      "Key": "8c512942-e5a4-4b2c-ae7b-9faaf5dab6c0",
      "Value": "\"Quem é sua dama?\""
    },
    {
      "Key": "e71f0bf3-c4df-4e7f-b9ef-ed6ef73f5364",
      "Value": "\"O que você sabe sobre Briar?\""
    },
    {
      "Key": "d8af21c8-9380-45a6-8e54-c6a9d117ce9f",
      "Value": "\"Eu preciso passar por esse portal, mas não tenho vontade de matar você. Talvez possamos chegar a um acordo?\""
    },
    {
      "Key": "47ce27fe-7e41-4abf-8bad-758ed596e7e4",
      "Value": "[Atacar] \"Você não deveria estar no meu caminho.\""
    },
    {
      "Key": "c9d9d155-c6d4-4a3f-862b-65cbe5840cda",
      "Value": "{n}A escuridão visível por trás das fendas no leme da criatura está totalmente escura, mas você ainda sente seu olhar sobre você – inabalável, sondando.{/n} \"Ah, {mf|o pequeno rei|a pequena rainha} do castelo de areia Como está o seu reino? Ainda me resta algo?\""
    },
    {
      "Key": "1470056b-e283-47aa-b27f-8ece1c4a823e",
      "Value": "\"Você pode me chamar de Caçador de Chifres. Na corte de qualquer governante, há um lugar para gente como eu. Você gosta de caçar, não é? Mas suponho que aqui, no mundo mortal, você caça alces ou ursos como jogo. Caço mais... bestas impressionantes para minha dama. Monstros antigos, alienígenas dos reinos exteriores... e auto proclamados {mf|reis|rainhas} que pensariam em nos desafiar.\""
    },
    {
      "Key": "d0a960b9-87ed-49ba-91dd-fda9c07231ac",
      "Value": "\"O que, você veio até aqui sem saber com quem estaria enfrentando? A autoconfiança dos mortais sempre me surpreende. É como se você pensasse que você, não eu, reviverei no {g|First World}Primeiro Mundo{/g} caso surja algum problema. Sirvo minha senhora Nyrissa, a Senhora das Mil Guirlandas. E você está no limiar de seu domínio.\""
    },
    {
      "Key": "cef42aae-cae9-4a61-a893-2a0df63c87c6",
      "Value": "{n}A criatura inclina a cabeça e respira alto, como se estivesse farejando.{/n} \"Curioso. Você carrega consigo o que os servos da minha dama passaram anos procurando nas {g|Stolen Lands}Terras Roubadas{/g}. Vou ter que relatar isso. Ou, melhor ainda, eu poderia simplesmente esperar um pouco e tirar Briar do seu cadáver. Você tem uma preferência?"
    },
    {
      "Key": "f56bb9d6-ae29-48ea-ba81-40d7ac1dcded",
      "Value": "\"Um acordo? Comigo?\" {n}O Caçador de Chifres encolhe os ombros.{/n} \"Eu não ia lutar com você de qualquer maneira. Afinal, eu não sou a guarda deste portal. Quanto à guarda real... bem, eu não pense que estará interessado em fazer qualquer 'acordo' com você!\""
    },
    {
      "Key": "200a88b1-b66d-4045-8bbe-2e97e25bc282",
      "Value": "\"O que faz você pensar que sou eu quem fica no seu caminho? Eu sou o Caçador de Chifres, não o Guarda. Se você está tão interessado em uma luta, tente derrotar isso...\""
    },
    {
      "Key": "c6fbff39-cb33-44a7-af3f-42702978a3d0",
      "Value": "{n}...Você ouve antes de vê-lo. Um ruído estridente e vacilante pode ser ouvido de todos os lados. O som em si se move como se estivesse vivo, lavando sobre você e revertendo, perfurando seus ouvidos e ecoando nas profundezas de sua consciência. E então...{/n}"
    },
    {
      "Key": "ae631fa2-2582-4c17-bf3b-7d69248c7bf4",
      "Value": "\"Eu sei que não é um brinquedo para os mortais. E eu sei que minha amante ficará feliz se eu trouxer Briar para ela. Minha amante é difícil de agradar, então eu valorizo todas as chances.\""
    },
    {
      "Key": "b5da7b31-d0e3-48f0-a5d9-097678d77949",
      "Value": "\"Ah, o traidor também está aqui. Você era um servo pobre de {g|Sarenrae}Sarenrae{/g} e igualmente decepcionante para minha amante. Vou gostar de ver você decepcionar sua terceira {mf|mestre|amante }.\""
    },
    {
      "Key": "d2b31e70-558c-45fc-a224-a54078c01e15",
      "Value": "\"Não é tão difícil. Nyrissa sempre parece gostar da morte e destruição que ela causa.\""
    }
  ]
}