{
  "$id": "1",
  "strings": [
    {
      "Key": "6c765912-14b6-4970-9aaf-40bcdb57ee2f",
      "Value": "{g|Arcane4_1} [Efeitos de decisão]{/g} \"Eu proíbo esse necromante de praticar suas artes das trevas no meu reino.\""
    },
    {
      "Key": "c06355e7-85d0-44a7-ad85-dbdaa70faab0",
      "Value": "{g|Arcane4_2}[Efeitos de decisão]{/g} \"Sua oferta parece promissora. O necromante receberá sua licença.\""
    },
    {
      "Key": "a6084274-67cf-4fce-b188-59cc18ffc8b3",
      "Value": "\"Vou confiar nos seus conselhos neste assunto.\""
    },
    {
      "Key": "70b71eed-6f4c-43c4-a9d3-b8e4d93bd394",
      "Value": "\"Tenho novidades. Mais e mais magos vêm à nossa capital todos os dias – e parece que um pequeno bairro de magos está se formando em torno do avaliador de artefatos. Há novas livrarias, novos laboratórios de alquimia e agora temos um salão de ilusionista! Essa mulher pode conjure mais vestidos, maquiagem e penteados do que você pode imaginar! Perfeito para uma noite fora – lembre-se de voltar para casa antes que a magia acabe!\""
    },
    {
      "Key": "83c68394-a43c-4a38-abe6-2f26322356e5",
      "Value": "\"Tenho o prazer de informar a Sua {mf|Graça|Graça|Alteza|Alteza} que as artes mágicas floresceram em nossas terras, e a cada dia mais e mais usuários mágicos se reúnem em nossa capital. Uma espécie de bairro mago começou a se formar em torno do avaliador de artefato - livrarias, laboratórios de alquimia e até mesmo uma sala de ilusionistas. No entanto, esse crescimento rápido também atrai mais... praticantes duvidosos.\""
    },
    {
      "Key": "eaf6f88b-6307-43c5-aae5-8f2c0b5a3801",
      "Value": "\"As artes místicas estão gradualmente se enraizando em sua capital... tanto quanto se pode esperar em uma era tão primitiva. Como formigas pululando em um monte, mais e mais pessoas se reúnem em torno daquele avaliador de artefato. Com que orgulho eles o apresentam com seus pergaminhos mal desenhados e tinturas de dente-de-leão! Mas um deles prova ainda mais divertido...\""
    },
    {
      "Key": "b0c5f5a3-c5ea-4f84-8f7b-5fac59218b75",
      "Value": "\"No entanto... há um lado mais sombrio nessa expansão. Um necromante de Geb está tentando estabelecer uma loja em seu domínio. – Ele deseja criar servos mortos-vivos e alugá-los como mão-de-obra barata! Em sua terra natal, esqueletos até os campos, cortar derrubar árvores e minério... enquanto em outros lugares, em todo o mundo, a Necromancia é estritamente proibida, pois, para animar um corpo morto, é preciso cortar um pequeno fragmento da alma que antes residia dentro dele! Em troca, ele prometeu nos fornecer um novo lote de 'trabalhadores'...\""
    },
    {
      "Key": "82d18acf-6607-42d5-9b6e-b4507477d759",
      "Value": "\"Fui abordado por um mestre necromante de Geb. Considerando que seu ofício é proibido e difamado em todo o mundo, ele sugere um acordo. Nós fornecemos a ele uma licença, permitindo que ele forneça 'serviços de aluguel de energia de trabalho não vivos' – o que significa permitiremos que ele crie trabalhadores mortos-vivos e os alugue para fazendas, serrarias e armazéns. Em gratidão, ele nos entregará seu primeiro lote de 'trabalhadores'.\""
    },
    {
      "Key": "5f5971ea-7c84-47d8-8964-5a37f8a0fe80",
      "Value": "\"Um vendedor ambulante insignificante, que se atreve a se chamar necromante, procurou uma audiência comigo. Ele nos pediu que lhe desse uma licença que lhe permitisse criar escravos mortos-vivos que ele poderia alugar em fazendas, serrarias e minas. Poder sobre a própria morte e os espíritos dos mortos, até o segredo da vida eterna – tudo bem debaixo do nariz dele! E seu único pensamento é alugar mão-de-obra agrícola!\""
    },
    {
      "Key": "e0fe3f4f-7b83-4e66-ad09-f312aa82a8f1",
      "Value": "\"Maravilhoso! Espero que esse abutre saia da capital para sempre, assim que eu lhe der as notícias.\""
    },
    {
      "Key": "5e1cab9a-ce8d-4ddf-9ac7-b6885c729d75",
      "Value": "\"Eu apoio esta decisão de todo o coração, Sua {mf|Graça|Graça|Alteza|Alteza}.\""
    },
    {
      "Key": "ee7c0326-e6a9-4103-8146-ed078224a569",
      "Value": "{n}\"Maegar\" se inclina para você com satisfação sombria.{/n} \"Vou contar ao necromante sua decisão. O poder e o poder de nossas terras se multiplicarão.\""
    },
    {
      "Key": "103b9d5f-13d0-4c08-bdde-be791c405893",
      "Value": "\"Informarei o necromante que suas artes das trevas não têm lugar nessas terras.\""
    },
    {
      "Key": "0ead3a34-b1d5-4f75-ae14-00d9a1b6839c",
      "Value": "\"Ele me garantiu que trabalha apenas com 'materiais doados de boa vontade' – corpos de camponeses que assinaram um contrato antes da morte. No entanto, aconselho que você recuse sua oferta. É preciso lembrar que o necromante deve cortar um pequeno pedaço de a alma que partiu, a fim de animar um corpo. Tenha também em mente que nossos trabalhadores vivos não podem competir com escravos mortos-vivos. Assim, nosso bom povo ficará ainda mais pobre - e será forçado a vender seu próprio trabalho por ainda menos. Isso resultaria em um ciclo vicioso, tornando nosso estado completamente dependente dos serviços dos necromantes.\""
    },
    {
      "Key": "a1b515ee-0983-4b30-8cd1-cd552f5d8a27",
      "Value": "\"Apenas pensar nisso me deixa doente. Ele promete apenas usar aqueles que assinam um contrato enquanto ainda estão vivos, vendendo seus próprios corpos por algumas moedas de ouro. No entanto, tenho poucas dúvidas de que isso levará a todos os tipos problemas. Primeiro, cidadãos empreendedores compram pás e desenvolvem o hábito de fazer visitas noturnas ao cemitério. Depois, mendigos e órfãos começam a desaparecer das ruas... Não, {name}, não podemos permitir que isso aconteça!\""
    },
    {
      "Key": "5e917e4c-057e-4fdd-8ea1-54b842cde177",
      "Value": "\"No entanto, em troca de sua licença, ele promete nos fornecer seu primeiro lote de 'trabalhadores'. É claro que devemos concordar com sua oferta. Não importa o quão lamentável suas criações possam ser, um escravo morto-vivo sempre vale mais do que um vivendo um. Os mortos-vivos nunca se cansam e nunca ficam doentes. Eles obedecem a ordens sem questionar. Eles não precisam de salário, comida ou descanso – nem luz."
    }
  ]
}