{
  "$id": "1",
  "strings": [
    {
      "Key": "076caef5-2bea-488f-94e8-e1d3e473eff5",
      "Value": "[Sair]"
    },
    {
      "Key": "4a6ea337-78da-4fe8-ae55-dbb533346a71",
      "Value": "[Pegue as jóias]"
    },
    {
      "Key": "8fd109ef-973f-40f0-a860-dad1ce150d40",
      "Value": "[Recolha algumas flores e coloque-as perto do corpo]"
    },
    {
      "Key": "e06cc061-4816-4bba-968e-f089bc24b071",
      "Value": "[Pegue o anel que você coletou na Árvore-Sagadeira e coloque no corpo]"
    },
    {
      "Key": "31317437-60ea-4683-8cb1-60bff9f08410",
      "Value": "[Detectar Magia] \"Eu me pergunto que encantamentos foram lançados nela...\""
    },
    {
      "Key": "d229b862-9b13-4ec2-9533-49fd7b4a6508",
      "Value": "\"Quem está aí? Mostre-se!\""
    },
    {
      "Key": "33d8c8f4-2ef5-4d27-a012-ade3b1e8b750",
      "Value": "{n}O cadáver de uma menina bonita fica no meio da clareira. Você pode ver a mancha negra de sangue em seu vestido esvoaçante. Apesar dos anos que se passaram desde a morte da garota, o corpo não apresenta sinais de decadência. Suas mãos pálidas, segurando um lírio branco, estão dobradas em seu peito pacificamente, e uma coroa de flores frescas coroa sua cabeça. Há o brilho de jóias finas em seu corpo – um colar, brincos e um anel em seu dedo. Ao estudar as jóias, você ouve vozes sibilantes de todas as direções – feéricas – mas, apesar do número de vozes, não consegue ver nenhuma.{/n} \"Pegue logo! Pegue logo! Deixe o Nyta dormir ou você vai se arrepender.\""
    },
    {
      "Key": "9e9b3f85-6911-4c13-b180-c11303c48325",
      "Value": "{n}Ignorando as ameaças das fadas, você recolhe o ouro do corpo.{/n}"
    },
    {
      "Key": "673ef48d-9e51-457d-86ec-43ed94552d00",
      "Value": "{n}O anel que você encontrou na Árvore-Sagadeira começa a brilhar suavemente. Enquanto isso, você ouve o som fraco de uma mulher chorando... mas é estranhamente removido como se viesse de longe.{/n}"
    },
    {
      "Key": "1f6aa6c1-bccc-47e3-94f5-b75aa58825e6",
      "Value": "{n}Você recolhe flores frescas e as coloca sobre os restos da menina.{/n}"
    },
    {
      "Key": "849bf331-fa05-4339-a37e-010538eaecac",
      "Value": "{n}Você coloca o anel brilhante no peito da garota e ouve um suspiro de alívio.{/n}"
    },
    {
      "Key": "9f6b4d00-005f-4a20-8989-5ed8426f6538",
      "Value": "\"Nós encontraremos você...\" {n}- o assobio aparentemente vem da própria coroa da floresta. -{/n} \"Você vai se arrepender... vai se arrepender...\""
    },
    {
      "Key": "128efd08-5367-4af4-8fa9-1cbc24ed70e2",
      "Value": "{n}O corpo tem um forte encanto de preservação que mantém a cárie afastada.{/n}"
    },
    {
      "Key": "aab54ed1-ae7b-43dd-a564-6ea7169ab366",
      "Value": "{n}Os escárnios e ameaças das fadas tornam-se murmúrios, depois se dissolvem em silêncio.{/n}"
    },
    {
      "Key": "e9ed9373-d796-4975-a5a5-858bd361b541",
      "Value": "{n}Uma onda de risadinhas e alguns golpes zombeteiros (comparando você com o fim desfavorável de uma mula) são sua única resposta.{/n}"
    },
    {
      "Key": "477b13c3-5997-4baf-bde6-e80a86edeb24",
      "Value": "\"Ei, de quem você está rindo? Venha aqui, covardes, tente rir na minha cara!\""
    },
    {
      "Key": "851c5016-a33d-43d3-8fd8-7725d636243c",
      "Value": "\"Esta é a terra das fadas. Suas piadas podem ser cruéis, mas seus corações não são maus. Irritá-los é imprudente.\""
    },
    {
      "Key": "3267ee09-b95c-4902-81e0-613bd8f31330",
      "Value": "\"Oh, você não diz. Você acha que me irritar é sábio? Deixe-me pegar essas pragas e veremos quem ri então!\" {n}O meio-orc balança os punhos para os zombadores invisíveis.{/n}"
    },
    {
      "Key": "f9daf864-e276-4a91-8bee-e2d407e81b46",
      "Value": "\"Tão triste e romântica... Quem quer que ela fosse, alguém realmente a amava!\""
    }
  ]
}