{
  "$id": "1",
  "strings": [
    {
      "Key": "4ccf0418-16e9-4a52-b43a-dbb5022526c5",
      "Value": "{n}As roupas do mago estão encharcadas de sangue. Seu rosto está desfigurado e um dos seus olhos está desaparecido. Ele está além do resgate. Com tremendo esforço, ele move seus lábios inchados e ensanguentados para falar, sua voz quase um sussurro.{/n}"
    },
    {
      "Key": "283cf581-99ac-451e-8235-17bdfc3f10fc",
      "Value": "{n}Um hematoma enorme cobre metade do rosto do mago e suas roupas estão manchadas de sangue, mas sua vida está fora de perigo.{/n}"
    },
    {
      "Key": "6690eda8-e6ea-4f1b-ae9a-34eb4a85915f",
      "Value": "\"Que surpresa... {mf|O barão|A baronesa} em pessoa me agraciou com uma visita... Se você viesse mais cedo... Sua Graça...\""
    },
    {
      "Key": "9a159d11-beb8-4127-a523-909a6b63ad60",
      "Value": "\"Tarde demais... Sua Graça... Uma vergonha... Eu tinha planos... tantos planos... Não há tempo agora...\""
    },
    {
      "Key": "b7562262-1c1d-44a5-8642-4abe50a3648f",
      "Value": "\"Você... eu deveria ter fugido... uma vez que ficou claro... {mf|O barão|A baronesa} local era um{mf||a} idiota covarde... Deveria... Mas eu pensei... você deveria proteger...\""
    },
    {
      "Key": "eaeed4ab-2fb1-4af3-a73e-b43dc0143eda",
      "Value": "\"Meu {mf|barão|baronesa}! Você não poderia ter escolhido um momento melhor para uma visita. Deixe-me apresentar: Bartholomew Delgado, um estudioso independente da ciência esotérica. Eu me retirei para as regiões selvagens, na esperança de encontrar a paz pelos meus estudos... Que ingênuo, ha-ha-ha!\""
    },
    {
      "Key": "0b361da3-8abf-4c19-b982-2de9695d53b8",
      "Value": "\"{mf|Meu barão|Minha baronesa}! Você chegou bem a tempo. Eu estava começando a pensar que tudo terminara para mim...\" {n}Bartholomew faz uma careta de dor enquanto chuta o cadáver do troll.{/n} \"Besta! Monstro imundo! Seu animal fedorento! Deuses, isso dói... Eu não suporto a dor!\""
    },
    {
      "Key": "71797ee3-8539-445f-862a-670f77e68756",
      "Value": "\"Então você veio, afinal. Eu acho que você é capaz de proteger seus súditos, não apenas roubá-los. Admito que nunca estive tão feliz por estar enganado sobre uma pessoa.\""
    },
    {
      "Key": "c6de51c5-c4a3-4949-8465-6d2782801002",
      "Value": "\"Eles são ladrões... como você... Roubaram um item precioso... Meu chicote. Mas agora eu sei... onde está o covil... O mapa...\" {n}Bartholomew aponta para um local no mapa com o dedo quebrado, deixando uma impressão digital sangrenta para trás.{/n} \"Mate-os... Todos eles... Ou melhor, morra lá...\""
    },
    {
      "Key": "02f9726d-919f-4972-8bcd-5ee47cdd20be",
      "Value": "{n}Octavia cospe no chão perto do cadáver do mago.{/n} \"Não conte com isso.\""
    },
    {
      "Key": "ad14b5ea-f56d-4839-87c5-17a92bb94c09",
      "Value": "\"Eles roubaram... um item extremamente precioso... meu chicote. Mas agora eu sei... onde fica o covil... O mapa...\" {n}Bartholomew aponta para um local no mapa com o seu quebrado dedo, deixando uma impressão digital sangrenta para trás.{/n} \"Desde que você... não poderia me proteger... Você poderia pelo menos... vingar...\""
    },
    {
      "Key": "2166cf80-22c2-480f-8000-3da55e85cdad",
      "Value": "{n}Octavia cospe no chão perto do corpo do mago.{/n} \"Serve bem.\""
    },
    {
      "Key": "e0d9678e-9074-4a94-8666-c2515184c1a4",
      "Value": "{n}Depois de recuperar o fôlego, o mago manca até a mesa e tira um mapa da gaveta.{/n} \"Um desses animais roubou algo importante para mim. Felizmente, ficou encantado, então rastrear o ladrão ganhou não foi problema. Aqui está a localização do covil deles.\" {n}Ele faz uma marca no seu mapa.{/n}"
    },
    {
      "Key": "62568f83-6c2d-4fd1-be4a-8c40915be576",
      "Value": "\"Acho que não estou em condições de acompanhá-lo. Aqui, pegue mais algumas varinhas ácidas – elas devem ajudar. E mais uma coisa, Sua Graça... O item que mencionei é um chicote com cabo de osso. – é um item de valor sentimental. Devolva-o e ficarei agradecido.\""
    },
    {
      "Key": "4eb69f89-e800-40c7-890a-a7a18e2b5a6e",
      "Value": "\"Agora, eu sei que você tem pouco respeito pela propriedade privada, mas se você recuperar o que foi roubado, eu pagaria pelo seu retorno seguro. É um chicote com cabo de osso. Uma ninharia, na verdade, mas guarda boas lembranças para mim.\""
    },
    {
      "Key": "0e75ccb0-1d10-476e-8015-5f3b99fb70fb",
      "Value": "\"Agora devo pedir que você saia. Tenho vários procedimentos desagradáveis para executar.\" {n}O mago abre um tomo e começa a folhear silenciosamente, ignorando você.{/n}"
    }
  ]
}