{
  "$id": "1",
  "strings": [
    {
      "Key": "bb2e98a3-5f19-4efe-858e-c6f77834548d",
      "Value": "\"Quem era seu filho? Ele tinha algum inimigo?\""
    },
    {
      "Key": "e00ee62e-fad4-456a-987a-de3316a44ae5",
      "Value": "\"Como seu filho morreu?\""
    },
    {
      "Key": "b09d02ec-ae7b-4978-8a40-8ee738009a1c",
      "Value": "\"De que mortes misteriosas você está falando?\""
    },
    {
      "Key": "1d220cb9-3a1d-4b30-a5ad-f91557ed09f8",
      "Value": "\"Vou tentar chegar ao fundo disso.\""
    },
    {
      "Key": "e55fba50-5061-4502-b5ee-8367bda4df03",
      "Value": "\"Vou deixar os guardas em seu dever.\""
    },
    {
      "Key": "62715a58-2889-4f3e-834d-1d2f1023f5dc",
      "Value": "\"Você não vai a lugar nenhum. Guardas! Coloque essa bruxa e seus parentes acorrentados!\""
    },
    {
      "Key": "e91e8370-07a5-45a2-9691-56a2e894ee72",
      "Value": "{n}A mulher que está diante de você não é jovem. Sua postura irrepreensível e seu traje de veludo atestam sua riqueza e nobreza. Mas as rugas em seu rosto testemunham uma tristeza secreta.{/n} \"Saudações, {mf|Sua Graça|Sua Graça|Sua Alteza|Sua Alteza}. Deixe-me apresentar-me. Eu sou Jaronna Al'navi, chefe de a família Al'navi.\" {n}Ela suspira profundamente.{/n} \"Mas meu nome não tem importância. Minha família e eu vamos deixar seu domínio hoje.\""
    },
    {
      "Key": "e6edf005-7ecb-484a-aa67-eea68e52a34e",
      "Value": "{n}A mulher olha para você solenemente, mas sem afronta.{/n} \"Meu filho morreu misteriosamente há uma semana. Seu corpo foi examinado; a morte parecia natural. Mas é óbvio para qualquer pessoa razoável que um homem em sua prime não pode simplesmente cair morto.\""
    },
    {
      "Key": "dda8b582-2c52-42ef-95e3-e931ece8b509",
      "Value": "\"Seus súditos falharam em me mostrar misericórdia ou compreensão. Agora, temo que essa 'morte súbita' também encontre meus outros parentes. – Especialmente agora que mortes misteriosas e inexplicáveis estão se tornando mais comuns em suas terras. Minha partida é uma questão resolvida, mas ainda acredito na lei e na justiça. Talvez agora você possa escolher intervir e proteger aqueles que confiam em você.\""
    },
    {
      "Key": "653e9fd0-cefc-4903-a318-f4093b98c701",
      "Value": "\"Meu filho era advogado. Ele promoveu vários interesses e lidou com os negócios de vários comerciantes. Ele mal podia praticar sua profissão sem criar alguns inimigos. No entanto, não tenho certeza se poderia apontar para alguém em particular.\""
    },
    {
      "Key": "6642d1e5-0286-4a57-8210-aff92b00fb95",
      "Value": "\"Durante uma caçada, cercada por amigos. Dizem que encontraram meu pobre filho de manhã. Seu corpo já estava em rigor e seu rosto... seu rosto estava congelado na última expressão que ele tinha – terror. Não havia.\" uma única marca em seu corpo, e sua comida e vinho foram compartilhados com os outros.\""
    },
    {
      "Key": "2dccc741-ee47-472b-a2d9-3d8e5fb7bd1d",
      "Value": "{n}Jaronna aperta os lábios.{/n} \"Não há fofocas que contenham, {mf|Sua Graça|Sua Graça|Sua Alteza|Sua Alteza}. Nas últimas semanas, muitas senhoras e senhores morreram em circunstâncias misteriosas.\""
    },
    {
      "Key": "77fa2b1d-70af-4e54-89a3-6373c5e2bd0b",
      "Value": "\"Você... Tirano imundo! Eu nunca deveria ter buscado justiça de você! Eu te amaldiçoo!\""
    },
    {
      "Key": "35feeac4-2b23-41b6-8993-d7271dc5752d",
      "Value": "\"Como quiser. Mas de agora em diante colocarei minha vida nas mãos de agentes da lei mais competentes que a sua. Adeus, {mf|Sua Graça|Sua Graça|Sua Graça|Sua Alteza|Sua Alteza}.\""
    },
    {
      "Key": "ee1d9100-2498-4cbf-add1-1308c46a5189",
      "Value": "{n}A expressão de Jaronna se suaviza.{/n} \"Eu esperava que a justiça fosse feita depois de falar com você. Obrigado, {mf|Sua Graça|Sua Graça|Sua Alteza|Sua Alteza}. Maio {g|Abadar}Abadar{/g} esteja com você!\""
    },
    {
      "Key": "2f118e18-c1de-43cd-bd6e-d538159b638b",
      "Value": "\"Os guardas declararam que todos os casos eram apenas contratempos. Acho bastante suspeito que cavaleiros experientes caiam de seus cavalos e quebrem seus pescoços, ou jovens belezas morrem de pequenos cortes que passam em um passeio.\""
    }
  ]
}