{
  "$id": "1",
  "strings": [
    {
      "Key": "c221a17e-4a65-4284-8d8e-036d6066f323",
      "Value": "\"A estátua era antiga e fácil de quebrar. Não tente ver sinais ocultos onde não há nenhum.\""
    },
    {
      "Key": "810c081d-84c3-4035-acba-63f17859eef4",
      "Value": "[Sair] \"Pare de choramingar. Vamos lá, ainda temos muito o que fazer.\""
    },
    {
      "Key": "8ae73f3e-d904-44f2-a65f-33413c8c64c4",
      "Value": "\"Era apenas uma estátua antiga. O que Torag tem a ver com isso?\""
    },
    {
      "Key": "1b93226f-d26d-486c-a391-1ac56594a687",
      "Value": "\"Você confunde a razão com a conseqüência. Os adoradores de Torag deixaram este lugar. A fé deles não fortalece mais Torag, então ele não precisa proteger esta fortaleza.\""
    },
    {
      "Key": "95f9fc88-b550-4055-bd5d-70e24c6299b0",
      "Value": "\"Você está meio certo. Claro, você não pode confiar em Torag... mas também não pode confiar em nenhum dos outros! Eles são todos iguais!\""
    },
    {
      "Key": "e7600a2a-0c10-4167-9986-4d797656ebd1",
      "Value": "\"Torag nunca abandona seus filhos. Eles deixaram este lugar, e ele o seguiu.\""
    },
    {
      "Key": "b8558fde-2830-4f0d-958c-489a7ac1bea8",
      "Value": "\"Você confundiu o deus com a escultura que o representava,\" {n}observa Ekun calmamente, mas Harrim não o ouve ou simplesmente não se importa.{/n}"
    },
    {
      "Key": "7054553b-e67e-4d45-a5a4-30152e5b3648",
      "Value": "\"Você está errad{mf|o|a}, {name}. Não é apenas uma estátua. É um símbolo. A fé alimenta os deuses, assim como a comida nutre nossos corpos mortais. E os símbolos da fé são os canais pelos quais os deuses se comunicam com os fiéis.\" {n}Ele olha severamente para o pedestal, onde estava a estátua, mas apenas a pedra dos pés de Torag permanece agora.{/n} \"Este símbolo é destruído. Portanto, {g|Torag}Torag{/g} é fraco, {name}. Se ele pudesse proteger este lugar, não permitiria que tal desolação acontecesse.\""
    },
    {
      "Key": "ac5a930f-6bf3-464d-b76a-de0c71a216fb",
      "Value": "\"Você é ceg{mf|o|a}. Como essa estátua poderia ser destruída, se {g|Torag}Torag{/g} estava protegendo este lugar? Como os anões poderiam perecer aqui se Torag se importasse com eles?\" {n}Harrim pressiona os lábios.{/n} \"Não, {name}. Todo este lugar é um hino da vitória do esquecimento sobre a fraqueza. A vitória de {g|Groetus}Groetus{/g} sobre Torag.\""
    },
    {
      "Key": "da11ab59-4cfe-43fb-a91f-9ddae2874fb0",
      "Value": "{n}Harrim abre a boca para se opor, mas aparentemente não consegue encontrar bons argumentos. Finalmente, ele desiste de você.{/n} \"Você é tão ceg{mf|o|a}, {name},\" {n}ele diz, apenas para preencher o silêncio e se afasta.{/n}"
    },
    {
      "Key": "0a045133-4732-41fb-b92e-09bf4c6a516f",
      "Value": "{n}O anão se afasta da estátua e persegue atrás de você, olhando para o chão.{/n}"
    },
    {
      "Key": "1f0afa6f-beea-4cd9-b779-1e326aaaf2ee",
      "Value": "{n}Você lança um olhar para Ekun, esperando que ele defenda {g|Torag}Torag{/g}, mas o guarda apenas encolhe os ombros.{/n} \"Não faz sentido convencer demais\" {n}ele diz, olhando para Harrim.{/n}"
    },
    {
      "Key": "540cf770-134c-4415-818a-46e9fa2391f7",
      "Value": "\"Você é fraco, {g|Torag}Torag{/g}. Fraco e patético. Como você, o Deus de Todos os Anões, o Grande Criador, pode ser derrubado por algum troll inútil?\""
    },
    {
      "Key": "b156e4a4-d906-4747-993e-c29926cc5239",
      "Value": "\"Além disso, como os anões podem confiar em você, seu deus traidor? Como você pode proteger seu povo se é incapaz de se defender?\""
    },
    {
      "Key": "77312718-2945-4663-a8ea-cb57fe16d664",
      "Value": "\"Os deuses não são patéticos. Aqueles que se agacham e imploram por caridade, depois choram quando não recebem migalhas da mesa divina, por outro lado...\""
    },
    {
      "Key": "30788f99-aed4-4e7c-be23-46c908cc651d",
      "Value": "\"'Nunca abandona' '{name}? Nunca abandona?! Você só pensa nisso porque ele ainda não a abandonou!\""
    },
    {
      "Key": "090c90ea-fb73-4c58-a785-09a456e4d7ee",
      "Value": "\"Não, {name}, no... Você não sabe o que fala! Temo por sua alma. E se suas palavras infiéis resultarem em você passar a eternidade vagando no {g|Boneyard} Boneyard{/g}?\""
    }
  ]
}