{
  "$id": "1",
  "strings": [
    {
      "Key": "0b84379e-edef-43d0-b392-afbaa07fb8b3",
      "Value": "\"Conte-me mais sobre a investigação.\""
    },
    {
      "Key": "a26f16d5-1b53-48f6-b9bc-21dc357f52f9",
      "Value": "\"Ele me pediu para me livrar de você.\""
    },
    {
      "Key": "f2249b02-a285-4e92-9501-1dcc4e7649f8",
      "Value": "\"Ele me pediu para me livrar de você. Eu menti para ele e disse que tentaria ajudar.\""
    },
    {
      "Key": "012edad5-76d5-44b2-96ba-3fa6fc15e16e",
      "Value": "\"Ele me pediu para me livrar de você. Eu o afastei.\""
    },
    {
      "Key": "a9887253-bff3-48ae-a198-b444ff6febd9",
      "Value": "\"Ele me pediu para me livrar de você. Eu o ataquei, mas ele conseguiu fugir.\""
    },
    {
      "Key": "6bc81fa6-1a3a-4dfa-96a8-99f3d4873d18",
      "Value": "\"Darven é um oponente perigoso e astuto. Você o persegue há muitos anos e ainda não conseguiu capturá-lo. Você não deve subestimá-lo.\""
    },
    {
      "Key": "acaeb0a2-5f2b-40bc-96f6-9893e2ec00b3",
      "Value": "\"Ele falou comigo através de uma ilusão. Eu não tive chance de pegá-lo.\""
    },
    {
      "Key": "a2c329d3-f492-4457-b114-c8ba6238bcd1",
      "Value": "\"Segure sua língua, Linxia. Lembre-se de quem você está falando.\""
    },
    {
      "Key": "c584a91d-be0f-4ea3-bc68-6fa4b036b80b",
      "Value": "\"{mf|Barão|Baronesa|Rei|Rainha}? É um prazer vê-lo aqui.\" {n}A voz de {d|Linxia}Linxia{/d} está sem emoção como sempre.{/n} \"A investigação está bem encaminhada. Em breve encontraremos Darven. Mas eu gostaria de saber – como você encontrou este lugar?\""
    },
    {
      "Key": "f2adaced-e6fe-4eb8-8b15-390f92982b8a",
      "Value": "\"{mf|Barão|Baronesa|Rei|Rainha}? Como você chegou aqui? Quem lhe falou sobre este lugar? {d|Linxia}Eu{/d} exijo respostas!\""
    },
    {
      "Key": "c6e72528-ca62-4d10-b2ba-6080ad679cf6",
      "Value": "{n}Linxia encolhe os ombros.{/n} \"Interrogamos a população da capital, mas ninguém provou ter pistas sólidas. Agora, passamos nossa investigação para as aldeias vizinhas. Encontrarei Darven, o que for preciso. Hoje, amanhã, em uma semana ou em um ano. Ele não vai me escapar.\""
    },
    {
      "Key": "84c5a055-670d-46b5-be19-08a8549decbe",
      "Value": "\"Mas você nunca respondeu à minha pergunta. Como você chegou aqui?\""
    },
    {
      "Key": "1c8ebf70-5ce2-4b7d-975f-13ba4c4d7a1a",
      "Value": "\"O que?!\" {n}A mão de Linxia se contrai em direção à espada e congela com o punho.{/n} \"Como isso aconteceu? Quando? Onde ele está agora?\""
    },
    {
      "Key": "794fd414-6f19-452b-a83e-590d0d33de88",
      "Value": "{n}Linxia respira fundo e recupera seu autocontrole.{/n} \"Isso é... verdade. Peço que perdoe minhas palavras imprudentes.\""
    },
    {
      "Key": "9cc48943-cf27-4cdb-85d0-f9762fcf60f2",
      "Value": "\"Não sou tão fácil de enganar, {mf|barão|baronesa|rei|rainha}.\" {n}Linxia olha para você com olhos estreitos.{/n} \"Eu não acredito em você. Eu recomendo fortemente que você me diga a verdade.\""
    },
    {
      "Key": "521c69cd-fb31-4a8f-9161-233cd0538676",
      "Value": "\"Não desta vez. Os interesses da {g|Order of the Rack}Ordem da Cremalheira{/g} exigem uma resposta direta à minha pergunta. E eu terei – da maneira mais fácil ou mais difícil.\""
    },
    {
      "Key": "6c800933-d240-4685-8b08-5cfdff4b58e3",
      "Value": "{n}Linxia agarra sua espada.{/n} \"Oh não. Você não evitará a pergunta com tanta facilidade. {g|Hellknights}Cavaleiros Infernais{/g}! Para lutar!\""
    },
    {
      "Key": "38bf0dcd-f283-4069-8823-84f09c753993",
      "Value": "\"Ótimo trabalho, meu amigo! Duvido que mais alguém possa distrair Linxia por tanto tempo. Agora, tudo o que resta é acabar com ela.\""
    },
    {
      "Key": "5e18d289-9e65-4259-8baa-cfa3549086ad",
      "Value": "\"Você deveria ter executado o criminoso, não o envolvido em conversas! Era seu dever como governante dessas terras! Ou você tem algo a esconder? Acho que vou ter que resolver isso pessoalmente. {g|Hellknights}Cavaleiros Infernais{/g}! Para lutar!\""
    },
    {
      "Key": "d47b7d93-3c0a-4632-a26f-cbc372b39437",
      "Value": "\"Então você mentiu para ele, prometendo sua ajuda, e depois o soltou? Por que você não o matou quando teve a chance? Se você realmente estivesse firmemente do lado da lei, Darven já estaria morto?\""
    },
    {
      "Key": "726a823e-e93c-473d-bce0-c010b3c65cba",
      "Value": "\"Meias medidas! A lei exige que os criminosos sejam punidos, não perseguidos! Estou começando a duvidar de que lado você realmente está.\""
    },
    {
      "Key": "b8578175-f7b1-4852-8f5c-912e0fc8b76a",
      "Value": "{n}O desprezo mal escondido brilha nos olhos de Linxia.{/n} \"Então ele escapou. Como seria de esperar do governante de um reino tão atrasado. Com todo o respeito.\""
    },
    {
      "Key": "bbaa08f5-9d1d-4a62-95e1-f233f3bef15b",
      "Value": "\"Então, você acabou de se apaixonar por um truque primitivo? Parece que até uma criança pode enganá-lo com facilidade.\""
    },
    {
      "Key": "49bfdf08-850a-45af-9420-44145f1f248f",
      "Value": "\"Oh, lembro-me perfeitamente bem de quem estou falando. Estou falando com o governante que é incapaz de capturar um único criminoso. Ou não é incapaz, mas não quer? Nós descobriremos em breve. {g|Hellknights}Cavaleiros Infernais{/g}! Para lutar!\""
    },
    {
      "Key": "3a759557-5e6a-4184-a8f1-8f7de694f2a8",
      "Value": "\"Traição! Para a batalha, {g|Hellknights}Cavaleiros Infernais{/g}! Mantenha Darven vivo, mas mate todo o resto!\""
    },
    {
      "Key": "dc56982a-7367-4268-ab17-da27ee51d886",
      "Value": "\"Nós realmente precisamos conversar com essa pessoa? As palavras mais gentis que eu poderia dar a um membro da {g|Order of the Rack}Ordem da Cremalheira{/g} seria um epitáfio.\""
    },
    {
      "Key": "a5d0ea19-2eb3-47e7-8bb2-6535b2d6dd3d",
      "Value": "{n}Linzi se afasta de Linxia.{/n} \"Ooh, queimador de livros!\""
    },
    {
      "Key": "74670096-d6cd-4015-a19d-732513ee411b",
      "Value": "\"Tanto ardor. Tão poucos resultados.\""
    },
    {
      "Key": "aa3bf718-605a-4f72-ad66-972a216adc81",
      "Value": "\"Eu vejo o pior de mim em você, Hellknight Linxia. Um ardor nobre que perdeu a alma.\""
    },
    {
      "Key": "c2b1667d-0de6-4ca4-b26a-2d4f4976fee7",
      "Value": "\"Por que ela fala assim com você? Ela é mais importante que você?\" {n}Nok-Nok olha para frente e para trás entre você e Linxia, como se estivesse comparando.{/n}"
    }
  ]
}