{
  "$id": "1",
  "strings": [
    {
      "Key": "d7f9627a-a270-4471-8e70-e9c5e668a46c",
      "Value": "\"Eu vi ninhos de pássaros no meu caminho. Carne macia... ossos ficam triturados...\""
    },
    {
      "Key": "aa6308a2-b96e-497d-8980-fd2b9c6a39df",
      "Value": "\"Eu peguei um rato! O meu! Não vai compartilhar, não pergunte!\""
    },
    {
      "Key": "82fefed8-f32a-4d2a-8687-3b6fc4c0ce05",
      "Value": "\"Eca! Me poupe seus pensamentos!\""
    },
    {
      "Key": "b07ed973-f540-4d77-b68c-ea4c3a91ee24",
      "Value": "\"Sim, carne fresca seria legal. Pena que ninguém caça hoje.\""
    },
    {
      "Key": "4ab427b8-ebfa-44c6-b1f0-5979ec351011",
      "Value": "\"Se apenas o meu tutor da família, que me incomodava com a importância de cada conjunto de talheres, pudesse ouvi-lo... sim, não se importaria com o prazer de ver seu rosto ao som do seu murmúrio!\""
    },
    {
      "Key": "c4224bd0-d2ab-4ac8-9b16-be0418853923",
      "Value": "\"Goblins comem lixo que encontram. Não há necessidade de alimentar você.\""
    },
    {
      "Key": "4f57ea8e-e596-4f37-92a9-b2096bf8cf2a",
      "Value": "\"Você poderia sobreviver no deserto, com certeza!\""
    },
    {
      "Key": "9ce31ca8-dfa7-4b69-afed-9b6a2fa288de",
      "Value": "\"Você poderia sobreviver no deserto, com certeza!\""
    }
  ]
}