{
  "$id": "1",
  "strings": [
    {
      "Key": "70dd4e81-604f-4ad8-8b34-bac4bbff798c",
      "Value": "\"Eu juro, Regongar, se não fosse por nossa causa comum, eu desafiaria você a um duelo e limparia aquele sorriso de desprezo do seu rosto!\""
    },
    {
      "Key": "102dcfca-ec25-4593-82a1-0a7ac1ffaa1f",
      "Value": "\"Ora, sua nobreza, você não deve desafiar os camponeses para duelos! Quão indecoroso seria se eles espancassem você! Não, você prefere espancá-los! Espancá-los com um chicote! Estou tirando minhas calças agora!\""
    }
  ]
}