{
  "$id": "1",
  "strings": [
    {
      "Key": "67134dd3-d273-4e5d-96b4-cce3131e20e3",
      "Value": "\"O que é essa Irmandade Tática?\""
    },
    {
      "Key": "6917beae-a754-4336-ae2d-1eda652f243f",
      "Value": "\"Nós não podemos lidar com isso – há muitos deles. O que vamos fazer?\""
    },
    {
      "Key": "83894914-988a-43cc-9a46-26fc3443fdee",
      "Value": "[Atacar] \"Não há negociações com os traficantes!\""
    },
    {
      "Key": "eab89bdb-3366-4ce0-a17c-876b58a09f11",
      "Value": "\"Amiri irá com você. Mas não pense que isso acabou!\""
    },
    {
      "Key": "b54c9446-00f8-482b-b9e4-a5381123db5b",
      "Value": "\"Tome Harrim. Mas este não é o nosso último encontro.\""
    },
    {
      "Key": "298b7118-0c88-41a9-91e9-3c024ffc5e9a",
      "Value": "\"Linzi, vá com eles. Vamos resgatá-lo, não tema.\""
    },
    {
      "Key": "bc205949-bd47-4377-8eb1-d9194aed965a",
      "Value": "\"Valerie, você terá que ser paciente. Nós vamos buscá-lo.\""
    },
    {
      "Key": "b6262d4e-4792-4d68-900f-d6924d91b379",
      "Value": "\"Leve Jaethal. Mas não imagine que você vá longe com ela!\""
    },
    {
      "Key": "5a9d8c06-67cb-46a4-95a0-519682610dc5",
      "Value": "\"Nós nos rendemos... Por enquanto. Mas você não vai se safar disso!\""
    },
    {
      "Key": "8b8cce4c-de18-4268-89c1-38c92d2d5658",
      "Value": "\"Vamos lutar até o fim!\""
    },
    {
      "Key": "a97e5dd6-4744-46c6-b826-5cdb8025acda",
      "Value": "\"Leve-me!\""
    },
    {
      "Key": "0f82fd98-d138-419e-9210-5c923ee65082",
      "Value": "[Atacar] \"Você com certeza pode conversar. Vamos ver como você luta!\""
    },
    {
      "Key": "c9f977b7-a686-459f-a8b5-f4dcd8893b6f",
      "Value": "[Atacar] \"Eu vou fazer você comer suas próprias entranhas!\""
    },
    {
      "Key": "ee0186e0-19db-45c1-abb3-1bf6d1262ee0",
      "Value": "{n}Um grupo de combatentes bem armados se aproxima. Um deles levanta a voz, apontando para você:{/n} \"Ei, pare aí mesmo! Kalannah, olhe para esta! Será que {mf|ele|ela} fará?\""
    },
    {
      "Key": "373e07f1-ac84-4e3d-bc14-63740f89ed8a",
      "Value": "{n}O líder do grupo coloca seus olhos frios e vigilantes em você.{/n} \"Este? Eu suponho... Mas eu não gosto de focinho {mf|dele|ela}.\""
    },
    {
      "Key": "47a4baab-6a2f-42cf-af6c-a7ed80df38e8",
      "Value": "{n}Ela estuda seus companheiros – com cuidado, mas com indiferença, como se estivesse examinando mercadorias no mercado.{/n} \"Escute, seus vagabundos! Somos da {g|Technic League}Irmandade Tática{/g}. Nosso escravo morreu e precisamos de um substituto. Um de vocês virá conosco. O restante de vocês está livre para ir. Aconselho contra resistência – seria um truque rápido para matar todos vocês. Escolha agora o que você darei.\""
    },
    {
      "Key": "ff400fa1-1905-49c5-ac79-4a37649484f6",
      "Value": "\"Termine {mf|ele|ela}.\""
    },
    {
      "Key": "aa07212c-45d1-4de9-bd9f-6c068056b4ec",
      "Value": "\"Uma organização muito séria de {g|Numeria}Numéria{/g}. Pessoas com quem é melhor não começar uma briga... E com quem é melhor não se incomodar com perguntas tolas.\""
    },
    {
      "Key": "ef9c53c6-1842-4fd6-ae23-7160d8f4b6e2",
      "Value": "\"Nenhuma corrente pode me segurar. Eu irei com eles, me libertarei, cortarei a garganta e voltarei, sim? Ou você pode segui-los.\""
    },
    {
      "Key": "7f2f7bba-98ce-45dd-b035-b3b542f68d3f",
      "Value": "\"Escute, {name}... eu sei a inevitabilidade da morte. Vou me sacrificar por você, sim... Deixe que eles me levem.\""
    },
    {
      "Key": "57056286-55c3-4601-bda5-de307b6fe319",
      "Value": "\"Eu nunca fui escravizado antes – isso seria novo! Me dê a eles. Não se preocupe, nada vai acontecer comigo, eu tenho muita sorte por isso! E então você pode rastreá-los e me libertar! O que você acha do meu plano?\""
    },
    {
      "Key": "2cdebb4e-4c7c-4493-9d03-89ffc9675165",
      "Value": "\"Sacrifique-me. Possuo força suficiente para suportar isso. Sei que você encontrará uma maneira de me libertar.\""
    },
    {
      "Key": "552153a0-3360-4ee0-a9a0-118ff7bcb2f6",
      "Value": "\"Escravidão? Hmmm. Eu já vi coisas piores. Me dê a esses palhaços – eles vão se arrepender de suas ações quando você vier atrás de mim.\""
    },
    {
      "Key": "f6656832-50f8-4850-b247-8539973e5175",
      "Value": "\"Grande erro.\""
    },
    {
      "Key": "6f4da27f-6e27-4d3a-a52c-e58589cc177e",
      "Value": "\"Volto em breve! E se não estiver... sei que você os encontrará!\""
    },
    {
      "Key": "db9aea5f-a18b-499f-a942-7b17df8a3a64",
      "Value": "{n}Mesmo sem olhar para você, os capangas de Kalannah batem palmas em seu companheiro e vão embora.{/n}"
    },
    {
      "Key": "27dc3a67-e34f-4d1c-957f-805ae0e27f64",
      "Value": "\"Eu não me importo de dar a minha vida, sim... Mas acho que você de alguma forma adiará meu encontro com o inevitável. Desta vez.\""
    },
    {
      "Key": "08028422-ce87-4e29-8393-c61bb69d02bf",
      "Value": "\"Minha vida está em suas mãos. Não me decepcione.\""
    },
    {
      "Key": "1db4b226-b810-4110-a610-a645967f5a07",
      "Value": "\"Não se preocupe comigo! Você vai me salvar, certo?\""
    },
    {
      "Key": "0fa15b0a-49df-4aa9-9a40-72c9bd795fb0",
      "Value": "\"Eu não digo adeus.\""
    },
    {
      "Key": "5720b6cd-5afa-40c4-83f4-b3eddc0d11a7",
      "Value": "\"Seu tempo acabou. Vamos evitar complicações desnecessárias. Qual de vocês devo levar?\""
    },
    {
      "Key": "3d898581-73f1-4b36-b3b9-f6b068bacfcb",
      "Value": "{n}Kalannah lança um olhar desdenhoso para seu companheiro caído.{/n} \"É exatamente por isso que você não deveria ter resistido à vontade da {g|Technic League}Irmandade Tática{/g}. Chega dessa comédia. Esconder suas armas – eu vou levar essa carniça. Ore para que o resto de vocês escape do mesmo destino.\""
    },
    {
      "Key": "583ecb5e-5005-4786-9aef-e615359a600f",
      "Value": "\"Eu posso suportar isso... Deixe que eles me levem – e depois venham em meu socorro.\""
    },
    {
      "Key": "61b37fe4-5837-40a1-be62-bbf110baf5a0",
      "Value": "\"Deixe que eles tomem esse corpo frágil, enquanto a vida ainda permanece por dentro... Então venha buscar os restos.\""
    },
    {
      "Key": "5ff26c5a-f5d9-420f-b9e7-0aee3ea3d487",
      "Value": "\"Estou bem... Ahem, quase... Melhor me dar a eles. Esperarei bravamente meu resgate!\""
    },
    {
      "Key": "1e8e62bf-4ffa-45f1-8c69-8e125f75b2b2",
      "Value": "\"Não há sentido em todos nós que estamos morrendo. Deite seus braços. Eu irei com eles. Volte para mim em força!\""
    },
    {
      "Key": "ef0fbbc0-e152-450c-9f63-fd1ff9f7d747",
      "Value": "\"Não podemos resistir a eles. Aceite: eles venceram. Eu irei com eles. Me procure!\""
    },
    {
      "Key": "2148ae34-8297-4249-85cf-6d91362bd3e3",
      "Value": "\"Esse é o espírito.\" {n}Depois de pegar seu companheiro que quase respira, os guerreiros da {g|Technic League}Irmandade Tática{/g} desaparecem.{/n}"
    },
    {
      "Key": "e890975e-9451-4284-80ee-638b60e74a01",
      "Value": "\"Um erro fatal.\""
    },
    {
      "Key": "d795cda9-c17a-4aba-8c6b-88476de5076c",
      "Value": "\"Você? Hmm... Não, eu não gosto de você. Eu posso ler isso no seu focinho – você não passa de problemas. Não, escolha outra pessoa.\""
    },
    {
      "Key": "57d9908b-b8f9-4f96-989b-7a04beb768e0",
      "Value": "{n}Seus companheiros fecham os punhos com raiva impotente. Seus olhares odiosos queimariam Kalannah.{/n}"
    }
  ]
}