{
  "$id": "1",
  "strings": [
    {
      "Key": "6c0a6c83-9c79-4312-8962-b4757a9b92d1",
      "Value": "\"Aquele Remus... Ele não é tão simples quanto parece. Não sei por que, mas apenas olho para ele e sei que algo está errado.\""
    },
    {
      "Key": "5222c602-255e-4caa-ab5c-9e7050236aaa",
      "Value": "\"Eu não sabia que você tinha uma visão tão apurada. Mas sim, acredito que você está certo.\""
    },
    {
      "Key": "656214f7-619b-40f9-8f55-f2623561d7ee",
      "Value": "\"Na idade dele, o medo da morte leva muitos à loucura. Embora eu não possa dizer que Remus realmente entende o que a morte realmente significa...\""
    },
    {
      "Key": "98933cfe-0007-498b-a43c-16213546ce5e",
      "Value": "\"Vi algo triste nos olhos dele... não, talvez fosse algo astuto... ou misterioso? Oh, não me escute. Estou apenas confuso.\""
    }
  ]
}