{
  "$id": "1",
  "strings": [
    {
      "Key": "91854a3b-c926-413e-8ffd-2337e71cb624",
      "Value": "\"Não desista – lute pelos seus ideais! Você não foi ouvido, acontece. Basta escrever o próximo livro tão bem que eles não podem ignorá-lo!\""
    },
    {
      "Key": "b9ff1257-abfd-44a8-8cbc-85347c14597b",
      "Value": "\"Se o livro foi um erro, conserte – não desista! Você não pode mudar as pessoas e não precisa. Apenas dê a verdade – elas saberão o que fazer com ele!\""
    },
    {
      "Key": "a554e93b-becb-431e-ab98-dc14ba2128ce",
      "Value": "\"Não desista! Você fez a coisa certa. Você é um bardo – seu chamado é dizer a verdade!\""
    },
    {
      "Key": "0a406e5b-c17c-4467-b41d-0f3cbf5c9ccf",
      "Value": "\"Você cometeu um erro e as pessoas sofreram devido à sua falta de responsabilidade. Lembre-se desta lição e certifique-se de que nunca mais aconteça.\""
    },
    {
      "Key": "46766970-bf89-49c0-8ad3-11ede69651b8",
      "Value": "\"Você deve realmente pensar bem em seus livros. Você acha que esse ataque não teria acontecido sem você? O trabalho de um bardo é entreter a platéia – não se responsabilize pelas ações de outras pessoas.\""
    },
    {
      "Key": "35486998-6799-43bd-8387-0405083f5aa6",
      "Value": "{n}Linzi parece envergonhada, com lágrimas nos olhos.{/n} \"Isso é culpa minha. Isso é tudo por causa do meu livro. Isso não é o que eu queria!\""
    },
    {
      "Key": "6167e952-b66d-4a4a-b394-68fc6f2f40a5",
      "Value": "\"Tudo o que mantivemos de fora do livro... foi para {d|Linzi Book Gloss}salvar{/d} a {g|Academy of Grand Arts}Academia{/g}! Mas meu livro os fez queimar! E Alondi – nós o cobrimos, esperando que ele mudasse, mas realmente entregamos uma tocha a ele!\""
    },
    {
      "Key": "d9e5f983-384f-451f-bbfb-4bc3a7c08fec",
      "Value": "\"Cobrimos {d|Linzi Book Gloss} para Alondi, na esperança de lhe dar uma chance de mudar... Como resultado, fizemos dele um herói, entregamos a ele uma faca e uma tocha! O sangue de Nunzio... está nas minhas mãos!\""
    },
    {
      "Key": "2c228a78-2d17-4a4e-b59b-476305f65da9",
      "Value": "\"Queria punir Alondi, para dizer toda a {d|Linzi Book True}verdade{/d} sobre ele... Mas não achei que ele fosse morto! Pode ter sido eu quem o matou!\""
    },
    {
      "Key": "12f8fd95-cf6a-4d49-a0d6-57562db6fbe5",
      "Value": "\"O professor Eobald disse que todo mundo merece uma segunda chance, mas quantas chances alguém tem que jogar fora antes de admitirmos que é apenas um animal sem desejo de mudar?\""
    },
    {
      "Key": "d11b74f0-eb05-4334-9d14-8c77e375f9ef",
      "Value": "\"Todo este livro foi um erro terrível. Claro, os bardos contam histórias para as pessoas – mas que tipos de histórias? Contos doces para embalar sua consciência e prometer que tudo vai dar certo, apesar dos fatos? Se esse é o chamado de um bardo, então teria sido melhor eu ficar na minha cidade natal plantando nabos! Pelo menos algum bem viria disso!\""
    },
    {
      "Key": "6999c08d-6e5c-473f-ab8b-d9a2f4a22306",
      "Value": "\"O Professor Eobald estava certo. A pena é uma arma mortal - e eu a balancei como um brinquedo, elogiando a mim mesmo por minha bravura e atitude intransigente. Eu tinha tanta certeza de que estava seguindo o chamado de um bardo ... e estava pronto para pagar o preço por isso. Mas nunca me ocorreu que eu poderia não ser o único a pagar...\""
    },
    {
      "Key": "bb851028-31fe-4cff-9352-4aa4f39eea3e",
      "Value": "\"Você realmente acha? Mas eles nos ensinaram... Eles ensinaram...\""
    },
    {
      "Key": "346f21e1-68a7-4a78-9e4c-f2ed3aead8b5",
      "Value": "\"Droga, o que importa o que eles nos ensinaram? Se tudo terminar assim, com estupidez e sangue – então, Inferno, com um chamado de bardo! A platéia é feita de idiotas, e meu chamado é para entretê-los!\""
    },
    {
      "Key": "5c0bf33b-f7a4-479b-a921-30dd942a9bb6",
      "Value": "\"Obrigada. Sério, obrigada. Você realmente me trouxe de bom senso. Eu poderia ter vagado por um labirinto de palavras bonitas e ideais nebulosos até ficar velho e grisalho. Vamos lá. Não quero ver {g|Pitax}Pitax{/g}, ou a {g|Academy of Grand Arts}Academia{/g}, ou qualquer um desses rostos novamente!\""
    },
    {
      "Key": "a0049bd1-f285-400f-81df-18be84571f9e",
      "Value": "\"Ah, eu vou lembrar. Vou lembrar disso pelo resto da minha vida. Minha antiga professora estava certa – um bardo não é apenas um jornaleiro. Um bardo precisa considerar como suas palavras afetarão as pessoas mais do que apenas como verdadeiros eles são.\""
    },
    {
      "Key": "37e17a64-b560-4b33-9bc7-5b322e129fc7",
      "Value": "{n}Linzi se inclina para o bardo morto.{/n} \"Sinto muito, Alondi. Eu deveria ter lhe dado outra chance. Perdoe-me – percebo tarde demais quão poderosa é a arma que eu mantenho, somente depois que ela reivindicou sua vida. Mas agora... você me deu uma chance de mudar, sabe? E eu prometo que não cometeria o mesmo erro com minha grande crônica!\""
    },
    {
      "Key": "b42062ff-4f41-4da8-9c43-a7f5b514a54c",
      "Value": "{n}Linzi passa as mãos no rosto.{/n} \"...Obrigado. Estava a um passo de deixar as artes bardicas para sempre. Obrigado por suas palavras. E agora... vamos lá. Não posso ficar mais aqui. Eu tenho ... muito em que pensar.\""
    },
    {
      "Key": "a139e6f2-1e22-481d-bf4e-d03db0ea9060",
      "Value": "{n}Linzi olha para o bardo morto.{/n} \"Eu não queria que você morresse. Honestamente, não queria. Mas se a verdade de suas ações trouxe esse destino para você, isso é realmente minha culpa?\" {n}Linzi fecha os olhos.{/n} \"...Não. Não há desculpas. Seu sangue está em minhas mãos e eu nunca esquecerei isso. Mas...\""
    },
    {
      "Key": "ae47a5c1-4b2b-474b-bd79-428cbc7c21dd",
      "Value": "\"Agora que conheço o poder da minha arma, não a colocarei. Digo a verdade, mesmo que eventualmente me mate também.\""
    },
    {
      "Key": "70413c07-601b-4fb0-8bc9-6d3f57673de5",
      "Value": "{n}Linzi desvia o olhar da {g|Academy of Grand Arts}Academia{/g} e do cadáver de Alondi.{/n} \"Acho que finalmente me formei hoje. Quase fui reprovada no exame final – mas, graças a você, eu suportado. Obrigado. Agora, vamos lá. Não há mais nada para mim aqui.\""
    },
    {
      "Key": "02bd76de-437d-4192-bd58-0794d2af10de",
      "Value": "\"É difícil defender seus ideais quando você pode ver tudo desmoronando ao seu redor. Mas... é assim que deve ser, certo? São momentos como esses em que você descobre quais são seus ideais e você.\""
    },
    {
      "Key": "4dcd6f54-1401-4ec8-be67-1ab5ca85a512",
      "Value": "\"Isso foi um fracasso. Um fracasso completo e irredimível. Mas você está certo – não devo desistir e preciso entender o que fiz de errado. Encontrarei as palavras que podem atingir o coração de até babacas como\" Alondi!\""
    },
    {
      "Key": "7fe66d78-4065-4ddc-8a13-826db0185026",
      "Value": "\"Obrigado. Foi importante ouvir isso de você... meu herói principal. Obrigado por acreditar em mim! Eu juro, sua crônica será melhor!\""
    },
    {
      "Key": "10ba3fc4-c755-4b7d-9c16-d97fb1fc4f8f",
      "Value": "\"O professor Eobald estava errado... O que é pior, ele me enganou com sua música e dança sobre segundas chances e reforma, quando ele só queria cobrir para si e seus favoritos!\""
    },
    {
      "Key": "ee7a33c1-349d-48d3-be08-1779e76626f9",
      "Value": "\"Bem, professor... isso também é uma lição. Talvez a mais importante. Não serei enganada novamente. Meu chamado é dizer a verdade, e se isso prejudicar alguém, a culpa é deles, não minha!\""
    },
    {
      "Key": "88fa19b7-43a4-4c8e-9641-cef0effb4a4a",
      "Value": "\"Obrigado por me apoiar. Fiquei confuso com todas as mentiras, omissões e fantasias. Você sabe... para os Infernos, com {g|Pitax}Pitax{/g}, e com a {g|Academy of Grand Arts}Academia{/g}! Considere hoje meu dia de formatura. Vamos – temos sua história para escrever!\""
    }
  ]
}