{
  "$id": "1",
  "strings": [
    {
      "Key": "ef76d7ad-86fa-4a38-9387-c70023d476af",
      "Value": "\"Quem é você?\""
    },
    {
      "Key": "4b38066b-5895-47c6-941a-cf7abb0325c5",
      "Value": "\"O que você está fazendo aqui?\""
    },
    {
      "Key": "3760f6f2-5188-4aca-ab92-52d48fc8a8ba",
      "Value": "\"Dugath me enviou.\""
    },
    {
      "Key": "d1dda274-4f83-4c16-9963-ef8dfb8e23a6",
      "Value": "\"A irmã desfigurada me enviou.\""
    },
    {
      "Key": "927fd63b-9492-473b-8e74-bb2abf85a446",
      "Value": "\"Eu sou apenas um viajante passageiro.\""
    },
    {
      "Key": "b1cf7a22-cfd0-4980-854f-8a46de877238",
      "Value": "[Atacar] \"Eu não estou aqui para conversar.\""
    },
    {
      "Key": "401dc763-254a-410f-8f84-e1dd07c5018b",
      "Value": "\"Eu tenho que ir.\""
    },
    {
      "Key": "dd37bdbf-3fa7-4454-950e-c01319fa6690",
      "Value": "\"Você sabe alguma coisa sobre o que aconteceu em Varnhold?\""
    },
    {
      "Key": "5574a18f-ddff-4e99-bc7f-fbc210c403e3",
      "Value": "\"Ciclopes mataram todo mundo.\""
    },
    {
      "Key": "4ea04534-4582-4ca1-9c91-711251d0c947",
      "Value": "\"Seu povo foi morto por ciclopes. Quanto à irmã, eu a matei.\""
    },
    {
      "Key": "f48b18ce-3dac-4d99-a1ed-7443b0ccb080",
      "Value": "[Atacar] \"Eu matei todos eles. E eu mato você também.\""
    },
    {
      "Key": "81d77cdb-3cc5-452d-9d7e-ea03c3920a9a",
      "Value": "[Atacar] \"Eu senti vontade. E agora, também sinto vontade de matar você.\""
    },
    {
      "Key": "8a835892-8133-4ec4-a0da-7c9e414d081f",
      "Value": "\"Acalme-se. Foi por ordem de Dugath.\""
    },
    {
      "Key": "e35a7195-3b4c-488f-a1b9-ccb1bc9a06ab",
      "Value": "\"As Irmãs Desfiguradas o traíram. Você foi levado para essas ruínas para morrer.\""
    },
    {
      "Key": "aab1a962-1bed-4a74-a72e-fc7379f09079",
      "Value": "\"Despedida.\""
    },
    {
      "Key": "d95a3a13-814a-403f-9560-ba9506f64e03",
      "Value": "[Atacar] \"Dê o seu melhor, então!\""
    },
    {
      "Key": "9732a988-0e3c-4f92-8932-ae9744c15fb6",
      "Value": "\"Combinado.\""
    },
    {
      "Key": "bf557b18-56ec-458c-a103-0ae6ca06f009",
      "Value": "\"Talvez. Eu não estou prometendo nada.\""
    },
    {
      "Key": "7769d196-7c90-4b6d-8607-a00fb9f0547f",
      "Value": "\"Eu não tenho tempo para isso.\""
    },
    {
      "Key": "076bb74b-58a5-4441-9345-aa82bcdc8ac1",
      "Value": "\"Você é um aasimar?\""
    },
    {
      "Key": "513c1454-bae2-418a-a661-8c6798450287",
      "Value": "{n}Uma enorme cicatriz cruza o rosto dessa mulher robusta e de cabelos prateados. Um tapa-olho oculta o olho esquerdo, enquanto o direito brilha com prata. Ela levanta sua lâmina ensanguentada em uma saudação.{/n} \"Você chegou bem a tempo! Devemos uma a você.\""
    },
    {
      "Key": "5526e07b-8e65-4116-a837-b1aefb1580c3",
      "Value": "{n}O bárbaro afia a espada e inspeciona a ponta. Ela leva um tempo enquanto levanta o olho para fixar um olhar gelado em você.{/n} \"E o que a traz aqui?\""
    },
    {
      "Key": "fea52790-9e47-4048-b937-963de0d09cf1",
      "Value": "\"Eu sou Hilla, a Dentista, da tribo {g|Tiger Lords}Lordes Tigres{/g}. Este é o meu partido de guerra. Estamos aqui, uh... Lutando com coisas. Como você pode ver.\""
    },
    {
      "Key": "23cacd67-3056-4cb4-a4e2-4c86bb514af7",
      "Value": "\"O que você se importa? Viemos aqui, então obviamente temos negócios aqui. E você? O que você está fazendo aqui?\""
    },
    {
      "Key": "15e2a8d5-8bc7-41ca-84c2-ec28dee48b9f",
      "Value": "\"O quê? Por quê? O velho acha que nós mesmos não podemos lidar com isso? Huh!\" {n}Hilla olha em volta brevemente e depois volta para você.{/n} \"Bem, para ser honesto, você realmente nos ajudou... Que tal ajudar com mais uma coisa?\""
    },
    {
      "Key": "d6da3771-6a21-4aa2-b437-65b2c1edb798",
      "Value": "\"Ah, entendo. Foi uma boa decisão. Eles podem ser feiticeiros, mas são inteligentes. Nós realmente precisamos de mãos extras aqui.\""
    },
    {
      "Key": "ecfd1869-8e62-4701-afa0-6805912dfa25",
      "Value": "\"Aqui está o acordo – nós viemos com uma das bruxas para procurar lixo na tumba. Acampamos, e a Irmã levou um pouco do meu povo para as ruínas ao amanhecer. Nunca voltou. Em vez disso, esses ciclopes zumbis começaram a engatinhar de todos os lugares. Dia de diversão, hein?\""
    },
    {
      "Key": "e0faa7bc-e192-48ad-b45e-ed1357a84e69",
      "Value": "\"Você é bastante guerreiro para um 'viajante que passa'. Como você gostaria de fazer algumas moedas rápidas aqui?\""
    },
    {
      "Key": "8f42ac90-5fec-4eba-ac18-39ad31461729",
      "Value": "\"Meu grupo não pode se separar agora – apenas lutamos contra essas coisas. Então, que tal isso – você explora o local e procura nosso pessoal, descobre se algum deles ainda está vivo e eu pagarei você em ouro. Negócio?\""
    },
    {
      "Key": "c302291a-4a04-437d-879a-c60a7e61b8a3",
      "Value": "\"Ah, aí está. Bom trabalho. Uma pena que o resto do grupo se foi, mas pelo menos a bruxa está intacta. Aqui – pelo seu problema.\""
    },
    {
      "Key": "ef82146a-5809-44e0-b864-7abcd16cab06",
      "Value": "\"Ei, que novidades? Você encontrou o resto do meu povo? E a bruxa?\""
    },
    {
      "Key": "da218cc6-c41a-430f-b41e-09a7d544ae59",
      "Value": "\"Ei, espere. Você não parece um fracote total – quer fazer algumas moedas rápidas?\""
    },
    {
      "Key": "e42ffd50-3633-4970-a9ba-bec88e4dd75f",
      "Value": "\"Devemos sair agora. Visite nosso acampamento em algum momento – compartilharemos uma bebida.\""
    },
    {
      "Key": "d1ea4cc0-3323-48ae-b739-ee8e495de76a",
      "Value": "\"{g|Varnhold}Varnhold{/g}? A aldeia de {d|Varn}Maegar Varn{/d}? Não faço ideia. Varn é um fraco – eu costumava dar um tapa nele de costas. Todos os seus pais também. Você quer guerreiros de verdade, escolhe {g|Numeria}Numerianos{/g}!\""
    },
    {
      "Key": "fb9c6075-79b9-4c0e-8791-21c877fc697f",
      "Value": "\"Droga! Toda essa expedição não passou de um problema desde o início. Bem, acho que não resta mais nada para nós aqui – estamos saindo. Aqui está o seu dinheiro – você ganhou.\""
    },
    {
      "Key": "4c8bbc9e-a3bf-4c7e-806d-3e2267052aef",
      "Value": "{n}O bárbaro estreita os olhos ameaçadoramente enquanto segura a espada.{/n} \"Parece-me que você está mentindo. Você os matou, não matou?\""
    },
    {
      "Key": "6d001bef-ba02-4e11-bfc5-683d084214a4",
      "Value": "{n}O bárbaro sacou a espada.{/n} \"O quê? Por quê?!\""
    },
    {
      "Key": "1a71534b-4647-466a-8aad-d6fa214146c5",
      "Value": "{n}Hilla embainha a espada.{/n} \"Então é assim que as coisas eram. E pensar que eu confiava nelas. Droga! Toda essa expedição não passou de um problema desde o início. Bem, acho que não há mais nada para nós aqui – nós estamos indo embora.\""
    },
    {
      "Key": "abec689e-86cc-4ef0-87aa-e20564846016",
      "Value": "\"Escória mentirosa! Todo mundo, de armas! Rush {mf|ele|ela}!\""
    },
    {
      "Key": "447b37db-e23b-44dc-8287-1e5c13e55129",
      "Value": "{n}Hilla embainha a espada com um único movimento abrupto, depois cospe.{/n} \"Dugath ordenou, hein? Tudo bem – vou ter uma conversa séria com aquele velho peido! Quanto a você – saia daqui, antes que eu te derrube.\""
    },
    {
      "Key": "b5d35615-37c6-436a-a3fd-b6bc006d9862",
      "Value": "\"Continue, então. E se apresse – estou cansado deste lugar.\""
    },
    {
      "Key": "38472dad-017f-4a10-9543-f9d36bc1d161",
      "Value": "\"Ótimo.\""
    },
    {
      "Key": "10a36978-8b63-4ed9-9448-97a0a8f307c9",
      "Value": "\"É justo. Se você for lá, afinal, o ouro estará esperando por você.\""
    },
    {
      "Key": "2332492f-bd67-4612-811e-b3b151322f36",
      "Value": "\"Faça o que quiser. Se você mudar de idéia e for até lá, o ouro estará esperando por você.\""
    },
    {
      "Key": "75e4ff0a-fc8d-451a-a4c3-862f232d68bf",
      "Value": "\"Sim! Espere, {g|Numeria} Numerianos{/g} – vamos ver como você é realmente corajosa!\""
    },
    {
      "Key": "2d135da0-e51e-418c-8aba-8012c67b1ea8",
      "Value": "\"Às armas! Rush {mf|ele|ela}!\""
    },
    {
      "Key": "f18cefd5-73aa-435a-84ed-cb45ec7ed6b0",
      "Value": "\"O que, eu não pareço um celestial? Há! Sim, eu sou um aasimar. Não faço ideia de qual das minhas bisavós o fez com um celestial, mas em toda a minha linhagem, o sangue só se manifestou em mim. Eu tenho certeza de que esse era o plano o tempo todo – é um costume comum fortalecer a linhagem com o sangue de orcs ou quaisquer seres poderosos que venham a calhar. Meu nascimento foi considerado um bom sinal e prova da bênção dos deuses, mas eu chamo besteira. A bênção dos deuses deve ser conquistada no campo de batalha!\""
    }
  ]
}