{
  "$id": "1",
  "strings": [
    {
      "Key": "946aa207-0163-4c1e-9633-392fa52fff03",
      "Value": "\"Eu respeito sua fé, mas não posso concordar com isso. Uma atrocidade é uma atrocidade, e não pode ser consertada com arrependimento. Todos devem pagar por seus erros.\""
    },
    {
      "Key": "cb6a983e-c0fc-43e8-890a-4957d76c85f3",
      "Value": "\"É claro que devem. Aquele que realmente se arrepender fará tudo o que estiver ao seu alcance para reparar o mal que causou. – Esse é o seu único caminho.\""
    }
  ]
}