{
  "$id": "1",
  "strings": [
    {
      "Key": "a932e653-a8c4-4c75-8e73-105add2be66e",
      "Value": "\"Kassil Aldori é uma criatura incrível. Conversei com ele outro dia... fiquei surpreso ao descobrir que tínhamos muito em comum.\""
    },
    {
      "Key": "42279c01-d206-4fc1-9d14-224d627c18a7",
      "Value": "\"Bem, pelo menos alguém gosta da companhia daquele senhor das espadas abotoado. Eu também tentei falar com ele há pouco tempo – mas adormeci depois do terceiro 'Aldori, Aldori, Aldori'.\""
    }
  ]
}