{
  "$id": "1",
  "strings": [
    {
      "Key": "ad356aac-39bf-472e-b0cf-8908eb2446bc",
      "Value": "[Fale com os idosos] \"Quem é você?\""
    },
    {
      "Key": "67f0afb7-1b4e-45eb-8abe-e89c707b00a8",
      "Value": "[Fale com o jovem] \"Então, quem é você e o que você está fazendo aqui?\""
    },
    {
      "Key": "7a3f2e38-397f-486b-98de-81e508174d9f",
      "Value": "\"Inspecionei a área e estou pronto para relatar minhas descobertas.\""
    },
    {
      "Key": "411cb632-061b-46ff-a0dc-64baaa3dcdf1",
      "Value": "\"Vou ver o que posso encontrar.\""
    },
    {
      "Key": "f3b803e1-f370-49a0-b40e-eed43cea204f",
      "Value": "\"Eu explorei a área e não achei nada estranho. Parece ser uma hospedaria comum.\""
    },
    {
      "Key": "7b3da1f1-6073-4e63-8b13-13ab16027649",
      "Value": "{n}Três pessoas estão sentadas à mesa em um silêncio tenso, um casal de velhos e um rapaz. Eles se voltam para você de repente, fazendo pouco esforço para esconder sua consternação.{/n}"
    },
    {
      "Key": "ecf18e01-607a-4303-93d9-80dc554d8398",
      "Value": "\"Boa tarde! Estou interrompendo alguma coisa?\""
    },
    {
      "Key": "b5f0411b-de10-4b85-b64e-715429608818",
      "Value": "\"Em... Não, não, de jeito nenhum! Bem-vindos, queridos convidados, por favor, sente-se! Como podemos ajudá-lo? Você gostaria de jantar? Ou talvez um quarto para a noite?\""
    },
    {
      "Key": "dd2ca22e-5296-4732-b848-487fee0fc7f1",
      "Value": "\"Certifique-se de não pedir carne. Ouvi dizer que é... estranho aqui.\""
    },
    {
      "Key": "335fdefe-466d-4509-9dc0-8ada5f0e3949",
      "Value": "\"Receio que não tenhamos carne, apenas sopa de repolho. E pão – mas o pão é fresco!\""
    },
    {
      "Key": "96cb030f-d017-4cdd-ab8d-a9fe7b030bf8",
      "Value": "\"Você tem certeza de que está bem?\""
    },
    {
      "Key": "0a454f7b-dae4-4bfe-a7e9-7a1d18235f4e",
      "Value": "\"Bem, você olhou em volta? Você encontrou alguma coisa?\""
    },
    {
      "Key": "91afd4d3-4ac6-421a-9278-d6b847266642",
      "Value": "\"Sim, sim, é claro! Não se preocupe com nada!\""
    },
    {
      "Key": "828d65f9-1484-4e4d-8fcf-18867705962e",
      "Value": "\"Então suponho que você não se importe se meu povo der uma olhada em sua hospedaria? A propósito, esqueci de me apresentar. Maegar Varn – o barão dessas terras. Ouvi rumores de que os hóspedes da sua hospedaria são tratados muito mal. Mas certamente isso deve ser fofoca ociosa?\""
    },
    {
      "Key": "5dbeb245-6824-424e-a8ce-bef011d9fe41",
      "Value": "{n}O velho olha para a velha, depois para você, e depois volta os olhos para Maegar.{/n} \"Em... Sim, sim, claro! Por favor, olhe em volta! Garanto-lhe, tudo aqui está em ordem!\""
    },
    {
      "Key": "58e26eaf-f28d-4873-9776-a48593100200",
      "Value": "{n}Maegar se vira para você e pisca sub-repticiamente.{/n} \"Cephal e eu ficaremos aqui só para garantir que todos estejam de olho. Você dá uma olhada. E se você tiver alguma dúvida, tenho certeza nossos queridos anfitriões terão prazer em responder.\""
    },
    {
      "Key": "594b1824-9066-4fea-b459-37c9346dfcbb",
      "Value": "\"Eu sou Mytko, Mytko Bragic, e esta é minha esposa, Kalina. Viemos de... em... Brevoy. Queria mudar para algum lugar novo. E abrimos esta hospedaria...\""
    },
    {
      "Key": "c077cf1b-eec8-4837-bcb8-c54431dc57f3",
      "Value": "\"Sou Yorgesh, um simples comerciante de {g|Restov}Restov{/g}. Estou a caminho de {g|Galt}Galt{/g} para negociar... já estive aqui antes, e nunca teve problemas. As camas são quentes, a comida é boa e o teto não vaza!\""
    },
    {
      "Key": "70b07122-6e9a-4ac0-a772-4fac34034c7e",
      "Value": "\"Ótimo! Vamos ouvir o que meu pessoal descobriu!\""
    },
    {
      "Key": "a2742fb5-c51d-4715-9a94-5a4701f0f21b",
      "Value": "\"Certo, há muitos transeuntes aqui, colonos, comerciantes... E nós pensamos que uma estalagem por um vau certamente teria um fluxo regular de convidados!\""
    },
    {
      "Key": "28a628eb-251c-4aab-80d8-be9b6f2df169",
      "Value": "\"E tratando mal nossos convidados? Ora, isso é calúnia, juro por todos os deuses! Nós... em... Nós valorizamos nossa reputação!\""
    },
    {
      "Key": "39b5fafb-0d30-4d38-9bd8-4fc90f322e26",
      "Value": "\"Mantenha os olhos abertos – qualquer evidência pode ser importante!\""
    },
    {
      "Key": "7d11db4c-a480-40f8-9374-f28a1f24dc4e",
      "Value": "{n}Os idosos trocam olhares nervosos.{/n}"
    },
    {
      "Key": "401c2566-c069-4eb4-8bd9-efc9b680aca9",
      "Value": "\"Sério? Bem, então, perdoe-nos pela invasão, queridos anfitriões. Obrigado por sua hospitalidade. Temos que ir.\""
    }
  ]
}