{
  "$id": "1",
  "strings": [
    {
      "Key": "b9645984-4758-49c1-aa00-6a75b55c74a0",
      "Value": "{g|Espionage3_1}[Efeitos de decisão]{/g} \"Leve seus amigos e familiares como reféns.\""
    },
    {
      "Key": "2a3729ba-fc4f-40fa-8271-165dbe4d393c",
      "Value": "{g|Espionage3_2} [Efeitos de decisão]{/g} \"Encante-a."
    },
    {
      "Key": "bff1dbc3-6783-438a-aaa1-d0b6be49674e",
      "Value": "{g|Espionage3_3} [Efeitos de decisão]{/g} \"Envie-a na direção errada e siga-a.\""
    },
    {
      "Key": "50578337-24ce-4b27-9be5-4b9cc25550e2",
      "Value": "\"Aja como achar melhor.\""
    },
    {
      "Key": "24f4084c-4acf-43da-ab05-eb80dcd55639",
      "Value": "\"Eu não confio nela. Ela traiu um mestre. Ela é obrigada a fazê-lo novamente. Poderíamos levá-la como refém. Poderíamos até usar magia para sondar sua mente. Mas ambos os métodos não são confiáveis e, além disso, a magia é ruim para o cérebro. Suponho que devemos armar uma armadilha. Vamos alimentá-la de uma mentira e ver aonde ela leva a isca. Você entende o que eu sugiro?\""
    },
    {
      "Key": "3f3b95f0-b9bd-4c8d-a25c-676ad3267a74",
      "Value": "\"Não tenho certeza de que ela esteja sob ordens de se insinuar como agente dupla. Portanto, não acho que ajudaria deliberadamente a alimentar suas mentiras. Mas e se ela decidir nos vender? A ganância simples nunca deve ser ignorada. Poderíamos levar um refém – alguém importante para ela. Mas e se ela não for sentimental? A aposta mais segura é a lavagem cerebral mágica avançada. Porém, eu não poderia garantir a segurança para ela pessoalmente.\""
    },
    {
      "Key": "5cecf28b-ec93-495d-93d5-e24a04a1b7de",
      "Value": "\"Devemos confiar nela? Eu, pelo menos, não sou tão estúpida. Ela só está preocupada com sua própria pele. Lealdade está fora de questão. No entanto, seria míope não usar seu conhecimento. Poderíamos usar magia para faça uma lavagem cerebral nela e ordene sua obediência, mas essa não é a solução mais confiável. Além disso, alguns anos depois ela seria inútil como um vegetal idiota. A melhor maneira de controlá-la é derramar sangue se ela nos trair. O sangue de seus amigos e familiares. Sua obediência pode ser assegurada se tomarmos como reféns as pessoas certas.\""
    },
    {
      "Key": "6f1ce1ad-b6da-4ee8-ad92-70e592483333",
      "Value": "\"Isso é cruel, mas pode funcionar. Estamos arriscando a vida de nosso povo. Se ela nos trai, estará arriscando a vida de seu próprio povo.\""
    },
    {
      "Key": "d239b5ea-da8f-4095-a0b6-ce2f0a766775",
      "Value": "\"Tremer de medo pela família gera espionagem ruim. Você a tornará imprevisível. Irracional. Por fim, não é confiável.\""
    },
    {
      "Key": "01b7f045-4d2b-4ef5-a6a8-318262d06db2",
      "Value": "\"Perfeito! Vou lhe dar uma descrição vívida do futuro de sua família, se ela escolher nos trair. Vai ser uma longa história.\""
    },
    {
      "Key": "e39e6a28-d991-4794-ace0-d11f451c5c16",
      "Value": "{n}Ekun faz uma careta e faz um gesto desconhecido, como se estivesse fugindo de uma mosca.{/n} \"Mágica... não é confiável. Algo pode dar errado sem que saibamos. Nossa própria ferramenta pode se tornar a faca que nos atinge no coração.\""
    },
    {
      "Key": "9446598f-d896-4c8c-a6e1-126018f56916",
      "Value": "\"Eu mesmo supervisionarei o tratamento mágico. Espero que isso não afete muito a mente dela. Mas sei uma coisa com certeza: depois disso, não teremos chance de nos tornar colegas acadêmicos.\""
    },
    {
      "Key": "615a1791-704f-45d3-9b55-03e8a1bbdf7b",
      "Value": "{n}Jaethal estuda seu rosto.{/n} \"Você não está preocupado com as consequências? Visões estranhas? O risco de insanidade? Bem, pelo menos, você não tem escrúpulos. Isso pode ser dito.\""
    },
    {
      "Key": "80edf63c-84d9-4fdd-9a23-4812ead46993",
      "Value": "{n}Ekun assente.{/n} \"Ela está mentindo para nós. Teremos que mentir para ela. Mas nossas mentiras serão mais convincentes!\""
    },
    {
      "Key": "d512f8d9-cc40-4f9d-b810-ebd27e33bd99",
      "Value": "\"Como você sabe, todo plano decente deve ter pelo menos sete camadas de mentiras para encobrir a verdade. Bem, talvez seja esse o melhor caminho.\""
    },
    {
      "Key": "0350b43f-f9e6-4282-989d-33417e25e91d",
      "Value": "{n}Jaethal mostra seu queixo ressentida.{/n} \"Você é muito cauteloso. Confie em mim, seus inimigos não são mais espertos ou mais espertos do que eu.\""
    },
    {
      "Key": "13c4bd56-9f59-43d4-a76e-5b9ed2a20542",
      "Value": "\"Prendemos um espião – um mercenário de Marcadaga. Ele identificou seu cliente para nós. Mas acontece que ela deseja ir até nós e se salvar de seu antigo mestre.\""
    },
    {
      "Key": "b996cdc8-7e98-4902-887d-a13094682494",
      "Value": "\"Capturamos um espião. Você ficaria surpreso ao saber de onde ele veio. Ele é de Marcadaga, a capital da espionagem e intriga nos {g|River Kingdoms}Reinos Fluviais{/g}. Meus agentes estavam procurando por seu cliente, mas ela fez contato apressado. Ela quer vir até nós. Mas não comemore ainda. Pode não ter ocorrido a você, mas toda a história, que seria tão conveniente para nós, pode ser um ardil.\""
    },
    {
      "Key": "cac5d689-5bee-4948-baba-224f89924c24",
      "Value": "\"Capturamos um espião, um mercenário de Marcadaga. Esta cidade é como uma aranha no centro de uma teia de intrigas, que envolve todos os {g|River Kingdoms}Reinos Fluviais{/g}. O espião identificou seu mestre. Uma vez ela percebeu que estávamos seguindo ela, antecipou as torturas que estava enfrentando e alegou que desejava vir até nós, assim como as pessoas de fraca lealdade.\""
    }
  ]
}