{
  "$id": "1",
  "strings": [
    {
      "Key": "f5a49e92-37ec-431e-aea8-ac7d694e05c8",
      "Value": "\"Uma noite sem carne fresca, e todo mundo fica desesperado. Seu controle sobre a vida é tão facilmente relaxado!\""
    },
    {
      "Key": "50a012bf-c783-437b-88cf-af658e3acee2",
      "Value": "\"A julgar pelos rostos irônicos ao meu redor, ninguém foi caçar hoje. Bem, talvez pelo menos isso ajude você a ver quão frágil é a nossa existência...\""
    },
    {
      "Key": "1981d3d2-5da9-41c9-ab2e-9c68477a8cea",
      "Value": "\"É apenas comida. Encontre outro motivo para gemer.\""
    },
    {
      "Key": "94b8e75d-e428-4f86-ade9-04be1cba73e2",
      "Value": "\"Coma em silêncio! Não posso cuspir por aqui sem bater em um fanático. Não posso comer sem um sermão?!\""
    },
    {
      "Key": "3a8b94f2-2bf7-472b-bf0e-77b08d3157d1",
      "Value": "\"Algum dia a morte encontrará todos nós. Mas e daí? A crueldade da vida não é uma revelação divina nem causa lamentação.\""
    },
    {
      "Key": "046c843c-e82e-41d8-a951-d152d4fba1e1",
      "Value": "\"Eu lutaria com um gigante por um pedaço de carne agora – e também não me afastaria de um pedaço de pão velho. A escravidão fará isso com você, ha, ha, ha!\""
    }
  ]
}