{
  "$id": "1",
  "strings": [
    {
      "Key": "ff1a48fa-212a-46f7-8363-2831b8d70a18",
      "Value": "\"Quem é você?\""
    },
    {
      "Key": "f2e8f138-a18b-467d-923a-4d8d72d58782",
      "Value": "\"Mostre-me suas mercadorias.\""
    },
    {
      "Key": "4b2f5bf9-2c5e-481f-8b4e-0e5a4e89fbba",
      "Value": "[Atacar] \"Eu vou te destruir, morto!\""
    },
    {
      "Key": "182de10b-8316-4000-bbf7-dee5893be2fc",
      "Value": "\"Não preciso de nada.\""
    },
    {
      "Key": "032350de-998b-4c08-aed9-eec7fe1f85a6",
      "Value": "\"Onde está o covil do seu mestre?\""
    },
    {
      "Key": "fc311415-1ad1-4a91-9fe1-cd4ec587a65e",
      "Value": "{n}Um esqueleto caminha lentamente em sua direção. Seu crânio está cheio de moedas, que brilham através das órbitas vazias dos olhos, tilintando a cada passo. Ele pára ao lado de uma carroça cheia de itens de aparência valiosa. Ele acena para você de maneira amigável com a mão ossuda.{/n} \"Olá, olá! Permita-me me apresentar: eu sou o Esqueleto Mercador. Não olhe para o meu rosto – ou para a sua ausência. Olhe para os meus produtos! Escolha! Compre!\""
    },
    {
      "Key": "d3bd7cc8-b5e1-4467-8aab-300970eaf788",
      "Value": "{n}O esqueleto acena para você de uma maneira amigável com a mão ossuda.{/n} \"Acredito que já nos conhecemos. Quão esplêndido – gosto de retornar clientes! Infelizmente, não tenho nada novo para lhe oferecer no momento. Mas não desanime. – Tenho certeza de que algo acontecerá! Volte para mim em breve!\""
    },
    {
      "Key": "01051add-4714-44e9-9ae0-37095e4523a5",
      "Value": "{n}O esqueleto acena para você de uma maneira amigável com a mão ossuda.{/n} \"Acredito que já nos conhecemos. Quão esplêndido – eu gosto de retornar clientes! E acabei de receber alguns novos produtos!\""
    },
    {
      "Key": "9e23ef21-4ee8-4fab-92aa-bc1324146db3",
      "Value": "\"Oh, essa história é tão triste quanto cautelosa!\" {n}O esqueleto levanta um fino dedo branco.{/n} \"Eu já fui como você – vagando em busca de aventura, mergulhando sem medo em cavernas escuras, templos escondidos e ruínas antigas, pegando o que quisesse! Mas então...\""
    },
    {
      "Key": "5c8ac109-d713-4ff1-a8f2-45b195538946",
      "Value": "\"Parti para uma aventura que deveria coroar minha carreira. Descobri o esconderijo de um dragão morto. Um tesouro gigantesco estava me esperando lá dentro. Eu poderia comprar toda {g|Absalom}Absalom{/g} com esse saque, e metade de {g|Restov}Restov{/g} com a mudança. O proprietário jazia morto sobre a pilha de ossos nus, como eu estou agora, sem respirar, imóvel.\""
    },
    {
      "Key": "92fea23f-8a9f-4287-836c-f7c5854f9956",
      "Value": "\"Como eu poderia saber que ele não estava realmente morto? Ou melhor, ele estava – mas não exatamente. Você sabe... Morto-vivo? Um dragão lich! – Eu não poderia ter imaginado isso nem nos meus sonhos mais loucos! Ele me agarrou com suas garras de ossos, e me despedi da minha vida para sempre, mas depois olhei para a pilha de ossos e equipamentos deixados pelos antigos convidados do dragão... E minha mente em pânico cuspiu uma idéia brilhante. – A ideia que vale um milhão de moedas! Ofereci um acordo ao dragão. E ele concordou! Imagine só!\""
    },
    {
      "Key": "a0158b0c-5be3-41f4-a224-f9717c6ba734",
      "Value": "\"Veja bem, dragões são gananciosos em sua busca por tesouros, mas não precisam de espadas ou armaduras. Então eu me ofereci para realizar uma venda! – Eu transformaria o lixo que ele armazenava há séculos em moedas de ouro recém-cunhadas! O dragão aprovou o idéia, e me deu o emprego. Ele, no entanto, me lançou uma maldição, como você pode ver: agora eu sou apenas ossos desnudos... Mas não tema – para dizer a verdade, eu gosto bastante disso. Eu vou onde quer que eu queira, converso com as pessoas mais interessantes e não preciso mais ter medo da morte!\""
    },
    {
      "Key": "2c884e13-2e55-4160-9bc3-e16a6cbdff15",
      "Value": "\"Pena. Pena! Bem... acabarei encontrando alguém que comprará essas coisas. Tenho todo o tempo do mundo!\""
    },
    {
      "Key": "4a0b3b54-4aa4-4cec-ba4f-e4660845486e",
      "Value": "{n}O esqueleto brinca alegremente com as moedas em seu crânio.{/n} \"Com muito prazer! Aqui, veja! Escolha! Compre!\""
    },
    {
      "Key": "0caf2007-92f9-4d0a-bcc1-cd0d09f2197b",
      "Value": "\"Você está tentando levantar a minha maldição, ou simplesmente me roubar? Receio que a magia do meu mestre impeça que você tenha sucesso em qualquer um!\" {n}De fato, assim que você levanta sua arma, a carroça desaparece no ar, juntamente com todos os bens que estão dentro.{/n}"
    },
    {
      "Key": "580475c9-18a3-4c2d-8284-2566ca2d52a2",
      "Value": "\"Eu já fiz essa pergunta muitas vezes. Deseja tanto que suas armas acabem na minha carroça? Se assim for, basta vendê-las para mim! Ou você imagina que encontrará sua fortuna onde centenas antes de encontrou apenas a morte? Verdade, verdade, o otimismo atravessa o sangue de todo caçador de tesouros. Mesmo aqueles de nós que não têm sangue! \" {n}O esqueleto ri e sacode seus ossos.{/n}"
    },
    {
      "Key": "5b55c390-9438-4fa3-b686-36f57b17e95f",
      "Value": "\"Eu até sugeri ao meu mestre que eu vendesse mapas para o seu esconderijo! Receita garantida para um novo estoque... Mas ele não teve interesse nisso. Ele detesta novos convidados. Ele diz que o distraem da contemplação da eternidade. Suponho que o tilintar das moedas que eu levo para ele não o distrai disso!\""
    },
    {
      "Key": "c04ec1ac-29c3-4a4d-83c9-84b3114b27ae",
      "Value": "\"De qualquer forma, eu não poderia apontar para o covil dele, mesmo que eu desejasse. Meu mestre rouba toda a minha memória da localização dele, assim que eu piso na estrada. Quando é hora de reabastecer meus estoques, é ele quem me encontra.\""
    }
  ]
}