{
  "$id": "1",
  "strings": [
    {
      "Key": "53b5f253-63d1-4fda-a777-8380dda3c238",
      "Value": "\"Você realmente roubou a espada de um gigante?\""
    },
    {
      "Key": "304f4eb2-9deb-43ec-98d8-657aeccbb092",
      "Value": "\"Ele sabe que a espada está quebrada?\""
    },
    {
      "Key": "e63b194f-1814-4cd1-b66c-3df93d07d48d",
      "Value": "\"Onde ele está mantendo sua tribo?\""
    },
    {
      "Key": "9a77be13-5179-441b-8211-0ab32d04f0f6",
      "Value": "\"Verei o que posso fazer.\""
    },
    {
      "Key": "55621778-a93e-47fc-85ec-4d9f7ee56df3",
      "Value": "\"Lembra daquele espírito maligno que assombrou os Seis Ursos? O que nós levamos embora? Bem... não pense que eu sou louca! Mas ele me visitou em um sonho.\""
    },
    {
      "Key": "46686d9f-6a89-4d5f-986a-912a85a266af",
      "Value": "\"Diz que sou um ladrão, porque roubei a espada dele. Lembra? – Aquele grandão, Armag a quebrou! Também... Diz que ele tem toda a minha tribo como reféns. Todos eles, Nilak também! Diz, eles vão estar morto, se eu não devolver a espada!\""
    },
    {
      "Key": "c41f122d-725a-4091-8a1b-b4c40ecbd738",
      "Value": "\"Bem... Oh, não há necessidade de mentir agora. Eu encontrei! Menti para todos que levei em batalha – mas esse gigante ficou morto por um longo tempo! Como eu poderia saber que ele iria querer seu velho pedaço de ferro de volta?\""
    },
    {
      "Key": "fd97134b-bf46-4c86-80ba-c35a6bc834b1",
      "Value": "\"Ele sabe. Eu salvei o punho. O fantasma me diz para forjar uma nova lâmina. Ele até disse como fazê-lo. Há um ritual inteiro!\""
    },
    {
      "Key": "c87f41e3-db83-4acc-b3d2-8cec9676b0a8",
      "Value": "\"Ele disse – primeiro eu tenho que consertar a espada, e então ele me dirá onde está minha tribo.\""
    },
    {
      "Key": "c0700750-fc69-4242-a65d-9d60849e9272",
      "Value": "\"Eu entendo. O reparo vai custar muito. Eu nunca segurei essa quantia em minhas mãos. Mas... Nilak...\" {n}A bárbara balança a cabeça em pesar.{/n}"
    }
  ]
}