{
  "$id": "1",
  "strings": [
    {
      "Key": "7570a0c1-03b2-4f21-ba22-19ca0a8acb04",
      "Value": "\"Gostaria de saber mais sobre o marquês negro e seu protetorado.\""
    },
    {
      "Key": "eab476a3-9697-4564-8d67-3dce3a568e6c",
      "Value": "{g|Relations5_1}[Efeitos de decisão]{/g} \"Mostre a ele quão forte é o nosso exército. É melhor eles não cruzarem espadas conosco.\""
    },
    {
      "Key": "24e59afa-d46f-4c1a-b3c2-5760ec442202",
      "Value": "{g|Relations5_2} [Efeitos de decisão]{/g} \"Mostre a ele que somos ricos e ele conclui que eles ficarão melhores como nossos amigos.\""
    },
    {
      "Key": "41cb6412-504d-441b-b18a-6d061416227c",
      "Value": "{g|Relations5_3}[Efeitos de decisão]{/g} \"Engane-o. Convença-o de que somos um reino atrasado, com pouco a oferecer.\""
    },
    {
      "Key": "f6063082-1cdc-496d-8151-bec29d62358f",
      "Value": "\"Vou deixar essa decisão para você.\""
    },
    {
      "Key": "f5d8293e-7d8b-4003-a359-01131a886783",
      "Value": "\"{name}, prendemos um homem estranho. Ele estava fazendo um mapa de nossos rios e baías. Após sua captura, ele gritou que servia ao Marquês Negro e foi enviado para criar um mapa das rotas comerciais locais. Mas os piratas estão cheios de dolo, e esse mapa pode ser usado não para comércio, mas para ataques. O que vamos fazer com ele, sendo que ele está reconhecidamente servindo outro rei?\""
    },
    {
      "Key": "5f395075-c7d0-4d88-80f8-ef6b8eb91824",
      "Value": "\"{name}, capturamos um homem suspeito. Ele estava fazendo um mapa de nossos rios, baías e marés. Quando ele foi preso, ele admitiu que serve o Marquês Negro. Por sua conta, ele foi enviado para criar um mapa, a fim de negociar conosco. Mas eu provavelmente acreditaria que os piratas estão se preparando para um grande ataque.\""
    },
    {
      "Key": "c7de39f4-d7f8-40ef-9a67-d3695d2a15f9",
      "Value": "\"{mf|Sua Graça|Sua Graça|Sua Alteza|Sua Alteza}! Receio ter más notícias. Hoje, perto do rio, eles pegaram um homem fazendo um mapa de rios e baías em nossas terras. Ele disse que era um procure o Marquês Negro e estava desenhando um mapa para abrir uma rota comercial conosco. Mas todo mundo conhece a natureza gananciosa e enganosa desses piratas. É mais provável que eles estejam preparando um ataque contra nós.\""
    },
    {
      "Key": "a2579319-997a-42b4-8526-b7f6dbf857e2",
      "Value": "\"Uma vez que um pirata {g|Cheliax} Chelish chamado Morgan, o Branco, visitou a vila de Ponte Morta para descansar e reabastecer seus suprimentos. Ele se estabeleceu lá e, com o tempo, decidiu construir uma nação pirata inteira lá! Aqueles que se juntaram a ele começaram a coletar direitos de navios estrangeiros, mas eles nunca tocaram os navios dos {g|River Kingdoms}Reinos Fluviais{/g}. Assim, ele ganhou o apoio e o respeito de seus vizinhos. Foi assim que o Protetorado foi criado.\""
    },
    {
      "Key": "efc839cc-d23e-458c-a541-dcf00e186ca4",
      "Value": "\"É um grupo de piratas que se chamam reino. Foi criado por um bandido {g|Cheliax}Chelish{/g} Morgan, o Marquês Branco. Mas ele não governou por muito tempo. O Protetorado mudou de mãos várias vezes, até o Marquês Negro assumiu o comando – o mais astuto e traiçoeiro dos capangas do Marquês Branco. Há apenas uma lei nesta terra – a lei do pirata. Mas esses bandidos não tocam os navios dos Reinos Fluviais}Reinos Fluviais{/g}... pelo menos, esse é o conto oficial. Mas até que ponto esse acordo é respeitado – apenas os mortos podem dizer.\""
    },
    {
      "Key": "cad87eb1-2704-4d6a-b746-a8cbdfecb8e5",
      "Value": "\"É um lugar perigoso. Este domínio foi fundado por um pirata de {g|Cheliax}Cheliax{/g}. Quando ele se deparou com a vila de Ponte Morta, viu um campo ideal para piratas e a capital de seu futuro domínio. Morgan convocou muitos aliados e ordenou que nenhum navio fosse tocado se voasse sob as bandeiras dos {d|River Kingdoms}Reinos Fluviais{/g} – e 'direitos' de todos os outros países sejam cobrados. Agora a nação pirata é governada pelo Marquês Negro, e seus súditos são, todos eles, piratas e ladrões.\""
    },
    {
      "Key": "4fcf3438-a2d0-4f3a-8c10-6151d00eaf14",
      "Value": "\"Vou mostrar a ele a força do nosso exército. Depois que o pirata ver nossos soldados, ele provavelmente não recomendará que seu marquês negro se aproxime de nossas costas.\""
    },
    {
      "Key": "aab09fe2-ce9c-4d8f-8177-437efd09a753",
      "Value": "\"Bem, talvez seja melhor não termos negócios com eles. Quem sabe quanto sangue haveria em suas mercadorias e ouro?\""
    },
    {
      "Key": "faf49c9c-99bd-4e96-9212-207d6e62da2a",
      "Value": "\"Ótimo! Quando mostramos nossas riquezas e convencemos os piratas a negociar conosco, não a lutar. Mal posso esperar por uma oportunidade de conversar com os primeiros capitães que nos trazem suas mercadorias!\""
    },
    {
      "Key": "fb650192-397f-4690-bd0d-70225c1e36dc",
      "Value": "\"Hum... Você provavelmente está certo, {mf|Sua Graça|Sua Graça|Sua Alteza|Sua Alteza}! Sua coragem permite que você veja a ganância deles, enquanto eu, devido à minha natureza humilde, estou muito horrorizado por a crueldade deles em ver algo além disso. Espero que nossas riquezas os tentem a começar a negociar conosco.\""
    },
    {
      "Key": "3377b691-d7a5-4431-a4cf-dbf9ebc8b718",
      "Value": "\"Hm... tudo bem, eu vou levá-lo além dos chiqueiros e galinheiros, então ele acha que é a nossa avenida principal. Vamos torcer para que funcione. Embora atuar nunca tenha sido o meu ponto forte.\""
    },
    {
      "Key": "2d927230-2b22-4a08-98a8-31185dfb0005",
      "Value": "\"Ótimo! Este pirata duplamente se arrependerá de sua missão, porque não há nada digno esperando por ele aqui!\""
    },
    {
      "Key": "239a2ba8-0cce-46f7-8a9b-9577946add0d",
      "Value": "\"O prisioneiro aguarda seu destino. Poderíamos recebê-lo como um convidado de honra, exibindo nossas riquezas e poder. Mas isso apenas aguçaria o apetite do pirata. Melhor mostrar a ele um canto vazio onde não há nada para levar. Mas só a demonstração de poder militar faria esses piratas esquecerem o caminho para nossas terras. Todo o resto é meia medida.\""
    },
    {
      "Key": "128a44dc-9341-41b2-9e2b-c475016f0815",
      "Value": "\"Não recomendo que tentemos impressioná-lo com desfiles militares. Os piratas são destemidos e estúpidos, não têm medo de um oponente mais forte. É melhor recebê-lo como um convidado querido e convencer que seria benéfico ser nosso amigo. Ou podemos fazer o contrário, e fingir que somos um reino atrasado e pobre, sem nenhum tesouro ou riqueza! Isso renderia o melhor resultado!\""
    },
    {
      "Key": "305d669b-c4c5-4f91-add2-15ea44613a3b",
      "Value": "\"O mais importante agora é parecer forte e influente. Se demonstrarmos nosso poder militar, os piratas terão medo de nos enfrentar. Melhor ainda – poderíamos mostrar-lhes nossas riquezas. Se a história sobre rotas comerciais é ou não uma história, podemos deixar o marquês negro se perguntar se ele estaria melhor se fosse nosso amigo.\""
    }
  ]
}