{
  "$id": "1",
  "strings": [
    {
      "Key": "bcea09c3-26c3-444e-9abc-d35377f300cb",
      "Value": "\"Como você ganhou o título de barão?\""
    },
    {
      "Key": "defd7c5c-a039-48e2-84ff-25edfbb808c0",
      "Value": "\"Como você se sente nobre?\""
    },
    {
      "Key": "028c172b-300d-4fda-8c3d-2a168f5d779c",
      "Value": "\"Foi um prazer conhecê-lo. Adeus.\""
    },
    {
      "Key": "4d032e93-37f2-439a-a1f3-db8df1b51c08",
      "Value": "{n}Este homem está obviamente mais à vontade no campo de batalha do que na companhia de nobres. Ele é bem construído, mas o colete caro que ele está vestindo não se encaixa bem, como se tivesse sido emprestado. Ele tem algumas cicatrizes pálidas no rosto, e seu cabelo escuro está preso em um rabo de cavalo despenteado, com algumas mechas grisalhas passando por ele. Ele o recebe com um sorriso largo e um aperto de mão firme.{/n}"
    },
    {
      "Key": "7b9682e3-44e0-4fce-9637-01c30fff5fc9",
      "Value": "\"Deixe-me apresentar-me! Sou {d|Varn}Maegar Varn{/d}, o novo governante de {g|Dunsward}Dunsward{/g}, seu vizinho ao leste. Como você, estou prestes a ser um barão. Bom trabalho com o Lorde Cervo, a propósito. Nem todo mundo poderia exterminar toda uma gangue de bandidos com uma equipe tão pequena.\""
    },
    {
      "Key": "7cddc50d-efe1-4446-bc32-3fed7b173617",
      "Value": "\"Verdade seja dita, eu e minha equipe estávamos no lugar certo na hora certa. Jamandi Aldori precisava de alguém confiável para tomar e manter o território. Sou o capitão de uma equipe mercenária, se isso não estava claro.\" Anfitrião – você já ouviu falar de nós? Não? Não importa.\""
    },
    {
      "Key": "0869d5d2-73db-472e-b245-3b416b9a0bfe",
      "Value": "\"Nós já trabalhamos para Jamandi antes. Desta vez, a tarefa era simples – nós apenas entramos na área, limpamos os monstros mais descarados e construímos um pequeno forte para manter o lugar. E por isso – um baronato e terra para possuir! Era um emprego dos sonhos!\""
    },
    {
      "Key": "4b4691d2-d6c5-4788-b9b0-803541b30314",
      "Value": "\"Adeus! Depois de se instalar, venha nos fazer uma visita!\""
    },
    {
      "Key": "38f0d124-732e-4b4e-b23d-81db6cca59f2",
      "Value": "{n}Olhando para suas roupas ricas, {d|Varn}Varn{/d} sorri.{/n} \"Como um faisão em um prato. Eu matei todos os tipos de monstros – mas esta é a primeira vez que eu senti tão fortemente que me afastar poderia me devorar.\""
    },
    {
      "Key": "fc7e85d7-bcb5-4021-bf3b-c4169410b1d8",
      "Value": "{n}Ele acena para um homem arrogante no outro canto da sala.{/n} \"Está vendo aquele rapaz? Barão Drelev. Ele não é como nós – quem sabe que geração de barão ele é? Nem sequer apertou minha mão Você e eu? Somos como a sujeira debaixo de suas botas. É por isso que aqueles como nós – a nobreza recém-criada – precisam ficar juntos. Caso contrário, ele tomaria minha terra e a sua em um piscar de olhos.\""
    }
  ]
}