{
  "$id": "1",
  "strings": [
    {
      "Key": "3a30fc4e-7b6a-474c-a47a-be726aa386cf",
      "Value": ""
    },
    {
      "Key": "9cfb42ab-f709-4106-adc0-ea6c30ae5e48",
      "Value": ""
    },
    {
      "Key": "4f9de366-d87c-4467-b550-005bbf270841",
      "Value": ""
    },
    {
      "Key": "6dd361a3-4967-4a60-b06c-9dfa74b72dd8",
      "Value": ""
    },
    {
      "Key": "77e24521-9d67-4417-911d-df578ae32630",
      "Value": ""
    },
    {
      "Key": "0b8f8cd1-ab41-4ac0-89e4-5ce0d4ab9ccf",
      "Value": ""
    },
    {
      "Key": "a56132c2-0686-4adb-8ba0-a44146e8a321",
      "Value": ""
    },
    {
      "Key": "48a1a7f6-905a-498a-80b1-1a3c689b9dca",
      "Value": ""
    },
    {
      "Key": "4fcfb60f-1ed6-4ec0-b368-75b2220251b9",
      "Value": ""
    },
    {
      "Key": "f06f8727-62ea-4f4f-8c2d-4d6acdf5f854",
      "Value": ""
    },
    {
      "Key": "ce68299a-e1d6-468b-ab85-2b1d4fd3af72",
      "Value": ""
    },
    {
      "Key": "8c92845c-fb4d-4d65-bd49-27ad8c93ff3f",
      "Value": ""
    },
    {
      "Key": "36c653d4-132d-4d40-bd24-9a241646b49f",
      "Value": ""
    },
    {
      "Key": "89290500-7ccc-49a2-9ccb-271650b272a7",
      "Value": ""
    },
    {
      "Key": "eedff146-d71d-4d7a-bbbe-34c47ad10212",
      "Value": ""
    }
  ]
}