{
  "$id": "1",
  "strings": [
    {
      "Key": "7368db89-3000-49d4-8ccc-ee2187338ee5",
      "Value": "\"Outro descanso sem carne fresca! {Name}, não é hora de enviar algumas pessoas caçando?\""
    },
    {
      "Key": "e48e34dd-f1d6-45b0-a097-e669babaa7f2",
      "Value": "\"Por que você está sentado aí? Sua carne não vai caçar sozinha!\""
    },
    {
      "Key": "a0b67ea7-a38d-4b4a-acda-8c0678d3cc0e",
      "Value": "\"Cuidado com o seu tom. Não vou tolerar maneiras tão ruins.\""
    },
    {
      "Key": "9060cdf8-e9ae-4fc6-a7c9-17005eac501d",
      "Value": "\"Eu ficaria feliz em arrumar armadilhas, alimentar meus amigos e companheiros – mas não aceitarei ordens de ninguém.\""
    },
    {
      "Key": "5d2bebcb-b297-4a55-91dd-6c3c5e9b5a8b",
      "Value": "\"Não aprovo o tom de Jaethal, mas sem carne ficarei fora de forma, perco o foco – e então apenas os deuses sabem qual de nós sobreviverá à próxima batalha!\""
    },
    {
      "Key": "b155ce77-d0da-440a-b5f6-420b1c18a500",
      "Value": "\"Você costuma reclamar quando é mandado caçar. E sempre reclama se ninguém mais sai.\""
    }
  ]
}