{
  "$id": "1",
  "strings": [
    {
      "Key": "b88d679d-604a-424f-8482-b76eb780c323",
      "Value": "\"Uma multidão sombria, gritos raivosos, machados e forcados... não posso deixar de me lembrar da minha juventude em Galt.\""
    },
    {
      "Key": "7423dabc-7aa0-4355-abbe-85aedc5f9112",
      "Value": "\"Era nosso dever dar a eles a chance de mudar de idéia. Mas os terríveis eventos dos últimos dias deixaram suas mentes em um estado febril.\""
    },
    {
      "Key": "e7b4d522-6d04-4a6a-b845-22c3167f6cb4",
      "Value": "\"Eu não julgo... mas se eles pularem para mim com armas, eu faço minha resposta rápida.\""
    },
    {
      "Key": "6e5736ea-4b9b-468e-9c61-695b4e871e84",
      "Value": "\"Como um monte de formigas movimentado diante de um incêndio selvagem.\""
    },
    {
      "Key": "c6e8c543-a18e-44ea-aa5d-97b02281ffbe",
      "Value": "\"As pessoas têm rostos, pele e olhos diferentes... Mas os gritos cruéis da multidão são os mesmos em todos os reinos!\""
    },
    {
      "Key": "9d9d8db4-cf2a-417f-89d9-1c8bc5e24c78",
      "Value": "\"As pessoas têm rostos, pele e olhos diferentes... Mas os gritos cruéis da multidão são os mesmos em todos os reinos!\""
    }
  ]
}