{
  "$id": "1",
  "strings": [
    {
      "Key": "6514a3e6-c089-4344-aefe-3ec0bf706a55",
      "Value": "...tentar abrir a fechadura da porta."
    },
    {
      "Key": "26e4ec3d-b0cb-4adc-97fa-ad4ee683e189",
      "Value": "...explorou o labirinto em busca do caminho certo para o centro."
    },
    {
      "Key": "deb7e1e8-3fa0-42aa-8437-04fda53d381f",
      "Value": "...começou a empurrar a estátua em direções aleatórias sem perder tempo explorando o labirinto."
    },
    {
      "Key": "a2cb2158-58a5-4bdc-9e10-20bd6a29e0e4",
      "Value": "...começou a empurrar a estátua pelo caminho marcado."
    },
    {
      "Key": "e8acafc8-9177-4537-be2a-a80a88d6c0eb",
      "Value": "...tentamos trapacear, de pé no prato de pressão."
    },
    {
      "Key": "95c61f59-a556-418e-b545-36ad97cf9d3a",
      "Value": "...começou a romper as paredes para fazer um caminho direto para o centro da sala."
    },
    {
      "Key": "ce64f20c-bcea-491a-a61d-16f9f55fd8b8",
      "Value": "...continuou quebrando paredes e empurrando a estátua em direção ao centro."
    },
    {
      "Key": "0e41438c-9e8b-4f04-915f-19ab7b4d9fb0",
      "Value": "...decidir encontrar outra solução em vez de arriscar."
    },
    {
      "Key": "5bb22c5a-18c5-4465-bbf0-ec38bcebda67",
      "Value": "...sair da sala para se aquecer um pouco."
    },
    {
      "Key": "35bbd9c2-9538-4cf9-acf6-10fc3343a015",
      "Value": "Apenas uma rápida olhada na porta foi suficiente para percebermos que nem mesmo o melhor lockpick do mundo seria suficiente aqui. Mesmo se a porta não estivesse coberta por uma espessa camada de gelo, não poderíamos encontrar nenhum vestígio de um mecanismo para trabalhar! Parecia que essa porta só se abriria usando a placa de pressão no centro da sala."
    },
    {
      "Key": "9fdc76e3-56ba-4236-ad72-19ca531bcd85",
      "Value": "Uma espessa camada de gelo cobria a porta, mas isso não nos desanimava – continuávamos procurando um mecanismo para abrir a porta de qualquer maneira. Mas, infelizmente, nossos esforços resultaram em nada mais do que dedos congelados de sondar as rachaduras e fissuras na superfície do gelo. Parecia que a placa de pressão no centro da sala era a única maneira de abrir a porta."
    },
    {
      "Key": "6039f1e1-fe80-4e91-b39c-19b20e92c70b",
      "Value": "O labirinto era complexo, com inúmeras curvas e becos sem saída. Não é tarefa fácil... para uma criança de oito anos! Encontramos o caminho certo em um piscar de olhos e sinais à esquerda marcando o caminho ao longo das paredes de gelo. A parte mais difícil ainda estava à frente – tivemos que arrastar a estátua de gelo pelo labirinto sem perder membros para congelar!"
    },
    {
      "Key": "0b767716-b5ab-47e9-a533-77159e3e9ab9",
      "Value": "Aqueles bárbaros antigos poderiam realmente construir um labirinto! Quase congelamos até a morte antes de descobrirmos todos os garfos, becos sem saída e reviravoltas. Finalmente conseguimos encontrar o caminho certo, deixando placas ao longo das paredes de gelo para marcar o caminho. Tudo o que restou foi arrastar a estátua de gelo ao longo do caminho!"
    },
    {
      "Key": "9a7fc30c-77b2-4bf7-8669-76b6e28d5ac2",
      "Value": "A estátua não era pesada. Deslizou facilmente pelo chão – o problema era que nenhum de nós sabia em que direção deveria deslizar! Perdemos muito tempo vagando pelos cantos e labirintos do labirinto antes de nos encontrar e o tigre de gelo em um beco sem saída. Foi então que percebemos que não poderíamos confiar na pura sorte – precisaríamos encontrar outra solução."
    },
    {
      "Key": "1a344d5c-6f3f-49b4-82f1-a48f811b0d92",
      "Value": "A estátua de gelo mal se moveu pelo chão de pedra, e o frio que irradiava mordeu nossos dedos até pelas luvas mais grossas. Quase congelamos até a morte, arrastando-o para frente e para trás ao redor do labirinto antes de ficarmos exaustos e nos encontrarmos em um beco sem saída. Agir a esmo não seria uma opção – precisávamos de um plano."
    },
    {
      "Key": "c498482c-44b2-43f2-aafc-ec9cb8c16c7f",
      "Value": "Certamente não foi fácil arrastar aquele tigre de gelo pelo chão de pedra, mas pelo menos não tivemos que lutar contra tigres de verdade!"
    },
    {
      "Key": "a657d245-337f-49af-a554-400597430d0f",
      "Value": "O tigre de gelo correu alegremente pelo labirinto – empurrá-lo era muito mais fácil do que o esperado. Mas o labirinto em si era extremamente complicado – às vezes, para chegar cinco passos mais perto do centro, tínhamos que fazer um loop mais longo que o perímetro da sala inteira!"
    },
    {
      "Key": "51e1a7dd-8308-45e8-b211-ec5ccdb0f0cd",
      "Value": "O tigre de gelo mal se moveu pelo labirinto – empurrar a estátua pesada ao longo do áspero chão de pedra não era um piquenique. E o labirinto em si não estava ajudando – era tão complicado que, às vezes, para chegar cinco passos mais perto do centro, tínhamos que fazer um loop mais longo que o perímetro da sala inteira!"
    },
    {
      "Key": "5826f0fe-c66c-456e-979b-5f3a452c6d57",
      "Value": "Continuamos empurrando o tigre de gelo em sua traseira larga, movendo-o sempre para a frente – não era muito difícil, ao todo."
    },
    {
      "Key": "900f19f2-b9f9-487e-9a75-2ae8342134fc",
      "Value": "Exaustos, tremendo de frio, tentamos respirar calor em nossos dedos congelados enquanto cuspimos maldições por entre os dentes batendo enquanto continuávamos empurrando aquele maldito tigre em sua larga extremidade traseira."
    },
    {
      "Key": "4c333254-04fa-429d-9057-2f0c3bc9c505",
      "Value": "Empurrar o pesado tigre de gelo no chão áspero era um trabalho ingrato. Lutar com um tigre de verdade teria sido mais fácil, aposto! O frio irradiado pelo gelo mágico nos consumia tanto como presas de tigre de verdade."
    },
    {
      "Key": "548d4acd-443c-4876-9f17-8088ceec5c11",
      "Value": "Se você quer passar por um julgamento bárbaro, precisa pensar como um bárbaro! A inscrição por cima da porta era clara – o julgamento pretendia provar força, não habilidades mentais ou de resolução de quebra-cabeças! Então, seguimos uma abordagem bárbara e começamos a romper as paredes de gelo, fazendo um caminho direto para o centro."
    },
    {
      "Key": "ecfd4cdb-ebac-427b-9564-005d03098618",
      "Value": "Quando pisamos na placa de pressão, era como uma espécie de portão para o Inferno aberto sob nós! Um pilar de chamas rugiu do subsolo e, no momento seguinte, nos encontramos rolando no chão gritando de dor. Quando finalmente nos levantamos, vimos que o labirinto e a estátua haviam derretido e a porta estava aberta. Os construtores do labirinto podem ter nos punido severamente por trapacear, mas pelo menos eles nos deixaram com um caminho a seguir."
    },
    {
      "Key": "8b72e082-cf99-4b3f-b5b9-8f852879766d",
      "Value": "Tendo chegado à placa de pressão, alguém olhou para cima e notou uma enorme mancha de fuligem preta no teto acima dela. Os construtores do labirinto devem ter antecipado nosso plano e arranjado algo especial para quem tenta enganar o caminho. Levando isso em consideração, nós..."
    },
    {
      "Key": "df6b79f2-e71b-4ffa-8ec5-808c6b66abcf",
      "Value": "Obviamente, o tigre de gelo não queria entrar no labirinto – por mais que pressionássemos, a estátua mal se moveu e teve que ser espremida pelas brechas nas paredes. Certa vez, quando éramos descuidados o suficiente para deixá-lo por muito tempo no meio de uma lacuna, acabamos tendo que cortá-lo da parede de gelo que tentava consumi-lo. O frio que irradiava do gelo mágico nos rasgava como garras de tigre de verdade. Mas finalmente derrubamos a última parede e empurramos o tigre na placa de pressão."
    },
    {
      "Key": "108e5bf7-b41f-4211-8935-92a2051f2ca3",
      "Value": "Após a nevasca do labirinto, a masmorra fria parecia praticamente quente e aconchegante. Mas assim que cruzamos o limiar, o gelo mágico desapareceu instantaneamente – todos os nossos esforços foram em vão. Estremeci com o pensamento de ter que voltar para aquele lugar congelado, mas parecia não haver outro caminho."
    },
    {
      "Key": "8d31ad46-e7a2-42fb-9331-353f60795160",
      "Value": "Sentimos uma brisa fria assim que entramos na sala. Apareceram cacos de gelo nas paredes e no chão, e um labirinto de grossas paredes de gelo cresceu ao nosso redor. As paredes eram da cintura para um humano, mas estavam na cabeça para mim! O centro da sala tinha uma placa de pressão no chão, enquanto a entrada do labirinto tinha um pedestal enorme carregando uma estátua de tigre feita de gelo. A saída ficava no outro extremo da sala – trancada, é claro – e a inscrição acima dizia \"TESTE DE FORÇA.\""
    },
    {
      "Key": "60929b31-07c7-4532-87b9-cd892451afef",
      "Value": "O ar da sala estava frio e a temperatura caía a cada momento que passava. Parecia que a mágica estava roubando todo o calor da sala, pouco a pouco. Sem perder mais tempo, nós..."
    },
    {
      "Key": "433be61d-1bf3-4b26-b26f-970080d2a49b",
      "Value": "A temperatura continuava caindo. O frio mágico penetrou em nossas roupas como dedos cruéis arranhando nossa carne. Nossos dentes estavam batendo. Nós..."
    },
    {
      "Key": "16a389ba-1f22-4c76-aab2-dc35f640e1e0",
      "Value": "A nevasca que envolveu a sala fez nossos narizes e bochechas formigarem. Nossas pontas dos dedos ficaram dormentes, e arrepios subiram em nossa pele. Precisávamos descobrir esse quebra-cabeça o mais rápido possível. Nós..."
    },
    {
      "Key": "b663572f-2112-406e-a816-321f8d653f9f",
      "Value": "Nossa respiração ficou embaçada por nossas bocas, condensando-se em cacos de gelo em nossas sobrancelhas e cabelos. Precisávamos resolver esse quebra-cabeça o mais rápido possível, se quiséssemos evitar nos tornarmos estátuas decorativas de gelo. Mantendo isso em mente, nós..."
    },
    {
      "Key": "a23d0ff8-7bf4-4bb1-8b12-b1879364bd25",
      "Value": "A nevasca era insuportável. Perdemos a sensação em nossos dedos e nossa pele começou a ficar azul. O gelo mágico parecia sugar mais do que apenas calor de nós – era como se estivesse sugando a vida de nossos corpos. Não sendo mais apenas um quebra-cabeça, o labirinto havia se tornado uma armadilha mortal. Com nossa força quase acabando, nós..."
    },
    {
      "Key": "ad84d7d3-0dc6-45ac-a4b3-dee07b727ce4",
      "Value": "Foi mais difícil do que pensávamos – as paredes eram grossas e o gelo mágico irradiava um frio que podia penetrar em nossas roupas mais grossas. Além disso, quando chegamos a meio caminho do centro da sala, olhamos para trás e vimos que as brechas nas paredes estavam se reparando lentamente com novas camadas de gelo. Reabrimos as lacunas novamente para podermos empurrar o tigre de gelo e começamos a pensar no que fazer a seguir – parecia que ainda havia muitas paredes à nossa frente."
    },
    {
      "Key": "3f26fa58-68a0-45b1-b3cd-35ac4ac6cf1a",
      "Value": "As pessoas inventivas que criaram esse labirinto devem estar tentando zombar de quem passou por esse julgamento – em um momento, o caminho certo nos levou quase até o centro, e no outro nos levou na direção oposta, quase até o limite do quarto. Mas não desistimos, animando-nos com o pensamento de que Armag devia ter feito o mesmo."
    },
    {
      "Key": "abc64319-b35d-4a33-8685-5ae1b52c537b",
      "Value": "Nosso caminho nos levou através de um loop amplo e uma passagem longa e curva, que nos aproximou do centro antes de nos afastar e voltar, mas finalmente conseguimos empurrar a estátua para o centro da sala, direto para o centro da placa de pressão."
    }
  ]
}