{
  "$id": "1",
  "strings": [
    {
      "Key": "be75a1d7-418b-45e0-a9d1-488f322f9324",
      "Value": "...sacou nossas armas!"
    },
    {
      "Key": "dbfcbc28-3950-451f-a5e4-a30a2d1aa632",
      "Value": "...ameaçou Walsh que retornaríamos com um exército próprio."
    },
    {
      "Key": "ffd1a99d-7125-442b-80df-8a98a782f316",
      "Value": "...pediu educadamente a Walsh para nos deixar entrar."
    },
    {
      "Key": "9d5af4c0-c8de-4283-b4a0-68f23cb71e67",
      "Value": "...manteve o que restava de nossa dignidade e se afastou."
    },
    {
      "Key": "3bccf3ce-5409-4af3-92ab-4300901014f9",
      "Value": "...disse a Walsh que precisávamos discutir algumas coisas com ele sobre os piratas do rio."
    },
    {
      "Key": "774de237-28d0-4c99-8774-b13b17fd3d62",
      "Value": "Fechar."
    },
    {
      "Key": "b0ef53b6-55ed-41c0-9bca-3a262ca572ee",
      "Value": "Entre na cidade!"
    },
    {
      "Key": "a43b8d12-55e7-4433-b023-8a4ae77ad1b1",
      "Value": "Um exército inteiro de guardas malvados nos esperava nos portões de Pitax. Eles eram liderados por um bufão pomposo chamado Walsh Celoway, um magistrado pitaxiano. \"Saia agora, Alteza. Ordens do Rei Irovetti,\" disse ele. Nós olhamos um para o outro e..."
    },
    {
      "Key": "fde1ffed-8755-49f4-9ef3-6d8b58e96fe5",
      "Value": "\"Aconselho você a reconsiderar,\" disse o magistrado. \"De alguma forma, eu não acredito que você seja capaz de derrotar todo o exército pitaxiano sozinho.\" Então nós..."
    },
    {
      "Key": "f682da1f-920d-4dd3-8e4e-05fe04fe2dfa",
      "Value": "Dessa vez, o magistrado Walsh Celoway nem se deu ao trabalho de nos cumprimentar. Encontrando os olhares hostis dos soldados pitaxianos, decidimos nos virar."
    },
    {
      "Key": "ce16005d-3120-4061-b486-154fb2e8a3db",
      "Value": "Um sorriso astuto apareceu no rosto de Walsh. – É claro que você pode tentar. No entanto, ouvi dizer que seu reino está passando por momentos difíceis. Seu povo o considera inferior ao Rei Irovetti. Seus súditos não lhe obedecem e seus soldados abandonam seu exército. Ora, temos até uma comunidade considerável de seus antigos súditos aqui em Pitax. Se as coisas continuarem progredindo nesse sentido, seu reino logo se tornará parte de Pitax por si só.\" Ele não estava necessariamente errado. Poderíamos fazer pouco mais do que invejar a familiaridade desse vilão com a nossa situação. Cerramos os dentes e..."
    },
    {
      "Key": "dfd412a0-509d-4ca1-bc20-3f00022699d6",
      "Value": "\"Os piratas do rio são preocupação de Pitax, não sua! Você faria melhor em cuidar de seu próprio reino, Sua Alteza!\" Walsh disse, dando um passo atrás para estar mais perto de seus soldados. Percebendo que não teríamos mais nada dele por enquanto, nós..."
    },
    {
      "Key": "fd52a0eb-81ae-46ad-a9cd-2df2ef352c26",
      "Value": "Ao nos aproximarmos da cidade, encontramos os portões abertos. Não havia ninguém lá para nos cumprimentar."
    },
    {
      "Key": "58466281-8969-4b2e-906d-db0ecc74c4fa",
      "Value": "Infelizmente, não se pode conseguir nada nesta vida com a ajuda da mera polidez. O magistrado nem se deu ao trabalho de responder, mas seus olhos ficaram ainda mais insolentes e seu sorriso mais desdenhoso. Então nós..."
    }
  ]
}