{
  "$id": "1",
  "strings": [
    {
      "Key": "08157ea9-cf70-4627-84bd-f56b79057fde",
      "Value": "Nós não interferimos."
    },
    {
      "Key": "888660c6-74b3-4656-8be4-58a5dfdd06d4",
      "Value": "Apontamos a trapaça para os juízes."
    },
    {
      "Key": "cc2d73c9-7c79-4f28-b779-9c5fa3bbb78a",
      "Value": "Silenciosamente, avisamos o bardo de que o calaríamos se ele continuasse interferindo."
    },
    {
      "Key": "37526106-a720-453f-98db-69aa5e3c24f5",
      "Value": "Nós nos esgueiramos no bardo, esfaqueá-lo nas costas e desaparecemos."
    },
    {
      "Key": "bd6d2322-bfd2-4e4c-8a88-d3cb73bb3c3e",
      "Value": "Fechar."
    },
    {
      "Key": "77da5480-d7d4-43bc-b8af-d04840abea4e",
      "Value": "Fechar."
    },
    {
      "Key": "bfd7e98c-0ccb-4a9c-ae63-665c7a1840ab",
      "Value": "{mf|Ele|Ela} os regozijou com histórias de nossas vitórias sobre Lorde Cervo, os trolls, Vordakai e Armag."
    },
    {
      "Key": "6217d1ef-2915-4ba0-986b-371393924e12",
      "Value": "Em resposta à história de Annamede, {mf|ele|ela} contou como lidamos com Tartuccio, outro dos espiões de Irovetti."
    },
    {
      "Key": "8e5b6b56-a283-4674-bcc5-089d85a3f3cc",
      "Value": "{mf|Ele|Ela} contou a história da época em que {mf|o barão|a baronesa} foi feit{mf|o|a} goblin honorári{mf|o|a}."
    },
    {
      "Key": "a1229df7-3717-4302-8dbb-be4e4ec1b820",
      "Value": "{mf|Ele|Ela} descreveu como {mf|o barão|a baronesa} conseguiu fazer kobolds e mites adorarem {mf|dele|dela} luvas como relíquias."
    },
    {
      "Key": "b7a60f10-d323-43bd-b7a0-809bc74cc0a0",
      "Value": "{mf|Ele|Ela} teceu um interessante – mas inteiramente fictício! – conto para o público."
    },
    {
      "Key": "3559ca84-faa7-4510-878a-3755e3df58fa",
      "Value": "Fechar."
    },
    {
      "Key": "d9dbcb03-6eb6-443d-b249-205a418d7b74",
      "Value": "Continuar."
    },
    {
      "Key": "1de816a4-889c-408a-b8f5-1a8a9de1327b",
      "Value": "O torneio continuou com um concurso de orgulho. O primeiro participante, um homem de Marcadaga, subiu ao pódio e contou uma história atrevida sobre {g|SillyHint Halfling}ele{/g} entrando furtivamente em um templo de {g|Calistria}Calistria{/g} e seduzindo todas as sacerdotisas – incluindo a alta sacerdotisa – em uma única noite. A multidão ficou particularmente divertida com os olhares sugestivos que ele continuava lançando para um dos convidados de Tymon. Ela simplesmente sorriu misteriosamente em resposta.\nO segundo participante foi um convidado de Gralton, que contou uma história completamente implausível sobre suas viagens por outros planos, onde lutou contra hordas de {/g|SillyHint Undead}mortos-vivos{/g} e derrotou um {g|SillyHint Monstr}monstro{/g} horripilante. Ele era um orador mediano, na melhor das hipóteses – ele teria sorte em obter um C para essa história na {g|Academy of Grand Arts}Academia{/g} – mas os ouvintes estavam inexplicavelmente entusiasmados. Suspeito, demos uma olhada mais de perto na multidão e... Claro! Vimos um bardo usando alguns truques do ofício (e provavelmente um pouco de mágica) para ajudar o desempenho do homem Gralton!"
    },
    {
      "Key": "d163b048-de2c-4096-b21d-c9eba3b4dbcc",
      "Value": "Depois de terminar sua história, o convidado de Gralton desceu do pódio para uma ovação muito alta – e completamente imerecida."
    },
    {
      "Key": "5f5e1f86-58ef-4884-b1cb-b50022fef132",
      "Value": "Os juízes relutaram em acreditar em nós, mas a trapaça era fácil de detectar quando você sabia procurá-la. Quando concluíram que estávamos certos, o convidado de Gralton foi desqualificado e forçado a deixar o pódio em desgraça."
    },
    {
      "Key": "632ceb55-6094-49ef-92b0-5e92d1529f48",
      "Value": "Mas foi apenas uma perda de tempo – os juízes ignoraram completamente as trapaças e, no tempo em que tentamos convencê-los, o participante de Gralton terminou sua história e desceu do pódio para aplausos da platéia."
    },
    {
      "Key": "feac257d-0d41-4c20-9caa-26b2d09acad2",
      "Value": "O bardo entendeu a mensagem e desapareceu rapidamente. Sem o apoio do bardo, o convidado de Gralton perdeu imediatamente a aprovação do público. À medida que ficou mais nervoso, começou a resmungar e tropeçar em suas palavras, e acabou deixando o pódio entre vaias e assobios."
    },
    {
      "Key": "60a02afe-d3d5-4d57-8dde-665f7fa245c6",
      "Value": "Tentamos ameaçar o bardo, mas ele não nasceu ontem – ele começou a gritar e a chorar, chamando os guardas, Irovetti e todos os deuses em busca de ajuda. Enquanto gerenciamos isso, o participante de Gralton terminou sua mentira sem interrupção e desceu do pódio para aplausos imerecidos – e fomos desqualificados por tentar interferir no desempenho de um oponente. A indignidade de tudo!"
    },
    {
      "Key": "8cd9decc-69b2-4e8b-8e30-44dd72356d59",
      "Value": "O bardo caiu no chão, sufocando com o próprio sangue. Quando a multidão percebeu, já estávamos longe. Desnecessário dizer que a impressão do público sobre o desempenho do participante Gralton foi arruinada."
    },
    {
      "Key": "5535c37b-ae33-4e9f-b4e6-c420992317b1",
      "Value": "O bardo caiu no chão, sufocando com o próprio sangue. A impressão da platéia sobre a performance do participante de Gralton foi arruinada, pelo bem que isso causou a nós – alguém na multidão viu nosso ataque e gritou assassinato sangrento, e os guardas desceram sobre nós do nada. Parecia que estávamos com problemas."
    },
    {
      "Key": "c09508fa-4104-44d4-acb2-94bf636d7a55",
      "Value": "Então foi a vez de {g|Pitax}Pitax{/g}. A honra do reino foi representada por Annamede Belavarah – uma cantora de voz doce, cujo sorriso poderia conquistar o coração mais murcho. Oh, Annamede... Mas enquanto sua voz era mais suave que seda, suas palavras ardiam como flechas! Com um sorriso suave, Annamede contou a todos como ela passou meses em nosso reino aprendendo nossos segredos e instigando uma revolta! É claro que o comércio honesto do bardo e as tristes relações do espião andam de mãos dadas, mas... Oh, Annamede, quem poderia esperar um golpe tão feio de uma senhora tão adorável?"
    },
    {
      "Key": "b99beb3f-b122-4300-9f79-103963d042cb",
      "Value": "Não foi fácil deixar a multidão animada por essa história. Todos eles eram feitos gloriosos, é claro, mas esse era o problema – o público já os ouvira várias vezes! {Name} usou toda a eloqüência que {mf|ele|ela} poderia trazer para dar vida nova a essas histórias antigas."
    },
    {
      "Key": "f82d6d18-2c5a-4e9c-8a3b-44b3b2d5401f",
      "Value": "Embora não seja exatamente um \"feito glorioso,\" a história certamente teve um ótimo material para piadas. O público gosta de rir de simplórios, e {Name} fez tudo o que pôde para tê-los rolando pelos corredores."
    },
    {
      "Key": "0c98d9f1-e358-4c16-8f4f-29a8f2a6ab74",
      "Value": "Olhando significativamente para Annamede, {Name} falou do triste destino que aconteceu com os últimos espiões de Irovetti... e o que pode estar reservado para qualquer outro espião que possamos encontrar!"
    },
    {
      "Key": "5be37eb8-7e72-435b-8ea4-eff21c2db044",
      "Value": "{Name} respirou fundo e começou a mentir com entusiasmo. {mf|Ele|Ela} começou conosco supostamente partindo para o bosque nevado de {g|Irrisen}Irrisen{/g} em busca da rainha desaparecida das bruxas, Baba Yaga, que nos levou a outro planeta, interferindo totalmente uma guerra entre dragões. Depois, passamos por um portal para outro mundo, cheio de tecnologias inéditas, onde caçamos o filho de Baba Yaga, um monge insano que a prendeu em uma boneca de ninho... A platéia ouviu com atenção extasiada, a boca pendurada aberto."
    },
    {
      "Key": "7e95b1f5-cef1-426c-be76-962111e56de4",
      "Value": "O público se apegava a cada palavra, às vezes rindo incontrolavelmente, às vezes prendendo a respiração para não perder nada. {Name} finalmente encerrou a história, e os telespectadores aplaudiram de pé enquanto {mf|ele|ela} deixava o pódio."
    },
    {
      "Key": "82206404-98a8-4771-b769-c59f5a5c25a9",
      "Value": "{Name} usou toda a eloquência que {mf|ele|ela} conseguia suportar, mas o público mal prestou atenção, dando a {mf|ele|ela} pouco mais que aplausos educados quando {mf|ele|ela} deixou o pódio."
    },
    {
      "Key": "cc41f07b-3d81-4504-91f0-62c42489d715",
      "Value": "A mulher de Tymon, sacerdotisa de {g|Calistria}Calistria{/g}, foi a última. Ela contou histórias de casos amorosos em reinos distantes e em outros planos, mencionando casualmente uma doença desagradável que ela havia contraído durante suas jornadas que levou muito tempo para se livrar – ao ouvir isso, o participante de Marcadaga empalideceu e o agarrou pelo cinto, trazendo gargalhadas do resto da platéia."
    },
    {
      "Key": "39496abf-74d3-4d03-8adf-bbc7aa6eb8bc",
      "Value": "E, finalmente, os juízes anunciaram o vencedor – {Name}! {mf|Ele|Ela} subiu ao pódio com aplausos estrondosos e fez outra reverência."
    },
    {
      "Key": "393294a2-9d3f-492d-9ccc-cf1499910c4d",
      "Value": "E, finalmente, os juízes anunciaram o vencedor – Annamede Belavarah! A bela cantora subiu ao pódio para fazer outra reverência, lançando um olhar cruel em nosso caminho. Mais uma vez, fiquei impressionado com a aparência enganosa."
    },
    {
      "Key": "79a1ab09-a96b-4bf1-9776-7a2df13e2e25",
      "Value": "Quando Annamede terminou e saiu do palco, foi a nossa vez de nos apresentar. E que feitos nosso participante decidiu contar em sua performance?"
    },
    {
      "Key": "efe0277f-8fb7-4828-9c7d-aa59152340b7",
      "Value": "Ela descreveu – com detalhes surpreendentes e excepcionalmente críticos – o quanto os cidadãos de nosso jovem estado sofreram sob as atrocidades dos ataques de trolls e da praga mágica. Ela nunca se inclinou para mentiras reais, mas fez parecer que {mf|nosso rei|nossa rainha} – {mf|barão|baronesa} na época – estava simplesmente bebendo e debochando enquanto os assuntos {mf|dele|dela} lutavam. Ela fez nossa cruzada contra Vordakai parecer uma conquista astuta de {g|Varnhold}Varnhold{/g}, e a guerra com os {g|Tiger Lords}Lordes Tigres{/g} foi caracterizada como um empreendimento irresponsável. Fale sobre cruel e injusto!"
    }
  ]
}