{
  "$id": "1",
  "strings": [
    {
      "Key": "5e05ccc5-79e4-4793-be30-7c8eed21d898",
      "Value": "\"O que está acontecendo aqui?\""
    },
    {
      "Key": "2c5270cb-489a-4eb0-a7fb-89806dd42ab9",
      "Value": "[Atacar os lenhadores] \"Eu vou te mostrar o que acontece com desrespeitar os feéricos!\""
    },
    {
      "Key": "c8e54e67-8b30-4666-b817-571cde193e4c",
      "Value": "[Atacar Melianse] \"Eu não estou aqui para negociar. Atacá-la!\""
    },
    {
      "Key": "d5829a71-dda3-43e9-bfb1-64c344522216",
      "Value": "[Usar dissipar magia para libertar os reféns] \"Eu levantei o encantamento! Você é livre!\""
    },
    {
      "Key": "e50b0591-4450-4b46-92fb-3cf5d40bfeb7",
      "Value": "\"A floresta é grande. Tenho certeza que você pode encontrar outras árvores para derrubar.\""
    },
    {
      "Key": "2ffb5cb7-ec34-4f7e-a571-ae18123315ee",
      "Value": "\"Brigar com fadas é mais um problema do que vale a pena. Você não tem idéia de quão poderosos – e suscetíveis – eles podem ser.\""
    },
    {
      "Key": "00119a5c-e85d-4613-83c9-8740d2143140",
      "Value": "\"Pense na sua situação, Melianse. Essas pessoas estão dispostas a sair em paz – pedir muito mais pode ser perigoso.\""
    },
    {
      "Key": "85947062-1461-4e7e-b02e-efb5cdf18dd3",
      "Value": "\"Como devemos restaurar uma árvore que já foi cortada?\""
    },
    {
      "Key": "07b3cd7b-de8d-4b54-9996-05bdcb877367",
      "Value": "\"Você ouviu isso, Corax? Basta comprar algumas penhor de penas em uma loja de mágica e ela deixará seu pessoal ir.\""
    },
    {
      "Key": "ddadbe81-f621-410c-af88-0bea3f7f4fac",
      "Value": "\"Melianse, eles deixarão este lugar e nunca mais voltarão. Por favor, solte os reféns agora.\""
    },
    {
      "Key": "b3863af4-6b7d-4360-b629-6314a919f2ec",
      "Value": "\"Eu sou {mf|o barão|a baronesa|o rei|a rainha} dessas terras, governante legítim{mf|o|a} do reino, e não concedi a ninguém direitos de exploração dessa floresta. Você deve sair agora ou pode se arrepender.\""
    },
    {
      "Key": "c3fcde19-9b2a-4ae4-8f8c-df57fbff5bf3",
      "Value": "\"Deixe-os ir, Melianse. Essas pessoas têm famílias.\""
    },
    {
      "Key": "42433101-9def-44b0-be3d-57d7c6528d15",
      "Value": "[Atacar todos] \"Não estou interessad{mf|o|a} em nada disso. Resolvam vocês mesmos!\""
    },
    {
      "Key": "c28eaf74-5737-4d44-aae0-eb0309464d17",
      "Value": "[Tente argumentar com os madeireiros] \"Ouça-me, pessoal...\""
    },
    {
      "Key": "38e9dc91-c0f0-4522-8ded-8b2f4287ac46",
      "Value": "[Tente outra abordagem] \"Tudo bem, aqui está o que eu vou lhes dizer...\""
    },
    {
      "Key": "f8146ea6-6c02-46f8-8443-2ed8a72041ae",
      "Value": "[Resolva o problema na base da força] \"Você sabe o quê? Para o diabo com isso...\""
    },
    {
      "Key": "a091aba6-0468-47b9-b868-0bf9476a3a46",
      "Value": "[Procure outra solução] \"Espere, espere, tenho certeza de que podemos encontrar uma maneira de resolver isso...\""
    },
    {
      "Key": "e11232b2-6bdb-4b5e-b8eb-e7a94e318301",
      "Value": "\"Espere aqui. Eu vou trazer as penas.\""
    },
    {
      "Key": "9a3c06bc-8408-4f7f-877e-465bf6853e82",
      "Value": "[Sair] \"Não tenho interesse em sua briga. Vá em frente e lute se quiser, mas mantenha-a entre si.\""
    },
    {
      "Key": "b84125a7-59f2-4ab2-a16b-9b04739c3648",
      "Value": "{n}Um grupo de pessoas resistentes com machados, provavelmente lenhadores, está ameaçando uma nixie franzina. Dois lenhadores estão diante dela, abalados e confusos. O lenhador principal balança o punho para a nixie e grita:{/n} \"Deixe eles irem, sua aberração do pântano! Se não fizer isso, eu vou queimar esse bosque podre até o chão, você tem minha palavra!\""
    },
    {
      "Key": "8120196b-1ddd-4c64-a028-fc0d81e93d93",
      "Value": "\"Vocês que são aberrações! E meu nome é Melianse, muito obrigado! Se você continuar sendo rude assim, eu vou afogar esses idiotas no lago, você me entendeu?\""
    },
    {
      "Key": "e83a8e0a-8231-468b-9869-cf4a625671ed",
      "Value": "{n}Ao notá-l{mf|o|a}, o lenhador sorri e acena.{/n} \"Você aí! Você parece uma espécie capaz! Interessad{mf|o|a} em algumas moedas? O nome é Corax, e somos madeireiros aqui nesta floresta. Nós podemos usar a sua ajuda para livrar nosso pessoal das garras desta górgona!\""
    },
    {
      "Key": "70473841-7301-4d23-b1a8-c3b8c1424c24",
      "Value": "\"Estávamos cuidando do nossos negócios, cortando árvores e troncos, quando essa bruxa aparece de repente, gritando e, em seguida, jogou um mau agouro em dois dos nossos, ameaçando afogá-los. Com essas fadas se reproduzindo como coelhos por ai, o que quem é honesto, homens trabalhadores, podem fazer?\""
    },
    {
      "Key": "3b673af6-649d-491f-a92a-296b17e18787",
      "Value": "\"Estúpido! São vocês que se reproduzem como coelhos, se espalhando por mais e mais espaço – vivemos aqui desde sempre! Eu cresci entre essas árvores por mais de cem anos, conheço até mais jovem folhas delas, e então vocês aparecem com seus machados idiotas para destruir tudo!\""
    },
    {
      "Key": "8196ca88-3939-4a17-b8e8-5803c6955ce2",
      "Value": "\"Você pediu! Ei, vocês dois! Esses idiotas querem me machucar! Você não deixaria algo assim acontecer, não é?\""
    },
    {
      "Key": "df331967-383b-49c6-b5d7-7d98e7d57139",
      "Value": "{n}Você conta aos lenhadores sobre um bosque próximo, onde exelentes árvores crescem e nenhuma fada foi lá.{/n}"
    },
    {
      "Key": "dfb079ab-3328-465b-836c-7a2b8103ce57",
      "Value": "\"Claro, pode haver outros lugares com árvores tão boas quanto essas, mas como as encontraríamos? E se houver outra fada lá também?\""
    },
    {
      "Key": "0d65256c-f8d5-4128-84b3-969faed5f7d4",
      "Value": "{n}O lenhador olha para a nixie com suspeita.{/n}"
    },
    {
      "Key": "5c1be8b3-9029-46c0-b4ac-c8f0ee59ebbb",
      "Value": "\"Então, o que? Então, nós apenas nos enforcamos e terminamos com isso? Há todo tipo de bestas nas florestas – não podemos rolar por todas elas! Em vez de desistir, devemos continuar lutando até que acabar com todos os últimos!\""
    },
    {
      "Key": "23f70948-888b-4f8c-93f1-760f1d203ac3",
      "Value": "\"Ah, claro! E quem vai trazer minhas árvores de volta, então? Eles vêm aqui, esmagam tudo à vista e depois partem? Sem acordo! Conserte o que você quebrou, então talvez eu os deixe ir!\""
    },
    {
      "Key": "dacb3351-d783-472d-becc-ff2bf8e269c9",
      "Value": "\"Se você me empurrar, eu vou me retirar para o lago com esses dois! Eu posso respirar debaixo d'água – você acha que eles também podem? Nós poderíamos descobrir!\""
    },
    {
      "Key": "774a717e-fc81-46e7-a9fd-d3f747b3bd27",
      "Value": "\"Vocês, seres humanos, são sempre assim! Destrua, destrua, destrua, e então, quando é hora de limpar sua bagunça, puf! Longe. Tudo bem, então, como você é claramente sem noção, eu vou lhe dizer o que fazer.\""
    },
    {
      "Key": "4eb46f75-9e5b-4454-a55d-d911def373f8",
      "Value": "\"Você acha que temos apenas pilhas de ouro por aí para jogar fora em uma loja de mágica? Mal podemos alimentar nossas famílias!\""
    },
    {
      "Key": "3095b3c1-10a4-477f-8fa0-79b818337edc",
      "Value": "{n}O lenhador lança um olhar longo e duro.{/n} \"Se você diz... Sua Graça. A palavra do soberano é lei.\""
    },
    {
      "Key": "4cf428c6-7f52-41c5-b6f8-add2b891864a",
      "Value": "\"Que tipo de governante protege monstros sobre seus próprios súditos?\""
    },
    {
      "Key": "64816331-064b-4917-a6f9-552cbed4c446",
      "Value": "\"Você deseja! Assim que eu os soltar, todos eles atacarão! Se esses capangas quiserem voltar para casa com suas famílias estúpidas, terão que prometer se afastar do meu bosque primeiro!\""
    },
    {
      "Key": "f48dbad5-2954-4fc2-bc1d-d2d06efacdb6",
      "Value": "\"Tudo bem, tudo bem. Não é como se estivéssemos mortos neste bosque em primeiro lugar. Se ela nos devolver o nosso povo, deixaremos o lugar em paz. Em minha palavra!\""
    },
    {
      "Key": "9337ef52-8f83-4059-accc-8d8029707bfd",
      "Value": "\"Há essas coisinhas mágicas que parecem pequenas penas. As penhor de penas. Jogue uma no chão, em qualquer lugar, e uma árvore brotará. Os magos de seu povo que pisam nos pântanos com mais frequência que os outros – eles podem fazê-los. Comprar um par não vai esvaziar seus cofres. Minha prima Tiressia também pode fazer – ela mora no {g|Narlmarches}Brejo Narl{/g}. De qualquer maneira, você volta aqui com um punhado deles, e eu deixo seus capangas irem?\""
    },
    {
      "Key": "bbabefca-61b0-406b-9000-f801e7b47c72",
      "Value": "\"Eles estarão esperando aqui. Não é como se eles tivessem mais alguma coisa para fazer, certo?\" {n}A nixie ri enquanto mexe em um dos cabelos dos lenhadores. Ele sorri para ela fielmente.{/n}"
    },
    {
      "Key": "7614ec14-5f1d-4838-842c-e50556a17c3c",
      "Value": "{n}Melianse faz uma careta assustadora enquanto estende as mãos palmadas em direção a Corax, balançando os dedos.{/n} \"OoooOOOooo!\""
    },
    {
      "Key": "6f552d23-fec5-4b3c-aaa0-955d1720ecee",
      "Value": "{n}Os madeireiros trocam olhares, segurando a mão nos eixos.{/n}"
    },
    {
      "Key": "f6e763a9-87b5-4f3e-ab98-71538afea9c0",
      "Value": "{n}Nixie lança um olhar sombrio para os madeireiros.{/n}"
    },
    {
      "Key": "f8565588-fe10-44f6-9a51-f1ef319b5bfa",
      "Value": "{n}A situação está esquentando. Uma batalha está prestes a entrar em erupção.{/n}"
    },
    {
      "Key": "ccd68ab3-77fd-462e-92fd-261b7d6ea732",
      "Value": "{n}Os madeireiros encantados olham para a nixie com adoração.{/n}"
    },
    {
      "Key": "82246328-abcb-493a-b238-407b46d16ab2",
      "Value": "\"Você não entende quais calamidades você está chamando a si mesmo. A floresta é profunda, selvagem e cheia de segredos terríveis. Quando todo o poder da feitiçaria dos feéricos cair sobre você, você se lembrará deste dia e se perguntará se valia a pena sofrer a infindável miséria, e você responderá: não, é claro que não, mas será tarde demais!\""
    },
    {
      "Key": "63655fe4-11c8-47d9-b677-134a8eb42b64",
      "Value": "\"Nós devemos ajudá-la! Não, eles! Uh, eu não sei. Por que as pessoas e os feéricos não podem viver em paz?\""
    },
    {
      "Key": "7dfaf333-ba55-464a-90af-99d3e47a481a",
      "Value": "\"A nixie tem melhores chances de ganhar.\" {n}Jaethal bate no queixo, divertido.{/n} \"Vamos descobrir se estou certo.\""
    },
    {
      "Key": "a5a015a5-bab4-4e05-ad8e-2983c5a1b821",
      "Value": "\"Vamos matar todos eles e acabar com isso!\""
    },
    {
      "Key": "eb09509a-9f7d-4cb2-83d0-2b3107a9b022",
      "Value": "{n}O lenhador principal amaldiçoa baixinho, e suspira profundamente.{/n} \"Faça do seu jeito! Vou mandar alguns garotos para buscar suas penas. Recuso-me a voltar para conversar com viúvas e órfãos sobre como o pai ou a mãe foram afogados no pântano por um abraço de árvore de pele azul!\""
    },
    {
      "Key": "eb3d780d-0463-41c8-9652-8dda7a5de06d",
      "Value": "{n}A nixie faz beicinho nos lábios.{/n} \"Você quer dizer... fedido... idiota... estúpido! Vá embora!\" {n}Soluçando, a fada mergulha no lago.{/n}"
    }
  ]
}