{
  "$id": "1",
  "strings": [
    {
      "Key": "3fb812cf-770c-4dec-907e-b7f248ed28fa",
      "Value": "\"Eu ouvi os habitantes locais conversando sobre algumas regras da água.\""
    },
    {
      "Key": "b0486601-139a-4cad-b842-1dfbc912cf15",
      "Value": "\"Você está falando sobre as liberdades do rio, Amiri. É o conjunto unificado de leis não escritas pelas quais o povo das Terras Roubadas vive. Ouvi os habitantes locais falando sobre eles também.\""
    },
    {
      "Key": "04711766-c379-4ce4-8c9d-437dc0fff196",
      "Value": "\"As Liberdades do Seis Rio, as leis das Terras Roubadas. É um exemplo curioso de legislação autoimposta. Por exemplo, o roubo furtivo aqui é considerado um crime muito mais sério do que o roubo honesto. Um lugar difícil cria pessoas difíceis.\""
    },
    {
      "Key": "3979b01f-0b55-4543-9231-3f8982e49ba4",
      "Value": "\"Você provavelmente quer dizer as liberdades do rio. São as leis tradicionais dos Reinos Fluviais. A propósito, o primeiro deles garante liberdade de expressão – embora alguns governantes não se importem com isso.\""
    }
  ]
}