{
  "$id": "1",
  "strings": [
    {
      "Key": "98ab28da-8f43-4d1f-99ed-e2f8c7af6d55",
      "Value": "\"Professor Eobald, eu presumo?\""
    },
    {
      "Key": "0c25e59a-fbf5-465d-96a6-dda4554467da",
      "Value": "\"Ei, mite! Quem é você?\""
    },
    {
      "Key": "72d015aa-6e81-4415-a31f-e0e718edd6e7",
      "Value": "\"Você conhece a rainha Bdaah?\""
    },
    {
      "Key": "804cfacd-2008-49d8-86a5-212025238592",
      "Value": "\"O que você está fazendo com esses músicos?\""
    },
    {
      "Key": "aed59c2f-5b8b-4dc3-9935-9e08bb35d221",
      "Value": "\"Você não sabia que as centopéias recebem indigestão da música? Diarréia dos bardos também.\""
    },
    {
      "Key": "27f8ff3b-78be-454d-8585-6804422e1f94",
      "Value": "[Ofereça 10 rações] \"Veja como esses bardos são magros. Se você deixá-los ir, eu lhe darei muita comida boa.\""
    },
    {
      "Key": "60a41d66-991e-4e7e-812d-325f07fe49d9",
      "Value": "\"Saia daqui antes que eu corte suas centopéias em pedaços!\""
    },
    {
      "Key": "6dbac7df-dd39-448d-aeaa-230b882d7f6a",
      "Value": "[Atacar] \"Espere aí, bardos, nós salvaremos você!\""
    },
    {
      "Key": "43382832-eebe-4840-ba03-79b2e159221f",
      "Value": "\"De quem são esses corpos?\""
    },
    {
      "Key": "dac21bbe-bf2a-42c2-88ab-b069990bac5c",
      "Value": "{n}Um grupo de meninos e meninas tocam alaúde quando uma horda de centopéias os rodeia, balançando as cornetas e assobiando ao som da música. Um mite gordo fica perto, ouvindo o estranho concerto com um sorriso feliz.{/n} \"Muzak. Tudo bem! Toque, toque!\""
    },
    {
      "Key": "fc612526-dc63-419d-a984-2c3781c1af9d",
      "Value": "\"Tenha piedade deles! Olhe para os dedos deles – eles estão sangrando!\" {n}Um homem velho de cabelos grisalhos implora o mite dentre os músicos.{/n}"
    },
    {
      "Key": "1248431d-b96c-4ac5-9f12-c65b38563ce7",
      "Value": "\"Quem não pode brincar pode ser uma pedida doce em alimentos! Não quer ser comida? Continue brincando!\""
    },
    {
      "Key": "a8ceed45-636a-4bf2-af2b-d5d2ff5ba418",
      "Value": "\"Aesh, pastor livre! Ande por aí, rebanho de pastor... Melhores pedestres em todos os bosques, pergunte a qualquer um!\""
    },
    {
      "Key": "960cbab7-634e-43a4-ad48-b4464fadb422",
      "Value": "\"Não conhece rainha! Aesh não se curva aos reis! Ande onde quiser, é assim!\""
    },
    {
      "Key": "4f37102f-4699-49f5-9cba-94ec634fecf6",
      "Value": "\"Escute o muzak. Bom muzak! Eu bom, e pediatras bem antes da refeição!\""
    },
    {
      "Key": "781305c0-eb26-472c-9c56-ab585a1f5146",
      "Value": "\"Não, não! Fora, fora! De volta, docinhos! Não os ouça sem bens! Vá, vá!\""
    },
    {
      "Key": "e87698a6-8504-45b7-bf35-16757ff3c1e9",
      "Value": "\"Naaah. Mentira. Muzak é bom. Bardos saborosos. Você mente!\""
    },
    {
      "Key": "3e1ce213-21d8-49d8-8f06-45edc785ec9e",
      "Value": "\"Sim, sacos de ossos, sim. Negócio! Vá, docinho! Vá méis! Tempo coma!\""
    },
    {
      "Key": "3f8cb370-5a8e-49b5-8801-7b5f2ec9c722",
      "Value": "\"Não, magra – carne fresca, quente!\" {n}O mite lambe os lábios enquanto ele avalia você.{/n}"
    },
    {
      "Key": "577b6fcd-ab7c-459f-bcfd-09013fd7ac4d",
      "Value": "{n}O mite leva as centopéias para longe, afagando-as com ternura enquanto caminham.{/n}"
    },
    {
      "Key": "869c5515-8d64-4e99-b6e5-51cf684594b6",
      "Value": "\"Ei, ei! Por que cortar? Por que tão bravo? Chega! Vá, querida! Vá, méis! Ninguém aqui como nós!\""
    },
    {
      "Key": "66de6bd1-4338-48ad-8f05-18eacea264e2",
      "Value": "\"Você não gosta de bestas? Você está bravo! Eu te alimento pedicentes – aprendo você!\""
    },
    {
      "Key": "0b3bfa5e-c6b0-4720-9cf7-21bc14492c6f",
      "Value": "\"Por que saber? Alguns bandidos! Primeiro caçam muzishuns com facas, depois pedem pedestres... Claro, não recusamos comida de graça! Certo, docinhos? Certo!\""
    },
    {
      "Key": "2eef4349-5d67-4ad3-b5b6-8ffbdf266370",
      "Value": "\"Mais monstros. Não consegui todos eles.\""
    },
    {
      "Key": "80a2040f-9a96-4c82-bc8a-a322c3ab94b2",
      "Value": "{n}Octavia ri e cobre a boca com a mão.{/n} \"Oh... Isso é embaraçoso! É claro, temos que ajudar esses pobres companheiros! Mas esse show... Há!\""
    },
    {
      "Key": "d866da75-1026-4aa1-b314-430f436c2ac4",
      "Value": "\"Eu não entendo por que você gosta tanto de conversar com todos esses bichos da floresta. Vamos terminar esse desgraçado fedorento e seus insetos e sair daqui.\""
    },
    {
      "Key": "3b86205c-a3a5-4910-97ce-fc23d58dd9ae",
      "Value": "\"Todo mundo se orgulha do que tem. Um rei, sua coroa; um comerciante, seu ouro; um mite, seus insetos. Até um kobold sujo numa sarjeta se orgulha do rato morto que ele segura em seus dentes... existe alguma diferença essencial entre eles?\""
    },
    {
      "Key": "d15019b2-cc2a-4bfb-a393-5289bbd22567",
      "Value": "{n}O mite fica em silêncio ao som de um gemido doloroso. Nok-Nok, sem sucesso tentando cobrir seus grandes ouvidos, parece estar convulsionando com as belas melodias.{/n} \"Não posso... suportar... morrer... logo...\""
    }
  ]
}