{
  "$id": "1",
  "strings": [
    {
      "Key": "d8d51625-8654-4f71-bdd2-3760e6bc8e41",
      "Value": "\"Aquelas vozes que você ouve... me desculpe, mas você tem certeza de que é realmente o seu deus? Talvez você devesse pensar em sua saúde?\""
    },
    {
      "Key": "e4e237b0-0f3b-441e-a1a3-52177afb0916",
      "Value": "\"Sim, eu ouço a voz de Groetus, embora eu nem sempre entenda o que ele diz, ou onde ele me chama... Mas isso é loucura? Não é mais insano cobrir seus ouvidos e negar a verdade sobre o que é chegando?\""
    }
  ]
}