{
  "$id": "1",
  "strings": [
    {
      "Key": "cee08a28-900b-4ee4-bff8-111aec634e49",
      "Value": "\"Você escolheu o caminho de um guerreiro, e agora sua espada está sempre molhada de sangue... O que você gosta de matar?\""
    },
    {
      "Key": "8d3c61c7-cddf-4b0b-9fef-492410a9b4ce",
      "Value": "\"A guerra não é uma operação menos honrosa que qualquer outra. Definitivamente, não é pior do que desenhar ou organizar letras em linhas! Quanto aos meus inimigos – não sou eu quem coloca armas nas mãos. Como eu, eles escolheram seu próprio caminho.\""
    }
  ]
}