{
  "$id": "1",
  "strings": [
    {
      "Key": "bbea4b40-f071-4019-8cef-a7cef26518f9",
      "Value": "\"É incrível o que o Lorde Cervo conseguiu com esses métodos grosseiros. Imagine o que podemos fazer, com poder ordeiro em nossas mãos...\""
    },
    {
      "Key": "988fb0f6-0bdd-4b88-8d44-92903b7cca7e",
      "Value": "\"Minhocas brigando por um cadáver em decomposição. Inútil.\""
    },
    {
      "Key": "a216d90f-8507-4110-9f59-10f2ebb6b8cd",
      "Value": "\"Os bandidos atacam os fracos e fogem dos fortes. Nós os mataremos em pouco tempo.\""
    },
    {
      "Key": "49710462-3eb4-4107-9923-94a533d1e80f",
      "Value": "\"O poder é lícito quando obedece às leis. – Mal, quando as torce para encher o tesouro de ouro."
    }
  ]
}