{
  "$id": "1",
  "strings": [
    {
      "Key": "b5120fbc-00a0-4dfd-ad39-9bf7402d7e7c",
      "Value": "\"Ach... eles me bateram um pouco hoje! Mas eles ficaram muito piores do que eu.\""
    },
    {
      "Key": "54977822-cf52-457d-a73c-00acc1ad8675",
      "Value": "\"Fiquei muito debilitado hoje. Mas nossos inimigos também, ha, ha!\""
    },
    {
      "Key": "6e8da7f6-e439-4403-80f1-c24b36fb3edb",
      "Value": "\"Ainda assim, você deve ter mais cuidado, Reg... sou eu quem precisa consertar suas roupas depois.\""
    },
    {
      "Key": "2fa3efc6-b56c-49de-ace4-02e109a6c19d",
      "Value": "\"Sem dúvida, você é bom em mão-de-mão. Mas sua defesa deixa muito a desejar. Você não pode ficar muito tempo contra um ataque. Você nem sempre deve avançar, mas procura um ângulo melhor.\""
    },
    {
      "Key": "6386db03-24e6-4403-af35-d8a3135af7a1",
      "Value": "\"Não brinque com a morte. Isso nunca brinca com ninguém.\""
    },
    {
      "Key": "337dcdc7-fa04-4a18-902b-95e4e800dd2b",
      "Value": "\"Sua coragem não tem rival! Verdade seja dita, às vezes não parece coragem, mas loucura...\""
    },
    {
      "Key": "14b98f89-773e-4c04-b7c6-d7abd3bba93f",
      "Value": "\"Você lutou corajoso como grande fera! Por um longo tempo, é claro – ninguém mais feroz do que quando os goblins atacam!\""
    },
    {
      "Key": "e62f89a7-84f8-459f-9208-b855d9bb4fd3",
      "Value": "\"Você se esgota. – Mas é sua vida e sua morte. Mas pense no que do grupo faria se perdesse um guerreiro.\""
    },
    {
      "Key": "2f860999-651e-4ff3-8cc3-b4807319d980",
      "Value": "\"Você se esgota. – Mas é sua vida e sua morte. Mas pense no que do grupo faria se perdesse um guerreiro.\""
    }
  ]
}