{
  "$id": "1",
  "strings": [
    {
      "Key": "5c8fbdf6-51ca-4a08-abfd-a90e345550e1",
      "Value": "\"Você é de uma família nobre. Não entendo por que você simplesmente não voltou ao castelo de seus pais, em vez de vagar pelas florestas, matando todos os tipos de monstros.\""
    },
    {
      "Key": "598ef0d5-0416-40e5-8c36-71640594cb7e",
      "Value": "\"É difícil entender... Aqui nas Terras Roubadas eu posso ser o que sou, não quem as pessoas querem ver. A maioria simplesmente quer uma fachada bonita, sem nunca perceber o humano por trás dela.\""
    }
  ]
}