{
  "$id": "1",
  "strings": [
    {
      "Key": "3692664c-b877-451a-b807-5fc887d56f05",
      "Value": "\"Saudações!\" {n}O rosto de Min brilha com entusiasmo.{/n} \"O comércio em seu {mf|baronato|baronato|reino|reino} é tão animado que estou literalmente transbordando de comissões! É esplêndido! – Quanto mais interessante o desafio, o melhor!\""
    },
    {
      "Key": "bf327eb4-896a-47d5-a3e2-60d8f63266a8",
      "Value": "\"Saudações. Decidi fazer uma pausa e passei algum tempo viajando por suas terras, e estou surpreso com o quão bem as coisas estão indo aqui em seu {mf|baronato|baronato|reino|reino}! O comércio está prosperando, e eu pode facilmente adquirir materiais raros e pedras preciosas para minhas jóias. E há tantas pessoas talentosas por aí! Saí de Restov para desfrutar da paz e a solidão de uma vida simples no campo, mas devo admitir – sinto falta da companhia de outros artistas!\""
    },
    {
      "Key": "916945ef-fa8b-4920-a439-05031b9ef08f",
      "Value": "\"Finalmente! Trabalhei muito em um presente especial para você, {mf|Sua Graça|Sua Graça|Sua Alteza|Sua Alteza}. Min é a melhor, não é?\""
    }
  ]
}