{
  "$id": "1",
  "strings": [
    {
      "Key": "38a087ac-20c8-4989-9df5-9d3291d77936",
      "Value": "\"O templo deserto estava em paz. Sereno. Os seguidores de Groeto não constroem seus próprios santuários, mas se reúnem para adorar nas ruínas dos outros deuses.\""
    },
    {
      "Key": "323a1074-0aa5-40db-9c7c-8a9acc32c34c",
      "Value": "\"Que tradição incrível! Mas imagino que isso torne Groetus impopular entre os seguidores de outros deuses...\""
    },
    {
      "Key": "8db998ad-4507-461f-8498-6266760129b0",
      "Value": "\"O deus rato espera até que outros deuses deixem suas casas antigas. Então ele se muda e os governa. Há!\""
    },
    {
      "Key": "1973a4ca-78c9-4a3b-80e8-0ca9dc8f8fc3",
      "Value": "\"'A aparência do templo deserto me agradou, porque sinto vontade de morrer de tédio!' – Bem, não estou nem um pouco surpreso com isso, ha, ha, ha!\""
    }
  ]
}