{
  "$id": "1",
  "strings": [
    {
      "Key": "518c2bc9-2d66-4f06-a275-7171d7ed4390",
      "Value": "\"Eu vim de Restov. Os Senhores da Espada Aldori me enviaram para matar o Lorde Cervo.\""
    },
    {
      "Key": "fb52943a-1ec5-4921-8d08-9fa4c28607b4",
      "Value": "\"O que você estuda aqui?\""
    },
    {
      "Key": "e736b5a0-4b71-45ea-a3e8-fdf51b5a180d",
      "Value": "\"Essas são suas armadilhas por aqui?\""
    },
    {
      "Key": "fc0cd4d7-3372-46d6-a167-d427aea0e616",
      "Value": "\"Adeus.\""
    },
    {
      "Key": "5d1a2f1c-5da5-4782-b677-3d9331d99145",
      "Value": "[Atacar] \"Eu não gosto de você. Morra!\""
    },
    {
      "Key": "73ca8895-9f10-4313-a640-6bc22f508eb0",
      "Value": "{n}Ele olha para você com repulsa sutil, como se você fosse um mendigo.{/n} \"Bem, bem, uma nova cara em nosso reino. Prazer em conhecê-lo. Eu sou Bartholomew Delgado, um estudioso independente de mágica e um homem muito ocupado. E quem pode ser você? Como podemos ser úteis um para o outro?\""
    },
    {
      "Key": "915c8556-b0b8-4191-9f0e-80bd08597869",
      "Value": "\"Você de novo? Espero que você tenha um bom motivo para me incomodar.\""
    },
    {
      "Key": "88aa293c-bfbe-4e9f-810f-00c778733d59",
      "Value": "\"Sério? Há-ha-ha? Bem... boa sorte em sua nobre busca. Agora, o que isso tem a ver comigo? Não há brigas entre mim e o Lorde Cervo.\""
    },
    {
      "Key": "e224611c-6cdc-47eb-86f2-873baa0f2894",
      "Value": "\"Receio que os não iniciados achem difícil entender... Deixe-me colocar desta maneira: essas terras abrigam criaturas muito incomuns. Kobolds, wyverns... Trolls. Eu os observo na natureza e estudo suas habilidades sobrenaturais.\""
    },
    {
      "Key": "bd54fa65-f18d-4a8a-a428-5dbb788f8e56",
      "Value": "\"Sim, eles são meus. Eu não gosto quando vários ladinos andam pela minha casa e me interrompem enquanto estou trabalhando... estou falando dos trolls, é claro.\""
    },
    {
      "Key": "3b7b6dfa-5202-4491-a01d-13a75b02bddc",
      "Value": "\"Vamos ver... acho que vou encontrar alguma coisa.\""
    },
    {
      "Key": "96e7059a-3668-453c-80ef-c0f0035bbf33",
      "Value": "\"Tenha uma boa viagem.\""
    },
    {
      "Key": "060e60f2-328a-4de5-ba57-2871e08a9358",
      "Value": "\"Parece que vou ter que te ensinar uma lição...\""
    }
  ]
}