{
  "$id": "1",
  "strings": [
    {
      "Key": "772bae0b-5de7-4fc5-907f-e70fcab9d496",
      "Value": "...abra a porta."
    },
    {
      "Key": "d31b0db3-166b-4f31-93a9-c4233efc704b",
      "Value": "...encontre o mecanismo para desarmar a armadilha."
    },
    {
      "Key": "85fb1f2e-7a1e-4b53-9b1a-150f6d8ea8f2",
      "Value": "...feche as escotilhas do teto."
    },
    {
      "Key": "bcdf3f96-24bc-40c2-abed-d32ea4b33a96",
      "Value": "Nossos heróis começaram a gritar o mais alto que podiam, tentando assustar a enguia."
    },
    {
      "Key": "a43ad2d5-5eaf-4511-baaf-484c685dd9b8",
      "Value": "Nossos heróis abraçaram as paredes, tentando evitar a atenção da enguia irritada."
    },
    {
      "Key": "ba83bf56-6698-4353-80a1-2d86131556f8",
      "Value": "Fechar."
    },
    {
      "Key": "b2572b65-e0d3-42b1-b7d1-98718741909c",
      "Value": "Fechar."
    },
    {
      "Key": "a3e086f6-a93b-4116-92d6-e9f772a78e13",
      "Value": "Fechar."
    },
    {
      "Key": "58693221-5951-416e-babe-21a66ae31893",
      "Value": "Fechar."
    },
    {
      "Key": "466058b7-84d2-4ce8-83e8-1031d9127fba",
      "Value": "Depois de caminhar pela masmorra sombria, finalmente chegamos a uma pesada porta de pedra, decorada com muitas esculturas chiques. Assim que tocamos, ouvimos um clique dentro da parede, seguido por um ruído suspeito acima de nossas cabeças."
    },
    {
      "Key": "49cc84ed-32d4-4d80-9669-9208f6b46f6d",
      "Value": "Um batimento cardíaco depois, antes mesmo de termos a chance de adivinhar o que estava acontecendo, algumas escotilhas enferrujadas se abriram sobre nossas cabeças e a água turva do rio começou a inundar a sala! A sala se encheu rapidamente, ameaçando nos prender em uma cova aquosa. Junto com a água, areia e lama do leito do rio caíam, assim como algumas das plantas subaquáticas e alguns peixes assustados que não eram rápidos o suficiente para escapar."
    },
    {
      "Key": "4967db6c-c422-4084-8fba-9b6324585757",
      "Value": "Pode ser difícil manter a calma em uma situação como essa, mas enquanto alguns de nós estavam orando aos deuses deles ou reclamando por não ter tempo de terminar o próximo grande romance de {g|Golarion}Golarion{/g}, outros tentaram para..."
    },
    {
      "Key": "58ea60d4-b7c7-41b3-861a-8e32a98c6d3f",
      "Value": "Nossas tentativas de encontrar a fechadura e abrir a porta foram infrutíferas – aqueles construtores antigos haviam escondido os mecanismos com segurança dentro das paredes."
    },
    {
      "Key": "2746e505-9312-4a07-904a-c65cd5e74da4",
      "Value": "É improvável que alguém que invente uma armadilha tão mortal seja suficientemente tolo para manter os mecanismos de controle à vista. Apesar de todos os nossos esforços, não tivemos sorte em encontrar os mecanismos para desarmar a armadilha – e enquanto tentávamos, a água continuava subindo!"
    },
    {
      "Key": "247868e1-2ec6-433e-8b21-28affd40fc1c",
      "Value": "Fechar até uma única escotilha contra a pressão da água da inundação se mostrou não só difícil, como impossível! Os temerários que tentaram arriscaram suas vidas para fazê-lo – as tampas penduradas da escotilha balançavam perigosamente perto de suas cabeças, e os jatos de água eram fortes o suficiente para derrubá-los e deixá-los machucados e machucados. Felizmente, nenhum dos nossos heróis se machucou, mas as correntes de água eram completamente imparáveis."
    },
    {
      "Key": "09885be2-68d3-4eb8-b669-b76609cbb840",
      "Value": "Somando-se aos nossos problemas, o destino decidiu nos dar mais uma coisa com que se preocupar – com um forte estrondo, uma enguia elétrica enorme caiu de uma das escotilhas! Acima do barulho da água caindo, ouvimos estranhos estalos e estalos quando nossa pele começou a formigar por leves solavancos de eletricidade."
    },
    {
      "Key": "575b8dbb-1e63-475c-834f-f912534de0d8",
      "Value": "Os arquitetos antigos deste lugar claramente não esperavam que seus ancestrais tentassem abrir a porta enquanto estavam até os joelhos em águas escuras, mas nossos heróis fizeram exatamente isso – e conseguiram! Com a porta aberta, nosso grupo saiu correndo da sala, fechando a porta firmemente atrás deles para cortar a água."
    },
    {
      "Key": "4bfb540c-01c0-4cee-b280-db2e884691a2",
      "Value": "Nós procuramos rapidamente em todos os cantos, mas não havia sinal de nenhum mecanismo de controle. O que descobrimos, no entanto, foi uma rachadura longa e estreita em um baixo-relevo lateral. Determinado como sempre, noss{mf|o barão|a baronesa} mergulhou uma adaga na fenda – e a parede cedeu, revelando a porta de uma sala escondida!"
    },
    {
      "Key": "702c7052-9a1d-451d-8653-bc029c78be62",
      "Value": "Aqueles arquitetos antigos certamente sabiam construir suas armadilhas, e também eram bons em construir salas escondidas – especialmente o tipo que você poderia usar para se esconder de uma armadilha acionada! O quarto atrás do baixo-relevo não era espaçoso, mas era grande o suficiente para salvar todos."
    },
    {
      "Key": "f5e76726-dfa6-4370-b834-3ab934fb36d6",
      "Value": "Até os animais irracionais do rio sabem melhor do que mexer com os maiores heróis da {g|Stolen Lands}Terras Roubadas{/g}! A enguia decidiu não ficar perto de uma companhia tão barulhenta, optando por se esconder no outro extremo da sala. No entanto, essa pequena vitória fez pouco para nos ajudar a resolver nosso problema mais premente – o aumento rápido da água."
    },
    {
      "Key": "8974eb57-9d8e-444f-9ebe-d6eb7ed6d401",
      "Value": "Pressionando-nos contra as paredes ásperas, tentamos desaparecer – ou pelo menos ficar fora da vista da enguia que continuava flutuando pela sala. Para nossa sorte, o predador não notou as grandes fontes de alimento em potencial escondidas nos cantos da sala, e começou a perseguir o peixe atordoado que havia caído. Enquanto isso, novas presas para a enguia continuavam chegando – junto com o fluxo contínuo de água!"
    },
    {
      "Key": "1a1a03da-322a-41a7-bb13-a0195f5a4f46",
      "Value": "É difícil competir com uma criatura que está em casa na água quando você está mais acostumado a terrenos sólidos sob seus pés. Depois de apenas dois solavancos, estávamos preparados para encontrar um final prematuro (e bastante inglório) de nossas aventuras."
    },
    {
      "Key": "c56493ee-b9fa-41e4-8191-b71f706a5903",
      "Value": "Nossos heróis presos, o nível da água subindo, aparentemente sem saída, e agora tínhamos essa enguia elétrica para lidar! Talvez isso nos fritasse, nos salvasse de se afogar... Não, precisávamos nos livrar disso antes que fosse tarde demais!"
    },
    {
      "Key": "8b078869-b6ec-4ef8-a8e3-6563b79c03fc",
      "Value": "Toda tentativa de fechar as escotilhas terminava em fracasso – nada na armadilha havia mudado, mas as mãos e os ombros de nossos heróis estavam certamente machucados e espancados pelas correntes de água correndo!"
    },
    {
      "Key": "984b787f-b27e-4d4a-8bac-d19f571702e6",
      "Value": "Depois de limpar a lama de nossas roupas, voltamos à porta calamitosa."
    },
    {
      "Key": "e50d9aa1-ea17-4ba3-9bf6-75c95b11e91d",
      "Value": "Depois de nos recuperarmos dos solavancos elétricos e limparmos a lama de nossas roupas, voltamos à porta calamitosa."
    }
  ]
}