{
  "$id": "1",
  "strings": [
    {
      "Key": "194b628d-1503-4674-9f53-04faa3311b23",
      "Value": "\"Eu gostaria de fazer algumas perguntas.\""
    },
    {
      "Key": "f8a1aa4c-4d87-4d5d-a192-32fbffa17182",
      "Value": "\"Deixe-me contar minhas ações – elas deixarão meu valor claro.\""
    },
    {
      "Key": "f126dccf-514f-4127-9759-032610e481d5",
      "Value": "[Atacar] \"Estou sempre pronto para me provar em uma batalha honesta!\""
    },
    {
      "Key": "c05f880f-b933-4ada-94ed-18efa5a8a573",
      "Value": "\"Vou provar que sou digno, mas deixe-me preparar primeiro.\""
    },
    {
      "Key": "eacebeff-b5d4-4639-ad3e-28eca14771dd",
      "Value": "\"Onde está o Armag agora?\""
    },
    {
      "Key": "d1ac58f0-db7d-4726-acd0-8e7ff2a536e0",
      "Value": "\"Conte-me sobre o antigo Armag.\""
    },
    {
      "Key": "0e344805-c1cc-4dee-91f5-a600d53ae9ba",
      "Value": "\"Quem é você?\""
    },
    {
      "Key": "df89620f-0ef5-461d-a648-ff898f35380c",
      "Value": "\"Obrigado por suas respostas.\""
    },
    {
      "Key": "5a0971bf-2ab0-43c1-aedd-42e9e4f84312",
      "Value": "\"Eu matei o Lorde Cervo, líder de uma grande gangue de bandidos, e tomei o seu forte!\""
    },
    {
      "Key": "695205d5-b929-499c-b630-e3dd77d00c87",
      "Value": "\"Eu matei Hargulka e Tartuk – um rei troll e um rei kobold respectivamente – e destruí a cidade deles!\""
    },
    {
      "Key": "52ba9f0b-4dfc-4a9d-ac3f-523d8286cb8f",
      "Value": "\"Eu saquei Trobold, a cidade monstro subterrânea!\""
    },
    {
      "Key": "c9287165-8c6b-41d5-a4d7-1591f014a673",
      "Value": "\"Eu matei Vordakai, antigo necromante e governante dos ciclopes!\""
    },
    {
      "Key": "4f9a8a70-12c8-4484-92c5-21392dbef6b7",
      "Value": "\"Eu derrotei Vordakai, antigo necromante e governante dos ciclopes!\""
    },
    {
      "Key": "e575b1a2-eb12-4dd9-a268-f9bc8023b3c5",
      "Value": "\"Eu dizimei os Cauda Longa, uma tribo poderosa de povo lagarto!\""
    },
    {
      "Key": "0af69fbb-afdc-4ca3-95df-439e7682c2f0",
      "Value": "\"Eu destruí todo um grupo de batalha dos poderosos Lordes Tigres, liderados pelo clérigo conhecido como Dugath!\""
    },
    {
      "Key": "6a428f50-b8c1-45cf-928d-cddd47b0296f",
      "Value": "\"Eu sirvo a Gorum – tudo o que faço é o nome dele!\""
    },
    {
      "Key": "a50e8d0e-7c21-42aa-82f3-3aa398c89e82",
      "Value": "\"Eu sou {mf|o|a} governante das Terras Roubadas! Ninguém ousa duvidar da minha glória! Você pode ver claramente que eu sou digno de entrar, clérigo – se afaste!\""
    },
    {
      "Key": "500b8447-7e16-4e82-ad8d-ff9942f6a5d1",
      "Value": "\"Eu tenho que ir.\""
    },
    {
      "Key": "eaa610fc-f6b3-4005-904c-bb3d46b1f3dd",
      "Value": "\"Estou pronta. Ouça bem.\""
    },
    {
      "Key": "34d022f1-61eb-407f-bdfb-504ac8272bdb",
      "Value": "\"Espere – eu devo me preparar primeiro.\""
    },
    {
      "Key": "9603c069-bad8-4f59-86af-92a2e81b2ec8",
      "Value": "\"Os moradores do Lago Passo de Prata me desrespeitaram, então eu matei todos eles!\""
    },
    {
      "Key": "ea935cf9-e0ba-4651-96f4-4ce69281f74b",
      "Value": "[Atacar] \"Eu cansei de conversa fiada. Deixe-me mostrar meu valor em uma luta honesta!\""
    },
    {
      "Key": "44042331-c434-44c8-a2ef-f5bd7b69c71e",
      "Value": "\"Regongar! Cale a boca, guarde sua arma e desça!\""
    },
    {
      "Key": "965584b4-de88-4c92-a13f-891b484f1b41",
      "Value": "\"Paciência, Reg. Eu também quero dar um soco nele, mas primeiro tenho algumas perguntas.\""
    },
    {
      "Key": "635eafbc-bd95-4783-ab09-81d4af262db8",
      "Value": "[Atacar] \"Ele está me irritando também. Ataque!\""
    },
    {
      "Key": "7c7db654-c838-4558-89c6-e5710d64f3fe",
      "Value": "[Mentir] \"Eu sirvo a Gorum – tudo o que faço é o nome dele!\""
    },
    {
      "Key": "b7bfb9cc-d805-478b-9586-d7b042e5d514",
      "Value": "{n}O bárbaro que está diante de você é velho, mas não decrépito – seu corpo bronzeado e musculoso parece ser de bronze. Seus olhos não têm brancos, íris – apenas metal preto, e reflexo de fogo invisível dançam sobre suas superfícies brilhantes.{/n}"
    },
    {
      "Key": "b446c2df-bd9c-4f7b-9a38-166b5407cd0d",
      "Value": "\"Eu te saúdo no templo de {g|Gorum}Gorum{/g}. Sou Zorek, guardião desta tumba. Se você chegou até aqui, certamente tem potencial... Mas chegou a hora de determine se você é digno de entrar no santuário interior!\""
    },
    {
      "Key": "877cc93d-2e99-4793-a60e-e1082de9d42d",
      "Value": "\"Demore o tempo que você precisar. Não tenho pressa.\""
    },
    {
      "Key": "4d1ebe56-57d2-471e-88f0-d5a8562d301b",
      "Value": "\"Quando eu era jovem, como você é agora, também ansiava por conhecimento. Foi só depois de servir Nosso Senhor em Ferro por algum tempo que percebi que todo o conhecimento do mundo não passava de fumaça na água e poeira ao vento. Posso satisfaça sua curiosidade, mas você deve saber que as palavras não podem ter verdadeira sabedoria. Essa sabedoria só é encontrada no choque de metais, no rugido do fogo e no esmagamento dos ossos!\""
    },
    {
      "Key": "58d93a79-aed0-469d-b93d-629c436e5ebf",
      "Value": "\"Não há necessidade de me agradecer. Nada do que eu disse a você irá ajudá-lo na batalha.\""
    },
    {
      "Key": "8fcc36c0-d2a0-4abf-9000-313396bb4a1d",
      "Value": "\"O mesmo lugar em que ele esteve todas essas idades – em sua câmara funerária, dentro da espada sagrada em que {g|Gorum}Gorum{/g} colocou sua alma. Ou você estava perguntando pelo garoto ousado que ousou usar o nome do grande chefe? \"Esse provou o seu valor em uma luta honesta, então eu o deixei entrar. Não sei o que aconteceu com ele depois de pegar a espada, mas ele nunca voltou.\""
    },
    {
      "Key": "91a8bb8c-3b3f-42d5-84cb-7458693daf19",
      "Value": "\"Eu nunca esperei que a glória do grande chefe fosse esquecida entre os mortais! Escute bem, então – Armag era um poderoso berserker e um valente senhor da guerra que liderou nossa tribo de uma vitória para outra. Invicto, ele ficou muito orgulhoso e começou a se gabar mesmo que A própria morte não conseguiu abatê-lo. Suas palavras o ofenderam {g|Pharasma}Pharasma{/g}, então ela enviou seus servos contra ele. {g|Gorum}Gorum{/g} não aceitou isso e escolheu desafiar Enquanto Armag lutava contra exércitos de monstros na terra, as duas divindades lutavam entre si por sua alma. Embora as feridas de Armag fossem horríveis demais para ele sobreviver, Gorum não deixou Pharasma levá-lo – em vez disso, ele colocou a alma de Armag em sua espada sagrada, Ovinrbaane, a própria espada que está contida nesta tumba.\""
    },
    {
      "Key": "bf038021-596e-4e4a-bb4b-49541d4cc9a8",
      "Value": "\"Sou Zorek, clérigo de Gorum e conselheiro do grande chefe Armag. Fiquei com ele enquanto ele ascendia à sua glória. Vi todos os passos em seu caminho. Lutei ao lado dele. Quando eu fui morto ao lado dele no campo sangrento de sua batalha final, Gorum me fez o guardião de Armag. Meu deus ordenou que eu construísse esta tumba e mantivesse a paz do meu chefe até o dia em que um poderoso guerreiro chegasse, um digno de empunhar a espada sagrada que segura a alma de Armag. Poucas pessoas entraram nesta tumba ao longo dos séculos e nenhuma saiu. Esse menino foi o primeiro a conseguir passar por mim – você acha que pode ser o segundo?\""
    },
    {
      "Key": "482fb59f-fcc8-4db1-a1f6-3a1fe3477bd4",
      "Value": "\"Oh, estou ouvindo. Mas não pense em contaminar seus lábios e meus ouvidos com mentiras! Posso ver seus pensamentos tão claros quanto verei suas entranhas se você não falar a verdade!\""
    },
    {
      "Key": "3066e345-8280-463b-9e72-a09976dcb54b",
      "Value": "\"Ah, as palavras de um verdadeiro guerreiro! Vamos terminar com {g|Gorum}Gorum{/g}!\""
    },
    {
      "Key": "80894f2f-7720-4b2b-9ad6-8b2f3cf6f686",
      "Value": "\"Então, esse Lorde Cervo aterrorizou a área, e os brevanos lhe deram o título de barão pela cabeça?\""
    },
    {
      "Key": "1542ac45-b11d-4778-8f43-152db1b1f6ef",
      "Value": "\"Bandidos simples? Qualquer comerciante dos {g|River Kingdoms}Reinos Fluviais{/g} lutou com eles pelo menos uma vez!\""
    },
    {
      "Key": "2f3330cc-cfce-41b0-89f5-077f6c6e9859",
      "Value": "\"Você derrubou dois reis monstros ao mesmo tempo?\""
    },
    {
      "Key": "eb52a166-7160-4f6d-96ae-add12bec49f2",
      "Value": "\"Trolls e kobolds... Você pode chamá-los de monstros? Você fala sobre essas bestas como se matasse um dragão!\""
    },
    {
      "Key": "3a1bcd47-6abc-400f-9751-2035b2891d80",
      "Value": "\"Que glória há em saquear uma cidade se você poupou a vida de seu rei?\""
    },
    {
      "Key": "207ad0f9-ee34-40ec-8c92-a720cdea6007",
      "Value": "\"Magos, gigantes e mortos-vivos – três das coisas mais nojentas do mundo!\""
    },
    {
      "Key": "28219bff-4740-432a-8a5d-3fdfa1980e4f",
      "Value": "\"Ele estava velho e seco – mal havia magia nos ossos! Um simples puxão do dedo, e ele caiu em pó!\""
    },
    {
      "Key": "98f58ae7-0d99-44fb-bf41-9addb7b6979f",
      "Value": "\"Derrotado – e deixe viver! Você permitiu que essa abominação continuasse contaminando o mundo com a presença dele!\""
    },
    {
      "Key": "528ae583-9f38-4759-8eef-97d70ed81b6d",
      "Value": "\"Lagarto! Um povo cruel, com peles grossas e dentes afiados! Rumores dizem que eles se comem com mais frequência do que com outras pessoas!\""
    },
    {
      "Key": "d7fbae49-b997-40eb-b29f-055dcb743528",
      "Value": "\"Essas criaturas feias do pântano estão apenas um passo acima dos animais. Matá-los não é uma batalha, é uma caçada!\""
    },
    {
      "Key": "6e639084-08b7-49c2-98be-90de6786c07d",
      "Value": "\"Você derrotou guerreiros da minha própria tribo?\""
    },
    {
      "Key": "0ccd8aae-0d5a-487a-81cb-01a7890aa363",
      "Value": "\"Os {g|Tiger Lords}Lordes Tigres{/g} hoje em dia não são os mesmos que nos meus dias. Eles ficaram fracos e macios – podem ser derrotados por qualquer pessoa!\""
    },
    {
      "Key": "d303ffab-42bb-4216-97ad-ed5561d7c8bd",
      "Value": "\"Estou sempre feliz em encontrar um {mf|irmão|irmã} com fé – em conversas pacíficas ou no campo de batalha. Saudações a Nosso Senhor em ferro!\""
    },
    {
      "Key": "2e2557f8-46e2-4554-aa4a-4b4d844a5070",
      "Value": "\"Somente sua fé não o torna digno. Além das preces ociosas, o que você fez em nome de {g|Gorum}Gorum{/g}?\""
    },
    {
      "Key": "4abf078e-e71e-4da4-854d-ab8abce9f3f0",
      "Value": "\"Um covarde suave como você não é capaz de ações dignas. Chega de conversa! Se você quiser provar a si mesmo, empunhe sua arma!\""
    },
    {
      "Key": "7ee748b9-b6a0-4ff4-8961-f430e0aaf213",
      "Value": "\"Nem todo mundo pode se gabar de tais façanhas! Eu, Zorek, declaro diante de {g|Gorum}Gorum{/g} que você realmente é um grande chefe, digno de entrar no santuário interior de Armag!\" {n}O clérigo inclina a cabeça e sai do seu caminho.{/n}"
    },
    {
      "Key": "86ab9dd2-a4b2-486f-9298-58563f828252",
      "Value": "\"Você sabe qual é a regra do mais forte? É o direito de pegar o que quiser sem lutar. É o direito de ir sem provar a cada passo, porque todo mundo já sabe disso. Talvez ninguém em suas terras duvide de seu poder, mas não é o caso aqui! Se você quiser entrar, prepare-se para a batalha - mostre-me a verdadeira extensão do seu poder!\""
    },
    {
      "Key": "e9850853-9911-4abd-958f-90a21d75208f",
      "Value": "{n}O velho bárbaro olha para você com indiferentes olhos negros, faíscas de chamas sobrenaturais dançando através deles.{/n}"
    },
    {
      "Key": "46a90b81-63d7-4b57-942b-d63e7d24b111",
      "Value": "\"Eu te saúdo no templo de {g|Gorum}Gorum{/g}, digno!\""
    },
    {
      "Key": "af0f040d-ab8a-4bea-a2c9-4b120ba6e328",
      "Value": "\"Você está pronto?\""
    },
    {
      "Key": "4b67d2e1-4046-4830-ba45-5ec96e874fc9",
      "Value": "\"Que {g|Gorum}Gorum{/g} o ajude na hora da batalha.\""
    },
    {
      "Key": "608359a0-260d-4c94-a910-c07fa8b33c95",
      "Value": "\"Diga-me algo que vale a pena!\""
    },
    {
      "Key": "c69661fa-1206-4baf-a292-df81426af64b",
      "Value": "\"Sim! É algo para se orgulhar. Do que mais você pode se gabar?\""
    },
    {
      "Key": "de3ba1c7-b07d-4f1e-af60-8b98b7863a94",
      "Value": "\"Velho, você deve estar louco! Eu juro por ferro em brasa, se você quiser – não há outro guerreiro como {mf|ele|ela} em todas as {g|Numeria}Numéria{/g}! Pare de bater sua boca e apenas se afaste para que {mf|ele|ela} possa realizar mais uma façanha no nome de {g|Gorum}Gorum{/g}!\""
    },
    {
      "Key": "ca74d06a-39e2-491c-bc65-4ff93876f0f2",
      "Value": "\"Eu gosto do seu espírito, garota. Sim, eu posso ver agora – você não é o tipo de pessoa que desonra {g|Gorum}Gorum{/g}.\""
    },
    {
      "Key": "a5ca30ea-6296-4c03-8ad4-58c0147b826b",
      "Value": "\"Oh, lembro-me agora! Na {g|Academy of Grand Arts}Academia{/g}, costumávamos estudar uma música sobre Armag. Embora, heh, não se tratava tanto de suas proezas em batalha, mas de suas proezas na cama... De acordo com a música, {g|Pharasma}Pharasma{/g} estava bravo com ele porque ele... heh, bem, é tudo mentira, é claro! Quero dizer, provavelmente.\""
    },
    {
      "Key": "13a55eb6-1447-40d4-88fd-4359e95e1a9c",
      "Value": "\"Talvez sim, mas esses discursos são sagrados – são como batalhas. Quando você começa a falar, não vou deixar você parar a história e sair sem lutar. Você está pronto?\""
    },
    {
      "Key": "24fa34b6-82fb-482e-9620-7435b2b99075",
      "Value": "\"Prepare o tempo que quiser. Ao contrário de você, tenho toda a eternidade pela frente.\""
    },
    {
      "Key": "21525bdf-bd86-4b12-bd25-d7ad006364dd",
      "Value": "\"Vejo que você não tolera desrespeito. E com razão – o preço dos insultos deve ser sangue!\""
    },
    {
      "Key": "ceb0d10b-111f-4c7c-babf-a970a2dba0db",
      "Value": "\"Você se vangloria de matar alguns aldeões? Como isso é uma grande ação? Para um grande guerreiro, os aldeões não são inimigos de verdade, são como veados na floresta!\""
    },
    {
      "Key": "bc5d611e-a104-4076-8edc-0402c3904792",
      "Value": "\"Já estava na hora!\""
    },
    {
      "Key": "bdac302e-980e-4fc7-9249-0ce87168244d",
      "Value": "\"Ei, velhote! Quem diabos é você para nos testar? O que você é, o cara mais velho e mais sábio do mundo? Um chute rápido e você se transforma em pó com toda a sua sabedoria!\""
    },
    {
      "Key": "8165d262-e850-4c52-a80a-2b1f5aa92550",
      "Value": "\"Você é jovem, quente e imprudente. Às vezes, aqueles como você crescem para ser heróis. Mas eles raramente vivem o suficiente para ter a chance.\""
    },
    {
      "Key": "7af5b745-f61a-4dfa-b268-1e120bd6e41d",
      "Value": "{n}Resmungando ressentidamente, o meio-orc obedece.{/n}"
    },
    {
      "Key": "09429644-1dc7-44d1-a109-cb1fb8ad8a45",
      "Value": "\"Bem bem...\""
    },
    {
      "Key": "f4c94d57-208e-4f47-a7cf-dbf3634280bb",
      "Value": "\"Cale a boca, velho! Oh, eu estou tão chateado com todos esses sábios fantasmas antigos e os outros fracotes empoeirados! Venha aqui, você – eu vou...\""
    },
    {
      "Key": "4cac0616-8dae-4d89-8c9a-3dd2fa8257bd",
      "Value": "\"Você é um homem morto! Você queria nos testar? Agora vamos testá-lo. Quando terminarmos com você, não haverá mais poeira!\""
    },
    {
      "Key": "aba4f4e9-4a59-4287-bb5d-8fd7cab8fde5",
      "Value": "\"Eu ouço... o eco da tragédia. O que quer que tenha acontecido com Armag, seu encontro com o espírito do antigo Armag pode trazer sofrimento. Mas para quem? Ele... ou nós?\""
    },
    {
      "Key": "fec94c20-0737-40e8-b75b-dd6d4a6c58ec",
      "Value": "\"Mentiras! Você pensou em me enganar? Você tem medo de lutar comigo que recorre a mentir?\""
    }
  ]
}