{
  "$id": "1",
  "strings": [
    {
      "Key": "6cd3979e-d071-45ab-afd2-b95337e01156",
      "Value": "\"Eu já encontrei o covil dos trolls.\""
    },
    {
      "Key": "ceacd284-3729-4229-acb0-cc9663a4ab65",
      "Value": "\"Conte-me sobre os trolls que atacam Bristlehill.\""
    },
    {
      "Key": "2d161e15-d24c-4ae7-902a-8dc28c6ef32b",
      "Value": "\"De onde você é? Onde é a sua terra natal?\""
    },
    {
      "Key": "1b959874-4f9d-47ac-8698-d73147bdaaaf",
      "Value": "\"Você tem família?\""
    },
    {
      "Key": "baf60b3a-a5f0-4efb-90dd-7bb65c2adc0c",
      "Value": "\"Por que você está sentado nesta colina?\""
    },
    {
      "Key": "7b4d81ad-c7e0-4f13-a03d-775ede743fa2",
      "Value": "\"Tudo bem, se você não quer responder, não precisa.\""
    },
    {
      "Key": "2fe237dd-a754-425f-b7bc-ee43acb3991e",
      "Value": "[Mentir] \"Não, nada de especial.\""
    },
    {
      "Key": "04c80ec7-278d-4a5c-93bc-74dc563ab962",
      "Value": "\"Antes de irmos, eu gostaria de fazer algumas perguntas.\""
    },
    {
      "Key": "868c6184-8e4a-41af-bd45-cf3ace626b6c",
      "Value": "\"Onde você aprendeu a usar um arco?\""
    },
    {
      "Key": "f581c912-abf4-4656-ae42-629936bc49ad",
      "Value": "\"Sim, eu sou uma amiga. Então, o que você está fazendo aqui?\""
    },
    {
      "Key": "3a7cfd73-97f5-4eee-a5f3-f0a9e7e567f1",
      "Value": "\"Vá para a capital, eu vou te encontrar lá.\""
    },
    {
      "Key": "f1a65896-c2ba-40ce-aca1-63bf7630be8f",
      "Value": "\"Como um mero carpinteiro pode perseguir trolls efetivamente?\""
    },
    {
      "Key": "ff5c9ffe-e3b4-46bd-befa-faa63f357400",
      "Value": "\"Por que seu lobo está choramingando?\""
    },
    {
      "Key": "6067a2af-3da3-4a7f-98c8-1a7f584fd69d",
      "Value": "\"Quem? Posso ajudá-lo?\""
    },
    {
      "Key": "c52e68ec-d8f7-4bbb-9dd3-bc0d2259d534",
      "Value": "\"Sem ofensas, mas eu não preciso de você. Siga seu próprio caminho.\""
    },
    {
      "Key": "54e38b82-6fc6-405a-a6e0-8fdc76ae87f0",
      "Value": "\"Você está sangrando, precisamos consertar você.\""
    },
    {
      "Key": "89ba9888-af74-4ae7-a1e4-9dc171e36e50",
      "Value": "\"Eu sou {name}. Eu sou {mf|o barão|a baronesa|o rei|a rainha} dessas terras. Prazer em conhecê-lo.\""
    },
    {
      "Key": "6ae0ef5a-04ec-4b91-af56-07e81b147b68",
      "Value": "\"Você está gravemente ferido e será um fardo.\""
    },
    {
      "Key": "61525f83-f891-4985-9334-8f72eaa64cf2",
      "Value": "\"Bem, se é isso que você quer, siga-me.\""
    },
    {
      "Key": "fb0ab257-fcc1-47aa-946d-642b26665a45",
      "Value": "\"Desculpe, mas não. Eu não preciso de você.\""
    },
    {
      "Key": "0a62dc6f-5a27-4264-81e9-61f7f2e34202",
      "Value": "\"Bem, se é isso que você quer, siga-me.\""
    },
    {
      "Key": "2f02ade3-6ba7-4566-9c8f-ff1120aa0e93",
      "Value": "\"Você jura por Torag?\""
    },
    {
      "Key": "a45cdc4d-b459-465c-80e2-7861ddf92928",
      "Value": "\"Tudo bem, se você não quiser conversar, faça do seu jeito. Boa caça.\""
    },
    {
      "Key": "73f8587d-644c-40f1-a873-a56b788509ff",
      "Value": "\"Combinado.\""
    },
    {
      "Key": "42652a78-abb2-4d0d-8047-d590582aeb48",
      "Value": "\"Eu sou {mf|o barão|a baronesa|o rei|a rainha} dessas terras. Responda às minhas perguntas ou você será açoitado.\""
    },
    {
      "Key": "37c53baa-a129-48b0-aef4-cbb5d758882f",
      "Value": "\"O que há de errado com o seu lobo?\""
    },
    {
      "Key": "eb1f51ee-429e-4c0d-8cf4-40c505c499de",
      "Value": "\"Bem, foi bom conversar com você. Tenha boa sorte.\""
    },
    {
      "Key": "699197b9-9c2c-490a-9355-ae2bf29f3433",
      "Value": "\"Você não é local, é?\""
    },
    {
      "Key": "06761f79-621b-4be9-abff-c42fc82e577e",
      "Value": "\"Eu já estive no covil dos trolls e matei esse Kargadd.\""
    },
    {
      "Key": "5c2513f7-a895-452d-9a0c-3f8c5d78e64f",
      "Value": "\"Sim, havia jovens trolls, filhos de Kargadd. Eles não eram perigosos e eu os deixei ir.\""
    },
    {
      "Key": "e96bf2ea-a863-4a0d-9b41-1e4b861a53b3",
      "Value": "\"Vá para a capital. Eu vou te encontrar lá.\""
    },
    {
      "Key": "53debdca-e444-4f69-8c2c-0e4721d372be",
      "Value": "\"Eu o atraí sob a luz direta do sol, e ele se transformou em pedra.\""
    },
    {
      "Key": "2982b60c-ed02-43f1-b73b-06cb38c8b624",
      "Value": "\"Eu também estou caçando trolls. Você gostaria de se juntar aos nossos esforços?\""
    },
    {
      "Key": "763dd787-b3c8-454b-912f-ed71586f1c26",
      "Value": "\"Você sabia que os trolls locais não têm medo de fogo agora?\""
    },
    {
      "Key": "30bb9adc-72a1-4826-853a-ed320084dd8d",
      "Value": "\"Como você se machucou?\""
    },
    {
      "Key": "c47c69f6-cf7d-4a8d-a300-e6a19ed4893e",
      "Value": "\"Responda uma, pelo menos.\""
    },
    {
      "Key": "5d3910cc-8220-4f30-8897-16dea68170e6",
      "Value": "\"Nós cortamos suas entranhas.\""
    },
    {
      "Key": "e3a696b0-9a84-408a-8cdf-b7c6f5a14650",
      "Value": "\"Como você acabou na vila de Bristlehill?\""
    },
    {
      "Key": "3cd45192-8c57-48e5-9885-b49943f30e5d",
      "Value": "\"Sim, havia trolls jovens, filhos de Kargadd. Eu os matei também.\""
    },
    {
      "Key": "eddf604b-26dc-4fce-9b11-098a6003f248",
      "Value": "[Atacar] \"Eu não sou {mf|seu|sua} amig{mf|o|a}.\""
    },
    {
      "Key": "d2e061d5-2b61-4876-a149-c52e319d7abc",
      "Value": "[Atacar] \"Estou cansado de vagabundos sem-teto em minhas terras!\""
    },
    {
      "Key": "ae74b47c-3596-45de-981b-95c310aecd90",
      "Value": "\"Eu não desejo pressioná-lo, mas por favor me responda. Talvez eu possa ajudá-lo.\""
    },
    {
      "Key": "f0d2bcd7-ad0c-4514-8f8f-74206eb9105a",
      "Value": "\"Para ajudar uma pessoa, preciso aprender pelo menos um pouco sobre ela.\""
    },
    {
      "Key": "52789c55-d2e0-47a4-ab86-22407740250a",
      "Value": "[Fique emboscado] \"Este é um ótimo lugar para uma emboscada. Vamos esperar.\""
    },
    {
      "Key": "e376a135-3674-42ec-bf31-21deebbc67ae",
      "Value": "\"Bem, siga-me então. Espero que você não comece a me atrapalhar.\""
    },
    {
      "Key": "1c9928ec-8f7e-4838-b6a7-be8f023971c3",
      "Value": "[Partir] \"Não esperaremos que os trolls passem. Seria melhor acabar com o covil o mais rápido possível.\""
    },
    {
      "Key": "4eb31bff-0ea3-4614-a72e-3eae20a9723b",
      "Value": "\"Eu ficaria honrad{mf|o|a} em ter um companheiro como você.\""
    },
    {
      "Key": "8a2de7a5-9f95-48ae-a1de-b613ad8b4884",
      "Value": "{n}Ekun olha pesadamente para Harrim, que entrou em um frenesi religioso. Você está começando a se preocupar que o patrulheiro simplesmente acerte seu clérigo. Mas depois que Harrim fica sem fôlego, Ekun simplesmente se afasta.{/n}"
    },
    {
      "Key": "742fdeab-2678-45e7-8074-71f7008d1e11",
      "Value": "\"Ele não abençoa ninguém!\" {n}Harrim se encaixa. Seu rosto fica vermelho enquanto ele fala, gesticulando ativamente.{/n} \"Ele deixou seus seguidores para o destino deles! Ele me deixou – um anão – na hora da necessidade final! O que ele fez por você, humano? Ele ajudou você? Como ele protegeu sua aldeia?!\""
    },
    {
      "Key": "74900747-5a79-4664-8f07-d02600c7cdcc",
      "Value": "{n}Harrim levanta os olhos para o céu.{/n} \"Mais uma alma perdida, gemendo, sofrendo de desespero. Jogue fora a falsa luz da forja de {g|Torag}Torag{/g} e veja a verdade no luar de {g|Groetus}Groetus{/g}!\""
    },
    {
      "Key": "c89e149a-8101-4d18-8479-c7b3a0b6480f",
      "Value": "{n}No começo, Harrim não entende que ele fez uma pergunta. Depois que ele acabou, Ekun já se virou.{/n}"
    },
    {
      "Key": "b5c50d31-05bf-418f-82ab-47bd582cbaba",
      "Value": "{n}Ekun olha Harrim de cima a baixo, mas não reage ao seu discurso apaixonado.{/n}"
    },
    {
      "Key": "ec77cc76-5d8f-4645-87a8-a0b4f01e9c12",
      "Value": "{n}O homem cambaleia e você percebe que há sangue encharcando o lado direito das botas de couro.{/n}"
    },
    {
      "Key": "426b59ac-b01a-4295-a75d-10ca07be18cb",
      "Value": "{n}Ele é muito alto e bastante magro. Enquanto ele está diante de você, apoiando-se em seu arco, a perna machucada treme levemente e o lado direito da calça escurece novamente com um novo sangramento. No entanto, o homem não revela sua dor, exceto por um maxilar tenso e um olhar pesado.{/n}"
    },
    {
      "Key": "77fe3d03-1a3a-416e-9064-e8fb5a4d5b7f",
      "Value": "\"Ekundayo,\" {n}o homem diz, olhando diretamente nos seus olhos.{/n}"
    },
    {
      "Key": "36416d59-b9cb-4767-bb51-2588e42a2efb",
      "Value": "\"Uau! Parece uma magia!\""
    },
    {
      "Key": "e68620cb-d955-4fc7-a80b-1b51124543e0",
      "Value": "\"Eu acho que você está errado. Este é o nome dele.\""
    },
    {
      "Key": "af691699-6f50-4016-a787-aee765898fe6",
      "Value": "{n}Octavia revira os olhos e faz uma expressão sarcástica.{/n} \"De jeito nenhum! Quem poderia imaginar isso?\""
    },
    {
      "Key": "54b321c6-e2f2-45e6-a68f-b833fe55fcf6",
      "Value": "\"É assim,\" {n}Valerie responde seriamente.{/n}"
    },
    {
      "Key": "d9e23c80-e547-4310-a8e9-ddb557f1fee0",
      "Value": "\"Quem você trouxe?\" {n}O homem pergunta ao lobo.{/n} \"Vá embora, cachorro, você não é necessário aqui!\" {n}Ele levanta o braço como se fosse bater no lobo, mas o animal nem tenta se esquivar, ainda choramingando. A mão do homem cai, nunca terminando o golpe.{/n}"
    },
    {
      "Key": "5cdf8f13-0d0a-49f3-bb1b-26d996aa4f3b",
      "Value": "\"Isso foi uma ameaça?\" {n}a voz de Ekun é extremamente calma e distante.{/n}"
    },
    {
      "Key": "a0757c7a-38d2-49a6-92d8-1980ad5065ca",
      "Value": "\"O caminho deles está terminado, os sofrimentos acabaram,\" {n}Harrim sussurra alto o suficiente para deixar Ekun ouvir,{/n} \"{g|Groetus}Groetus{/g} lhes concedeu paz. Mas mantenha a tristeza longe do seu coração, pois logo se juntará a eles na escuridão eterna.\""
    },
    {
      "Key": "25ecfe47-d4cc-4fb0-9cd9-0f26f0504aa3",
      "Value": "\"Você – nem sempre foi um {mf|barão|baronesa|rei|rainha}. Aqui – eu nem sempre fui carpinteiro.\" {n}Ekun olha em algum lugar através de você.{/n} \"Nada a perder mais,\" {n}ele acrescenta, quase em sussurro.{/n}"
    },
    {
      "Key": "c27591c6-e756-4fe7-9931-3882d0f9179f",
      "Value": "{n}O rosto de Ekun é difícil de ler, mas parece que ele está surpreso.{/n} \"Não. Não. Flechas de fogo não poderiam matá-los. Agora saiba o motivo.\" {n}Ele olha para a perna ferida.{/n} \"Não teve chance aqui, pode vê-lo agora.\""
    },
    {
      "Key": "27e05dda-ef5b-4b2f-bc95-8b3c6d7f6056",
      "Value": "{n}O rosto de Ekun fica um pouco mais calmo. Você pode ver que ele está feliz em ouvir sua oferta.{/n}"
    },
    {
      "Key": "a48fc4db-fe8f-4519-971d-aaabfe1c8b23",
      "Value": "\"Espere,\" {n}Ekun para você.{/n} \"Eu... estou precisando de ajuda.\" {n}É óbvio que é difícil para ele perguntar.{/n} \"Impossível esmagar Kargadd se estiver sozinho. Ainda assim, poderia matá-lo se não estiver sozinho.\""
    },
    {
      "Key": "14a43b56-0085-4d46-ab81-738cafe021d2",
      "Value": "{n}Ekun levanta a sobrancelha.{/n} \"Nunca foi um fardo. Pode disparar um arco longo. De grande distância.\" {n}Ele olha para a arma.{/n} \"Também vasculhou o lugar enquanto eu ainda podia andar. Encontrei três locais onde os trolls poderiam ter seu covil. Mostrará a você.\""
    },
    {
      "Key": "ad60c4bc-f333-4df5-b57f-abef38c6ff3c",
      "Value": "\"Marcará em seu mapa todos os lugares onde os pés de troll pisam a terra. O covil dos trolls deve estar em algum lugar próximo.\""
    },
    {
      "Key": "979caa5d-8366-42c4-82b3-b580fac240ad",
      "Value": "\"O espírito é forte, mas o corpo vacila. O seguirão onde você precisar. Mas essa ferida deve ser cuidada por curadores da capital. Não quero sobrecarregar.\""
    },
    {
      "Key": "7eb3c6bc-f7d6-4214-aa21-4697d2aec4d3",
      "Value": "{n}Ekun assente e se afasta.{/n} \"Estará aqui,\" {n}ele murmura em sua direção.{/n}"
    },
    {
      "Key": "ae75f801-6ff2-4365-943b-f8f00b11af33",
      "Value": "{n}O homem olha para a perna como se a visse pela primeira vez.{/n} \"Remendado já,\" {n}ele responde finalmente:{/n} \"Esta ferida não é a mais mortal.\""
    },
    {
      "Key": "8d6be206-2550-4172-a6c0-9460b77a7249",
      "Value": "{n}Ekun estreita os olhos, interessado.{/n} \"Seria bom ver isso. Kargadd espera.\""
    },
    {
      "Key": "c2502224-3290-421c-9e02-35fbf7c6afc2",
      "Value": "{n}Ekun fecha os olhos e suspira, aliviado. Parece-lhe que uma ruga desaparece da testa dele.{/n} \"Você roubou minha vingança. Mas não há ressentimento em segurar. Você fez a coisa certa.\""
    },
    {
      "Key": "f244da45-2b8a-47a9-8a37-0f601de29d96",
      "Value": "\"Os trolls frequentemente seguiam esse caminho.\" {n}Ele olha para o ferimento.{/n} \"Não posso mais caçá-los. É por isso que espero. Eles virão aqui eventualmente.\""
    },
    {
      "Key": "9605e4d0-66e0-4dda-8533-c9a0ea5ec388",
      "Value": "\"Marcará em seu mapa todos os lugares onde os pés de troll percorrem a terra. Precisa procurar em todos os lugares, pode haver mais de um covil.\""
    },
    {
      "Key": "e69280e7-b7f4-44cf-8c50-15c5a4cd71c5",
      "Value": "{n}O rosto de Ekun escurece.{/n} \"Você tem meu respeito. Mas as respostas serão adiadas. Juro por {g|Torag}Torag{/g}, chegará o momento da pergunta – depois que o último suspiro de Kargadd for desenhado.\""
    },
    {
      "Key": "38f9bc63-d243-4cbf-b6f9-5653355bdba0",
      "Value": "{n}Ekun assente em gratidão.{/n}"
    },
    {
      "Key": "48c936a3-a0dd-4bde-be0e-2eef425d87d8",
      "Value": "{n}Ekun suspira e assente.{/n} \"Um,\" {n}ele diz.{/n}"
    },
    {
      "Key": "e30b54f6-d437-431c-859a-e560462d1b02",
      "Value": "\"Não é meu,\" ele responde. Perceber que esta resposta não o satisfaz, ele decide continuar.{/n} \"Nunca quis um animal de estimação. Nunca precisou de um. Mas não conseguiu matar os trolls, defender a vila. Apenas pediu ajuda.\" {n}Patrulheiro muda seu olhar para o lobo.{/n} \"Tudo ficou escuro por um momento. Desmaiou. Voltou com a língua desse... cachorro... no meu rosto.\""
    },
    {
      "Key": "09294430-d8bf-4cde-8e4d-300a5fc36a2a",
      "Value": "\"Uma resposta foi prometida, e você conseguiu. É... difícil lembrar o passado agora.\" {n}O rosto tenso de Ekun endurece.{/n} \"Você obterá todas as respostas após o último suspiro de Kargadd ser desenhado. Isso é uma promessa.\""
    },
    {
      "Key": "3f61273f-e7e5-4fbc-921b-a9a19da701fc",
      "Value": "\"{g|Thuvia}Thuvia{/g}, ao sul daqui,\" {n}ele responde. Percebendo que essa resposta não o satisfaz, ele decide continuar.{/n} \"Um deserto que transforma a Orquídea do Sol em ouro. Pai me trouxe para {g|Absalom}Absalom{/g} quando eu tinha treze anos. Nunca estive na minha terra natal desde então. As estradas sempre levavam ao norte de Absalom.\" {n}Ele encolhe os ombros.{/n}"
    },
    {
      "Key": "0cacfe6d-aff6-4138-8f9e-991439906a17",
      "Value": "{n}Parece que um brilho de bom humor brilha nos olhos do homem, mas seu rosto permanece imóvel.{/n} \"O nome desistiu? Ou a cor da minha pele? Sim, foi criado e nutrido daqui.\""
    },
    {
      "Key": "47e071e3-6d08-4090-a412-0eace9f2495e",
      "Value": "\"Quando estiver viajando,\" ele responde. Perceber que esta resposta não o satisfaz, ele decide continuar.{/n} \"Viajou por terras do norte inúmeras vezes. Caravanas comerciais vigiadas. Aqueles que pagavam com ouro negociavam com os comerciantes. Aqueles que queriam pagar com aço, negociavam comigo.\""
    },
    {
      "Key": "88131cf2-e151-4b96-aaec-8030366fc752",
      "Value": "\"Sim,\" {n}ele responde. Percebendo que essa resposta não o satisfaz, ele decide continuar.{/n} \"Todos os deuses estão mesmo aos olhos dos homens em Abasalom... Escolheu o que melhor se ajustou. Embora ele seja um deus anão.\" {n}Ele encolhe os ombros e olha para o arco comprido.{/n} \"Usado para guardar homens decentes e fazer arcos. {g|Torag}Torag{/g} abençoa guardas e artesãos.\""
    },
    {
      "Key": "bcf9248d-0818-4eee-8c96-65935c933238",
      "Value": "\"Casou-se,\" {n}ele responde. Perceber que esta resposta não o satisfaz, ele decide continuar.{/n} \"Atravessou terras do norte e para trás por um longo tempo. Frequentemente chegava às {g|Stolen Lands}Terras Roubadas{/g}. Passou noites em Bristlehill. Reconheceu Amanda lá, e ela me reconheceu. Um dia, percebi que sair não era mais desejável.\""
    },
    {
      "Key": "81830bf5-54ee-4bb3-82b4-03d7f54d48e5",
      "Value": "\"Não,\" ele responde. Percebendo que essa resposta não o satisfaz, ele decide continuar.{/n} \"A mãe morreu cedo. O pai morreu depois.\" {n}Ele fica em silêncio por um tempo, depois retoma.{/n} \"Esposa, Amanda e filha, Clarissa, morreram cinco dias atrás. {g|Torag}Torag{/g} abençoa suas almas.\""
    },
    {
      "Key": "f3a43845-458c-44da-9880-f622100e6dcb",
      "Value": "\"Eles atacaram à noite. Mataram todos,\" {n}ele responde. Perceber que essa resposta não o satisfaz, ele decide continuar.{/n} \"Todos nós sabíamos sobre trolls. Nunca pensamos que eles viriam para a vila. Nunca acreditamos.\" {n}Ekun fecha os olhos e balança a cabeça, como se estivesse em negação:{/n} \"Eles chegaram quando o dia ainda não tinha amanhecido. Eles saquearam casas. Cães assassinados. Vacas. Pessoas. Eles comeram. Depois reuniram tudo eles poderiam e foram embora.\""
    },
    {
      "Key": "98125cb2-89d8-48bc-92bf-78f4e3e8caf1",
      "Value": "{n}Ekun assente em gratidão.{/n}"
    },
    {
      "Key": "9555cb2b-a99d-4a07-86e5-0e12b18a2d08",
      "Value": "{n}Ekun olha fixamente para você.{/n} \"Quero saber tudo. Conte-me como aconteceu. Conte sobre o sofrimento dele.\""
    },
    {
      "Key": "a8d8d479-af74-46ae-9467-a3eb8e69fcb9",
      "Value": "{n}Ekun olha para você. Por alguns segundos, parece que ele sorri, mas não sorri.{/n} \"Uma eternidade passada em pedra. É um fim decente. Por {g|Torag}Torag{/g}, sua fama vem merecido. Mas parece que havia algo mais acontecendo lá.\""
    },
    {
      "Key": "0d9745c7-7f80-44b5-89ee-ce91facdf09c",
      "Value": "{n}Ekun olha para você. Por alguns segundos, parece que ele sorri, mas ele não sorri.{/n} \"Você libertou o mundo de um monstro terrível. Por {g|Torag}Torag{/g}, sua fama vem merecido. Mas parece que havia algo mais acontecendo lá.\""
    },
    {
      "Key": "b74bc946-d11e-4a4b-94b8-bc36a63e3705",
      "Value": "{n}Ekun parece surpreso, depois zangado, e se torna contemplativo.{/n} \"Desconhecido se eu tenho coragem suficiente para {d|c21 TrollYoung Live}agir{/d} dessa maneira,\" {n}ele diz em voz baixa.{/n}"
    },
    {
      "Key": "7412e98d-349b-497b-b44a-6539e54f2545",
      "Value": "{n}O homem lança um olhar para o lobo, que ainda está olhando para ele.{/n} \"Não é meu.\""
    },
    {
      "Key": "0f18da21-5629-4e8c-a8bc-bc6c02b95279",
      "Value": "{n}Por um momento, Ekun parece zangado, mas afasta essa emoção.{/n} \"Você {d|c21 TrollYoung Live}agiu{/d} como julgou apropriado. Não vai julgar você. A ação está feita, e isso é mais importante.\""
    },
    {
      "Key": "8427bd28-30f7-4250-9a84-66a689e2f111",
      "Value": "{n}Ekun estremece e depois assente.{/n} \"Você fez a {d|c21 TrollYoung Killed}escolha certa{/d}. Os trolls jovens só vão se transformar em trolls completos.\""
    },
    {
      "Key": "0e450b46-8aa2-4017-b613-50787a5dee62",
      "Value": "{n}Ekun olha nos seus olhos.{/n} \"Sua ação ainda não foi paga. Ainda não há ouro pesado para recompensá-lo. Porém, posso servi-lo. Você me deixaria defendê-lo em suas viagens? Ou será essa encruzilhada se torna o fim do nosso caminho comum?\""
    },
    {
      "Key": "074a0699-3a6a-448c-b1e9-ca0436d4d03a",
      "Value": "\"Sentado. Esperando.\" {n}Ekundayo encolhe os ombros.{/n} \"Caça.\""
    },
    {
      "Key": "3a8c82c4-d37c-42f6-b383-97d8d9685abc",
      "Value": "{n}Ekundayo estreita os olhos e exala alto.{/n} \"Atraiu sua curiosidade. Me serve bem. Vai começar novamente.\""
    },
    {
      "Key": "c8be374c-b77b-4d93-9486-ea7309347e50",
      "Value": "{n}Ekundayo estreita os olhos e exala alto.{/n} \"Desculpe. Nosso conhecimento um do outro começou incorretamente. Vai começar novamente.\""
    },
    {
      "Key": "a7e26729-832a-47bd-a6af-be7bd5845629",
      "Value": "\"O nome é Ekundayo, Ekun para os decentes. Costumava ser carpinteiro na vila de Bristlehill. Trolls atacaram. Mataram todos, menos eu.\" {n}Ekun fala com uma voz distante, olhando para algum lugar acima de você.{/n} \"Mostrarei a eles que foi um erro.\""
    },
    {
      "Key": "bfcbc464-87d3-4f76-9cf8-6442af62ca11",
      "Value": "\"Todos eles merecem a morte, Kargadd acima de tudo.\" {n}Ekun faz uma careta como se estivesse com dor de dente.{/n} \"Troll das rochas. Ele os liderou.\""
    },
    {
      "Key": "bbd70296-fa7c-4454-9423-22502b2d7ced",
      "Value": "\"Caçaram trolls até caçarem de volta.\" {n}Ekun encolhe os ombros.{/n} \"A ferida não pode parar a caça. Apenas diminui a velocidade.\""
    },
    {
      "Key": "ebf1558b-bda3-4e80-9422-72547b7fc7d7",
      "Value": "{n}O homem assente.{/n} \"Ekun para os decentes,\" {n}ele diz.{/n} \"Você é decente?\""
    },
    {
      "Key": "57a84bcd-bb97-4f5b-a3d9-cf48228b06c8",
      "Value": "{n}Vendo você, Ekundayo acena com a cabeça em saudação.{/n}"
    },
    {
      "Key": "f3e27362-f56f-4a17-8ee0-21ecb5753bbf",
      "Value": "{n}Seguindo o lobo estranho, você escala o topo da colina. Lá você vê um homem de pele negra sentado sob um arbusto que se espalha. O lobo corre até ele e senta perto, choramingando.{/n}"
    }
  ]
}