{
  "$id": "1",
  "strings": [
    {
      "Key": "45518c72-7be8-44e0-a07e-02303a1befdd",
      "Value": "\"Você é quem está enviando monstros para minhas terras?\""
    },
    {
      "Key": "3bcec188-fa53-427e-9c60-d29502d2e7ac",
      "Value": "\"Eu não quero brigar com você. Vamos fazer um acordo.\""
    },
    {
      "Key": "bb267e9b-0216-495e-a52c-8f29f86161fc",
      "Value": "[Atacar] \"É hora de pagar. Prepare-se para morrer.\""
    },
    {
      "Key": "f4ffc5b0-92af-4955-88ed-ade97b6a5c51",
      "Value": "\"É melhor eu ir.\""
    },
    {
      "Key": "865fdb32-3836-4bbb-bbf3-77a7759d7846",
      "Value": "\"Por que você concordou em trabalhar para Irovetti?\""
    },
    {
      "Key": "ad359163-1df1-4d36-bd15-ae1835b8b045",
      "Value": "\"Sabe, eu estou olhando para esta pilha de palha murcha escondida sob seu elmo e não acho que todos esses esforços estejam ajudando muito o seu Descoloramento...\""
    },
    {
      "Key": "5a799f4a-ebf4-4d93-81f2-8b751d319ff0",
      "Value": "\"Quantas vezes eu tenho que dizer isso? Não me incomode quando eu...\" {n}A feiticeira se vira e grita de surpresa quando a vê. Cabelos desbotados, quase grisalhos, se destacam sob seu ridículo elmo de couro. Uma luz insana brilha em seus olhos vermelhos.{/n}"
    },
    {
      "Key": "f04c928c-9f83-4e43-8096-cf8b0dd1ee8a",
      "Value": "\"Ah, aqui está você, {name}! Estou esperando por você há algum tempo. Irovetti temia que você nos encontrasse imediatamente... mas ele obviamente superestimou suas habilidades, he-he-he.\""
    },
    {
      "Key": "5552ce69-19f1-4a60-b3d5-6bf9e593717f",
      "Value": "\"Ah ha ha! Você também é uma piada, {name}?\""
    },
    {
      "Key": "03809d6e-f137-4a8d-a65c-0019b36ae549",
      "Value": "\"Guardas, para mim! E solte os wyverns!\""
    },
    {
      "Key": "a0c76276-97c7-4050-b998-119fe9f97e60",
      "Value": "\"O QUE?! Onde está sua armadura, seus tolos? E onde estão os wyverns?! Droga... Não fique aí parado, ataque!\""
    },
    {
      "Key": "ce2d618f-4f7a-40e0-a654-2bdd5d210236",
      "Value": "\"O QUE?! Onde está sua armadura, seus tolos?! Droga... Não fique aí parado, ataque-os!\""
    },
    {
      "Key": "230011da-1584-4abb-a0e3-e0f7f074601c",
      "Value": "\"O diabo os leva, onde estão todos os wyverns?! Por todos os... Não fique aí parado. De armas! Ataque!\""
    },
    {
      "Key": "56aa6a79-65bd-4b98-9fe7-63fc2fcdf44b",
      "Value": "\"Claro que sou eu! O grande e terrível Nyrd Zottenropple, a feiticeira mais temida dessas terras e de todas as outras – e a amante do teleporte – ao seu serviço!\" {n}A mulher zomba e faz uma reverência zombeteira.{/n}"
    },
    {
      "Key": "c3d3d392-b6f6-4149-aaa4-16158edcdb3f",
      "Value": "\"Feh, quão baixo. Você é {mf|um Rei|uma Rainha} ou uma pechincha?\""
    },
    {
      "Key": "441de223-a0b2-4d46-8a55-ac357515e53a",
      "Value": "\"Louvada {g|Calistria}Calistria{/g}! Eu estava olhando para você, fazendo beicinho em justa indignação, e temi que você me dissesse como seu paladino clássico...\""
    },
    {
      "Key": "a1bfba4f-8629-44a6-86de-84290efb8c02",
      "Value": "\"Oh, eu não ligo para o seu Irovetti, aquele snotrag lascivo! Mas você não pode discutir com o {g|Bleaching}Descoloramento{/g}... Você se voltaria para qualquer pessoa, quando seu cabelo começar a perder cor e pele – para desbotar e enrugar! Mas veja o que ele me ajudou a construir aqui. Até você deve apreciá-lo!\""
    },
    {
      "Key": "c558cc6e-4c87-4008-ba1c-6330eba27825",
      "Value": "{n}O rosto da feiticeira fica vermelho e uma veia incha na testa. Sua fúria ecoa pela caverna.{/n} \"Silêncio, seus idiotas!\""
    },
    {
      "Key": "d8a8293f-a8b6-41b3-9e00-6d4f91c15297",
      "Value": "{n}Jubilost parece sinceramente chateado.{/n} \"Eu queria ajudá-lo durante o debate, Senhora Nyrd! Sim, apesar do seu amor por brincadeiras tolas. Mas a criatura que vejo diante de mim agora simplesmente não pode ser salva.\""
    },
    {
      "Key": "2500ffee-29c4-49d6-8a0c-9cda6b42a8fa",
      "Value": "\"Quando você...\""
    },
    {
      "Key": "33cef16a-db93-421d-8c9d-adb1754cbcf5",
      "Value": "\"O que você poderia saber sobre o {g|Bleaching}Descoloramento{/g}, {race}? Você nunca entenderia esse terror silencioso e rastejante.\""
    },
    {
      "Key": "c48f1794-4149-4d89-89a5-0e8e0ee977d5",
      "Value": "\"Então, novamente, tenho certeza de que, por algum motivo, você não vai durar muito, com {g|Bleaching}Descoloramento{/g} ou sem BleaDescoloramentoching, {name}... he-he.\""
    },
    {
      "Key": "5a59dcc9-3ebb-4060-be95-cb8100b03f38",
      "Value": "\"Se eu usar lixívia e me transformar em algo assim, por favor, me mate. Apenas me mate.\""
    },
    {
      "Key": "c7041aea-6102-410c-a3a1-c21d9b67bec9",
      "Value": "\"Encontre um sistema de cavernas subterrâneas e limpe-o de todos os bichos! Crie um gigantesco círculo de teleporte, capaz de transferir hordas inteiras de monstros! Crie e treine enormes bestas incontroláveis... então jogue-as onde quiser! Jogue-as em guardas nus em uma casa de banhos, na cama de um casal de comerciantes, até mesmo no seu quarto... ou no telhado de uma torre, ah-ha-ha! E então observe-os tentar descer de lá através de uma bola mágica! Ou melhor ainda – jogue-os em um lago. Pense no respingo! Há-ha-ha-hah!\""
    },
    {
      "Key": "e109a6c6-d7eb-4e42-b5f1-cb557bb03318",
      "Value": "\"Quem mais? O grande e terrível Nyrd Zottenropple, o mundialmente famoso mago e mestre em teleporte! Eu gostei muito de brincar com você, {name}. Sem você lá, os Debates Inconseqüentes teriam sido mortalmente chatos! Mortalmente chatos, ah!\" ha! Bem colocado, hein?\""
    },
    {
      "Key": "39c5d183-88ed-4078-ba1e-777ad92789b1",
      "Value": "\"Quantas vezes devo dizer isso? Não me incomode quando eu...\" {n}O mago se vira para você e grita de surpresa. Não é outro senão o {d|Nyrd}Nyrd Zottenropple{/d}, o participante que adora brincadeiras nos Debates Inconseqüentes.{/n}"
    },
    {
      "Key": "0b4f9cc5-d932-4cd2-97fd-9a036be84226",
      "Value": "\"Da mesma forma.\""
    },
    {
      "Key": "fb233dc2-94c8-4d97-a63c-e839d1cdc276",
      "Value": "{n}Nyrd faz beicinho.{/n} \"Eu não achei que você fosse tão chata! É uma pena ser decepcionado por um colega gnomo!\""
    },
    {
      "Key": "4b407e5c-2b67-430a-bf85-9ade9e59ec40",
      "Value": "\"Oh, {name}, você trouxe seu amigo charmoso com você. Por que você não se aproxima, Sir Jubilost? Eu tenho algumas magias deliciosamente divertidos em estoque só para você!\" {n}Nyrd pisca. Suas palavras parecem descuidadas e divertidas, mas há um tom assustador.{/n}"
    },
    {
      "Key": "303b518a-35ea-421a-ba50-ec9f004f6bb7",
      "Value": "\"Um encontro inesperado em um lugar inesperado.\" {n}Jubilost franze a testa.{/n} \"Temo que suas brincadeiras tenham ido longe demais, Senhora Zottenropple.\""
    },
    {
      "Key": "bf9792f8-2bf7-41a9-820d-456c0cdff97a",
      "Value": "\"Começou com a transformação de transeuntes aleatórios em sapos. Terminou no assassinato em massa de cidadãos inocentes por monstros. E tenho certeza de que tudo era apenas um jogo louco, em uma cabeça atormentada pelo {g|Bleaching}Descoloramento{/g}.\""
    },
    {
      "Key": "ba4118e9-77ad-4b21-8f99-ec6767017c62",
      "Value": "\"Criatura irracional. Você deveria ter aceito o {g|Bleaching}Descoloramento{/g} como um grande presente, submetido a ele em silêncio, evitou a agonia do ser. Ao lutar contra isso, você apenas prolonga seu sofrimento.\""
    },
    {
      "Key": "55d3bcb4-0b68-4f18-aa88-22e09a7d138a",
      "Value": "{n}Ekun agarra sua arma.{/n} \"Esta loucura deve ser parada.\""
    },
    {
      "Key": "712568f9-10da-480a-86fb-53df9b054ade",
      "Value": "\"Oh, um rosto familiar! Onde estão seus irmãos sapos? Eles vão pular da esquina?\""
    }
  ]
}