{
  "$id": "1",
  "strings": [
    {
      "Key": "13eb310f-c91b-46cf-a314-344d5a7d2866",
      "Value": "\"Sou muito grato ao destino por me dar uma chance de me arrepender...\""
    },
    {
      "Key": "7a76842d-0d0a-4dd3-8f93-c4064347af0e",
      "Value": "\"Arrependa-se? Por que você acha que a traição é algo que pode ser arrependido?\""
    },
    {
      "Key": "f31332e6-a637-4d99-a340-513b04fba3f1",
      "Value": "\"Todo mundo comete erros às vezes, Tristian. Mas nem todo mundo está pronto para aceitar e tentar consertar seus erros.\""
    },
    {
      "Key": "fa1a9eab-c403-4784-96bb-40112000800b",
      "Value": "\"Você deveria agradecer a {name} por não me deixar fazer tudo o que devo fazer pelas leis da tribo...\""
    }
  ]
}