{
  "$id": "1",
  "strings": [
    {
      "Key": "b58b647b-a576-4118-8787-2cf8e17af4fb",
      "Value": "\"O que está acontecendo?\""
    },
    {
      "Key": "25e61b34-ca41-4a72-8466-a81bc8817ad2",
      "Value": "\"Quais são as regras do seu jogo?\""
    },
    {
      "Key": "531f10a1-ee2e-4963-bc77-046276e843d5",
      "Value": "[Dê 500 de ouro] \"A minha aposta é no Mysteriado.\""
    },
    {
      "Key": "9058ba0f-b33a-4c2b-b754-dd20c2a13c22",
      "Value": "[Dê 500 de ouro] \"Minha aposta é em Zynmyrgya.\""
    },
    {
      "Key": "cbe113e8-d3a1-4995-8611-7fc435ca7f4b",
      "Value": "[Atacar] \"Seus imbecis imbecis! Vou te ensinar uma lição!\""
    },
    {
      "Key": "35dd2cca-f931-475d-890e-c9d4c90b2df1",
      "Value": "\"Despedida.\""
    },
    {
      "Key": "f3f26ddf-5810-4ddd-a868-46977d9ab7c3",
      "Value": "\"Não. E é melhor você devolver esse pergaminho para quem você o encontrou.\""
    },
    {
      "Key": "f8b10af9-0860-412d-bea9-0fe2107275b2",
      "Value": "\"Não vamos. Ser expulso do torneio é a última coisa que precisamos.\""
    },
    {
      "Key": "e8b3f54a-3b0a-4473-a07f-4a77515ffcd4",
      "Value": "\"Faça o que você quiser.\""
    },
    {
      "Key": "99958ee2-3b53-493b-b1fb-7979f8d2451e",
      "Value": "\"Ótima idéia! Vá em frente!\""
    },
    {
      "Key": "710c894c-25ce-4092-a4e5-84f756474041",
      "Value": "\"Faça! Espero que o pergaminho tenha algo como bola de fogo ou nuvem venenosa!\""
    },
    {
      "Key": "1ae9abda-741d-4539-9b6d-bf3c031f1658",
      "Value": "\"Venha, venha, não seja tímido! Testemunhe segredos não destinados a olhos mortais! Uma batalha etérea dentro de um vórtice do sobrenatural! Apostas aqui – faça suas apostas!\""
    },
    {
      "Key": "e4377055-5300-4db0-bee9-ec0b2c015010",
      "Value": "\"Oooh, algo realmente especial! Eu aposto que você nunca viu isso! Antes de seus olhos se desenrolarem uma batalha épica entre os maiores conjuradores de magias do mundo – Mysteriado, o demônio domador de {g|Cheliax}Cheliax{/g}, versus Zynmyrgya, Magistress das Bruxas de {g|Irrisen}Irrisen{/g}! Quem vencerá? Em quem você apostaria?\""
    },
    {
      "Key": "fb204d6c-9ddd-4014-9fb3-3e295b6d3fc0",
      "Value": "\"Você acha que isso é apenas um jogo? Eu não teria tanta certeza! As regras para você são bastante simples – escolha um dos conjuradores e faça sua aposta. Se você adivinhar o vencedor, duplica sua aposta! Se você está errado, o ouro é meu.\""
    },
    {
      "Key": "04d70984-dfb9-4ff3-8204-f181733e4dd4",
      "Value": "\"As apostas estão definidas – não há mais apostas! Que a batalha comece!\""
    },
    {
      "Key": "9ac38ae4-91fa-4e8d-a005-db6c563abad6",
      "Value": "\"Socorro! Guardas! Guardas!\""
    },
    {
      "Key": "ece6332b-9a1c-4feb-9c0a-745628e5f51c",
      "Value": "\"Obrigado! Por favor, aproveite o torneio.\""
    },
    {
      "Key": "9e87987f-e9c3-4d85-903e-43feaae6df98",
      "Value": "\"Oh, é você! Minhas desculpas, mas receio que você tenha muita sorte. Meus bolsos estão vazios – você ganhou tudo o que eu tinha! Então não posso mais aceitar apostas – embora você ainda possa aproveitar a batalha!\""
    },
    {
      "Key": "ff4dfd23-3b6c-4311-9037-d67987f4bd79",
      "Value": "{n}Octavia se aproxima muito de você e, mal reprimindo sua risada, sussurra:{/n} \"Alguns charlatães, hein? Posso ensinar uma lição a eles? Eu... 'encontrei' um pergaminho interessante aqui. Vamos ver como eles gostam?\""
    },
    {
      "Key": "5486f320-8e2b-41b6-a172-068a3bb9cb8a",
      "Value": "\"Ugh, você é tão sedenta de sangue! Não, não é nada disso – apenas uma piada inofensiva... Olhe!\""
    },
    {
      "Key": "cd0df340-eea0-459e-ab2b-d861c991d118",
      "Value": "\"Você é tão chata! É um feriado, divirta-se pela primeira vez na vida! Vamos, sorria!\""
    },
    {
      "Key": "e44d70d5-035b-4b67-b16b-b1acfe3a0406",
      "Value": "{n}Octavia ri.{/n} \"Vamos ver o que acontece!\""
    }
  ]
}