{
  "$id": "1",
  "strings": [
    {
      "Key": "5f65a318-03a8-472a-a0d6-e0890e8fcc5a",
      "Value": "\"O Lorde Cervo desenhou o canudo com seu velho. É melhor ser órfão do que nascer em uma casa assim! Há, ha, hmm.\""
    },
    {
      "Key": "952175d2-aef6-412f-a23d-741345857aa6",
      "Value": "\"Não há tiranos piores que pais cruéis. E não havia uma criatura mais impotente e infeliz do que o filho deles.\""
    },
    {
      "Key": "8df835be-b42c-4fa4-b0c7-57557a1454f6",
      "Value": "\"Eu nunca consigo entender como ver uma criatura frágil e indefesa pode inspirar um desejo de vencê-los, em vez de protegê-los e ajudá-los.\""
    },
    {
      "Key": "0f246136-cc3e-4d63-9c0f-aa666edfb147",
      "Value": "\"Essa é a crueldade da vida. Ninguém nos machuca mais do que aqueles que estão mais próximos de nós.\""
    }
  ]
}