{
  "$id": "1",
  "strings": [
    {
      "Key": "43d04c5e-0fae-45eb-aa0f-62ef9f8b5a31",
      "Value": "\"Todo mundo continua falando sobre monstros! Falando, falando, falando. Eu – mal posso esperar por outra luta!\""
    },
    {
      "Key": "e245011c-36ab-4ac7-b546-0aed725e9e5e",
      "Value": "\"Quanto mais problemas o destino nos der, mais alegre você se torna. Essa harmonia incomparável você compartilha com essas terras traiçoeiras.\""
    },
    {
      "Key": "dab38a4f-eb71-497a-81d5-2b762114b493",
      "Value": "\"Eu também estou pronta. Proteger o baronato de todos os tipos de ameaças é realmente um chamado nobre.\""
    },
    {
      "Key": "19ebfc51-e2cb-4fa2-b5d2-b94c9426d4ee",
      "Value": "\"Há. Bárbaros.\""
    },
    {
      "Key": "c40f14db-67f7-485f-a347-8768697b6f59",
      "Value": "\"Os monstros provavelmente estão contando aos seus filhinhos histórias assustadoras sobre você!\""
    },
    {
      "Key": "cba3f757-25d0-4026-b893-bf9c22e503d6",
      "Value": "\"Os monstros provavelmente estão contando aos seus filhinhos histórias assustadoras sobre você!\""
    }
  ]
}