{
  "$id": "1",
  "strings": [
    {
      "Key": "583ef2c2-9bea-41ff-a724-31c8c988b62f",
      "Value": "{g|Relations4_1}[Efeitos de decisão]{/g} \"Ajude os guardas a encontrar e prender o elfo fugitivo.\""
    },
    {
      "Key": "685848fe-e867-4542-b7a6-9e68cdcb3d0c",
      "Value": "{g|Relations4_2} [Efeitos de decisão]{/g} \"Certifique-se de que o elfo chegue a Kyonin.\""
    },
    {
      "Key": "4172a43b-e57a-4b0e-8906-24f46ddc74c2",
      "Value": "\"Decida o destino dele como achar melhor.\""
    },
    {
      "Key": "ce4f2372-dbaa-4132-b7c3-061fba06d2f0",
      "Value": "\"Conte-me sobre esse conflito entre Setearcos e Kyonin.\""
    },
    {
      "Key": "3836d1ce-2a1b-4b9d-a521-b1aa8bfbb7d8",
      "Value": "{g|Relations4_3} [Efeitos de decisão]{/g} \"Não vamos interferir nesse assunto.\""
    },
    {
      "Key": "cbc2d484-9199-488d-9916-e176043d783a",
      "Value": "\"Há um detalhe de guarda de Setearcos na fronteira. Eles foram enviados pela Voz do Vento – um dos druidas mais velhos que governam Setearcos, um diplomata e chefe dos batedores. O guarda deles continua insistindo que há um elfo escondido em nossas terras, um fugitivo que escapou da cidade.\""
    },
    {
      "Key": "8174b74e-1bb6-46a2-a818-1aca1b1a25eb",
      "Value": "\"Mas agora, ao ponto. – Um detalhe de guarda de Setearcos foi parado na fronteira. Eles foram enviados pela Voz do Vento, um druida acusado de diplomacia neste reino do rio. Os guardas estão caçando algum criminoso élfico, um fugitivo que está escondido em nossas terras. Eles nos pediram para fornecer apoio e parecem preocupados que possamos ajudá-lo a escapar para {g|Kyonin}Kyonin{/g}.\""
    },
    {
      "Key": "de1f9c86-1a4c-44e7-a8ba-a56f500d36b3",
      "Value": "\"Por enquanto, deixe-me simplesmente relatar um assunto tão delicado. Há um detalhe de guarda na fronteira, enviado pela Voz do Vento – um druida e diplomata de Setearcos. Eles estão caçando um criminoso, um elfo que escapou para nossas terras. Imagino que eles estejam preocupados que alguém possa ajudar o fugitivo a chegar a {g|Kyonin}Kyonin{/g} e pedir nossa ajuda para caçá-lo.\""
    },
    {
      "Key": "a504aee5-4cdc-49b1-a912-079e08690c7e",
      "Value": "\"Muito bem! Vamos pegar o criminoso e entregá-lo a Setearcos. Tenho certeza de que a Voz do Vento apreciará o gesto... e pode até ter algumas informações para compartilhar sobre nossos vizinhos.\""
    },
    {
      "Key": "23d9075f-ef5a-423b-b221-eb73733dbc38",
      "Value": "\"Ajudá-lo a chegar em casa é a coisa mais legal a se fazer. Vou garantir que encontremos o elfo e o levemos de volta para casa em segurança. Tenho certeza que {g|Kyonin}Kyonin{/g} gostará do ato amistoso! Eles podem até envie uma carta de gratidão... junto com alguns livros mágicos antigos... Oh, eu deveria parar de sonhar acordado!\""
    },
    {
      "Key": "04af82ee-40f2-4536-9e56-3f78baabd24e",
      "Value": "{n}Linzi muda de uma perna para a outra.{/n} \"{name}, nem todos os problemas diplomáticos são resolvidos abertamente. Às vezes, um problema precisa ser oculto, e às vezes o conhecimento deve ser codificado e os segredos são ouvidos. Para fazer isso, você precisaria de um chefe de espionagem. Não estou apto para o trabalho – estou acostumado a dizer o que penso, não ficar calado. Por favor, encontre um 'ministro' digno para essa posição e, enquanto isso, tentarei lidar com o delicado assunto de hoje.\""
    },
    {
      "Key": "d9e62aed-17c0-4bb4-a484-61cba81f6cea",
      "Value": "\"{name}, nasci em uma família nobre, para que eu possa imaginar por que você decidiu me confiar uma posição diplomática. Entendo como as pessoas nobres pensam e como devem ser abordadas. Mas também sei que a nobreza não nem sempre resolve seus problemas abertamente. Às vezes, uma adaga, veneno ou bolsa de ouro no bolso direito pode fazer muito mais do que cartas e cartas oficiais esperavam conseguir. Mas eu mesmo não sou um infiltrado. Esses métodos me dão nojo. Você deve escolher... algum outro 'ministro' para liderar seus espiões.\""
    },
    {
      "Key": "1abad9fe-b766-4231-b920-62c8ac8b6243",
      "Value": "\"{mf|Sua Graça|Sua Graça|Sua Alteza|Sua Alteza}, surgem questões cada vez mais delicadas com nossos vizinhos. Você precisa de um mestre de espionagem... que, é claro, deveria simplesmente ser chamado de 'ministro'. Eu certamente poderia manter essa posição, mas um mestre de espionagem às vezes aprende muito sobre {mf|seu senhor|sua senhora}, e eu não gostaria que você tivesse sequer uma sombra de dúvida sobre minha lealdade.\""
    },
    {
      "Key": "353e2534-965c-4789-9f84-c6206fedbd0f",
      "Value": "\"Setearcos são construídos em um local sagrado para os elfos. Os elfos fugiram de lá uma vez, e os druidas, os Servos do Carvalho, governam lá desde então. Os elfos de {g|Kyonin}Kyonin{/g} gostariam de retornar seus santuário, ou pelo menos ter acesso a ele. Mas os druidas são cautelosos com Kyonin e se sentem hostis a qualquer elfo em seu território.\""
    },
    {
      "Key": "0c93c447-af8c-41ce-b934-566cea428ac0",
      "Value": "\"Os ancestrais dos elfos chegaram a construir os sete arcos que deram nome à cidade. Então os elfos abandonaram seus santuários, ou, para ser mais preciso – eles fugiram. Os druidas vieram a este lugar para fazer a sua. Agora os Servos do Carvalho governam há.\""
    },
    {
      "Key": "a538c36d-9e7e-4bad-9d5a-6f54fa30571b",
      "Value": "\"Os elfos afirmam que construíram sete arcos para os quais a cidade é nomeada, embora a evidência disso seja questionável. De qualquer forma, os elfos fugiram dessas terras e os druidas das tribos mais ousadas reivindicaram essa terra por si mesmos, qualquer um construiu um assentamento florescente.\""
    },
    {
      "Key": "6a02b01f-e743-4024-b748-1ce98dafeee0",
      "Value": "\"Hm... pelo menos assim, não vamos machucar ninguém. Mas também não estamos ajudando...\""
    },
    {
      "Key": "084648ec-943d-4089-b25e-6b61fcc8c6ca",
      "Value": "\"Muito bom. Não ajudaremos ninguém, pois não temos provas da culpa ou inocência de ninguém.\""
    },
    {
      "Key": "e4b2d833-a3d6-4713-a7b1-57b1d7140e66",
      "Value": "\"Bem, não criaremos inimigos dessa maneira. Mas também não conseguiremos aliados úteis... embora possamos ter!\""
    },
    {
      "Key": "68272294-c5b9-409b-b084-fdef08a13312",
      "Value": "\"Eles nos pediram para ajudá-lo a capturá-lo, ou pelo menos para não atrapalhar sua busca. Mas em Setearcos eles dizem que um elfo é um 'criminoso' quando eles realmente querem dizer que ele é um 'obstáculo'. Já que não fomos nós que sentenciamos ele, por que devemos assumir que ele é o vilão? Seria melhor se o encontrar e ajudá-lo a voltar para casa em {g|Kyonin}Kyonin{/g}.\""
    },
    {
      "Key": "18e311ee-bf6e-4676-8c91-80d68b84b3b0",
      "Value": "\"Eu não aconselho os dois lados. Todo mundo sabe que o povo de Setearcos não gosta de elfos e raramente os julga equitativamente. Mas todo mundo já ouviu falar da conspiração élfica para recuperar Setearcos para si. De qualquer forma, esse argumento não tem nada a ver conosco. Eu recomendo que você se recuse a permitir que os guardas entrem em nossas terras, mas também não ajude o elfo em fuga.\""
    },
    {
      "Key": "844a9ba5-ad5d-41c6-b7c2-3bc881e9cdb6",
      "Value": "\"A Voz do Vento é muito experiente. Os ventos sussurram muitos segredos para ele. É sábio fazer amizade com pessoas úteis. Se devemos dar a eles o elfo para ganhar seu favor, então considero uma pechincha, não importa quem ele é ou o que fez.\""
    },
    {
      "Key": "e297899d-a9f5-41a3-9a57-529fe0e25f84",
      "Value": "\"Os elfos de {g|Kyonin}Kyonin{/g} continuam tentando retornar Setearcos, embora tenham abandonado o lugar há muitos séculos atrás. Enquanto isso, os druidas veem um espião em todos os elfos e não os toleram em suas terras, embora sem os elfos não houvesse arcos! Enfim, é uma história complicada, sem ninguém claramente certo ou errado.\""
    },
    {
      "Key": "b2f7d54a-12a4-4bfe-a00c-c58a6ae807ca",
      "Value": "\"Agora os elfos de {g|Kyonin}Kyonin{/g} estão exigindo o retorno de Setearcos – já que a terra é supostamente sagrada para eles! Embora, se você me perguntar, essa demanda cheira a engano. De qualquer forma, os Servos do Carvalho que agora governam Setearcos recusaram. Como resultado, há muito pouca paz entre eles.\""
    }
  ]
}