{
  "$id": "1",
  "strings": [
    {
      "Key": "29ab8b5b-f3d6-4f1e-b6f1-436f672167c1",
      "Value": "\"Gostaria de expressar pessoalmente minha gratidão por toda a sua ajuda.\""
    },
    {
      "Key": "54d9744f-5aaa-4eee-ab27-b155846b786f",
      "Value": "\"Eu tropecei em um velho muito peculiar no meu caminho para cá...\""
    },
    {
      "Key": "8b01238f-f5e8-4574-888e-3a2ab46d29f6",
      "Value": "\"Eu simplesmente não pude deixar de fazer uma visita, especialmente depois do seu convite.\""
    },
    {
      "Key": "eba5b586-056b-4d0d-8d43-35d1fd9892ea",
      "Value": "\"Vejo que a vida em Varnhold está em pleno andamento.\""
    },
    {
      "Key": "4392ba2e-0518-4df4-8e9f-ba95c299fd9c",
      "Value": "\"Você tem meus respeitos, Maegar, mas eu tenho que ir.\""
    },
    {
      "Key": "2a382a87-b8f4-47ce-8770-dae2b5065e71",
      "Value": "\"Planejando conquistas futuras, é?\""
    },
    {
      "Key": "4b56461a-0df2-45fa-b899-a99c214f6836",
      "Value": "\"Fico feliz por vermos o assunto com os mesmos olhos.\""
    },
    {
      "Key": "6a674824-c4b3-4de0-ba8c-d8a786440bf5",
      "Value": "\"Qualquer coisa que você diga.\""
    },
    {
      "Key": "de5faa48-9ac4-4239-b940-403ae805b34b",
      "Value": "\"Ajudar os concorrentes é uma tarefa fácil.\""
    },
    {
      "Key": "fb66e0f3-347e-4f22-b52c-e0f2d51d41cd",
      "Value": "[Acenar para o comerciante] \"Tomando as rédeas do governo em suas próprias mãos?\""
    },
    {
      "Key": "a5824ebf-5015-4640-8020-fa67d9d4a11d",
      "Value": "\"Deixe-me perguntar diretamente – com quem mais você se alia?\""
    },
    {
      "Key": "ba7a2738-5530-445b-bc80-0de43bb75f4a",
      "Value": "\"Acabei de me lembrar de um caçador de tesouros que estava a caminho do Outeiro dos Levenies. Você já ouviu falar de Willas Gunderson?\""
    },
    {
      "Key": "00342a1a-33ca-4c29-85c5-c7f4a33873fc",
      "Value": "\"Valerie, foi um simples elogio.\""
    },
    {
      "Key": "6fc78b87-91d8-485f-ad14-02548a2ad17b",
      "Value": "[Não diga nada]"
    },
    {
      "Key": "b9f4929d-c6af-4e92-ac0c-a0f349cfe64a",
      "Value": "\"Espero que o assunto esteja encerrado.\""
    },
    {
      "Key": "82dd1650-b321-405f-826e-81e87067738a",
      "Value": "\"Valerie, se recomponha.\""
    },
    {
      "Key": "67fcd2e4-3d6a-4dec-bd34-be4b40ae615e",
      "Value": "{n}Diante de você está um homem alto e robusto. Algumas cicatrizes brancas em seu rosto, seu cabelo escuro está preso em um pequeno rabo de cavalo e as mangas de seu gibão caro fazem pouco para esconder os músculos por baixo. Embora irritado com a discussão, um largo sorriso ilumina seu rosto quando ele reconhece você.{/n}"
    },
    {
      "Key": "0778506b-b44e-4767-83c1-5d74307067e1",
      "Value": "\"É um prazer vê-l{mf|o|a} novamente, {mf|barão|baronesa}!\""
    },
    {
      "Key": "05d87c8e-4c71-447c-84a4-00f5f64c8c84",
      "Value": "\"Quem eu vejo! {Name}, {mf|meu amigo|minha amiga}! Bem-vind{mf|o|a} a {g|Varnhold}Varnhold{/g}! Eu sou Maegar Varn, eu administro esta cidade. Espero que você não tenha tido problemas nas estradas?\""
    },
    {
      "Key": "39508271-75bd-477c-8edc-b67509ac1141",
      "Value": "{n}Maegar ri agradavelmente.{/n} \"Não diga isso, velh{mf|o|a} amig{mf|o|a}! Nós, aventureiros, nos ajudamos, estou certo?\""
    },
    {
      "Key": "e6986ca8-c9d6-4654-ba66-5508be047648",
      "Value": "\"Olhe para isso de outra perspectiva, {mf|meu amigo|minha amiga} – esta é uma chance de examinar suas fronteiras orientais e garantir que você não tenha ninguém além de aliados aqui. É melhor ver por si mesmo do que confiar apenas em minhas palavras, estou certo?\""
    },
    {
      "Key": "ad1446d8-f10e-4c1d-98ed-a62644e28a27",
      "Value": "\"Ainda há muito a ser feito. O que você vê agora é apenas o começo. {g|Varnhold}Varnhold{/g} tem um futuro brilhante, apenas aguarde! No próximo ano começaremos a construir um tratado para sua capital, e estabeleceremos um comércio fluvial com {g|Restov}Restov{/g}.\""
    },
    {
      "Key": "b1706ab7-8ee9-4467-861f-e25bc1850ad4",
      "Value": "\"No momento, {g|Dunsward}Dunsward{/g} não é particularmente acolhedor, mas pretendo mudar isso. Assim que tivermos uma posição melhor aqui, começaremos a limpar a terra de criaturas, monstros e spriggans. As pessoas precisam se sentir seguras.\""
    },
    {
      "Key": "3a3ed434-6c90-4c60-b38e-144d78b758f2",
      "Value": "\"Temos o suficiente em nossas mãos no momento! Embora, no futuro – quem sabe, quem sabe...\""
    },
    {
      "Key": "515e122f-a799-4161-8d84-086b7cd8feb8",
      "Value": "{n}Maegar estuda você por um momento em silêncio, depois explode em gargalhadas.{/n} \"Apenas não pense que vou começar marchando com minha guarda pelas montanhas até sua porta! Há muita terra a leste para eu patrulhar sem atravessar meus aliados!\""
    },
    {
      "Key": "fb606fbf-a871-4d2c-98ab-6ee128a49be1",
      "Value": "\"Hm? Ah, sim, você quer dizer Cephal Lorentus, meu feiticeiro. Raramente é um prazer conversar com Codger, mas quando se trata de conhecimento arcano, ele é incomparável.\""
    },
    {
      "Key": "dc63b689-0aa4-44d2-ab41-51597f1c2a85",
      "Value": "\"Às vezes os habitantes locais me trazem objetos curiosos – eles os desenterram enquanto aram ou tropeçam neles enquanto patrulham o deserto. Se o objeto parecer interessante, eu os envio a Cephal – deixe que ele separe o joio do trigo.\""
    },
    {
      "Key": "206560ae-fc39-49ea-bdec-c16707517ccf",
      "Value": "\"É assim, {mf|barão|baronesa}...? Bem, então, vou anotar sua opinião para o futuro.\""
    },
    {
      "Key": "37f90b78-33c8-403e-93e7-5ef6ad58f081",
      "Value": "\"Trate o seu vizinho como você deseja ser tratado – estou certo?\""
    },
    {
      "Key": "66b2a6d2-6e49-423c-a174-e3fa27975b5a",
      "Value": "\"É por isso que nos damos tão bem, meu amigo!\""
    },
    {
      "Key": "9a651853-605b-44f4-8d75-87c246fabe4d",
      "Value": "{n}Maegar sorri.{/n} \"Tentar, pelo menos. Devo admitir que conquistar essas terras era muito mais fácil do que manter os mercadores gananciosos sob controle!\""
    },
    {
      "Key": "afbbef30-764d-465b-942b-0ba6a42b0146",
      "Value": "{n}Maegar estreita os olhos para você e depois assente.{/n} \"Indo direto ao assunto, hein? Muito bem, temos mais em comum do que você imagina...\""
    },
    {
      "Key": "da38e0be-5778-4c05-aa44-51bfe3e9ef1a",
      "Value": "\"Aqui está a verdade – eu não confio naqueles que estão sentados no norte. Eles mandam companheiros como nós para fazer todo o trabalho sujo. Você e eu compartilhamos essa fronteira, {name}, e prefiro apostar em nosso interesse como vizinhos do que com os distantes {g|Swordlords}Senhores das Espadas{/g} e afins.\""
    },
    {
      "Key": "aedeefce-933c-4b81-82a8-7c9c6c5fd9d0",
      "Value": "\"Há, você pode apostar! Um sujeito enérgico, embora um pouco intrometido. Felizmente, ele passa a maior parte do tempo rondando em busca de tesouros imaginários, e isso o mantém ocupado.\""
    },
    {
      "Key": "65477a3d-6b9d-4ec0-9bfd-eafe68561b7e",
      "Value": "\"Palavras de um governante digno.\""
    },
    {
      "Key": "49e399a2-52d7-403b-9adb-1c37ad3c0fd4",
      "Value": "\"Você tem certeza disso? Cuidado, porque eu vou estar observando você!\""
    },
    {
      "Key": "074995ad-8833-40d3-b5a3-f09a77914fba",
      "Value": "{n}{d|Varn}Varn{/d}, brincando, levanta as mãos no ar.{/n} \"Paz, paz!\""
    },
    {
      "Key": "49e42582-2c55-4e98-a5cb-709581a78516",
      "Value": "\"Oh! Que senhora justa o acompanhou! É um prazer conhecê-lo. Essa beleza é uma raridade, especialmente nessas terras duras.\" {n}{d|Varn}Varn{/d} tenta beijar a mão de Valerie.{/n}"
    },
    {
      "Key": "9ef44a11-a7fc-4417-a857-316eed78ea6b",
      "Value": "{n}Estremecendo, Valerie desliza a mão dos dedos de {d|Varn}Varn{/d}.{/n} \"Por favor, mantenha seus elogios desnecessários para si mesmo, senhor.\""
    },
    {
      "Key": "df127c47-f867-4d57-8ed7-2b8ee7c33497",
      "Value": "\"Minhas desculpas! Não quis ofender.\""
    },
    {
      "Key": "9bafa489-298b-4c6d-bce7-b1a06a3935ce",
      "Value": "{n}Regongar olha para {d|Varn}Varn{/d} com um sorriso lascivo.{/n} \"Músculos agradáveis... Que tal conhecer esta noite para compartilhar uma bebida ou duas, hum?\""
    },
    {
      "Key": "284169ce-ad9e-4b36-a722-f14e73a3f86d",
      "Value": "\"Há! Desculpe, rapaz, eu não balanço assim. Mas eu estou sempre pronto para uma bebida!\""
    },
    {
      "Key": "6ee9ae60-b76c-4e7d-aad9-d68eb383d3b5",
      "Value": "\"Desculpas aceitas.\" {n}Valerie desvia o olhar.{/n}"
    },
    {
      "Key": "073f46a2-c8d8-47a5-b6b9-3da18b9491b9",
      "Value": "{n}Maegar desajeitadamente muda de uma perna para a outra e limpa a garganta.{/n}"
    },
    {
      "Key": "b9916fae-2356-40f6-8dd8-13d4fab6c640",
      "Value": "\"Sim. Assim como centenas de outros 'elogios simples' eu ouço dia após dia de todos – sejam senhores ou vagabundos.\" {n}Valerie dá uma aparência sombria.{/n}"
    },
    {
      "Key": "411d2e4c-dc5d-44b6-9370-447bd4da4053",
      "Value": "\"Por favor, aceite minhas sinceras desculpas mais uma vez! Vamos mudar de assunto.\""
    },
    {
      "Key": "db46f988-56ea-4569-9fff-362f20086962",
      "Value": "\"E meu respeito a você, senhora...\" {n}{d|Varn}Varn{/d} para Valerie, que ao ouvir sua voz, se vira.{/n}"
    },
    {
      "Key": "fede5969-2c0e-449f-ae6e-6ab4a348e260",
      "Value": "\"Por favor, tenha a decência de não me encarar, senhor!\""
    },
    {
      "Key": "925a2ad8-9919-4213-9a6e-1f9571bd0f50",
      "Value": "{n}Valerie nem sequer dignifica você com um olhar – ela fica olhando para longe.{/n}"
    },
    {
      "Key": "64d5c170-5d5c-4759-9089-3aa3320c2cf0",
      "Value": "{n}Valerie lança um olhar culpado para você e Maegar.{/n} \"Perdoem-me, {mf|senhores|senhora, senhor}. Estou... um pouco sombria hoje.\""
    },
    {
      "Key": "1769db90-ccf3-4089-912a-a15d406fc7fb",
      "Value": "\"Ah, então só tem uma 'bela dama' aqui? Tudo bem, tudo bem... eu serei o mal e imprevisível, que queima casas aleatórias e cercas...\""
    },
    {
      "Key": "77ca501a-f1a9-47e2-8aad-aae6169d55af",
      "Value": "\"Conheço a história dos spriggans. Eles são perigosos, mas de certa forma são criaturas miseráveis. É realmente necessário exterminá-los para viver em paz e felicidade?\""
    }
  ]
}