{
  "$id": "1",
  "strings": [
    {
      "Key": "f928287a-0308-46cb-9f8a-a12a3c812ea7",
      "Value": "\"Como encontro Nyrissa? Diga-me e não vou te atacar.\""
    },
    {
      "Key": "1c04254c-8e84-47e8-b7fe-7bd707e488dc",
      "Value": "\"Você... não parece um morador do Primeiro Mundo. Quem é você?\""
    },
    {
      "Key": "4be6a02d-ac20-4b4a-abea-6ed078ca10d6",
      "Value": "\"Criaturas como você são chamadas bruxas annis, e quando você e suas 'irmãs' se reúnem em um coven – não é um bom presságio para mais ninguém na área, certo?\""
    },
    {
      "Key": "f01cb227-8ba9-4138-9918-5797df8ba32f",
      "Value": "\"Por que você é inimigo do Homem Contorcido?\""
    },
    {
      "Key": "f05aa410-3c40-4930-b551-43c4c5cc78ac",
      "Value": "[Atacar] \"Um miserável como você merece apenas a morte.\""
    },
    {
      "Key": "e151bb3d-f923-4eb2-8a8f-405366e8f251",
      "Value": "\"O que você pode me oferecer em troca da coroa?\""
    },
    {
      "Key": "387c6ebf-2099-4885-9163-b17ce17d23d2",
      "Value": "\"Por que você precisa da Primeira Coroa?\""
    },
    {
      "Key": "a758237a-9f17-4e43-9b11-3abccbb4c825",
      "Value": "\"Sabe, eu conversei com o Homem Contorcido. Ele me ofereceu sua chave do Santuário de Nyrissa em troca de sua morte.\""
    },
    {
      "Key": "934b1ab4-c6f5-429f-bac3-4d44e4d5ec52",
      "Value": "\"Tudo bem, é um acordo.\""
    },
    {
      "Key": "54e05aa0-9b1e-4601-86a7-dca522a51c07",
      "Value": "\"Eu tenho outras perguntas.\""
    },
    {
      "Key": "5407bd75-e245-4064-a5d5-70fed2d6ac31",
      "Value": "\"Tudo bem. Me dê a chave e você pode ir.\""
    },
    {
      "Key": "8d5449c2-590c-4cb0-9795-ba09844f728b",
      "Value": "[Atacar] \"Inferno não! Você vai morrer, bruxa.\""
    },
    {
      "Key": "c7043baa-a515-4b43-8485-8854f4b1d7ab",
      "Value": "\"Deixe-me perguntar sobre outra coisa...\""
    },
    {
      "Key": "c7ec1688-cfdc-45aa-b69a-f56826890fc3",
      "Value": "\"Eu quero perguntar sobre sua briga com o Homem Contorcido e a Primeira Coroa...\""
    },
    {
      "Key": "143ff3d0-fa98-4ef8-87fa-72012f2f5000",
      "Value": "\"Eu não gosto de tomar decisões assim no calor do momento. Vou pensar sobre isso.\""
    },
    {
      "Key": "fed35c09-3f18-4795-bc56-df4bf2e90b90",
      "Value": "[Atacar] \"É mais fácil matar você agora e pegar sua chave!\""
    },
    {
      "Key": "7af5126b-6f4e-4666-9f4b-510029214ade",
      "Value": "\"Eu tenho que ir. Adeus!\""
    },
    {
      "Key": "e8df2b1f-c33e-4dd0-ad76-15efa82e6b21",
      "Value": "\"O homem contorcido está morto, e eu tenho a chave do santuário.\""
    },
    {
      "Key": "4af6240c-5671-483b-be91-b7ed0300d56c",
      "Value": "\"Conversei com o homem contorcido. Ele se ofereceu para me dar sua chave se eu te matasse, e diz que você mentiu para mim. Em quem devo acreditar?\""
    },
    {
      "Key": "486da6aa-9c10-418b-8ca9-3daffe45d72e",
      "Value": "\"Ainda não. Eu tenho algumas perguntas para você.\""
    },
    {
      "Key": "02bec553-70f2-44cd-a1c3-6e0c05ac484f",
      "Value": "\"Você não parece o pobre prisioneiro de Nyrissa.\""
    },
    {
      "Key": "d5d4cb67-2374-4618-83c4-e7af878021b5",
      "Value": "\"Uma história divertida. Deixe-me perguntar outra coisa...\""
    },
    {
      "Key": "f355d531-29c8-4454-8365-3a76a0e0069f",
      "Value": "\"Você pertence a uma raça de criaturas perigosas e imprevisíveis, assassinos e canibais – e você está mentindo para mim. Não posso dizer que gosto disso, bruxa.\""
    },
    {
      "Key": "21122d06-e136-4555-8507-7f54d18fe16b",
      "Value": "\"Você não deve estar muito feliz com seu serviço a Nyrissa?\""
    },
    {
      "Key": "8e81768f-e203-41c0-a10b-dd5b03c4337f",
      "Value": "\"Nyrissa levou meus companheiros. Você sabe onde eles estão?\""
    },
    {
      "Key": "76892f30-46c0-45d0-a1cf-f684f9c3eb4a",
      "Value": "\"Que tipo de criatura ele é?\""
    },
    {
      "Key": "0a0f452c-59e3-4d08-a68f-d0f29c9701ee",
      "Value": "\"Eu te dei a chance de nos separarmos pacificamente. Você não se importa com sua vida?\""
    },
    {
      "Key": "dd097239-75c4-46f0-ac2c-24402ffb9ba4",
      "Value": "[Atacar] \"Você pagará por tudo.\""
    },
    {
      "Key": "8782470e-c044-4737-8adf-76d80a9b141c",
      "Value": "\"Você é um miserável mentiroso, Bruxa Knurly. E eu gosto! Posso acabar com você tão facilmente quanto derrotei sua armadilha patética, mas prefiro ganhar um servo útil. Curve-se para mim – e você viverá."
    },
    {
      "Key": "e57877fe-6a57-48b7-829e-a376866bbcca",
      "Value": "\"Você mentiu para mim, bruxa.\""
    },
    {
      "Key": "ebf161a7-a344-4f96-b59f-b54339ec8b03",
      "Value": "{n}Mesmo rastejando, a terrível criatura se eleva sobre você. Suas garras escuras brilham como metal, mas a pose não parece ameaçadora. É mais uma reminiscência de um pássaro enrugado do que de um animal selvagem pronto para atacar.{/n} \"Então é você, meu pequeno convidado! A velha provavelmente o assustou lá, perto do Castelo de Facas? Eu não pretendia. É tudo por causa do Homem Contorcido, caramba! Ele continua enviando disruptores e ladrões para mim. Eu me viro e eles estão de pé atrás de mim. Eu me levanto do meu banco – e eles sobem!\""
    },
    {
      "Key": "5bd1e99e-2471-4df2-a851-8d3b7ca9d4b5",
      "Value": "\"Você voltou, pequena convidada! Então? Você conheceu o Homem Contorcido?\""
    },
    {
      "Key": "f1c24326-a8c6-4242-bf7b-23231d5e6406",
      "Value": "\"Perdoe uma velha que desconfia de sua natureza suspeita. Minha vida não é fácil, não é... Aliás, caso você ainda não saiba, eles me chamam de {d|Knurly}Bruxa Knurly {/d}.\""
    },
    {
      "Key": "6daf7401-e6c6-4122-ac6f-23b25d9cbec9",
      "Value": "{n}A bruxa balança a cabeça enorme.{/n} \"Uma bruxa solitária e velha. Por centenas de anos eu morei com minhas duas irmãs no lugar que você chama de {g|Stolen Lands}Terras Roubadas{/g}. Nós guardava uma floresta mágica, enfeites protegidos, montes esfarrapados, ogros e outras criaturas maravilhosas. Ela elogiavam minhas irmãs e eu, chamando-nos de Rainha Trina. Era uma vida boa! Mas então nossa floresta caiu sob o olhar de Senhora Nyrissa e ela a reduziu ao pó, e me fez seu servo sob pena de morte. Eu não conseguia nem pensar em resistir a ela...\""
    },
    {
      "Key": "afffc090-c389-43e0-bc3b-7eaae406381a",
      "Value": "\"Ah, pequena convidada, você quer que a velha Bruxa traia sua rainha? Você não tem idéia de quais ameaças ela usa para me fazer servi-la. Já faz muitas eras, e eu nunca ousei levantar a cabeça...\""
    },
    {
      "Key": "85004141-c78f-4fc6-8a71-33f64682a40e",
      "Value": "\"Eu sei que você {d|c61 Trent Fool}enganou{/d} meus servos para pegar o fragmento da Primeira Coroa. Madeira tola! Mas, novamente, se eu quisesse servos inteligentes, não teria escolhido troncos de caminhada.\""
    },
    {
      "Key": "2e959000-9dcf-4cc3-b72f-b6ce4c341c8e",
      "Value": "{n}A bruxa se ilumina e se inclina para frente, mas depois se inclina de novo e encolhe os ombros.{/n} \"A coroa foi valiosa para mim... como um sinal da apreciação de Nyrissa. Mas você não está aqui para tomar um chá com a bela ninfa, não é? Qual é o sentido de manter a Coroa se você matar a nossa rainha? E se você falhar, Nyrissa a tirará do seu corpo morto. E talvez ela me devolva!\""
    },
    {
      "Key": "8b818415-bf89-4dec-87bf-5b49945763d1",
      "Value": "\"Ah, se você viveu tanto quanto eu tenho no {g|First World}Primeiro Mundo{/g}... Os feéricos vêem os estrangeiros como animais curiosos. – Mesmo que você possa quebrar o pescoço deles de uma só vez! Nyrissa deu a coroa como uma marca de distinção. As fadas viram que a rainha deles me valoriza, e agora eles me mostram respeito. Mas se eles decidirem que eu perdi o favor de Nyrissa, eles rirão de mim e farão piadas de mau gosto enquanto Aquelas miudezas contorcidas sabiam tudo isso – é por isso que ele sempre quis levar a coroa!\""
    },
    {
      "Key": "927885b8-609c-4286-ac11-1bf2ebeb6610",
      "Value": "\"Maravilhoso, maravilhoso! As miudezas se escondem em algum lugar no último andar. Volte para mim quando você o matar. A velha bruxa irá ajudá-lo de qualquer maneira que puder... Você deseja me perguntar outra coisa?\""
    },
    {
      "Key": "d6542af8-c211-419e-a3f6-1983e628ebd6",
      "Value": "{n}A bruxa lança um sorriso astuto.{/n} \"Eu já disse que éramos gentis com os outros? Não, não. Vivíamos de acordo com nossas leis, em paz e harmonia um com o outro. E estranhos tinham que aprender a fique longe da nossa floresta!\""
    },
    {
      "Key": "523cf26d-a144-4823-970f-65b9788c8ab7",
      "Value": "\"Não acredite naquela pilha enorme de devoradores de cadáveres! Ele come e bebe da mão de Nyrissa. Ele vai prometer qualquer coisa e depois te enganar. Escute a velha – mate-o sem se arrepender, e simplesmente pegue a chave.\""
    },
    {
      "Key": "f16a816e-80d8-4571-8988-10a989c70541",
      "Value": "\"Pergunte, eu gosto de conversar com os convidados...\""
    },
    {
      "Key": "a4f73245-8c74-4da0-9f09-f6a3ac75242d",
      "Value": "\"Ahhh, criatura boba! Você fará um bom jantar!\""
    },
    {
      "Key": "e2b3bc36-f33c-4850-8eb5-f2ab35c7faba",
      "Value": "\"Eu guardo a chave do Santuário de Nyrissa na minha despensa. Que, por sua vez, está trancada com outra chave. Oh, onde você a colocou, velha bruxa...\" {n}A bruxa reviste os bolsos de sua túnica.{/n} \"Aqui, pegue. Ao sair dos meus quartos, você verá a porta da despensa. Também deixei algumas poções úteis lá. Você pode levá-las também. Ai de mim se Nyrissa descobrir sobre – eu mesmo alimentarei os vermes. Então, faça o seu melhor!\""
    },
    {
      "Key": "5e0a7a8d-447f-4e2c-ba48-fd4e869087ec",
      "Value": "\"Decidi, pequena convidada. Vou lhe dar a chave, se desejar. Escute a bruxa – engane esta miscelânea, ou melhor ainda, mate-o! E então... ou você derrota Nyrissa, ou ela bate em você – eu vai ficar melhor sem ele de qualquer maneira.\""
    },
    {
      "Key": "81470705-7d6e-44ab-ae43-09475cf85391",
      "Value": "\"Você viu por si mesmo! Ele me inveja. Me machuca. Quer me expulsar, me faz perder o favor de Nyrissa. O que mais você esperaria de uma pilha ambulante de minhocas?\""
    },
    {
      "Key": "8eb13b5f-443e-4a1f-b3eb-0aedab82c044",
      "Value": "\"Ahhh, pequena convidada, você lidou com minha armadilha? Eu estava esperando conseguir um corpo morto. Que pena! Nyrissa ficará decepcionada. Ou talvez ela não... se eu lhe trouxer sua cabeça.\""
    },
    {
      "Key": "514b7aae-e469-4c03-86e0-8e8ce3f22b63",
      "Value": "\"Vou lhe contar. Há um lugar especial no último andar – o Santuário de Nyrissa. É o coração da Casa. Seu tesouro amargo está guardado lá, o que ela nunca pode deixar você ter. A porta do Santuário se abre com três chaves – Um é guardado com o Homem Contorcido, um comigo, e o terceiro está escondido em algum lugar da casa. Eu digo que você mata o horrível desgraçado, e pega a chave dele. Então eu lhe darei o meu depois. Vou ver. Se você mata Nyrissa ou ela mata você, terá me ajudado de qualquer maneira.\""
    },
    {
      "Key": "11a8752c-9941-4b70-a7e9-b384a378c569",
      "Value": "\"Pergunte. A podridão velha como eu gosta de conversar com alguém jovem e curioso...\""
    },
    {
      "Key": "7dfea05f-b17d-44f9-85e2-c9344cad0c44",
      "Value": "\"Estou ouvindo.\""
    },
    {
      "Key": "48ca069c-8926-456a-8a80-50822ab958ac",
      "Value": "\"Venha novamente, pequena convidada! A bruxa gostou da sua visita...\""
    },
    {
      "Key": "a1a5c8c8-5ba5-4a09-814b-b3ea1b3f60e9",
      "Value": "\"Pense bem – e se você decidir, venha até mim com a chave do Homem Contorcido. Eu saberei que ele está morto. E a velha bruxa dará tudo para quem matou a podridão contorcida.\""
    },
    {
      "Key": "9b642363-8582-4ef9-ac82-a81bf2c84911",
      "Value": "{n}Os olhos da bruxa Knurly acendem com uma luz assustadora.{/n} \"Serve bem para ele! Ele queria minha coroa! Ele sempre zombava de mim, mesmo retornando dos mortos como uma pilha de vermes! Deixe-o apodreça agora. Sim, deixe-o apodrecer...\" {n}A bruxa olha para você, estremece um pouco e ajeita o roupão ansiosamente.{/n}\" Aham... perdoe a velha bruxa. Ela ficou animada! Eu preciso manter minha promessa...\""
    },
    {
      "Key": "9b7d38fa-0d1e-42d1-ad3d-18349d60ab92",
      "Value": "\"Então pergunte. A velha bruxa não tem segredos de você.\""
    },
    {
      "Key": "30acca7f-7230-4f45-9dfd-a52c686cab58",
      "Value": "{n}A bruxa está se aproximando.{/n} \"Você acha que estou mentindo para você, pequeno hóspede? Mas você não sabe ao certo? Você deixará suas dúvidas afetar suas decisões?\""
    },
    {
      "Key": "e15c4119-bffb-4d13-8c69-4cb9a5ce7dc6",
      "Value": "\"Eu obedeço a quem é mais forte. Se eu tivesse cinco anos mais jovem, poderia tentar me rebelar, mas agora é tarde demais para mim... A pobre bruxa faz poções como ela disse, cuida da Casa, faz piadas do pilha de vermes e não serve para mais nada.\""
    },
    {
      "Key": "747f0f81-e865-4401-8af1-40281e208c95",
      "Value": "\"Ahhh, eu não deveria ter perdido tempo com essa conversa ociosa! Se você não quiser morrer em silêncio, então você morrerá ruidosamente e dolorosamente!\""
    },
    {
      "Key": "bd6bbea0-40e2-413c-8b04-8e16e69ff2b7",
      "Value": "\"Ah, minha senhora não compartilha prisioneiros comigo há muito tempo. Eu saberia se eles estivessem na minha masmorra, e não estão. Olhe mais alto, mais longe. A casa no limite do tempo é maior do que você sabe – e cheio de cantos e enigmas secretos.\""
    },
    {
      "Key": "8b0ac842-5f06-41dd-9ce5-79cba4c82335",
      "Value": "\"Claro, claro que eu menti! Você acreditou nas minhas histórias tristes? Sim, uma vez que Nyrissa me compeliu a servi-la, mas eu gostei de fazê-lo. Ajudei-a a se livrar dos inimigos e festejei em seus ossos. Este não é o primeira vez que tolos como você tropeçaram nas minhas armadilhas. Desta vez, terminarei o que já comecei com minhas próprias mãos. Bem, estou feliz com a chance de me deleitar de novo!\""
    },
    {
      "Key": "d9321312-7be7-4d1a-a4cf-9f8588946c41",
      "Value": "{n}Os olhos da bruxa vagam, e você observa o despeito que luta interiormente com cautela e egoísmo. Finalmente, a enorme bruxa começa a falar.{/n} \"Se você fosse um desses sonhadores impulsivos, que se preocupam com 'moralidade' ou 'bom', então eu ria na sua cara. Mas você é diferente... você corre para o seu objetivo, sem se importar com os meios. Morda rápido e profundamente como um Bulette. Talvez você realmente consiga derrotar Nyrissa...\""
    },
    {
      "Key": "292a64c5-d373-4dd2-bf23-6f8c16937f3f",
      "Value": "\"Há. Muitos ameaçaram a Bruxa Knurly. Poucos viveram muito tempo depois!\""
    },
    {
      "Key": "a59bd878-a0e1-421c-89c0-b6758091a283",
      "Value": "\"Não ousarei desafiar a rainha das fadas. Se você precisar do meu serviço, pegue as poções que fiz para ela. E minha chave do santuário. Espero não te ver de novo!"
    },
    {
      "Key": "c304b8bb-e6da-4b98-965d-a188591bb213",
      "Value": "\"Criaturas covardes que evitam brigas. Eu só desprezo aqueles que tentam fazer 'paz' e 'bom' em todos os lugares!\""
    },
    {
      "Key": "b8a9a29f-3081-4a60-8168-6a72d35fcad1",
      "Value": "\"Ahhh, criatura feia. Acredite, ele parece tão nojento para uma criatura como eu quanto para criaturas como você! Às vezes, uma alma não quer deixar o mundo após a morte. Ele se agarra ao seu corpo podre e finalmente permite que os vermes cadáveres o consumam peça por peça. Sim, sim, a alma se divide em mil fragmentos, cada um vivendo dentro de um verme!\""
    },
    {
      "Key": "053717aa-63cd-48d0-b043-3abce8e3a955",
      "Value": "\"É pior do que nojento. A morte de uma criatura assim certamente deve agradar {g|Pharasma}Pharasma{/g}.\""
    },
    {
      "Key": "657c4251-aaac-4db6-8315-e4cdab55c483",
      "Value": "\"Eu pensei que sabia o que significava fugir desesperadamente da morte. Isso é desagradável.\""
    }
  ]
}