{
  "$id": "1",
  "strings": [
    {
      "Key": "acd076db-a8ab-432b-9857-d482e4931e26",
      "Value": "{g|Arcane10_1}[Efeitos de decisão]{/g} \"Diplomacia acima de tudo. Trocaremos nosso conhecimento misterioso com outros estados.\""
    },
    {
      "Key": "46d105d9-2fad-45e5-a911-8fd2555b6b6b",
      "Value": "{g|Arcane10_2} [Efeitos de decisão]{/g} \"Desejo melhorar a educação e o treinamento de nossos sacerdotes.\""
    },
    {
      "Key": "722cac73-4dce-473d-a4c3-2b4666858487",
      "Value": "{g|Arcane10_3} [Efeitos de decisão]{/g} \"Eu comando a construção de uma grande oficina, para que possamos começar a fabricar equipamentos mágicos para o nosso exército.\""
    },
    {
      "Key": "2df050c2-1a8a-4a6c-a761-cad7dd1d43bf",
      "Value": "\"Já faz um tempo desde que eu cheguei a você assim, {name}! Você deve estar se perguntando se estou aqui para falar sobre problemas novamente, hein? Bem, acredite ou não, desta vez eu só queria falar sobre você todos os sucessos que tivemos recentemente.\""
    },
    {
      "Key": "31b98927-fca5-4d83-a864-0a26f072da95",
      "Value": "\"Saudações, Alteza. Gostaria de aconselhá-lo sobre o estado atual dos assuntos mágicos no reino. Mas você pode ficar tranquilo – são apenas boas notícias.\""
    },
    {
      "Key": "98a5f30b-4a6e-4f7d-ad86-597d2b256c83",
      "Value": "{n}\"Maegar\" parece sombrio e triunfante.{/n} \"Saúdo você, Sua Alteza. E tenho algo a lhe dizer.\""
    },
    {
      "Key": "234e6465-3aee-4905-bb7a-7469b426ef73",
      "Value": "\"O povo comum cresceu para confiar em nossos usuários de magia – em grande parte, eu acho, graças à proibição de... Errm, ingredientes mágicos exóticos.\""
    },
    {
      "Key": "5779ba95-8d91-4406-a703-9af3b7582808",
      "Value": "\"Apesar das minhas expectativas, manter a proibição de ingredientes mágicos exóticos mostrou-se altamente benéfico. Seus sujeitos desenvolveram mais confiança em relação aos usuários de magia e estão comprando mais bens e serviços deles.\""
    },
    {
      "Key": "422b7b6e-ba25-43a4-888f-85f142287e35",
      "Value": "\"De alguma forma, manter a proibição de ingredientes mágicos exóticos não prejudicou o rápido crescimento do potencial mágico nessas terras. Talvez não menos importante porque acalmou os camponeses sempre vigilantes e sempre resmungões...\""
    },
    {
      "Key": "e758c380-f600-4bb9-a2f6-fd531f834860",
      "Value": "\"Maravilhoso! Mal posso esperar para ver o que ganhamos em troca!\""
    },
    {
      "Key": "326987ea-d9d1-4dc6-9fd5-5e25a20dd654",
      "Value": "\"Certamente, Alteza.\""
    },
    {
      "Key": "f1bc03fe-7737-4686-b1a5-947aae2ba512",
      "Value": "\"Como quiser.\""
    },
    {
      "Key": "e2ac66a2-8eed-4259-96f0-d031d3424106",
      "Value": "\"Perfeito. É exatamente o que vamos fazer!\""
    },
    {
      "Key": "e2b8e8c5-dcd7-4272-954f-5ca03975ae45",
      "Value": "\"Isso deve ser feito, Alteza.\""
    },
    {
      "Key": "57ebaf77-815b-4347-b121-db3e7f2e593e",
      "Value": "\"Muito bem, Alteza.\""
    },
    {
      "Key": "b16e4fee-190a-48eb-b0f3-a5ab70cd9224",
      "Value": "\"Essa não seria minha escolha pessoal... mas será bastante útil.\""
    },
    {
      "Key": "723cee40-41ae-49cb-80cb-2b45a9d98d66",
      "Value": "\"Será como você diz, Alteza.\""
    },
    {
      "Key": "848bcf1e-26e5-4356-8570-62e8cf013543",
      "Value": "\"Esplêndido.\""
    },
    {
      "Key": "830c7df0-0260-46e4-abde-ac32e2fe03c2",
      "Value": "\"Parece que o avaliador estava certo, afinal. Ao permitir o comércio irrestrito de todos os ingredientes mágicos, atraímos ainda mais comércio para nossas terras – e especialistas mais raros.\""
    },
    {
      "Key": "75eeb096-f811-4157-8f28-b50c9bca07f7",
      "Value": "\"Percorremos um longo caminho ao longo dos anos. Nosso reino agora emprega magia da mais alta ordem, e o faz com confiança e responsabilidade. Ao contrário de muitos outros estados, fizemos tudo ao nosso alcance para manter constantemente o controle sobre a situação, e garantir que o desenvolvimento da magia sirva as pessoas, e não o contrário.\""
    },
    {
      "Key": "3e7c082d-d28a-46e3-bdfc-de179e341973",
      "Value": "\"Percorremos um longo caminho ao longo dos anos. Nosso reino se tornou um poder misterioso em si. Sabendo que eles não podem encontrar melhores condições em nenhum outro lugar, todo tipo de inventores, pesquisadores e experimentadores se reuniram para nós.\""
    },
    {
      "Key": "538bc68f-4cd7-4075-b84a-45bef470a28e",
      "Value": "\"Apesar dos meus medos, a comunidade mágica adotou os novos regulamentos que introduzimos muito bem. Muitos simplesmente mudaram seus laboratórios para fora da cidade e continuaram trabalhando como se nada tivesse acontecido. Dificilmente alguém sequer pensa em falar sobre isso hoje em dia. – Eles se acostumaram com isso, ao que parece.\""
    },
    {
      "Key": "9fb554b3-a064-4a7a-842f-6d486ea9949b",
      "Value": "\"Nos recusamos a impor novas restrições ao uso da magia – e, como esperado, as pessoas fizeram as pazes com a decisão. Recentemente, nossos magos começaram a desfrutar um pouco mais de compreensão e tolerância...\""
    },
    {
      "Key": "2155f7ec-7eaa-4358-b7b6-abe159336ab5",
      "Value": "\"E chegou a hora de aproveitar os frutos de nosso trabalho! Existem três projetos que posso sugerir. Primeiro, meu favorito – podemos trocar nosso conhecimento misterioso com nossos vizinhos. Segundo – podemos usar a experiência e o conhecimento das nossas escolas de magia ajudam a educar nossos sacerdotes de maneira mais rápida e completa. Por fim, podemos começar a produzir armas e armaduras mágicas para nosso exército. Então... em que você acha que devemos nos concentrar?\""
    },
    {
      "Key": "3c53f710-6245-4126-ae04-f8aefb2a3ea1",
      "Value": "\"O levantamento da proibição de ingredientes mágicos exóticos provou ser altamente benéfico para o comércio e o desenvolvimento das artes mágicas nessas terras.\""
    },
    {
      "Key": "8fc19d51-6724-4fd1-a46f-312cbb3f0a0d",
      "Value": "\"A comunidade mágica compreendeu a necessidade de novos regulamentos que restringissem o uso da magia em áreas densamente povoadas. Há todos os motivos para acreditar que as reformas foram um sucesso retumbante.\""
    },
    {
      "Key": "0d87bc0c-dea3-4280-bd5f-77517efc4ef2",
      "Value": "\"As massas ainda encaram os magos com desconfiança. No entanto, vale a pena tolerar um pouco de tensão social, considerando o rápido desenvolvimento das artes mágicas em nossas terras.\""
    },
    {
      "Key": "3dc64348-25e8-4e9a-b3ec-1b4e6210159e",
      "Value": "\"No total, nos tornamos uma das principais potências misteriosas dos Reinos Fluviais. Entre os nossos assuntos, há um número desproporcional de estudiosos e inventores, teóricos e experimentadores. Parece que eles são atraídos aqui pelas liberdades que nossa sociedade oferece, e a oportunidade de realizar pesquisas irrestritas e até extravagantes em nosso domínio.\""
    },
    {
      "Key": "96d35729-97d8-4f78-9ba3-95b036c76d7a",
      "Value": "\"Considerando tudo, nos tornamos uma das principais potências misteriosas dos Reinos Fluviais. Nos distinguimos ainda mais na maneira como tratamos a magia com responsabilidade, garantindo que mantemos o controle sobre seu desenvolvimento. A magia sempre permanece um instrumento em nosso reino, e nunca um fim em si.\""
    },
    {
      "Key": "1372f636-5edb-4c7a-8c15-ae525a13d2ab",
      "Value": "\"Nossos sucessos abriram o caminho para prosseguirmos em um projeto ambicioso. Tenho três idéias. Poderíamos empregar o conhecimento que nossas escolas de magia se reuniram para treinar nossos sacerdotes de maneira mais rápida e completa. Acredito que isso acabaria sendo mais útil ao nosso reino. Em vez disso, poderíamos disseminar nosso conhecimento misterioso para nossos vizinhos, por qualquer conhecimento que eles pudessem oferecer em troca. Finalmente, poderíamos começar a produzir armas mágicas para nossas tropas.\""
    },
    {
      "Key": "57337325-e335-4d93-b93b-c1c49ebc97e6",
      "Value": "\"No entanto, não é isso que eu vim discutir. Eu pesei o potencial mágico de nosso domínio contra o de nossos vizinhos e concluí que os superamos várias vezes. Nós não ensinamos nossos magos sobre moralidade e não colocamos obstáculos à pesquisa deles. Seus assuntos atingiram um nível de domínio muito mais alto do que eu esperava. Devo dizer que estou impressionado.\""
    },
    {
      "Key": "7be73cef-d24d-4b67-a41e-9c8103f1ec84",
      "Value": "\"Estamos agora em posição de buscar algo em uma escala maior. Sugiro três projetos. O primeiro: trocar nosso conhecimento arcano pelo conhecimento de nossos vizinhos. O segundo: fazer uso de nossas escolas de magia para treinar melhor nossos sacerdotes. Finalmente: crie uma oficina que produza armas encantadas para o exército. Preciso mencionar que a opção final é de longe a mais útil?\""
    },
    {
      "Key": "a35ac52a-67d6-43eb-8750-c7f3f3b31b11",
      "Value": "\"Foi sensato suspender a proibição de ingredientes mágicos exóticos. Isso beneficiou muito nossos magos e feiticeiros. Agora eles podem gastar menos tempo adquirindo componentes materiais e mais tempo em seus estudos... e ainda têm muito a aprender.\""
    },
    {
      "Key": "68d64a7b-090c-4522-bfa1-1e285e1f05af",
      "Value": "\"Estranhamente, restringir o uso de magia nas cidades e vilas apenas fortaleceu nossa mão. Depois que a importância deles foi aplacada, eles ficaram quietos – e pararam de interferir em nossos assuntos.\""
    },
    {
      "Key": "e6a3d288-1f9e-4668-91f1-e663bff42e4e",
      "Value": "\"Assim como eu esperava, nós não perdemos nada ao nos recusarmos a curvar seus plebeus. Não podíamos restringir o uso da magia para acalmar seus medos. Eles resmungaram por um tempo, apenas para mostrar. Mas logo eles aceitaram seus destinos – como convém...\""
    },
    {
      "Key": "2ba4e9f7-368d-41a8-afe9-31a787e8d152",
      "Value": "\"No entanto, não é isso que eu vim discutir. Pesei o potencial mágico de nosso domínio contra o de nossos vizinhos e concluí que os superamos várias vezes. Nem sempre eu concordo com suas decisões – na minha opinião, você é muito cauteloso. Ainda assim, seus sucessos falam por si. Seus súditos alcançaram um nível de domínio muito mais alto do que eu esperava deles. Devo dizer que estou impressionado.\""
    }
  ]
}