{
  "$id": "1",
  "strings": [
    {
      "Key": "f24d806a-2c82-454b-8edb-3f267cbd9e6d",
      "Value": "\"Você está louco? Eu não posso deixar você ir agora!\""
    },
    {
      "Key": "652fb794-1c0c-4ea1-823e-385e8c11d79d",
      "Value": "\"Sinto muito, isso foi muito duro.\""
    },
    {
      "Key": "1b5d3aef-bb5d-43de-b284-0bf5f9086d79",
      "Value": "\"Eu não estou falando em tirar sua liberdade – mas essa idéia estúpida vai pôr em risco a vida de todo o grupo.\""
    },
    {
      "Key": "de48f5c4-f0e4-4e25-98c0-8f68ff599b1a",
      "Value": "\"Se você continuar agindo assim – talvez eu o faça.\""
    },
    {
      "Key": "cc275496-a674-4b9a-bd67-c2298120230a",
      "Value": "\"Octavia, você está agindo como uma criança mimada.\""
    },
    {
      "Key": "655823b3-d75a-419c-a6d0-3b0b57bb0289",
      "Value": "\"Talvez você possa explicar o que está acontecendo primeiro?\""
    },
    {
      "Key": "13a2cdeb-e04d-4f73-9d24-b3ce3362d9d2",
      "Value": "\"Você vai me decepcionar e todo o grupo.\""
    },
    {
      "Key": "e9855b3c-2bd8-4187-aa06-402a92f4d245",
      "Value": "\"Eu entendo. Você vai precisar de suprimentos ou equipamentos?\""
    },
    {
      "Key": "5dffa0f0-2235-4315-aac8-829de80838f5",
      "Value": "\"Sozinho? Parece perigoso. Diga-me do que se trata, e eu vou ajudá-lo.\""
    },
    {
      "Key": "3148df07-66f2-4ad4-b1ab-ac7227655d84",
      "Value": "\"Você já pensou nisso? Sozinho, contra toda a Irmandade Tática? Parece piada – e não é engraçada.\""
    },
    {
      "Key": "ff2f5078-042f-46f2-b1cd-fe156e8aa3e5",
      "Value": "\"Você não precisa fazer isso sozinho. Você tem toda a nossa equipe, além de todos os recursos do meu {mf|Baronato|Baronato|Reino|Reino}.\""
    },
    {
      "Key": "2435c818-123c-40d2-8906-34d884511b8e",
      "Value": "\"Então isso foi um teste?\""
    },
    {
      "Key": "9225e332-18d1-4bca-924c-97ba7e510983",
      "Value": "\"Você sabe que sempre pode confiar em mim.\""
    },
    {
      "Key": "1bbae6ab-a6a0-40cf-9d21-88916fd89aaa",
      "Value": "\"Você age como uma criança mimada.\""
    },
    {
      "Key": "39eed1d1-c585-4fe7-b4a0-4a3036444173",
      "Value": "{n}Octavia se aproxima, seu rosto sério com sinais de tristeza.{/n} \"Escute, {Name}... eu tenho que lhe dizer uma coisa. O problema é que... eu vou embora. Por um longo tempo. Talvez para sempre.\""
    },
    {
      "Key": "3c225413-3993-4f6c-ab12-c6e4904d6abe",
      "Value": "\"Você não vai me deixar, hein? Talvez você me amarre?\""
    },
    {
      "Key": "e94d4406-00a9-474a-9f0f-a78a6c48ab98",
      "Value": "{n}Ao ouvir isso, Octavia estremece como se fosse atingida por um chicote.{/n} \"Você sabe, eu confiei em você. Confiei em que você é... Não como todo mundo... Não como meus antigos mestres. Eu estava errado.\""
    },
    {
      "Key": "7eb61478-54c3-4dd1-9c63-d14c6610f689",
      "Value": "{n}Octavia olha para você com raiva por um longo tempo e depois desvia o olhar.{/n}"
    },
    {
      "Key": "59db015c-0764-4c4a-8971-832f0d107b71",
      "Value": "\"Tudo bem... não importa. Esqueça. Eu ficarei... por enquanto.\""
    },
    {
      "Key": "b9058646-73b7-46bf-bd11-b398f819eb0a",
      "Value": "\"Você ficaria bem!\""
    },
    {
      "Key": "ff8925fa-2bdf-4f30-805e-cd66dd4b3ce6",
      "Value": "\"Você está... falando sério? Você está realmente pronto para me deixar ir?\""
    },
    {
      "Key": "fc63d3c0-a9ad-4f8e-8c2a-034ef4bd874d",
      "Value": "\"Eu estou indo para {g|Numeria}Numéria{/g} para destruir a {g|Technic League}Irmandade Tática{/g}. Você não tem idéia de quais monstros eles são. Eles matam pessoas, os escravizam, conduzem horríveis experimentos... eu tenho que pará-los!\""
    },
    {
      "Key": "74c7dc43-6ce8-478e-b132-d7766e01dbe4",
      "Value": "\"Eu sei. Sinto muito. Mas é algo que tenho que fazer!\""
    },
    {
      "Key": "862a8220-da0a-4120-8d8a-5df8a03d2513",
      "Value": "\"Não... eu não posso colocar você em perigo. Além disso, há muitas coisas aqui que você deve comparecer. Apenas espere por mim, está bem?\""
    },
    {
      "Key": "f43f798b-ac89-4a0c-a938-8573327d26f2",
      "Value": "\"Eu vou lá e começo uma revolta! Vou acabar com esses desgraçados de uma vez por todas!\""
    },
    {
      "Key": "7c96e464-4fe3-495b-952f-4b36ac8ebdbb",
      "Value": "{n}Octavia fica olhando nos seus olhos e finalmente desvia o olhar.{/n} \"Você está certa. É uma ideia estúpida... acho que misturei meus sonhos e realidade por um momento.\""
    },
    {
      "Key": "a3ef33b1-2452-422d-b2d1-4adceeb611f7",
      "Value": "\"Você está... falando sério? Você está realmente preparado para começar uma guerra com {g|Numeria}Numéria{/g} por mim?\""
    },
    {
      "Key": "d595c1b5-ccfe-47bc-9e68-4df873ab997d",
      "Value": "\"Em nome de {g|Calistria}Calistria{/g}... É por isso que eu te amo. Como pude pensar que você teria uma resposta diferente?\""
    },
    {
      "Key": "11f03860-e8ff-4901-99a5-bc0e7a588d99",
      "Value": "\"Sim provavelmente...\""
    },
    {
      "Key": "6b7dff9e-67c1-468c-a2a6-af3182462281",
      "Value": "\"Sim, eu sei. Obrigado. E...\""
    },
    {
      "Key": "851a6bc3-21d9-486a-a36f-2dfb9898a005",
      "Value": "\"Um teste? Bem... Não exatamente, mas...\""
    },
    {
      "Key": "cf4d94cc-0631-4e0b-919d-98bb19d83855",
      "Value": "{n}O final da frase paira no ar, como se Octavia quisesse se desculpar, mas não conseguiu encontrar as palavras.{/n}"
    }
  ]
}