{
  "$id": "1",
  "strings": [
    {
      "Key": "9a379313-c8a2-4c8f-9761-12041123de0f",
      "Value": "\"Ohhhh... eu estou cansado de cachorro.\""
    },
    {
      "Key": "567aa047-755a-4ca9-b773-359b0a66b8a4",
      "Value": "\"Estou tão cansado, apenas morto de pé.\""
    },
    {
      "Key": "5f95166a-7bd7-4380-be3c-afd364638bed",
      "Value": "\"Eu não sabia que você poderia se cansar. Esta é uma visão rara, de fato!\""
    },
    {
      "Key": "2aad5ba6-2e6d-4212-98bc-1c31b15b543f",
      "Value": "\"Você é mais forte que a maioria. Outros cairiam muito antes de você.\""
    },
    {
      "Key": "50ec7ae2-2c4d-4c07-8e4c-04d487a5f3f6",
      "Value": "\"Eu sei que você não vai seguir o meu conselho, Amiri. Mas você realmente deve se cuidar. Todo mundo tem limites.\""
    },
    {
      "Key": "e8413160-e5b4-4baa-bb66-43179c754944",
      "Value": "[Escrevendo em seu caderno e resmungando para si mesma] \"Essa longa jornada esgotou minhas forças – é hora de colocar nossas cabeças! As bestas da noite não devem perturbar sua paz, meus amigos! Disse o incansável guerreiro...\""
    },
    {
      "Key": "3af2ace5-7771-46af-80f1-d05e529308f3",
      "Value": "Você se esforça descuidadamente, sem pensar no amanhã... Você é como uma vela acesa nos dois lados. – Você brilha intensamente, mas queima rapidamente!\""
    },
    {
      "Key": "eab2d228-0eab-410e-8669-aefd93553537",
      "Value": "Você se esforça descuidadamente, sem pensar no amanhã... Você é como uma vela acesa nos dois lados. – Você brilha intensamente, mas queima rapidamente!\""
    }
  ]
}