{
  "$id": "1",
  "strings": [
    {
      "Key": "ad438fb4-b5d2-4453-b8db-fc1571873f59",
      "Value": "\"Estou pensando em escrever uma série de ensaios sobre Qadira. É um lugar incrível! Um oásis na fronteira de duas civilizações, você pode dizer.\""
    },
    {
      "Key": "e2d9e363-37ec-426c-9444-9a3754dedf81",
      "Value": "\"Em que região de Qadira você gostaria de escrever, mestre Jubilost? Nossa terra é vasta e diversificada, e há tantas tribos vivendo lá quanto em todos os Reinos Fluviais.\""
    },
    {
      "Key": "c0bc3838-cd2d-4a6c-95cc-4424ce4e4df5",
      "Value": "\"Em que região de Qadira você gostaria de escrever, mestre Jubilost? Nossa terra é vasta e diversificada, e há tantas tribos vivendo lá quanto em todos os Reinos Fluviais.\""
    }
  ]
}