{
  "$id": "1",
  "strings": [
    {
      "Key": "1d5a305e-ca39-43ff-9a0d-d086a7891986",
      "Value": "\"Não negarei ajuda a ninguém em apuros que me pedir ajuda.\""
    },
    {
      "Key": "e5bea311-e408-49e4-ad4b-d5241bef58ff",
      "Value": "\"Serei misericordioso com aqueles que merecem!\""
    },
    {
      "Key": "178a282d-0ae1-44bc-bf14-b34bdbd45ecd",
      "Value": "\"Talvez com benevolência. Ou talvez com dureza. Vamos esperar e ver.\""
    },
    {
      "Key": "0e52c3e9-c089-4edd-a6c2-343dd217cf0b",
      "Value": "\"Destruirei os indignos, mas quanto aos que estão sofrendo, resolvam seus próprios problemas.\""
    },
    {
      "Key": "7b987daf-c414-47a9-bb43-e86f7ddf66ee",
      "Value": "\"Todos os que cumprem minhas leis podem confiar em minha misericórdia.\""
    },
    {
      "Key": "4b14302b-0d32-4d56-bead-830ec3060fda",
      "Value": "\"Somente se for sábio e servir a nossos objetivos maiores.\""
    },
    {
      "Key": "b3b3bef0-7c63-415e-88a9-663dfa9aba7c",
      "Value": "\"Cumprirei as leis que beneficiam meus súditos e minhas terras.\""
    },
    {
      "Key": "1bf62972-bb16-4847-a156-3aed845da1d1",
      "Value": "\"Este reino viverá sob o estado de direito, e aqueles que violarem a lei serão severamente punidos.\""
    },
    {
      "Key": "b2453135-5207-4091-a023-69a221783b76",
      "Value": "\"Leis? Eu não dou a mínima para leis. Eu sou o poder e a lei: se durante o café da manhã eu quiser ouvir inocentes gritando na prateleira – então eu vou ouvir!\""
    },
    {
      "Key": "9b8ab584-2b16-4dfa-8254-1fab480fba79",
      "Value": "\"Não preciso de tradições ultrapassadas nem de leis estúpidas! A vontade d{mf|o Rei|a Rainha} é acima de tudo: sei o que meus súditos exigem para sua felicidade e prosperidade!\""
    },
    {
      "Key": "30bbd23f-dcf6-4e08-8bd7-cf4593bc4b46",
      "Value": "\"Tudo bem, eu vou falar.\""
    },
    {
      "Key": "fdc34898-5bcc-4f10-91e2-325d2af2f59e",
      "Value": "\"Isso é o suficiente por hoje, Linzi. As pessoas querem comemorar, não ouvir meus pomposos murmúrios.\""
    },
    {
      "Key": "0386562c-4137-4c9a-935e-60c72c52ceae",
      "Value": "\"Meus súditos leais! Hoje é o dia em que a lei finalmente chega às Terras Roubadas...\""
    },
    {
      "Key": "a59814ea-9805-43eb-a546-693d8b181363",
      "Value": "\"Meus bons assuntos! Meu único sonho é entregar paz e segurança àqueles que confiam em mim – algo que você tanto precisa, por tanto tempo...\""
    },
    {
      "Key": "888b9c88-2496-4bd9-95a8-ca890dadc164",
      "Value": "\"Agora ouçam, meus súditos! A partir de hoje sou seu soberano e seu mestre. Minha palavra é uma lei, e minha vontade é seu comando...\""
    },
    {
      "Key": "4f675ae2-efa9-4e8d-ac41-3aa977645520",
      "Value": "\"Irmãos e irmãs! A essência das Terras Roubadas é a liberdade! Os poderosos não dominam os fracos. Juro defender sua liberdade até meu último suspiro...\""
    },
    {
      "Key": "f4bb7d7a-e82c-4321-9af0-922cbaf8e21c",
      "Value": "{n}Linzi está quase pulando de emoção, segurando nas mãos um pergaminho coberto de juramentos solenes.{/n} \"{mf|Barão|Baronesa}, por que você demorou tanto? Todo mundo estava esperando por você! Depressa!\""
    },
    {
      "Key": "f59a2e1f-e78f-464d-ad0c-6435f63d91ba",
      "Value": "{n}Ela orgulhosamente demonstra um pergaminho coberto de rabiscos.{/n} \"Eu procurei em todos os livros, mas não consegui encontrar nada que se parecesse com um protocolo de coroação para as {g|Stolen Lands}Terras Roubadas{/g}. Então, tomei a liberdade de escrever o programa pessoalmente! Não se preocupe, fiz o melhor que pude! \" {n}Linzi limpa a garganta e se vira para a multidão.{/n}"
    },
    {
      "Key": "558d31c3-7321-40be-8913-3ae3fb5c8c73",
      "Value": "\"Cidadãos do Reino! Senhoras e senhores! É com grande entusiasmo e admiração indescritível que eu, Linzi, cronista oficial do herói que está ao meu lado, declaro o início de uma cerimônia sagrada – a coroação do primeiro governante legítimo em a história das {g|Stolen Lands}Terras Roubadas{/g}! Pelo poder dos representantes das outras casas reais, que reconhecem {mf|ele|ela} como iguais e de acordo com a vontade do povo, que aceitou seu domínio, {mf|ele|ela} agora sobe ao trono, que há tanto tempo espera vazio, por um governante tão digno!\""
    },
    {
      "Key": "bf0dead5-8322-49a9-afca-105291ea5564",
      "Value": "\"Meus concidadãos! Eu apresento {name}, {mf|seu rei|sua rainha} e seu líder indiscutível! Agora {mf|ele|ela} está diante de você, pronto para aceitar sua vontade! Todo mundo que se reuniu aqui – está você está pronto para jurar lealdade ao seu novo governante?\""
    },
    {
      "Key": "e9a78f0f-509b-49bf-8443-f743dd9d9c31",
      "Value": "\"Então, está decidido. E agora...\" {n}Linzi se vira para você.{/n} \"É a sua vez, Alteza!\" {n}O bardo limpa a garganta e lê solenemente as palavras dela na página.{/n} \"Em suas mãos, elogiamos nossas vidas e humildemente solicitamos que você lide com o destino que nos espera sob seu domínio. Por favor, responda agora...\""
    },
    {
      "Key": "defde008-6f5d-4b77-b5c7-ccdbd1a49af0",
      "Value": "\"Eu não estou sujeito a ninguém, então não posso jurar lealdade, mas não tenho nada a dizer contra {mf|um Rei|uma Rainha} como esta!\""
    },
    {
      "Key": "180a30a0-33b2-407b-a323-520d75f24739",
      "Value": "\"Erastil salve {mf|o Rei|a Rainha}!\""
    },
    {
      "Key": "420bb1ca-1572-40ff-8fda-5d29c9a26ef2",
      "Value": "\"Saudações a{mf|o Rei|a Rainha}!\""
    },
    {
      "Key": "60883e3b-b079-4bd8-8f79-f2611f28808a",
      "Value": "\"Sim, sim, claro! Quanto mais você vai abanar a língua? Está na hora de começarmos do grupo em nome do chefe!\""
    },
    {
      "Key": "f4af88aa-52a7-4eda-8d8e-05cda394ab87",
      "Value": "\"Prometemos nossa lealdade!\""
    },
    {
      "Key": "dd08c88b-686a-4199-9ece-cac2543a6e03",
      "Value": "\"Viva {mf|o Rei|a Rainha}!\""
    },
    {
      "Key": "ed18d191-c506-41d3-a4bf-ef158cd86d8d",
      "Value": "\"Eu juro.\""
    },
    {
      "Key": "f6b9cf54-4f4f-4d17-996f-10b8a75bc654",
      "Value": "\"Como você pretende governar esta terra e seu povo? Com benevolência e cuidado com aqueles que sofrem, ou com força – e severidade pelos indignos?\""
    },
    {
      "Key": "2aa5a1f9-a47a-4c28-b34a-d80b8c711f8b",
      "Value": "\"Você honrará os velhos costumes e tradições, que se espalham por essas terras muito antes do seu tempo, e cumprirá suas leis, que todos aceitam?\""
    },
    {
      "Key": "1fe681d4-18fc-4662-b5ea-90570da23dbd",
      "Value": "\"E finalmente: qual será o lema sob o qual você deve governar? Proclame agora que testemunhamos, e gravaremos esse momento solene em nossos corações!\""
    },
    {
      "Key": "0c8dae8f-796d-45dc-aecc-5224296fa122",
      "Value": "{n}Linzi olha para as últimas linhas de seu manuscrito.{/n} \"Bem, agora...\" {n}Ela limpa a garganta e se vira para a multidão.{/n} \"Estimados cavalheiros! Senhoras justas! A cerimônia está completa e agora chegou o momento tão esperado!\""
    },
    {
      "Key": "bf83083f-7ff2-44e3-a06d-ad27de9eb53e",
      "Value": "\"Vamos nos curvar juntos e testemunhar este momento solene! A coroa!\""
    },
    {
      "Key": "004657ce-5b7f-4712-b216-f7469f1dffc0",
      "Value": "{n}Linzi se inclina em sua direção e sussurra urgentemente:{/n} \"Discurso, Alteza! Segundo a tradição, precisamos de um discurso!\""
    },
    {
      "Key": "4069bb7b-a06c-4064-a618-da4a3dc5d7a7",
      "Value": "{n}Linzi bate palmas de alegria e se vira para a multidão.{/n} \"Senhoras e senhores! Sua Alteza deseja fazer um discurso!\""
    },
    {
      "Key": "59fac5b3-6996-4b6d-a185-3cd43bbd2736",
      "Value": "{n}Linzi suspira decepcionada.{/n} \"Não é assim que a cerimônia deve acontecer... mas tudo bem! Você nunca prometeu nada – e, afinal, é seu reino e suas regras!\""
    },
    {
      "Key": "c6ee43a6-87ff-45b2-97ea-c32d8a09d269",
      "Value": "\"Escute-me! Pela declaração de sua Alteza, a celebração vai começar! Nós escutamos discursos suficientes – agora nos deixem aproveitar o banquete e erguer nossos copos à saúde de noss{mf|o Rei|a Rainha}!\""
    },
    {
      "Key": "40873daa-002e-487b-89bd-3fff6a31bb1c",
      "Value": "{n}Você dá um passo à frente. Os incontáveis rostos da multidão, tão barulhentos há pouco, agora ficam quietos, com os olhos fixos em você.{/n}"
    },
    {
      "Key": "4b1c2ae7-ca68-4c9e-95dc-216d4b17c3ee",
      "Value": "{n}Suas palavras fluem como um rio – sincero, benevolente e caloroso. Os rostos na multidão se iluminam – como se um raio de sol tímido aparecesse por trás das nuvens. Um espectador, depois outro, limpa os olhos com um gesto sorrateiro, enquanto outros sorriem e acenam com dignidade viril.{/n}"
    },
    {
      "Key": "18524ba3-79e1-475d-b4bb-a8091aed5185",
      "Value": "{n}A multidão presta atenção às suas palavras com expressão servil. Alguns balançam a cabeça, mas a maioria olha para você como deve ver {mf|seu rei|sua rainha} – com reverência.{/n}"
    },
    {
      "Key": "220fccf8-96c5-45d1-81d8-bcf92c8c734d",
      "Value": "{n}Parece que cada palavra sua cai sobre a multidão como uma pedra pesada – tão aterrorizante é o poder da sua voz. As pessoas reunidas na praça parecem assustadas com a imagem que você descreve – mas mais do que isso, elas têm medo de se mexer, para que não causem sua ira.{/n}"
    },
    {
      "Key": "e5d665fe-fdc8-4b02-9dfa-73a1e3bbdbad",
      "Value": "{n}Você mal consegue terminar seu discurso inspirador, antes que o ar fique cheio de gritos e assobios da multidão feliz.{/n}"
    },
    {
      "Key": "f7f08163-190c-446c-ba05-db9e0061008c",
      "Value": "\"Meu Deus, Vossa Alteza! Eu sempre soube que você era um {mf|homem|mulher} de muitos talentos, mas seu dom de eloquência é sem igual!\" {n}O bardo se vira para a multidão e grita o mais alto que pode:{/n} \"O {mf|Rei|Rainha} falou! Salve o {mf|Rei|Rainha}!\""
    },
    {
      "Key": "ca466a91-9364-41d3-b4f0-250baf4bde00",
      "Value": "\"Que paixão, que intensidade! De fato, o Torneio Radiante estaria incompleto sem a sua participação!\""
    },
    {
      "Key": "196fae23-5f16-452a-bfda-4dad5ff6ce2d",
      "Value": "\"Está certo, cada palavra que você disse era perfeita! Com uma régua como essa, o futuro das {g|Stolen Lands}Terras Roubadas{/g} está parecendo brilhante!\""
    },
    {
      "Key": "33f068da-25b7-409c-a499-9ef4ba5f880f",
      "Value": "\"Sempre soube que {mf|ele|ela} seria {mf|um bom rei|uma boa rainha}! Agora não tenho vergonha de mantê-lo (a)|na minhdo grupo de Herói!\""
    },
    {
      "Key": "69dea2c6-6834-4cd7-b0ef-8d98d4745e8b",
      "Value": "\"Salve o generos{mf|o Rei|a Rainha}! Viva {name}!\""
    },
    {
      "Key": "d51a827e-9771-4812-b01a-22cf96bc7786",
      "Value": "\"É assim que eu chamo de governante de verdade! Salve o {mf|Rei|Rainha}! Salve a liberdade!\""
    },
    {
      "Key": "087e1f1d-4525-45bb-9e93-f50a510a2e9b",
      "Value": "\"Mais uma fortaleza para a liberdade de expressão! Eu nunca poderia imaginar que algum dia eu estaria dizendo essas palavras sobre esse lugar, tão sombrio que parecia uma vez...\""
    },
    {
      "Key": "64619162-81d6-4b57-9822-338afe3148fe",
      "Value": "\"Com uma decisão {mf|do Rei|da Rainha} aqui, mesmo essas terras – tão atoladas no crime e na corrupção – têm a chance de se tornarem dignas de seu governante! Viva!\""
    },
    {
      "Key": "a89147ca-d086-4a52-bde9-acc7e279de60",
      "Value": "\"Salve o governante mais gentil de todas as terras!\""
    },
    {
      "Key": "b55ea8e9-4eec-42ec-a07b-27915103733f",
      "Value": "\"Estas são as palavras de um verdadeiro líder! Todos saúdam!\""
    },
    {
      "Key": "d312fa84-af6c-41bd-bc2e-92012670fb01",
      "Value": "\"Saudações a{mf|o Rei|a Rainha}!\""
    },
    {
      "Key": "40658c5e-889d-45d1-8b31-1aefdb01ff04",
      "Value": "\"Louvado seja o nome de Sua Alteza ao longo dos séculos!\""
    },
    {
      "Key": "9f2964e1-49fe-4227-a4b9-f047b8a207df",
      "Value": "\"Essas são as palavras de um verdadeiro governante, não algumas mentiras agradáveis para a multidão.\""
    },
    {
      "Key": "f97b2f1d-b65b-4c88-a9b1-22d4b65a0ee1",
      "Value": "\"Maravilhas do futuro e feitos surpreendentes ecoam nas palavras {mf|do rei|da rainha}. E pensar – eu os verei com meus próprios olhos!\""
    }
  ]
}