{
  "$id": "1",
  "strings": [
    {
      "Key": "9bc7b898-c64e-46c5-a874-0dc9258aec04",
      "Value": "\"Tudo bem. Vamos nos encontrar com esses elfos.\""
    },
    {
      "Key": "6ae1fd3a-f318-4a52-b20f-bc729cd45ca4",
      "Value": "\"Não é da minha conta. Já tive problemas suficientes por causa dessa história.\""
    },
    {
      "Key": "e98a3e5a-008e-4940-8142-63e08462fa1c",
      "Value": "\"Essa situação de alguma forma me ameaça ou meu reino?\""
    },
    {
      "Key": "671b483f-e350-47eb-9091-f1d750e1b009",
      "Value": "\"Tudo bem. Vamos nos encontrar com esses elfos se as circunstâncias permitirem.\""
    },
    {
      "Key": "075ecdd8-6d61-488f-bffb-d74409fadbb5",
      "Value": "\"Eu não vou me intrometer nos seus assuntos com os elfos. Esta é minha decisão final.\""
    },
    {
      "Key": "e8213bdc-6e1a-44c5-b975-73110db9de24",
      "Value": "\"Trago notícias,\" relata Jaethal abruptamente.{/n} \"Não é inesperado. Um grupo considerável de elfos de {g|Kyonin}Kyonin{/g} cruzou a fronteira para o seu reino. Eles enviam {g|JaethalQ3} uma mensagem{/g} para você. Você pode lê-la, se desejar, mas posso dizer a substância em poucas palavras: \"Exigimos que você entregue o assassino. Aguardamos sua resposta.\""
    },
    {
      "Key": "242b1a08-3937-46a4-9729-59a9a7cfec60",
      "Value": "{n}Jaethal olha para você de perto, como se estivesse tentando avaliar alguma coisa. Ela está estudando você, ou considerando a situação mais ampla? {/n} \"Eu... acho que devemos nos encontrar com eles. Naquela época, perto do {g|Thorn River}Rio do Espinheiro{/g}, depois da batalha com o jovens élficos, senti a presença de {g|Urgathoa}Urgathoa{/g} novamente – pela primeira vez desde que renasci. Agora sinto algo semelhante. Um comando. Ou a sombra de um. Além disso, não gosto de deixe meus assuntos inacabados. Vamos pôr um fim nisso.\""
    },
    {
      "Key": "4f7e7afb-b91f-480f-9ad7-239b013e759f",
      "Value": "\"Existe uma chance de eu mudar de idéia? Não vejo motivo para você dizer não. Essa missão é extremamente importante para mim. Nós dois venceremos se resolvermos a situação – de uma maneira ou de outra.\""
    },
    {
      "Key": "1a65e653-b705-4107-afbf-a7bafa63f190",
      "Value": "\"Estou pronto para atacar a qualquer momento.\""
    },
    {
      "Key": "45af26e2-1897-4160-90e3-7eb451ccd9eb",
      "Value": "\"Eu duvido. Eles não são emissários oficiais de {g|Kyonin}Kyonin{/g}. – Se fossem, sua interferência pareceria bem diferente. Provavelmente, essas são as famílias daqueles jovens tolos do campo perto do campo. {g|Thorn River}Rio do Espinheiro{/g}. Suponho que eles estejam inclinados a lutar, mas não vão emboscar ou tentar esfaqueá-lo pelas costas. Primeiro, certamente tentarão negociar. Elfos, você sabe...\" {n}Jaethal se permite um sorriso sarcástico.{/n}"
    },
    {
      "Key": "c8a150d4-fedd-4799-b401-e0bf15111c19",
      "Value": "\"Como você deseja... eu não ouso mais distrair Sua Alteza.\""
    }
  ]
}