{
  "$id": "1",
  "strings": [
    {
      "Key": "76d75b94-1da5-411a-ba5f-b25351e1ecf9",
      "Value": "\"Você tem dez batimentos cardíacos para desaparecer. Vá!\""
    },
    {
      "Key": "c9dd7c45-34da-4535-8c01-d2c6b069b1aa",
      "Value": "[Atacar] \"Eu estive procurando por você. Morra, bandidos!\""
    },
    {
      "Key": "58cae3e3-fc99-4f15-9248-a27ed69d0e95",
      "Value": "\"Como vocês tolos conseguiram perder os cavalos? Nós deveríamos carregar essas caixas nós mesmos? O que são essas coisas de ferro, e por que diabos precisamos delas?\""
    },
    {
      "Key": "65f39a33-b8d5-48b9-acaa-c743bdc8c6be",
      "Value": "\"Essas 'coisas de ferro' nos tornarão ricos, cabeça-oca! É um transmutador alquímico – eu vi em {g|Ustalav}Ustalav{/g}. Nós apenas montamos, ligamos e ele transforma pedras em ouro! Não fique aí parado – pegue os arreios!\""
    },
    {
      "Key": "141345ab-f4bc-4951-8bc6-3091b76559b1",
      "Value": "\"Você tem certeza disso, então? Tudo bem, vamos ver se conseguimos fazer com que essa carroça se mova...\""
    },
    {
      "Key": "8c457d31-3cf7-4c91-8cc1-6ceb3e257737",
      "Value": "\"Oh, uh... Sua Graça!\""
    },
    {
      "Key": "a4cdb050-6c78-4615-aad6-26ace8204576",
      "Value": "\"Olha, é aquele canalha que derrubou o Lorde Cervo! E nenhum exército para ser visto!\""
    },
    {
      "Key": "d729b467-4246-4d47-bdb4-9d5e90e471ff",
      "Value": "\"Esta remessa pertence a{mf|o barão|a baronesa}?! Em que você nos meteu, seu idiota?!\""
    },
    {
      "Key": "e97d0e04-308d-4ffb-88f8-a7a71c98475c",
      "Value": "\"Corre!\""
    },
    {
      "Key": "09d56b72-35af-49e1-b350-c5a0b160b11a",
      "Value": "\"Dia de sorte! Peguem {mf|ele|ela}, todo mundo! Se tirarmos {mf|o barão|a baronesa}, podemos ser barões!\""
    },
    {
      "Key": "b8d7f6f7-2b04-46af-8b3b-6f64d79748c8",
      "Value": "\"São eles!\" {n}Linzi sussurra, apontando para os bandidos.{/n} \"Pego em flagrante! Vamos mostrar a eles o que acontece quando você pega as coisas de outra pessoa sem – ah, vamos ensinar uma lição a elas!\""
    },
    {
      "Key": "47acb95f-9f51-4d28-a689-4eb06b615b38",
      "Value": "{n}Jubilost abre a boca, prestes a dizer algo, mas apenas cobre o rosto com a palma da mão e balança a cabeça tristemente.{/n}"
    },
    {
      "Key": "db9b932e-7d50-4958-8778-965cc4e8691f",
      "Value": "\"Golpeie a escória d{mf|o barão|a baronesa}!\""
    },
    {
      "Key": "5e693d4a-c015-47cf-acbd-c3923b9951ae",
      "Value": "\"Há, isso é uma risada! Vamos lá, tente! Vamos ver como você se sai!\""
    }
  ]
}