{
  "$id": "1",
  "strings": [
    {
      "Key": "a569f18a-9c63-4c8f-b7ba-66591fc6752c",
      "Value": "\"Você culpa a Irmandade Tática pelo que você se tornou. Mas o chicote de um escravo machuca apenas o corpo. Foi você quem destruiu sua alma.\""
    },
    {
      "Key": "39173f76-0fbd-40a9-bdbd-1ca40ff1bf05",
      "Value": "\"Claro, bem, você pode ir para o Inferno com sua filosofia. Um homem sábio! Você irritou tudo o que tinha na vida e agora quer sair por aí ensinando os outros!\""
    }
  ]
}