{
  "$id": "1",
  "strings": [
    {
      "Key": "60523cd9-6168-46a9-a44d-31b1c31d938c",
      "Value": "\"Ei, tem um ladino nas suas costas! Jogue 'Isso' para mim antes que ele roube!\""
    },
    {
      "Key": "437009e3-c2d6-45eb-b480-0866e4209210",
      "Value": "\"Podemos fazer isso da maneira mais fácil ou mais difícil!\""
    },
    {
      "Key": "4f0b33b6-dd9b-4dea-b0f8-a0ff30bf8b5a",
      "Value": "\"Eu sou um amigo. Não me interpretem mal, mas essa coisa está pregando peças em sua mente. Você deve me dar.\""
    },
    {
      "Key": "919080e7-9694-4c10-a731-0e9cad5efe5b",
      "Value": "\"Quem diabos é você?\""
    },
    {
      "Key": "0b346c99-db2c-4e96-88b0-d235d8b17233",
      "Value": "[Atacar] \"Você deveria ter me dado de bom grado.\""
    },
    {
      "Key": "27ce87f2-d291-41ea-886a-2baa7095b677",
      "Value": "\"Calma, eu vou embora.\""
    },
    {
      "Key": "fd8e2bb6-7ff7-44aa-a7fe-63c79207ce19",
      "Value": "{n}Quando ele vê você, o elfo se agacha de medo, escondendo algo em seus braços.{/n} \"Você veio para pegá-lo? Não! É meu! Deixe-me em paz!\" {n}Uma careta de dor e loucura capturou seu rosto.{/n}"
    },
    {
      "Key": "83d243b4-d3ff-41f9-b39c-587bd57eca34",
      "Value": "{n}O elfo enfia a cabeça nos ombros.{/n} \"Não me machuque. Não leve embora.\""
    },
    {
      "Key": "e1c61b68-1684-4936-b757-7ac4974b35fe",
      "Value": "{n}O elfo joga a coisa antes que ele saiba que foi enganado.{/n} \"Não! Ladrão! Ladrão!\""
    },
    {
      "Key": "96483a66-49a6-4789-8fe6-c2a859a17456",
      "Value": "{n}O elfo se vira assustado, mas não solta a coisa em suas mãos.{/n} \"Ei, você está tentando me enganar? Ladrão!\""
    },
    {
      "Key": "a6ff2a7b-d7a4-4531-bcd9-1271b4ef997f",
      "Value": "{n}O elfo congela, depois rapidamente joga fora a coisa, cobre a cabeça com os braços e soluça:{/n} \"Ladrões! Não me machuque...\""
    },
    {
      "Key": "6f143222-6261-4544-9a9b-2db943cfe895",
      "Value": "{n}O elfo está começando a entender.{/n} \"Eu... Sim... É ruim! Envenenou minha mente!\" {n}O elfo joga a coisa fora ferozmente.{/n}"
    },
    {
      "Key": "55ac6286-3ebb-4a01-989a-f9dae41ad528",
      "Value": "{n}O elfo ouve com espanto.{/n} \"Eu? Ditael... Não! Eu sou o administrador! Servi a Nazrielle, e agora sirvo! É mais importante.\""
    },
    {
      "Key": "106cf79f-231d-4c5f-a78d-b10a85fb8961",
      "Value": "{n}O elfo está olhando para você apreensivo. Ele está pronto para fugir a qualquer momento.{/n}"
    },
    {
      "Key": "580c2ee4-35e9-4c9a-b1dc-c73fd273e318",
      "Value": "\"É valioso demais. Você não pode possuí-lo! Eu sou o único que pode! Você está me ouvindo? Eu sou o único que pode protegê-lo! Todo mundo quer isso para si, mas eu não sou doando! Estive me escondendo! Também posso me esconder de você. Não se aproxime! \" {n}O elfo está olhando para você, espuma escorrendo dos lábios dele.{/n}"
    },
    {
      "Key": "5a14a822-705a-4489-89e6-3c85f47890c3",
      "Value": "{n}O elfo bate em você com os dentes, parecido com um cachorro.{/n} \"Tente tomá-lo! Vou morder seus dedos!\""
    },
    {
      "Key": "c88a76f4-f203-4674-9558-6ead4349da68",
      "Value": "{n}O elfo está começando a entender.{/n} \"Eu... Sim... Não! O ladrão está tentando me enganar! Vá embora! Você não pode tê-lo! Ladrão!\""
    },
    {
      "Key": "4b9771e5-5842-439d-8763-d7c8697e0ddf",
      "Value": "{n}Ditael volta aos seus sentidos e cai frouxamente no chão.{/n} \"Bom Deus, finalmente acabou. A maldita lâmina tomou minha sanidade... Oh, eu nunca esperei que a Senhora Nazrielle pudesse criar uma monstruosidade! Deixe ela mesma encontra outra assistente. Essa coisa amaldiçoada quase me custou a vida."
    }
  ]
}