{
  "$id": "1",
  "strings": [
    {
      "Key": "1e41fceb-f8a6-4847-9d4d-deebd5ecd798",
      "Value": "Entramos no rio, nadando até o acampamento para nos esconder atrás dos barcos."
    },
    {
      "Key": "c614afc6-46c2-4b30-ab70-b59a089134d2",
      "Value": "Começamos nossa abordagem escolhendo o caminho através do pântano."
    },
    {
      "Key": "0ce1048e-dbae-44a3-b4b6-25b5dc05820e",
      "Value": "Nós circulamos ao redor para nos aproximar do bosque, procurando alguma trilha de caça ou outro caminho que pudesse nos levar através da vegetação rasteira."
    },
    {
      "Key": "8a737399-6f18-47cc-93e8-a1c2baf92e11",
      "Value": "Ao analisar a situação, nosso líder optou por voltar mais tarde."
    },
    {
      "Key": "1d5ba632-01f5-42d0-a8f4-6beea6313dee",
      "Value": "Jogamos a cautela aos ventos e nos aproximamos do acampamento."
    },
    {
      "Key": "ec1116fd-94a0-4448-a1fa-66d813eefa1e",
      "Value": "Não havia tempo a perder. Começamos a nos esconder com armas desenhadas!"
    },
    {
      "Key": "4a680aa2-74ac-40ea-bf29-9b232a7ab7e3",
      "Value": "Fizemos um farfalhar perto dos barcos, esperando atrair e subjugar algumas sentinelas."
    },
    {
      "Key": "57bc349a-2e18-49ca-88f2-90bd671fe100",
      "Value": "Foi quando nosso líder incendiou os barcos, semeando o caos nos campos antes de lançarmos nosso ataque!"
    },
    {
      "Key": "ad800270-0cef-4dc2-b8e8-8da20754bf49",
      "Value": "Fizemos um farfalhar perto dos juncos, esperando atrair e subjugar algumas sentinelas."
    },
    {
      "Key": "ed037433-2264-401d-b8d9-5b60ffa116b9",
      "Value": "Nossas viagens nos levaram ao ambiente de {g|Littletown}Vila Pequena{/g} em busca dos piratas covardes do rio que atacavam comerciantes e viajantes inocentes. Teria sido bom entrar, juntar alguns crânios e encerrar o dia, mas os rumores sugeriam que estávamos em menor número. Pior ainda, os vilões haviam montado seu acampamento em uma posição defensável à vista de seus barcos, protegidos pelo rio de um lado, uma floresta densa do outro lado e um pântano pegajoso no terceiro. Adicione um monte de sentinelas procurando por invasores, e estávamos com problemas. Graças a Deus nosso destemido líder tinha um plano!"
    },
    {
      "Key": "4e10a3ef-5ec7-47f0-8921-21341b8bc0c9",
      "Value": "O {g|Pitax River} Pitax River{/g} pode ter parecido gentil, mas era rápido, profundo e perigoso. A correnteza nos arrastou rio abaixo, batendo vários de nós em uma árvore submersa antes que pudéssemos alcançar águas mais calmas. Que nado exaustivo!"
    },
    {
      "Key": "56c11bf6-d340-456f-8e8e-b86b434870c5",
      "Value": "Tremendo de frio, subimos na praia e começamos a espiar por trás dos barcos. De lá, pudemos ver que não havia um acampamento – havia dois! O segundo estava a várias centenas de metros de distância, a julgar pelas fogueiras, o que significava que poderíamos derrotar os piratas em um campo antes que o outro pudesse responder!"
    },
    {
      "Key": "a8eb3911-b20e-4eeb-92f6-491450b767b8",
      "Value": "Era exatamente o plano sobre o qual você lia em histórias contagiantes, mas, em vez de cair na nossa armadilha, as sentinelas alertaram seus amigos. Antes que percebêssemos, estávamos lutando com um grupo muito maior do que tínhamos planejado!"
    },
    {
      "Key": "eeb562d9-eb29-4615-9b73-aaddf59b65ed",
      "Value": "Era exatamente o plano sobre o qual você lia em histórias contagiantes, e nossos inimigos caíram na nossa armadilha! Em silêncio, despachamos as sentinelas antes de lançar nosso ataque aos piratas restantes!"
    },
    {
      "Key": "4d324f9a-b067-4e9b-8364-ebb8bdf3acce",
      "Value": "As praias de cascalho podem ser ótimas para atracar barcos, mas são terríveis para se esgueirar. Toda a carga no {g|Pitax}Pitax{/g} não pode cobrir o som de você tropeçar em pedras. Os piratas lançaram uma saraivada de flechas em nosso esconderijo antes de se aproximar para atacar!"
    },
    {
      "Key": "f17f5424-1e73-410e-a52d-1e04d661320b",
      "Value": "Barcos e carga nos deram muita cobertura quando fizemos nossa abordagem, lançando um ataque surpresa. Antes que os piratas pudessem responder, já tínhamos derrubado vários deles!"
    },
    {
      "Key": "e37928ea-cdd5-47d0-a166-8675f1a9f08b",
      "Value": "Em retrospecto, tentar navegar pelas zonas úmidas enquanto tentava ficar quieto pode não ter sido tão fácil quanto esperávamos. A lama sugadora rasgou nossas botas e nos tropeçou várias vezes. Em pouco tempo, estávamos imundos, machucados e nos sentindo menos que heróicos."
    },
    {
      "Key": "7b67ebc4-d508-4c9f-a6d0-e037c21fdee8",
      "Value": "Em pouco tempo, emergimos do pântano, nossos equipamentos pingando água estagnada. De lá, pudemos ver que não havia um acampamento – havia dois! O segundo estava a várias centenas de metros de distância, a julgar pelas fogueiras, o que significava que poderíamos derrotar os piratas em um campo antes que o outro pudesse responder!"
    },
    {
      "Key": "de6ad182-1750-46f1-bd26-9a61ee6b0c68",
      "Value": "O pântano nos ajudou a aproximar-se do acampamento, mas nossas botas cheias de lama esmagaram alto quando saímos dos juncos. Que bagunça! Os piratas lançaram uma saraivada de flechas em nosso esconderijo antes de se aproximar para atacar!"
    },
    {
      "Key": "9485e449-250a-4312-b626-30eb1654404c",
      "Value": "Juncos e tendas nos deram muita cobertura quando fizemos nossa abordagem, lançando um ataque surpresa. Antes que os piratas pudessem responder, já tínhamos derrubado vários deles!"
    },
    {
      "Key": "48234824-056f-40e2-914d-ee5ecc2312d4",
      "Value": "Nosso líder encontrou habilmente um rastro de animais e nos levou mais fundo na floresta e em direção ao acampamento. Seguimos com confiança, sem saber o que havia aberto o caminho. Logo se tornou evidente demais quando o pé de nosso líder se alojou em uma grande toca, provocando um rosnado ameaçador debaixo da terra. O que se seguiu foi uma farsa breve e aterrorizante envolvendo uma família de texugos, hera venenosa e algumas palavras bem escolhidas. Observarei que escolher essa rota não foi minha ideia."
    },
    {
      "Key": "94bf4d37-3d0a-4a12-80bc-67800c4a36ce",
      "Value": "Escolhemos rebarbas de nossas capas quando chegamos à beira da clareira. De lá, pudemos ver que não havia um acampamento – havia dois! O segundo estava a várias centenas de metros de distância, a julgar pelas fogueiras, o que significava que poderíamos derrotar os piratas em um campo antes que o outro pudesse responder!"
    },
    {
      "Key": "01584a8f-300e-474e-84d2-83932ff99989",
      "Value": "A floresta havia coberto nossa abordagem, mas o som de galhos estalando e folhas farfalhantes alertou as sentinelas. Os piratas lançaram uma saraivada de flechas em nosso esconderijo antes de se aproximar para atacar!"
    },
    {
      "Key": "c0c63b6f-46e9-432a-934a-5a5a2a310e50",
      "Value": "A vegetação rasteira e as tendas nos deram muita cobertura quando fizemos nossa abordagem, lançando um ataque surpresa. Antes que os piratas pudessem responder, já tínhamos derrubado vários deles!"
    }
  ]
}