{
  "$id": "1",
  "strings": [
    {
      "Key": "26000a62-d98b-4bd3-a81c-2c7d0ee36cbf",
      "Value": "{g|Military2_1}[Efeitos de decisão]{/g} \"Abra recrutamento irrestrito. Qualquer pessoa com vontade de fazer isso é suficientemente boa para o nosso exército.\""
    },
    {
      "Key": "d4193aa5-9bff-4364-9ae9-749cc50dc83f",
      "Value": "{g|Military2_2} [Efeitos de decisão]{/g} \"Selecione os recrutas mais fortes e habilidosos. Preciso de combatentes de verdade.\""
    },
    {
      "Key": "a5373366-ded6-432a-b6b9-7b4822711049",
      "Value": "{g|Military2_3} [Efeitos de decisão]{/g} \"Selecione aqueles que têm ambição. Soldados que sonham com glória e posição sempre servem melhor.\""
    },
    {
      "Key": "d05036bc-7876-4983-a9a3-e6ae2faab63f",
      "Value": "\"Tome sua própria decisão.\""
    },
    {
      "Key": "86089f4e-6a8b-4e01-9779-55b71657aeb3",
      "Value": "{n}Kassil faz uma reverência rápida e depois se apressa a falar.{/n} \"Sob suas ordens, revi nossas forças militares. Os resultados são... decepcionantes, {mf|Sua Graça|Sua Graça|Sua Graça|Sua Alteza|Sua Alteza }. Exigimos novos recrutas – e quanto mais cedo melhor.\""
    },
    {
      "Key": "8932307d-7c72-412a-979b-45d50124e6d7",
      "Value": "\"Podemos introduzir algumas restrições, limitando quantas poderiam se qualificar para o serviço. No entanto, nessas circunstâncias, sinto que elas não devem ser muito rigorosas. De fato, eu recomendaria que anunciassemos que alguém pode se juntar ao exército – e tenho certeza de que encontraremos muitos homens corajosos entre seus súditos, prontos para proteger suas terras!\""
    },
    {
      "Key": "89a1806e-95cd-4821-af51-e6458c95a212",
      "Value": "{n}Amiri parece descontente.{/n} \"Desde que você me nomeou chefe das tropas, ouça o que eu digo: você precisa de mais pessoas. As que temos agora são fracotes e covardes. Se não conseguirmos nenhum bons guerreiros, nossos vizinhos nos esmagarão quando quiserem!\""
    },
    {
      "Key": "dc83b5e7-cced-43f1-b474-0cb62899f4d1",
      "Value": "\"Só para você saber... você deve escolher guerreiros melhores. Eu não quero lidar com crianças crescidas que reclamam de todos os riscos! Não leve apenas quem quiser – ou então teremos quartéis cheios de amores-perfeitos O que vamos fazer com os amores-perfeitos? Precisamos deles fortes e corajosos, ou não faz sentido.\""
    },
    {
      "Key": "51d89530-b08c-4575-994a-12b49fe9b0d6",
      "Value": "\"Você está ocupado? Não? Então eu tenho algo para você.\" {n}Regongar estica os ombros, como se estivesse se preparando para uma luta.{/n} \"Você pode ter matado o Lorde Lorde Cervo, mas ainda é muito cedo para relaxar e relaxar. Ainda há muitos bandidos caminhando por suas terras. Eles ainda pensam é a casa deles. Deixe-me arranjar mais alguns soldados, antes que eles cortem os que temos e nos deixem com nada.\""
    },
    {
      "Key": "23295680-a7bb-4a02-b716-c797a85cc9d9",
      "Value": "{n}Os meio-orcs apertam os olhos.{/n} \"Você sabe de quais você precisa? Não são os grandes idiotas. Não, você precisa de guerreiros que querem poder. Eles o servirão bem. E se algum deles for ousado demais...\" {n}Regongar zomba mal-humorado.{/n}\" Vou enforcá-los das árvores.\""
    },
    {
      "Key": "384327b4-afc6-4f4a-851e-0a165aade32b",
      "Value": "\"Maravilhoso, {mf|Sua Graça|Sua Graça|Sua Alteza|Sua Alteza}! Começarei a recrutar novos soldados imediatamente.\""
    },
    {
      "Key": "d527aa11-d73d-4cf7-908b-2c53ee3aed31",
      "Value": "\"Sério? Sua capital já está guardada por um punhado de amores-perfeitos, e agora você quer um exército inteiro assim?! Ugh!\" {n}Amiri cospe no chão e se vira furiosamente.{/n}"
    },
    {
      "Key": "fdef484d-e341-46bf-a651-fc9f488c62e7",
      "Value": "\"Está certo? Bem, você é o chefe. Vamos encontrar um uso para forragem de canhão também.\" {n}Regongar encolhe os ombros com indiferença.{/n}"
    },
    {
      "Key": "c25b7b34-cd20-45b1-9563-d43cd6426428",
      "Value": "\"Como quiser, {mf|Sua Graça|Sua Graça|Sua Alteza|Sua Alteza}.\""
    },
    {
      "Key": "dc85a6ff-94ca-4c87-82e8-38ca0224da85",
      "Value": "\"Certo! Assim como eu digo! Não faço ideia do porquê eu vim até você. Eu poderia fazer tudo sozinha.\""
    },
    {
      "Key": "62b4154d-3493-4c5d-91d2-49d1080908b1",
      "Value": "{n}Regongar mostra suas presas.{/n} \"Cabeças idiotas marchando por aí? O que devo fazer com esses idiotas?!\" {n}O meio-orc rosna de irritação e se afasta.{/n}"
    },
    {
      "Key": "27481182-a75a-4369-a137-012a28fb4202",
      "Value": "{n}Kassil franze a testa.{/n} \"A ambição é boa, quando há um lugar para isso. Mas um exército, com sua ordem e hierarquia estritas, dificilmente é um lugar para iniciantes.\" {n}Os meio-orcos tossem.{/n} \"Sinto muito falar tão livremente.\""
    },
    {
      "Key": "c93f9353-a47d-48ff-91df-02096206598b",
      "Value": "\"Hmm... bem, talvez algo de bom venha deles. Eu entendo. Vou procurar alguns.\""
    },
    {
      "Key": "37f5df39-039a-4697-8b59-2ad782b64e82",
      "Value": "{n}Regongar sorri.{/n} \"Gosto da sua atitude. Vou ficar ocupado.\""
    },
    {
      "Key": "7f7350b8-63b1-4314-a988-f1ee5ebd2c5e",
      "Value": "\"Como você desejar. Anunciarei imediatamente que quem quiser servir sua terra natal será bem-vindo em seu exército.\""
    },
    {
      "Key": "70b87dda-f99a-4b0b-ae98-e10d778a6b5d",
      "Value": "\"Então, por que eu vim até aqui do outro lado do castelo?! Tudo bem, eu recrutarei os que eu gosto. Se ele puder se levantar depois que eu o soco, então ele está dentro.\" {n}Amiri quebra os dedos, pronta para uma briga.{/n}"
    },
    {
      "Key": "59ab5f3c-74ac-4a5b-b629-84f72000b29f",
      "Value": "\"Ótimo. Vou encontrar o tipo de recrutas que vão rastejar no {g|Abyss}abismo{/g} se isso significa que eles receberão uma medalha.\""
    }
  ]
}