{
  "$id": "1",
  "strings": [
    {
      "Key": "e522111a-d728-4c7e-b434-f9eca3b56bbf",
      "Value": "\"Os paladinos de Shelyn são ensinados a cantar, desenhar e tocar instrumentos musicais. Por que você não canta em algum momento quando acampamos?\""
    },
    {
      "Key": "55cf3ef4-f1a2-48bb-aaa8-6a6a4a8edc57",
      "Value": "\"Eu não me importo. Já cansei e toquei música. É uma perda de tempo inútil. – Prefiro afiar minha espada ou checar minha armadura novamente. Você não pode lutar contra bandidos da floresta com uma canção!\""
    }
  ]
}