{
  "$id": "1",
  "strings": [
    {
      "Key": "e961edb4-7c72-423d-9cc5-123c58b8b27f",
      "Value": "\"Por que ninguém vai caçar? Se alguém está esperando que eu faça isso, ficará muito decepcionado!\""
    },
    {
      "Key": "d0203c83-9b86-4d6a-9df4-5b3644bf4d37",
      "Value": "\"Eu não diria não a uma tigela de ensopado saboroso. É uma pena que ninguém vá caçar.\""
    },
    {
      "Key": "15564bad-b16f-4dfd-b78b-274710346304",
      "Value": "\"Eu tenho uma coisa mais importante a fazer do que rastejar pelo mato em busca de coelhos e veados!\""
    },
    {
      "Key": "0c16daf5-ef82-43ff-8c2c-a32a5fd61fdd",
      "Value": "\"Nós poderíamos dar uma armadilha. Embora eu duvide que possamos pegar alguma coisa aqui.\""
    },
    {
      "Key": "d3efd4d0-0056-477d-976a-8bff9ce1f33b",
      "Value": "\"Eu não gosto quando você se comporta assim. Somos seus amigos, não seus servos ou escravos.\""
    },
    {
      "Key": "f8201500-957c-471b-b70a-f45dcf72f8c6",
      "Value": "\"Afirmativo! Eu vou direto ao assunto, Excelência...\""
    },
    {
      "Key": "604295e8-ecc7-4a8b-a31e-49ad04883877",
      "Value": "\"Não eu! Na última vez em que trouxe aquele sapo gordo e saboroso, todos vocês fizeram caras más... Nok-Nok nunca é um bom caçador!\""
    },
    {
      "Key": "245f8c94-969b-4eeb-a427-9296428ccf2a",
      "Value": "\"Concordo! Algum de vocês não consegue encontrar comida? Deve ser abundante em terras tão férteis!\""
    },
    {
      "Key": "c35a8f24-32b2-486c-b8d0-0f45ff59f9a5",
      "Value": "\"Concordo! Algum de vocês não consegue encontrar comida? Deve ser abundante em terras tão férteis!\""
    }
  ]
}