{
  "$id": "1",
  "strings": [
    {
      "Key": "8f020338-c5b8-4177-957f-46d600093594",
      "Value": "\"Auch, uma contusão. Mas a orelha ainda está aqui, pelo menos.\""
    },
    {
      "Key": "10f6a323-6228-4096-81dc-aa824ba2cd95",
      "Value": "\"Eu sei que acabo desperdiçando minhas palavras... mas você não pensou em entrar em combate com menos abandono? Você quase cortou sua mão na última luta!\""
    },
    {
      "Key": "82625f2a-075e-40e0-9aa9-b61761990742",
      "Value": "\"Deixe-me ver sua ferida. E não arranque o curativo, por favor. E não pendure ratos mortos nele também.\""
    }
  ]
}