{
  "$id": "1",
  "strings": [
    {
      "Key": "535fe0a9-9ad1-4439-bdd8-a481b872ad8a",
      "Value": "\"Oh, Grande Groeto, não me abandone, seu servo miserável...\""
    },
    {
      "Key": "033c1ae6-972c-4fa4-8aef-fa501ea0ea2c",
      "Value": "\"Oh Prenúncio dos Últimos Dias, preste atenção à minha oração...\""
    },
    {
      "Key": "a5bcdfe7-c474-4f4e-81ad-4153317aaf6d",
      "Value": "\"Que paradoxo adorável: uma divindade cuja única ambição é o fim de toda a existência, no entanto concede ao seu servo o poder de criar!\""
    },
    {
      "Key": "3b6bff90-8e9d-494e-b8b3-bff4268d1dfa",
      "Value": "\"As orações de Harrim me dão arrepios. O jeito que soam faz minha pele arrepiar! Brrrrr!\""
    },
    {
      "Key": "c82be8c7-b3bd-4d20-857f-e7cbef48b4a2",
      "Value": "\"Senti um calafrio. Fico imaginando a grande diferença entre nossas duas divindades e suas crenças...\""
    },
    {
      "Key": "f6cc55e4-4fa8-4b58-b8bb-7e72e8cbd83c",
      "Value": "\"Eu não sabia dizer o que me deixa mais cansada, sua pregação ou suas orações.\""
    },
    {
      "Key": "69d1ee97-d138-4008-a9a1-81eb3e5b9a33",
      "Value": "\"Não se desespere. Seus amigos estão com você. Não vamos deixar você com problemas.\""
    }
  ]
}