{
  "$id": "1",
  "strings": [
    {
      "Key": "361b7f32-f321-4ecf-8598-9df4efaf5a49",
      "Value": "\"Essas são ótimas notícias! Obrigado.\""
    },
    {
      "Key": "ac61a924-8370-4df1-ad92-ca5f160611ce",
      "Value": "\"Por que sinto que cometi um grande erro?\""
    },
    {
      "Key": "db121d2f-1a0c-4317-9811-853ebd019113",
      "Value": "\"O crédito é para você.\""
    },
    {
      "Key": "78e40aa3-3b52-400d-b9f9-8203e5e0a218",
      "Value": "{n}Regongar sorri, orgulho brilhando em seus olhos.{/n} \"Sabe, eu estive pensando sobre qual de nossos vizinhos seria capaz de nos destruir se quisessem. E acontece que nenhum deles pode? No que diz respeito ao poder militar, certamente derrotaremos alguém estúpido o suficiente para nos atravessar.\""
    },
    {
      "Key": "c74f3843-2f57-49bf-8643-f8d7bb21c2a1",
      "Value": "{n}Amiri olha para você solenemente, com o queixo erguido.{/n} \"Tenho algo importante a dizer, {name}. Quero parabenizá-lo.\""
    },
    {
      "Key": "bdae98d0-3185-4cb3-8bb0-4bdbd285c62c",
      "Value": "\"Seu exército tem tantos mestres de lâmina bem treinados que chamamos a atenção dos {g|Swordlords}Senhores das Espadas{/g}. Parece que a nova escola de luta com espadas estará abrindo em breve no reino. Os Senhores das Espadas estão procurando recrutar todos os alunos mais talentosos.\""
    },
    {
      "Key": "6d64c935-abe5-4434-9530-dcd4b8ab25b1",
      "Value": "\"A propósito, não sou o único que aprecia as decisões que você tomou. Há tantos magos em nosso exército que uma das ordens ou {g|Nethys}Nethys{/g} decidiu mudar seu clã Você tem alguma idéia de que tipo de magias mortais eles poderiam nos ensinar? Eles provavelmente têm uma magia que convoca um enxame de abelhas carnívoras que voam na boca da vítima e o comem por dentro e uma magia que faz seu coração explodir!\""
    },
    {
      "Key": "a5d980ce-84fd-4de0-932a-ea5c7a240f04",
      "Value": "\"Os {g|Swordlords}Senhores das Espadas{/g} estão maravilhados com a nossa glória e querem criar uma nova escola em nosso reino. Eles esperam que estar perto de nós lhes dê melhores chances de estar em uma grande batalha. Para mostrar sua maestria e ganhar alguma fama. Acho que essa notícia vai fazer você feliz.\""
    },
    {
      "Key": "89946a52-3d65-4304-b408-2d6a4285e70a",
      "Value": "\"No norte, a vitória é alcançada com espada e machado. É diferente com os sulistas. Você não é tão bom como guerreiros, mas é astuto e melhor com magia. Seu exército tem magos muito fortes. Isso o fortalece... para os sulistas de qualquer maneira. Os outros magos também o viram. Isso os faz implorar por proteção. Os sacerdotes de {g|Nethys}Nethys{/g} querem abrir seu próprio coven sob sua asa para compartilhar o conhecimento.\""
    },
    {
      "Key": "59ceec36-1c45-4450-89da-a56536f29cca",
      "Value": "\"Não tenho mais problemas para você, chefe. Mas há um visitante que quer vê-lo.\""
    },
    {
      "Key": "6c8bbb39-6862-42b1-98bd-58288b985f62",
      "Value": "\"Bem, isso é tudo por enquanto. Há mais alguém que quer falar com você, {name}. Você pode fazer isso sem mim, certo?\""
    },
    {
      "Key": "622ffcea-db77-4b8d-994c-8543dc20e5cb",
      "Value": "{n}Amiri pressiona as mãos no peito e sorri levemente.{/n} \"Somos uma tribo, e isso significa que todos nós aceitamos o crédito, não eu.\""
    },
    {
      "Key": "da194e0c-2629-41cc-895a-4c8adcd5b85c",
      "Value": "\"Esse é o fardo do chefe. Os golpes dos inimigos fazem doer a cabeça do guerreiro. Dúvidas e pensamentos duplos fazem a cabeça do chefe doer.\""
    },
    {
      "Key": "e0f62d37-9ab1-4be8-9790-867b57990a84",
      "Value": "\"Isso é porque você tem cérebro. A maioria das pessoas raramente pensa duas vezes. Talvez seja por isso que você está no trono e nós o servimos. Mas não fique chateado. Se você tiver algum problema, podemos resolvê-lo. Juntos.\".\""
    },
    {
      "Key": "e4f1f0de-ce9b-4529-ab88-63964a4d69c5",
      "Value": "\"É verdade, eu sou um bom líder. Mas você... bem, você também é bom. Você não interferiu.\" {n}Regongar sorri contente.{/n}"
    },
    {
      "Key": "50bbca95-8c5c-444a-a307-b90c26425de1",
      "Value": "\"Seu exército, {name}, é o grupo mais perigoso dos {g|River Kingdoms}Reinos Fluviais{/g}. Ser guerreiro é o maior orgulho dos kellides. Estou feliz em liderar um exército tão poderoso quanto o seu.\""
    },
    {
      "Key": "75bb1c75-4a32-4285-9d26-0b9185f74c87",
      "Value": "\"Eu não te entendi imediatamente. Você tem ambição! E você pode governar. Não foi uma má decisão vir trabalhar para você.\""
    },
    {
      "Key": "ca252189-c6b0-434b-80a0-0dd7942695f2",
      "Value": "\"Por favor, aceite meus parabéns, Alteza! É sob sua orientação que levantamos um exército forte! Invencível, pelos padrões locais. Quem poderia imaginar que um reino tão jovem teria uma força militar tão poderosa? Estou orgulhoso de poder me provar a serviço de um governante tão digno quanto você!\""
    },
    {
      "Key": "8d4fc98d-533e-4e9e-b6d1-bc7bc772f36e",
      "Value": "\"Talvez, em algum momento, eu não tenha a sabedoria necessária para entender suas intenções, mas sou apenas a aluna de Senhora Aldori. Ainda tenho muito a aprender. Enfim, um grupo de sacerdotes de {g|Nethys}Nethys{/g} está procurando para abrir um clã em seu domínio. Eles apreciam o respeito que você demonstrou a seus magos e esperam que você lhes garanta sua proteção se algum problema surgir. Em troca, prometem educar nossos magos de combate.\""
    },
    {
      "Key": "c2aa0c12-6f5f-408b-86bd-1e22b14dede1",
      "Value": "\"Sempre houve uma rivalidade tradicional entre magos e guerreiros. As tropas que defendem as linhas de frente têm que enfrentar raios e chuva de fogo com nada além de escudos. Depois, acham difícil abraçar qualquer fazedor de chuva, mesmo como aliado. No entanto, os magos do seu exército são respeitados e tratados de maneira diferente.\""
    },
    {
      "Key": "a439a49a-198c-4baf-8652-3dc9dab438f5",
      "Value": "\"Os mestres da espada respeitam o seu exército. Muitos não estão sujeitos a nenhuma obrigação das principais casas e gostariam de se juntar a nós. Eles sabem que esperamos muitas batalhas por vir, o que promete uma chance de glória e uma oportunidade de provar a si próprio.\""
    },
    {
      "Key": "3d3ad998-a026-460e-8fac-76f32be08b0d",
      "Value": "\"No momento, não tenho nada que exija sua atenção. Mas trouxe um dos conselheiros militares, que pode ter uma oferta interessante.\""
    },
    {
      "Key": "646f3fa1-da45-4e63-a4e4-d037764a4703",
      "Value": "{n}Kassil encolhe os ombros.{/n} \"Tenho certeza de que todas as suas decisões foram corretas. Você apenas as questiona porque considera um dever sagrado considerar cuidadosamente todos os seus passos.\""
    },
    {
      "Key": "4fff4567-3495-47ff-aa72-af4b8019274e",
      "Value": "\"Eu estava apenas cumprindo meu dever, Alteza. E tenho orgulho de ter conseguido manter a honra do reino.\""
    },
    {
      "Key": "53565b54-ef02-4d0d-ae5b-301361f8aee9",
      "Value": "\"Eu os entendo bem. É por isso que os mestres da espada se ofereceram para abrir uma escola militar na capital. Para mim, isso não é motivo de orgulho. Significa que as lições de Senhora Aldori não foram perdidas para mim.\""
    }
  ]
}