{
  "$id": "1",
  "strings": [
    {
      "Key": "f1cb8d90-1cc4-4a97-9162-79c80949e22f",
      "Value": "\"Você não pode usar uma criatura viva como alvo – nem como inimigo. Deixe esse kobold ir!\""
    },
    {
      "Key": "20076314-42e1-49c9-816c-794f113ca04e",
      "Value": "\"Você pode capturar ou matar seus inimigos, mas não os atormenta. Acabe com ele, e não mais tortura.\""
    },
    {
      "Key": "648db027-b47d-4a7a-b1b5-2453a67c803f",
      "Value": "\"Um concurso? Entrei! É sempre mais interessante com um alvo ao vivo.\""
    },
    {
      "Key": "fc644c17-f3c2-499f-82d6-ff43d17f794d",
      "Value": "[Atacar] \"Chega. Não vou mais suportar essa aliança!\""
    },
    {
      "Key": "04734963-9e38-4d85-8d33-d647ea858929",
      "Value": "\"Eu não vou participar disso. Adeus!\""
    },
    {
      "Key": "a93d92d9-a567-4bef-9613-6aeb7e7df835",
      "Value": "\"Seus gritos... Seus gritos de dor... Eles são como música para os ouvidos de Zon-Kuthon!\""
    },
    {
      "Key": "e03e11ef-697b-4341-aaa4-988ad8a21dfd",
      "Value": "\"Saudando aliado! Nós treinamos a mira! Melhor ganhar recompensa! Você joga também, sim?\""
    },
    {
      "Key": "459e3d53-78cd-43f4-a36c-490b15200a02",
      "Value": "{n}Você acerta o alvo. O kobold emite um silvo lamentável, e os mites aplaudem.{/n} \"Ahahaha! Doce! Nós te recompensamos, aliado!\""
    },
    {
      "Key": "6016f568-de15-425a-877e-49ec49d97adc",
      "Value": "{n}Você sente falta. O kobold assobia. Os mites aplaudem.{/n} \"Errou! Você pega o kobold e treina, aliado!\""
    },
    {
      "Key": "c48bf1f2-3a6c-4bf2-9bb4-d73d019ce92f",
      "Value": "{n}Os mites resmungam, irritados.{/n} \"Você é nossa linda rainha. Nós ouvimos você. Nós pegamos outros kobold de qualquer maneira!\""
    },
    {
      "Key": "8e885f35-0ffe-474e-b47c-a62042e2b833",
      "Value": "{n}Os mites ficam surpresos.{/n} \"Como treinamos a mira se Kobold está morto? Tudo bem. Matamos isso e pegamos novos!\""
    },
    {
      "Key": "01c3dc0a-9932-433b-b9f7-5fab7e7e2c0b",
      "Value": "{n}Octavia estremece.{/n} \"Eu vi pessoas nobres, ricas e educadas, com os mesmos gostos em entretenimento. Escalas e presas lhes serviriam muito melhor do que veludo e cetim.\""
    },
    {
      "Key": "ae3144b4-2000-4325-8790-4a5af4711b4f",
      "Value": "\"Ei, garota, anime-se! Eu conheço pelo menos dois que nunca mais usarão nada – exceto suas belas caixas de madeira!\""
    },
    {
      "Key": "be4c871f-8a0a-42fb-a78a-f431646143dc",
      "Value": "\"Haha, é verdade! Mas muitos ainda desfrutam a vida... eu gostaria que pudéssemos mandá-los todos para cá, entre os mites e kobolds!\""
    },
    {
      "Key": "dc01cdfb-ddb8-4744-b1c8-069bcf2d4eb5",
      "Value": "\"Sim! Matá-lo em batalha seria uma coisa, mas assim...\" {n}Octavia se detém e acena com a mão.{/n} \"Oh, quem eu estou dando palestras? Eles provavelmente nem sequer conhecem aqueles palavras. Mas ainda assim – obrigado por pará-lo.\""
    },
    {
      "Key": "3a83138d-30ba-4b53-9297-b2b2ea75f4e0",
      "Value": "\"Zon-quem? Ton-o que?\""
    }
  ]
}