{
  "$id": "1",
  "strings": [
    {
      "Key": "31613493-b0fe-49e0-828b-da0d2c5ad946",
      "Value": "\"Quem é você e o que você fez com Octavia?!\""
    },
    {
      "Key": "cdd5eb94-e0c5-4df5-9043-02f57433e7f6",
      "Value": "\"Você realmente quer isso? Mas por quê? Não somos felizes como somos?\""
    },
    {
      "Key": "d74ef71f-b556-4309-be07-754617afb998",
      "Value": "\"Eu nunca esperei ouvir isso de você!\""
    },
    {
      "Key": "1ee3d970-c10d-4560-a3a4-8e0257223f9c",
      "Value": "\"Nosso reino e nossas próprias vidas estão penduradas por um fio. Vamos adiar o casamento até depois da vitória... Minha rainha!\""
    },
    {
      "Key": "64d51d20-903e-4f11-8fc7-07bdbf0433e3",
      "Value": "\"Eu amo você, mas não quero um casamento. Não há ritual que possa nos aproximar mais do que já somos.\""
    },
    {
      "Key": "10e643f3-08f8-45e7-b8cf-f071c7e69659",
      "Value": "\"{Name}, eu queria dizer uma coisa... Só não se surpreenda. Isso pode parecer estranho, especialmente vindo de mim, mas... mas...\""
    },
    {
      "Key": "becdefcd-1fea-4be7-94ae-6cd20799894f",
      "Value": "{n}Octavia desvia o olhar, morde o lábio e finalmente deixa escapar:{/n} \"Vamos nos casar!\""
    },
    {
      "Key": "15b8b67d-13b4-402f-ab55-7c5ff7325489",
      "Value": "{n}Octavia ri alegremente.{/n} \"Engraçado, não é? Eu nunca pensei em dizer essas palavras! Mas... Você vê...\""
    },
    {
      "Key": "f9636e52-b6e3-45a8-8879-9376d4b19084",
      "Value": "\"Nós somos. Deuses, eu nunca fui tão feliz como quando estou com você. Mas não é sobre isso.\""
    },
    {
      "Key": "6e05c7bd-0de2-46af-8069-5ee52effeb58",
      "Value": "\"Todo esse tempo eu fui tão estúpido! Depois de todos esses anos como escravo, eu tinha tanto medo de perder minha liberdade novamente, que vi uma ameaça onde não havia uma. Você me libertou das minhas correntes – mas Eu tinha medo que você pudesse me devolver de novo!"
    },
    {
      "Key": "dfb92a99-f1b1-4be6-980b-e47b720c7914",
      "Value": "\"Percebo agora que não deveria ter medo assim. Afastei você porque tinha medo de que você me machucasse. Deveria ter medo que você não agüentasse e fosse embora. E essa é a coisa mais assustadora do mundo!\""
    },
    {
      "Key": "e09c2eea-1fc2-4179-9531-71e980dc5847",
      "Value": "\"É por isso que... quero dar minha liberdade a você. Sei que estará seguro em suas mãos.\""
    },
    {
      "Key": "188f5cc5-2418-4501-b5fd-afdcf10910c0",
      "Value": "\"E eu nunca esperava dizer isso! Mas... você vê...\""
    },
    {
      "Key": "98d5abc1-be19-44ab-9468-c63ade5d83d3",
      "Value": "{n}Octavia beija seus lábios.{/n} \"Esqueça o título. É seu... Apenas seu.\""
    },
    {
      "Key": "31a4a1d3-0649-4d2e-a641-465a57835fef",
      "Value": "{n}Octavia beija seus lábios.{/n} \"Você está certo. O importante é que você é minha... E eu sou sua.\""
    }
  ]
}