{
  "$id": "1",
  "strings": [
    {
      "Key": "35594c57-cc92-4143-b498-ec359514f93b",
      "Value": "\"Ufa, parece que temos um tempo para tomar fôlego. Se você não se importa que eu diga, você é {mf|um guerreiro|uma guerreira} excepcional, Sua Graça! Não tenho certeza de que você precisa da guarda da cidade.\" {n}Hyland tenta sorrir.{/n}"
    },
    {
      "Key": "72a77803-72ca-4c02-9c80-7f4e6b8ee558",
      "Value": "\"Vamos defender a cidade. Você pode confiar em nós. Concentre-se em encontrar o coração desta doença – você é a nossa melhor esperança.\""
    },
    {
      "Key": "14de810b-719e-49a1-ac11-77873e69624d",
      "Value": "\"Eu não posso acreditar que finalmente acabou! Por favor, vá para a sala do trono, Sua Graça. Vamos começar a limpar essa bagunça e restaurar a ordem nas ruas.\""
    }
  ]
}