{
  "$id": "1",
  "strings": [
    {
      "Key": "f3b174cb-88a2-4cf2-b4f3-a590253a6056",
      "Value": "[Sair]"
    },
    {
      "Key": "af8825f9-c360-4897-9162-5bcfaf91f820",
      "Value": "[Detectar Magia] \"Vamos ver se isso traz algum encanto...\""
    },
    {
      "Key": "217b0309-8313-4e66-b4f0-3d87bb82d1e9",
      "Value": "[Abrir a tampa]"
    },
    {
      "Key": "0286257b-6561-48b6-b9e6-2ce84ebb29b0",
      "Value": "[Bater na tampa]"
    },
    {
      "Key": "8bf33c25-249e-4881-a6c5-582fb4c09a0d",
      "Value": "{n}Você reprime um calafrio ao se aproximar do poço – o ar ao seu redor é espesso com o cheiro de decomposição. Ao tentar identificar a fonte, de repente você percebe sussurros e ruídos irregulares e arranhados emanando sob a tampa do poço. A tampa de madeira podre foi rudemente martelada com pregos pesados de ferro.{/n}"
    },
    {
      "Key": "1b0e4ba3-0b97-4dbb-b7c9-90e7eca45cdc",
      "Value": "{n}Uma aura de magia da morte paira sobre o poço – a aura corre forte e profunda, emanando do fundo do próprio poço.{/n}"
    },
    {
      "Key": "87377d7e-7807-4f9b-acde-4752415a623c",
      "Value": "{n}Uma onda de sussurros explode sob a tampa – e por um momento você se sente fraco, mas respira fundo e se concentra, bloqueando os sussurros. Sua desorientação momentânea desaparece.{/n}"
    },
    {
      "Key": "bdb2a59e-006a-488c-9876-090df2488c61",
      "Value": "{n}Os sussurros sob a tampa elevam-se a gritos aguçados, cada um como uma faca girando em seu crânio. Cobrindo seus ouvidos, você recua do poço.{/n}"
    },
    {
      "Key": "380182e7-a89d-4945-8414-cb7945910f1f",
      "Value": "{n}Quando você abre a tampa, ela se lasca e um fedor fétido explode. Você sente uma presença cruel e maligna correndo em sua direção...{/n}"
    },
    {
      "Key": "2d60c95a-0516-4ba2-9ae7-c050c30338aa",
      "Value": "\"Cuidado. O que quer que esteja lá dentro, deve estar com fome.\""
    },
    {
      "Key": "59dd6cc2-f9e5-4462-95af-7391cb504545",
      "Value": "\"Sinto angústia e desespero esmagador. O que quer que tenha destruído esta vila está de alguma forma conectado a esse poço.\""
    }
  ]
}