{
  "$id": "1",
  "strings": [
    {
      "Key": "0c84f554-dd33-413f-9cdd-3a917b5caaf6",
      "Value": "\"Vamos levantar nossos frascos! Neste dia nasceu quem nos reuniu aqui!\""
    },
    {
      "Key": "d98f3bd0-f391-4489-89d7-8978a464a0ad",
      "Value": "\"Você escalou as alturas do poder. – Agora permita-me desejar que você seja poupada da solidão, da ruína dos monarcas! Até o palácio mais luxuoso parecerá uma cabana sombria, se você não tiver ninguém com quem compartilhar!\""
    }
  ]
}