{
  "$id": "1",
  "strings": [
    {
      "Key": "4a9c43bb-ffa5-4925-b95f-f9a5b4421754",
      "Value": "\"Estamos ficando sem suprimentos... Mas não há problema. Nesta terra de rios e vegetação exuberante, não teremos problemas para encontrar comida!\""
    },
    {
      "Key": "9aa04992-ad01-404c-97c1-c9801ebc3d28",
      "Value": "\"Você está sempre tão encantada com cada arbusto verde! É tão doce!\""
    },
    {
      "Key": "bf8815e5-810c-4867-91ac-6667519033f0",
      "Value": "\"Infelizmente, a variedade de formas de vida comestíveis geralmente é encontrada perto de formas de vida prontas para nos comer...\""
    }
  ]
}