{
  "$id": "1",
  "strings": [
    {
      "Key": "7eec61bf-c53f-493c-8515-d28efd172663",
      "Value": "\"Parece que hoje a Pharasma esperava que eu aparecesse para tomar uma xícara de chá... eu odeio decepcionar as mulheres.\""
    },
    {
      "Key": "eabf2559-67bf-4b55-a500-250f9b89ba69",
      "Value": "\"Lembro-me de uma outra vez que mal escapei da morte. Aconteceu em algum lugar de Varisia, pelo que me lembro. Parece que o destino está fora de novos truques, então ela começa a repetir seus antigos favoritos.\""
    },
    {
      "Key": "bae4131e-23ed-4634-adb9-d5d60565f43a",
      "Value": "\"Hahaha! Essa é a maneira certa de falar sobre a morte – piadas e escárnios!\""
    },
    {
      "Key": "ec6e1d8b-9ddc-494d-9cc6-c8d54697def9",
      "Value": "\"Aposto que Jubilost está atormentando seu cérebro há três noites seguidas, tentando inventar essa piada... E passei as próximas três esperando uma oportunidade de contar.\""
    },
    {
      "Key": "8bd0ff6a-c194-4de5-9ecd-a0ba7b58518b",
      "Value": "\"Hoje, suas falas espirituosas encorajam mais do que magoam os sentimentos das pessoas. Poderíamos usar mais disso!\""
    },
    {
      "Key": "111f4fec-f089-412b-9cd2-e9b1685901ac",
      "Value": "\"Colocar um rosto corajoso? Bem, o mesmo destino aguarda os covardes e os destemidos... Embora alguns atinjam seus objetivos mais cedo que outros.\""
    }
  ]
}