{
  "$id": "1",
  "strings": [
    {
      "Key": "cf271b97-0c3c-46c0-a2f1-7bfeab1c4411",
      "Value": "\"O Jaguadarte foi derrotado, Ancião.\""
    },
    {
      "Key": "a54e884d-a2a1-4830-be48-be4129905c59",
      "Value": "\"Você mencionou uma provação por medo, Eldest. O que você quer de nós?\""
    },
    {
      "Key": "e01ddf2c-f424-4b95-b8f6-d3b434cd64bd",
      "Value": "\"Adeus!\""
    },
    {
      "Key": "f0ed0399-d6b3-4381-96ba-5e467ee5eb00",
      "Value": "\"Onde podemos encontrar o Jaguadarte?\""
    },
    {
      "Key": "1f362ed9-4f8a-4926-982d-915e1f78bef3",
      "Value": "{n}O Ancião fica perto da beira da água, observando os círculos na superfície, as ondas correndo contra a costa e as correntes sombrias nas profundezas. Essas coisas parecem dizer a ela muito mais do que você. Quando você se aproxima, o Ancião olha por um momento. Em seu olhar penetrante, parece que você vê seu próprio reflexo, uma estrada sem fim que se ramifica, uma tempestade que se aproxima lentamente. Uma respiração – e a aparição desaparece.{/n}"
    },
    {
      "Key": "176a8a20-694b-4feb-9f85-7d02fa51c8a4",
      "Value": "\"Magdh é o Ancião de complexidade, destino e trigêmeos. Suponho que agora estamos lidando com uma de suas três essências. Se ao menos soubéssemos qual delas...\""
    },
    {
      "Key": "78aa7cd9-588f-42d9-80f2-a074eb9536de",
      "Value": "\"Sua queda, Nyrissa, começou com uma batalha perdida. O Tane {d|Jabberwok}Jaguadarte{/d} derrubou a rainha auto-proclamada e a levou ao julgamento do {g|LanternKing}Rei das Lanternas{/g} É por isso que estou lhe dizendo: destrua o monstro. Esse loop deve ser fechado.\" {n}Magdh fala de maneira calma e ponderada, mas você sente algo poderoso em sua indiferença: o conhecimento de tudo o que aconteceu e logo acontecerá, e o entendimento da natureza fundamental das coisas.{/n}"
    },
    {
      "Key": "f89495db-be0c-465d-9e66-cf0ee4a9b080",
      "Value": "\"Está tudo bem. Esse eco foi morto há muito tempo. Prometi-lhe uma recompensa...\" {n}Magdh joga as mãos para o ar e o brilho vermelho carmesim acende entre eles. Um momento depois, ele forma o formato de uma máscara cintilante, que se parece com uma que você viu na face do {g|LanternKing}Rei das Lanternas{/g}. A máscara permanece no ar, sua forma congelada, como convém a uma máscara. E, no entanto, você não pode abalar a sensação de que há um olhar atento, triste e penetrante por trás das fendas vazias dos olhos, a aparência de uma criatura viva.{/n}"
    },
    {
      "Key": "cc0a6bb3-98b2-4591-9140-e4d3c1a6357c",
      "Value": "\"Você deve adivinhar o que é. O {g|LanternKing}Rei das Lanternas{/g} adora máscaras. Desde os tempos antigos, ele vagou pelos planos, assumindo as formas das criaturas mais únicas e incomuns. Mas suas próprias máscaras são algo mais. Cada um deles possui uma fração de sua essência.\" {n}a voz de Magdh se torna embotada, como se ela estivesse afundando na memória.{/n} \"Ele fez essa máscara há muito tempo, quando ele era jovem, como era todo o {g|First World}Primeiro Mundo{/g}. E, como em muitas criações anteriores, seu autor a desaprovava. Traía muita compaixão, uma qualidade que irritava o jovem semideus.\""
    },
    {
      "Key": "e3f6ef2a-4983-4d58-a964-b6e3312ff956",
      "Value": "\"Volte para mim quando você tiver completado a tarefa. Eu lhe darei algo de valor inestimável – algo que pode ser transformado em uma terrível arma contra o {g|LanternKing}Rei das Lanternas{/g}. E se você não puder derrotar o monstro... então você não merece um destino melhor do que aquele que a maldição promete a você.\""
    },
    {
      "Key": "f062d1d5-fa26-4da1-bdf5-d7a2804e120e",
      "Value": "\"Chamei o Tane. Ele estará esperando por você no sul. Mas tenha cuidado, um verdadeiro Jaguadarte não se parece com os animais de estimação de Nyrissa que você derrotou perto do Castelo das Facas."
    },
    {
      "Key": "2392827b-b4f0-4f8c-bb4e-f05a2086ae6b",
      "Value": "{n}Magdh se despede de você e volta a contemplar os círculos na água.{/n}"
    },
    {
      "Key": "5cce1fff-af1e-48a5-b6e7-cab2a03c1c61",
      "Value": "{n}Nyrissa estremece.{/n} \"Você pede muito, Eldest. Para escolher entre morrer de uma maldição e morrer nas garras de um monstro. Mas acredito que o que eu não poderia fazer sozinho, seria possível para dois.\""
    },
    {
      "Key": "2d82c12a-3ca8-4523-aebc-d5c36d44bfe5",
      "Value": "{n}Nyrissa se vira para você. Os olhos dela estão brilhando.{/n} \"Recebemos mais do que eu poderia esperar. Lembra quando falamos de Vordakai? Ele colocou uma parte de sua essência em seu próprio nome, e {g|LanternKing}o Rei das Lanternas{/g} colocou uma fração de si mesmo em suas máscaras. É semelhante ao que ele fez comigo, pegando uma parte da minha alma e transformando-a em Briar.\nO Rei Lanterna está muito mais vulnerável agora que temos um grão de sua essência. Eu vou encontrar uma maneira de tirar vantagem disso!!\""
    },
    {
      "Key": "5b336b22-3840-4eb4-be00-0d73d4178607",
      "Value": "\"O {g|LanternKing}Rei das Lanternas{/g} jogou fora a máscara e a esqueceu, pensando que ela desapareceu sem deixar rasto. Mas ele não era o único {g|Eldest}Ancião{/g} suscetível aos vícios da juventude. A curiosidade era meu vício. Encontrei a máscara e a guardei, escondendo-a de todos. E hoje estou lhe dando esse tesouro antigo. Venha, Nyrissa. Você sofreu o primeiro golpe. Você deve ter a chance de contra-atacar. Meu trabalho aqui está feito. Despedida!\""
    }
  ]
}