{
  "$id": "1",
  "strings": [
    {
      "Key": "748b7d44-7f55-496f-9b47-560d5ca58cd6",
      "Value": "{g|Espionage5_1}[Efeitos de decisão]{/g} \"Eles morreram por nós e por nossa causa. Honraremos abertamente os mortos.\""
    },
    {
      "Key": "a235fee3-3cbb-44bb-ad62-0e8db1fb5c4f",
      "Value": "{g|Espionage5_2} [Efeitos de decisão]{/g} \"Cuide de suas famílias sem atrair atenção indevida.\""
    },
    {
      "Key": "3da55f40-2c5d-49ce-9eaf-3202479668aa",
      "Value": "{g|Espionage5_3} [Efeitos de decisão]{/g} \"Não temos nada a ver com eles. É o que todos devem pensar.\""
    },
    {
      "Key": "33a9a256-5100-4fc5-bd4d-e1cad2df062f",
      "Value": "{g|Espionage5_4} [Efeitos de decisão]{/g} \"Vamos executar viajantes de Galt e depois criá-los como mortos-vivos. Estou precisando de servos leais.\""
    },
    {
      "Key": "62a4daab-c2d4-4f75-94a1-1cf8843b6ac7",
      "Value": "{g|Espionage5_5}[Efeitos de decisão]{/g} \"Pendure dez cidadãos de Galt em nossos territórios para cada vítima entre nosso povo.\""
    },
    {
      "Key": "131ab397-530c-49fc-810f-f7e5fb780bb2",
      "Value": "\"Você decide, e está feito.\""
    },
    {
      "Key": "02755f45-1145-4da0-acd3-df59bc8161ef",
      "Value": "\"Não deveríamos ter sido pegos. Mas fomos pegos. Não entendo como. Litran aprendeu quem explodiu o disfarce de espião. Em retaliação, eles apreenderam nossos próprios agentes e os executaram. Eles pretendem nos enviar uma mensagem. Mas o que me incomoda mais...\""
    },
    {
      "Key": "ce4b00e9-1af7-4931-b591-9ebdbb709cc0",
      "Value": "{n}Os gestos de Jubilost são bruscos, sua voz revela incerteza.{/n} \"Apesar de todo o nosso sigilo, alguém em Litran descobriu quem os frustrou. Acuse-me o que quiser! Posso encontrar uma dúzia de melhores bodes expiatórios para você. Mas não importa. Nosso pessoal foi capturado pelos Jardineiros Cinzentos e executado. Eles nos enviaram uma mensagem clara: 'fique longe'.\""
    },
    {
      "Key": "9e868bff-93a5-4616-91a1-07c75db4eba8",
      "Value": "\"{name}, eu fiz o meu melhor para agir com leviandade, mas Litran soube da nossa interferência em seus planos. Eu disse que não deveríamos brincar com eles. Nosso povo foi capturado e decapitado. Tolos patéticos e seu ato irracional de desafio! Outros recomendariam que você renunciasse a esses agentes executados para proteger sua reputação. Afinal, eles não eram nada além de peões.\""
    },
    {
      "Key": "f1723f09-5b09-4915-8e0a-f5a7ba65747e",
      "Value": "\"É perigoso. Isso vai irritar nossos vizinhos. Mas é nobre. A morte não parece tão assustadora quando você sabe que não será esquecido.\""
    },
    {
      "Key": "5cacbaa2-26ce-4998-9633-8975111d5150",
      "Value": "\"Hum... Isso é imprudente do ponto de vista político. No entanto, a política está constantemente mudando, como as águas ferventes de uma fonte quente.\""
    },
    {
      "Key": "e93144f2-70b2-4376-ade1-563f33a644f1",
      "Value": "\"Eles cumpriram seu dever. Cumpriremos o nosso. Cuidaremos adequadamente de suas famílias.\""
    },
    {
      "Key": "5f6cbdb3-41d7-4019-9c31-bc5c20149da1",
      "Value": "\"É o melhor. Somente renunciando abertamente a eles é que podemos realmente assumir e terminar seu trabalho. Se aceitássemos a responsabilidade por suas mortes, não apenas estaríamos nos prejudicando, como também estaríamos fazendo o sacrifício sem sentido. – Ou o que você deveria dizer em uma situação como essa...\""
    },
    {
      "Key": "a612802e-9146-443f-9b53-29b945890e5a",
      "Value": "\"Eu demonstrarei alegremente para os mortais patéticos que a morte não é o fim de seu serviço. Prometo que você apreciará seus novos servos.\""
    },
    {
      "Key": "7e726784-d0b3-4443-9b21-f171768aedcf",
      "Value": "\"Você não é estranho à abordagem criativa. Gosto disso. Vou pedir uma caçada geral a intrusos da {g|Galt}Galt{/g}.\""
    },
    {
      "Key": "0ca75dfe-24b2-49e4-8030-d76646247350",
      "Value": "\"Eu imploro que você aceite esta mensagem e evite mais negociações com elas. Não pense em vingança, nem reconheça as famílias dos mortos. Não pode haver monumentos para os mortos. Devemos evitar a guerra. Não devemos permitir movimentos previsíveis para nos levar a uma armadilha. Nossos agentes sabiam muito bem no que estavam se metendo. Como todos nós.\""
    },
    {
      "Key": "513a763e-cec9-426f-9c2e-748d0dd38e5a",
      "Value": "\"Mas isso enviaria uma mensagem de que você está com medo. Eu tenho um plano melhor. Vamos capturar cidadãos de {g|Galt}Galt{/g} que estão atualmente em nossas terras, matá-los e virar escravos mortos-vivos obedientes. Devemos demonstrar que não podemos ser intimidados ou submetidos à submissão.\""
    },
    {
      "Key": "0f755488-27ca-44cd-89f0-54e5be98c6a9",
      "Value": "{n}Ekun suspira.{/n} \"O que diremos a suas famílias? Prometemos a eles que não os deserdaremos? Isso pode ser perigoso. Nós os renunciaremos? Isso seria uma vergonha. Meu conselho é seguir cuidar de suas famílias, mas secretamente. Os mortos teriam desejado isso.\""
    }
  ]
}