{
  "$id": "1",
  "strings": [
    {
      "Key": "d994a45e-b280-401c-89ee-e482c40905a0",
      "Value": "{g|Military3_1}[Efeitos de decisão]{/g} \"Contrate Senhores das Espadas como oficiais.\""
    },
    {
      "Key": "d674dd27-0ab1-4641-aa00-8190b1c44f8e",
      "Value": "{g|Military3_2}[Efeitos de decisão]{/g} \"Contrate conjuradores como oficiais.\""
    },
    {
      "Key": "ec1884b6-3781-4070-afb3-cd9874b7fce4",
      "Value": "\"Vejo que você entende essas questões melhor do que eu. Resolva o problema você mesmo.\""
    },
    {
      "Key": "90b4c9d5-99bc-408d-982c-14946dc19cf4",
      "Value": "\"{mf|Sua Graça|Sua Graça|Sua Alteza|Sua Alteza}, fico feliz em informar que o recrutamento continua. Nossas fileiras aumentam com mais e mais bons soldados. No entanto, agora enfrentamos outro problema – não há oficiais suficientes Não devemos procurá-los entre os cidadãos comuns: o comando requer certas habilidades e conhecimentos.\""
    },
    {
      "Key": "3ecabf96-b327-40df-bc3e-9995d7f5fb45",
      "Value": "\"Eu recomendo que você recrute oficiais dentre os {g|Swordlords}Senhores das Espadas{/g}. Eles são guerreiros experientes e líderes habilidosos, capazes de pensar estratégico e inspirar o tipo de coragem que sobreviverá às duras realidades do campo de batalha.\""
    },
    {
      "Key": "ca848280-d823-491d-bd04-a65cafffdf81",
      "Value": "\"Bem, {name}, sou eu novamente. Nosso exército está crescendo. Temos mais soldados. Mas não há comandantes suficientes. E não há ninguém inteligente entre os recrutas. Sem um bom comando, você sabe, você não pode comandar um exército.\""
    },
    {
      "Key": "adf88a2a-85f7-4034-bb33-b3555866b44a",
      "Value": "\"Em alguns exércitos, os oficiais são feiticeiros ou xamãs. Eles podem ser inteligentes, mas não sabem nada sobre soldados. Mas quando eu estava em {g|Brevoy}Brevoy{/g}, eu os vi... você sabe... {g|Swordlords}Senhores das Espadas{/g}, certo! Eles parecem magros, mas conhecem suas armas e os soldados os admiram. Acho que devemos contratá-los para serem comandantes de nosso exército – eles vão com certeza ter o respeito das tropas.\""
    },
    {
      "Key": "6669f522-ccff-4c8f-bddb-0e69f7d62fad",
      "Value": "\"Escute, {name}. Lembra-se do recrutamento? Bem, eu fiz isso, temos os números. Mas não há ninguém para comandá-los.\" {n}Regongar cospe através de suas presas.{/n} \"Precisamos encontrar alguém que esses idiotas tenham medo e obedeçam. Só eu não basta.\""
    },
    {
      "Key": "d899a11e-62f5-4577-86ae-3f43536ca241",
      "Value": "\"Você sabe quem devemos fazer comandantes? Não aqueles idiotas de {g|Brevoy}Brevoy{/g}, que dançam com adesivos de porco. Não, devemos contratar feiticeiros! Nossas tropas regulares de quebradores de ossos não sussurram um palavra contra um mago. Eles têm muito medo de serem lançados raios na cara deles. E imaginem que terror eles trarão para o campo de batalha. Não como aqueles {g|Swordlords}Senhores das Espadas{/g} – {g|Choral} Choral{/g} esfregou o chão com eles!\""
    },
    {
      "Key": "d373da7a-33df-449e-8e06-00b519ddbf4a",
      "Value": "{n}Kassil assente.{/n} \"Eu tomarei as providências necessárias imediatamente.\""
    },
    {
      "Key": "bcc1052d-0665-4ed5-9a85-0fa2c77cfdd2",
      "Value": "{n}Amiri zumbe contente.{/n} \"Certo. Tudo bem, vou contar aos outros o que você disse.\""
    },
    {
      "Key": "7e3793c1-a261-4dbf-ba67-6d9077afcfa6",
      "Value": "{n}Regongar zomba com desdém.{/n} \"O que você também? {g|Senhores das Espadas} Senhores das Espadas{/g}, não brinca... até os camponeses não têm medo deles – que soldado os respeitará?\""
    },
    {
      "Key": "17f9792d-8a7f-43a2-89c9-a7cf2b30d12c",
      "Value": "\"Mas... como se espera que um conjurador, que passou a vida inteira em um laboratório, assuma o comando?\" {n}Kassil balança a cabeça.{/n} \"Eu... estou surpreso com esta decisão.\""
    },
    {
      "Key": "c4cdb0a2-dc42-40cc-8cf5-cc1fdf6f72ea",
      "Value": "{n}Amiri parece insultada.{/n} \"O que é isso? Esses caras magros de roupão mandam meus caras por aí? Você está brincando comigo, {name}?! O que vou fazer com eles?!\" {n}Amiri cospe furiosamente no chão.{/n}"
    },
    {
      "Key": "44b780be-ea28-4197-b9c6-84392d30c620",
      "Value": "\"Ótimo! Um par de encrenqueiros fritos, e o resto de seus soldados seguirá a linha.\""
    },
    {
      "Key": "6a42ef37-5d3d-4c83-8b6e-aa91a507d773",
      "Value": "\"Obrigado por sua confiança. Eu enviarei cartas imediatamente para qualquer {g|Swordlords}Senhores das Espadas{/g} que possa estar interessado em tal colocação.\""
    },
    {
      "Key": "7eb453db-1de4-438e-adc6-291bf887dc36",
      "Value": "\"Então eu vou descobrir como conseguir esses {g|Swordlords}Senhores das Espadas{/g}. Volto mais tarde.\""
    },
    {
      "Key": "1a5b38ca-9ddb-47c9-ac4e-b822bd552fe5",
      "Value": "\"Conheço alguns feiticeiros que seriam comandantes perfeitos. Eu cuidarei de tudo.\""
    }
  ]
}