{
  "$id": "1",
  "strings": [
    {
      "Key": "7e6fc8e8-97f0-485e-8858-1afd5df4c16d",
      "Value": "\"Me perdoe, meus amigos... mas hoje não vou poder entretê-lo com música e história... vou precisar me deitar.\""
    },
    {
      "Key": "ee542b31-9b8c-4639-a77b-0faca47def4a",
      "Value": "\"Eu não... me sinto bem... me perdoe, amigos... hoje você terá que passar a noite sem mim.\""
    },
    {
      "Key": "48400d4e-1948-460b-bbee-fac6c9664fd6",
      "Value": "Que triste! Rezarei a Sarenrae por sua rápida recuperação. Mas não se demore – vá, deite-se. Você precisa descansar...\""
    },
    {
      "Key": "d3fe54e0-ce03-4d2d-9872-748afe3e71f1",
      "Value": "\"Não, não se preocupe! Descanse o quanto precisar!\""
    },
    {
      "Key": "cab3dd1e-033e-4f83-bc5f-bb638382d88c",
      "Value": "[Murmura, juntando as mãos] \"...abençoado seja o silêncio que nos é concedido durante a noite...\""
    },
    {
      "Key": "f2ec6bf2-c1bb-481d-9968-cdc1b34bdfb8",
      "Value": "\"Louvado seja Urgathoa, algumas horas de paz...\""
    },
    {
      "Key": "8a2f44e2-d5ea-4eee-9b7e-39caeedec931",
      "Value": "\"Vá. Ficará bem sem você. Sim. Sem Linzee. Hum. Mas volte mais tarde. Nok-Nok precisa de alguém para rir.\""
    },
    {
      "Key": "65fb1c05-fb2c-47c4-876b-a49bb44e9710",
      "Value": "\"Deite-se e feche os olhos. Gostaria de ouvir uma história de Kelish? Você definitivamente nunca ouviu isso antes!\""
    }
  ]
}