{
  "$id": "1",
  "strings": [
    {
      "Key": "2bb0a6a4-b76f-4f15-9a63-12a61bea0b6c",
      "Value": "\"Eu não perco o fôlego falando com escória como você. Prepare-se para morrer!\""
    },
    {
      "Key": "dc7f2933-05f9-494e-b670-ad32d6e55942",
      "Value": "\"Forçado a sair de sua casa? Como assim?\""
    },
    {
      "Key": "e6b5d0d4-6e6d-4510-aa36-d53826f84367",
      "Value": "\"Sobre o que você está falando? Você atacou os cidadãos de Varnhold!\""
    },
    {
      "Key": "6d102813-4634-42c6-b05e-31680c7c0137",
      "Value": "\"Você está dizendo que a cidade estava vazia antes de você chegar aqui?\""
    },
    {
      "Key": "c1da4186-10e3-4753-9a4c-c3e2d6e23378",
      "Value": "\"Acredito que você e seus parentes não são os culpados pelo desaparecimento dos cidadãos de Varnhold. Vou deixar você sair em paz. Apenas me diga onde está sua cova – talvez eu possa fazer uma visita e ajudá-lo a chegar em sua casa costas.\""
    },
    {
      "Key": "31407227-0459-4a74-9a55-90fb32d0190b",
      "Value": "[Atacar] \"Hora de limpar os vermes de Varnhold.\""
    },
    {
      "Key": "93f2fbd9-5d66-4e81-b661-c69aa9a1ff74",
      "Value": "\"Onde estão todos os locais?\""
    },
    {
      "Key": "294ff5e3-4f18-4d7c-8b08-003a57cf5221",
      "Value": "\"Eu deixarei você ir desta vez. Mas marque minhas palavras: se você vier a uma de nossas cidades ou vilarejos novamente, vou me certificar de que você se arrependa!\""
    },
    {
      "Key": "831b56f6-d5f5-4ce7-be3b-09e6fb16de55",
      "Value": "\"Onde está sua antiga casa?\""
    },
    {
      "Key": "8e7bc1b1-c2da-4b1e-b575-2b6d496d79ff",
      "Value": "\"Última chance, Agai. Fale, ou você vai se arrepender de sua teimosia.\""
    },
    {
      "Key": "7bd57108-cc1b-4f6b-ada1-b05bdb99556d",
      "Value": "\"Você não tem nada a perder, Agai, e eu preciso localizar os cidadãos desaparecidos de Varnhold. Nossos problemas podem estar mais intimamente relacionados do que você imagina. Por favor, me ajude.\""
    },
    {
      "Key": "74d111c7-bfc4-40a2-96e3-ba49c2ceeacf",
      "Value": "\"Tanto faz. Vou localizar o esconderijo.\""
    },
    {
      "Key": "71726165-dad9-4746-bf0b-12e17a1f8dc4",
      "Value": "\"Pelo menos me diga quem forçou você e seus parentes de sua casa.\""
    },
    {
      "Key": "440539a0-8128-4ced-99e9-a2298033aeef",
      "Value": "\"O que eu faria sem você, Tristian?\""
    },
    {
      "Key": "8392cd1a-71bc-4698-b68d-f9d50e49cf5d",
      "Value": "[Recupere silenciosamente o mapa]"
    },
    {
      "Key": "48a860f7-e81e-4003-8028-cec9555a2ca3",
      "Value": "{n}O maior spriggan, marcado e espancado, descobre os dentes podres.{/n} \"Acho que não podemos descansar nem aqui!\""
    },
    {
      "Key": "1eec6df2-3ad6-4f08-892c-1cd64b73b1c4",
      "Value": "{n}Agai dá um passo para trás, pressionando a mão contra os ferimentos sangrentos.{/n} \"Bem, você me pegou...\" {n}ele assobia por entre os dentes cerrados.{/n} \"Continue, então! Continue nos perseguindo, nos empurrando para trás! Obviamente, levar tudo o que tínhamos não era o suficiente!\""
    },
    {
      "Key": "384b29e4-90a0-4ec3-af6c-fa575642864f",
      "Value": "\"Aposto que você seguiu nossa trilha desde nossa própria toca. Forçar-nos a partir de nossa casa não foi suficiente – agora você veio nos acabar! Bem, Agai não vai facilitar as coisas para você!\""
    },
    {
      "Key": "4a19c0ef-1296-45ae-b283-bb21e3daf35f",
      "Value": "{n}Agai balança a lâmina e solta um grito agudo de batalha enquanto ele o cobra.{/n}"
    },
    {
      "Key": "b0f1c5a1-931b-4d30-9a26-db72e3b6910c",
      "Value": "\"Você me acha um tolo? Você nos atacou! Em nossa própria casa! E agora você nos seguiu aqui para terminar o trabalho! Como poderíamos incomodar alguém em uma cidade vazia?!\""
    },
    {
      "Key": "b2b4ca94-7328-4530-9ca8-fa4f6fb4ad67",
      "Value": "\"Quem se importa? Chegamos e ninguém mais estava aqui. Checamos armadilhas, checamos emboscadas – nada! Totalmente habitável\". {n}Agai fica em silêncio por um momento.{/n} \"Se eu soubesse que você nos seguiria, teria levado todos ainda mais longe...\""
    },
    {
      "Key": "f48221a9-c8e6-46a4-a7ee-ee5e5fc19350",
      "Value": "\"Como se você não soubesse! A caverna ao norte, onde eu vivi minha vida inteira antes da sua espécie chegar! Chega – eu terminei de correr!\""
    },
    {
      "Key": "9126e2b7-a215-4322-ba1b-97dab6993ecc",
      "Value": "\"Nenhuma pista. Comido por alguém? Acabou de sair? Eles deixaram seus pertences para trás, portas abertas – qualquer um poderia entrar e pegar o que quisesse!\""
    },
    {
      "Key": "0ab1cc82-3dbe-432a-a038-914136e3cfa2",
      "Value": "{n}Agai olha para você, sem piscar, e zomba com desprezo.{/n} \"Uma {race} quer ajudar? Claro! Ficarei surpreso se ainda estiver respirando quando terminarmos. Aposto que você só quero entrar e tomar minha caverna para você!\""
    },
    {
      "Key": "871f74e0-35e3-4754-b9eb-d3d02fed249c",
      "Value": "\"Mas o que eu me importo? Se eu tiver sorte, vocês dois se matarão. Encontre uma caverna antiga ao sul – é onde você encontrará os creeps que nos forçaram a sair. E se você, por algum acaso, conseguir para expulsá-los dali... eu saberei. Então conversaremos mais um pouco.\""
    },
    {
      "Key": "205554b9-f6be-4d99-ade9-9aa5d7fd7c01",
      "Value": "{n}Agai olha para você com desprezo e ódio.{/n}"
    },
    {
      "Key": "f0b3aaf1-e362-489b-b76c-aedd45c8a6be",
      "Value": "{n}Agai faz uma careta.{/n} \"Tudo bem. Dê-me o seu mapa. Vou apontar.\""
    },
    {
      "Key": "a6550ca7-e441-4437-a3d5-aac7e276ce63",
      "Value": "{n}Agai descobre que há dentes em vez de responder.{/n}"
    },
    {
      "Key": "2511eafd-0e4b-4845-9a99-de7b9131d8fb",
      "Value": "\"Não há muito a se arrepender quando você não tem mais nada a perder! Você quer me matar? Vá em frente e tente. Só sei que você não vai conseguir minha pele sem lutar!\""
    },
    {
      "Key": "f944440d-2bb0-4f6c-a45b-b3c0f3360ff7",
      "Value": "\"Nenhum dos meus parentes permanece lá, então não espere pegar meus irmãos de surpresa!\""
    },
    {
      "Key": "8cb0b91a-8905-46dd-8178-59d7dd1d30a5",
      "Value": "\"Pessoas como você, mas maiores. Mais fortes.\" {n}Agai cheira o ar.{/n} \"E mais fétido.\""
    },
    {
      "Key": "a7349e15-ceb5-41fb-a1e2-1a4637e140dd",
      "Value": "\"Eu não acredito em você.\""
    },
    {
      "Key": "3bce657b-a116-4d35-a1d4-b56b92300c87",
      "Value": "\"Acredite no que você quer, eu não me importo! Eu não vou inventar desculpas para gente como você!\""
    },
    {
      "Key": "0b6ca6eb-9180-418d-bda6-8351afc83b57",
      "Value": "\"Escute, Agai. Você não tem motivos para gostar de nós, eu entendo isso. Mas algo sinistro está acontecendo aqui em {g|Dunsward}Dunsward{/g}. Até agora, apenas os humanos sofreram com isso, mas pode eventualmente chegue ao seu povo também. Por favor, ajude-nos a pará-lo. Estamos fazendo isso não por nós mesmos, mas por todos que moram em Dunsward!\""
    },
    {
      "Key": "50cc7fc8-5167-4473-9ab9-2f38080e4480",
      "Value": "\"Que monte de guloseimas você é.\""
    },
    {
      "Key": "b2da12c2-29f2-4c93-85d1-78076e2fd268",
      "Value": "{n}Tristian acena com gratidão para Agai, depois se afasta.{/n}"
    },
    {
      "Key": "2277fef1-482f-4b52-923a-4a3ec748e3ec",
      "Value": "\"Uma mão útil abre muitas portas.\" Tristian olha calorosamente para você.{/n} \"Você sabe disso melhor do que a maioria.\""
    },
    {
      "Key": "0100bed4-07ef-4890-8810-82c939c54c05",
      "Value": "\"Bem? E agora?\""
    },
    {
      "Key": "0648dd90-785d-4c09-954a-eabba9002beb",
      "Value": "{n}Agai se afasta lentamente.{/n}"
    },
    {
      "Key": "ce4e62c8-77b1-4c5e-927c-eb3562973661",
      "Value": "\"Eu acho que ele não vai arriscar novamente – o que significa que ele e seus parentes não são uma ameaça para os moradores de {g|Dunsward}Dunsward{/g}.\""
    },
    {
      "Key": "36a9decc-b664-4193-95e8-eaa6e98da84f",
      "Value": "\"Bons deuses, que criatura teimosa você é! {Name} não lhe concede apenas vida – {mf|ele|ela} prometeu recuperar sua casa! Você poderia pelo menos agradecer à pessoa que poderia ter sido sua executora!\""
    },
    {
      "Key": "9bca1af8-665d-4774-9fd1-c4983b0b5916",
      "Value": "{n}Agai avalia a mulher com um olhar hostil e balança a cabeça.{/n}"
    }
  ]
}