{
  "$id": "1",
  "strings": [
    {
      "Key": "467a1948-1b52-4070-9574-aad16cff2339",
      "Value": "\"Saudações, {mf|Sua Graça|Sua Graça|Sua Alteza|Sua Alteza}! Como você sabe, eu nasci em Kyonin, a terra mais maravilhosa que já existiu. E, no entanto, devo dizer – morar em seu reino é um prazer para mim. As pessoas aqui parecem estar contentes. Confiam em você e confiam em mim como seu artesão da corte. É importante saber quem é o patrono e como {mf|ele|ela} trata {mf|dele|dela} assuntos.\""
    },
    {
      "Key": "160c0027-836a-45ff-af3b-603981ee4fd1",
      "Value": "\"Bom dia para você, {mf|Sua Graça|Sua Graça|Sua Alteza|Sua Alteza}! E o dia está realmente bom. Vi tantas pessoas felizes e artistas hábeis no meu caminho para cá. O {mf|baronato|baronato|reino|reino} está mudando diante de nossos olhos!\""
    },
    {
      "Key": "219a795c-7d2a-4b38-b484-a1d9b06fa3a8",
      "Value": "\"É uma coisa boa compartilhar a alegria e a diversão. Olhe! Este é meu presente para você, {mf|barão|baronesa|rei|rainha|}!\""
    }
  ]
}