{
  "$id": "1",
  "strings": [
    {
      "Key": "0cf550b0-923d-427c-9669-15a7bfa7344c",
      "Value": "\"Guy Shaseur De Lombair era um lenhador não muito diferente de você. No entanto, ele preferia lâmina curvada élficas ao invés do arco. Beloq-Nur era seu companheiro Arquicavaleiro, e ele era um atirador especialista. Dizem que ele poderia disparar as asas uma agitação a cem metros...\""
    },
    {
      "Key": "f0a1af8b-52cc-4223-bff8-0599c7d28550",
      "Value": "\"Minotauro, merda... Mesmo que ele fosse tão bom com um arco, por que não matar a agitação?\""
    }
  ]
}