{
  "$id": "1",
  "strings": [
    {
      "Key": "2e35a787-4f25-498a-9edb-169ac908ded5",
      "Value": "\"Mostre-me suas mercadorias.\""
    },
    {
      "Key": "22b546b8-a45d-47c9-bf8a-1bfb0a6c89f0",
      "Value": "\"Eu preciso ir.\""
    },
    {
      "Key": "a225e6ea-e86b-4ea5-b98e-42b9d7f4bfba",
      "Value": "[Abane um dedo para Octavia]"
    },
    {
      "Key": "90ee623c-ad45-4d24-966a-52f03569f891",
      "Value": "\"Meu companheiro gostou do seu encanto. Você o venderia por, digamos, 50 moedas de ouro?\""
    },
    {
      "Key": "03109f24-403a-49b6-b91f-364679b25ab7",
      "Value": "[Distraia o fornecedor]"
    },
    {
      "Key": "b73ef8b5-9a07-4307-8aaf-4f70a9efec43",
      "Value": "[Finja não notar]"
    },
    {
      "Key": "70e7953c-e4fb-4e1e-8849-1784a5c7f756",
      "Value": "\"Melhores produtos no rio! Não perca tempo perguntando de onde eles são – faça esses acordos enquanto durarem!\""
    },
    {
      "Key": "d2df9195-9b28-4607-8fec-be70d480fac2",
      "Value": "{n}Você percebe que os dedos de Octavia alcançam um encanto brilhante no cinto do fornecedor.{/n}"
    },
    {
      "Key": "140bdfa7-23ee-483e-ae9e-85f30e56cb79",
      "Value": "{n}Octavia faz beicinho, mas afasta a mão da propriedade do fornecedor.{/n}"
    },
    {
      "Key": "7ada68aa-d24f-45e9-8b1b-42cebb27c355",
      "Value": "{n}O vendedor pega com satisfação o ouro.{/n} \"É claro, é claro! Como você deseja. Aqui, por favor... Ah, isso combina com você!\" {n}O vendedor sorri enquanto entrega a bugiganga a Octavia.{/n}"
    },
    {
      "Key": "62bbae73-8f40-4c02-9c01-0930b7c05320",
      "Value": "{n}Octavia pega o encanto das mãos do vendedor, prende o cinto e sorri para você.{/n} \"Obrigado! É simplesmente adorável. E você também!\""
    },
    {
      "Key": "5bb357fb-f42d-4d83-9bde-4e7e9db2c6c8",
      "Value": "{n}Enquanto você finge verificar os preços de vários produtos, o encanto muda silenciosamente do cinto do fornecedor para o bolso de Octavia. Octavia manda um beijo para você.{/n}"
    },
    {
      "Key": "6facf7b5-66ea-4201-a796-9fa89fe17c8e",
      "Value": "{n}Octavia esconde o encanto no bolso com um sorriso brincalhão e se afasta como se nada tivesse acontecido.{/n}"
    }
  ]
}