{
  "$id": "1",
  "strings": [
    {
      "Key": "17e61121-ddb4-4e5c-8c72-eef84bc2506c",
      "Value": "\"Você pode enganar os outros, mas não eu. Sua grande demonstração de raiva é apenas uma máscara. No fundo, você é apenas um garotinho assustado que precisa de calor.\""
    },
    {
      "Key": "5b8c1494-eca3-4f50-a59c-564f4026f657",
      "Value": "\"É verdade, eu gosto de calor... Por que você não me visita hoje à noite e aquece minha cama, hein? Há!\""
    }
  ]
}