{
  "$id": "1",
  "strings": [
    {
      "Key": "30c5ebd7-f28d-47d3-ba6e-a1fa4a579943",
      "Value": "Antes que alguém pudesse nos desonrar com uma pergunta ignorante sobre o torneio, dei uma breve palestra aos meus amigos."
    },
    {
      "Key": "6e4d78db-c71d-4a09-a50f-85c511053814",
      "Value": "{mf|O barão|A baronesa|O rei|A rainha} perguntou especificamente o que aconteceria se violássemos a proibição."
    },
    {
      "Key": "03f4f505-2132-40d5-9b21-5045812e7148",
      "Value": "Incapaz de me conter, falei: \"Será que a verdadeira razão dessa proibição é impedir que os súditos do Rei Irovetti deixem o reino?\""
    },
    {
      "Key": "cbd728ea-7277-4538-994d-047ea5dd2662",
      "Value": "[Fechar] Não tendo motivos para violar a proibição, retornamos."
    },
    {
      "Key": "af3089f8-775e-45dd-a6f8-772434f646e8",
      "Value": "Nossa estrada mais uma vez nos levou à fronteira de {g|Pitax}Pitax{/g}, onde bandidos, indiferentes à lei, geralmente aguardam vítimas inocentes. Imagine como ficamos surpresos quando, em vez de bandidos, encontramos uma patrulha de guarda! Será que o Rei Irovetti estava determinado a restaurar a ordem ao longo de sua fronteira? Já vi todo tipo de milagres, mas seria difícil de acreditar."
    },
    {
      "Key": "6a2c5709-683a-44ce-9aa8-fc66272bbabf",
      "Value": "O guarda nos informou gentilmente que as fronteiras foram fechadas devido a uma proibição de viagem. Isso não foi por causa de uma guerra ou praga, mas por causa da celebração. O reino estava se preparando para o Torneio Radiante, e o rei estava ocupado dando consultas pessoais a pintores, artistas e mestres do palco que seriam responsáveis pelo evento. {mf|O barão|A baronesa|O rei|A rainha} e eu trocamos sorrisos. Pena para os pobres artistas."
    },
    {
      "Key": "06883853-cad8-4fd8-a927-d32a78c76fe4",
      "Value": "Segundo o guarda, o rei ordenou que as fronteiras fossem fechadas para manter em segredo os detalhes de seu triunfo. Os guardas foram educados, mas inflexíveis. Felizmente, não tivemos motivos para desafiá-lo e entrar no {g|Pitax}Pitax{/g}."
    },
    {
      "Key": "5a053702-5c4c-47e3-b71d-45bf79dc734a",
      "Value": "Tentando evitar vocabulários complicados, expliquei que o torneio foi fundado pelo Rei Irovetti e é realizado no {g|Rushlight river}Rio Radiante{/g}. Todos os tipos de campeões se reúnem, do outro lado dos {g|River Kingdoms}Reinos Fluviais{/g}. Lá eles competem na pesca – um talento altamente respeitado nessas partes – a arte de se vangloriar e a habilidade de lutar quando você está tão bêbado que mal consegue ficar de pé. (Ainda não entendo por que todo mundo acha isso engraçado!) Existem muitas outras competições interessantes na mesma linha."
    },
    {
      "Key": "ccc97162-e4d0-4b35-8aa9-b7ff512f1d72",
      "Value": "O guarda franziu a testa: \"Provavelmente teríamos uma briga e você venceria. Depois, uma crise diplomática se seguiria e, de qualquer forma, você seria expulso de {g|Pitax}Pitax{/g}.\" Discutimos a situação e decidimos que não havia necessidade de atrapalhar nossas relações com Pitax sem uma boa razão."
    },
    {
      "Key": "fbf5a021-2b67-4a17-a491-f63f04b722bf",
      "Value": "O guarda não poupou esforços para nos garantir que isso era apenas boato e especulação, proveniente de fontes não comprovadas. Mas é claro que sabíamos muito bem que não havia boato. De fato, muitos refugiados haviam fugido do reino de Irovetti, para encontrar um novo lar em nossas terras. Eu mesmo sou a prova viva disso!"
    }
  ]
}