{
  "$id": "1",
  "strings": [
    {
      "Key": "952b5101-a94a-4d73-a3df-165c002386ec",
      "Value": "[Despeje a água do vaso no lago] \"Isso também faz parte do enigma. Sobre o medo de envenenar a alma com desespero.\""
    },
    {
      "Key": "6cf2de0b-94b1-4ae8-9614-cd91bf50e63a",
      "Value": "\"Fazia parte do enigma do Rei das Lanternas – envenenar a lagoa, que é 'envenenar a alma com desespero'.\""
    },
    {
      "Key": "c094daef-e630-4597-8a45-5544194f59d1",
      "Value": "[Sair]"
    },
    {
      "Key": "d976a063-0162-45e9-bfcd-4b14b1b435b5",
      "Value": "{n}Nyrissa fantasmagórica fica na beira da água.{/n} \"Este lugar... eu me lembro muito bem. Aqui eu chorei por minha derrota – após meu julgamento, após a maldição... Mas tudo mudou? O lago parece envenenado...\""
    },
    {
      "Key": "d4d4f018-d0b1-4d64-ad8f-0a63a2639e4a",
      "Value": "{n}Um sorriso suave toca os lábios de Nyrissa.{/n} \"Eu aprecio o presente que recebi de você. – Espero o melhor, fé no futuro. É mais poderoso do que qualquer desespero.\""
    },
    {
      "Key": "dbf5765c-9f84-4115-bd24-37b104213cea",
      "Value": "{n}Em resposta às suas ações e às palavras da ninfa, a água na lagoa ferve por um momento, depois se acalma e limpa, limpa de todo veneno. Um conjunto de ossos de pássaros se materializa em suas mãos.{/n}"
    },
    {
      "Key": "5ec44dd5-6e97-4ac6-8ff9-066898ddde3b",
      "Value": "\"Estou surpreso com o cuidado com que o {g|Eldest}Ancião{/g} me observou, e com que profundidade minha alma parecia. O que ele esperava alcançar? Apenas uma apresentação elaborada? Enigmas, apenas enigmas...\""
    }
  ]
}