{
  "$id": "1",
  "strings": [
    {
      "Key": "154fd37e-3997-4d17-9d90-027fcbe05395",
      "Value": "\"O corpo do seu general também está aqui?\""
    },
    {
      "Key": "cc1f0333-54aa-48ca-a124-d80c0adf0fe3",
      "Value": "\"Este monstro era seu general?\""
    },
    {
      "Key": "6580a3e1-008f-46bb-b1c8-a6b0e035e403",
      "Value": "\"O que aconteceu com seu general?\""
    },
    {
      "Key": "a2c54926-d1d4-4f7b-8696-a59b71742edd",
      "Value": "{n}Em silêncio, Maegar examina o beco sem saída. Está pintado de sangue e cheio de restos, antigos e frescos. Ele levanta a cabeça.{/n} \"Há ossos por toda parte... E esse equipamento quebrado... eu reconheço. Eles pertenciam aos meus guerreiros – aqueles que...\" {n}Sua voz quebra.{/n} \"Aqueles que vieram aqui com o... o General naquele dia.\""
    },
    {
      "Key": "2a31de78-22e3-4c95-b388-e9ce8c056e0d",
      "Value": "{n}Varn examina os restos mais de perto.{/n} \"Não... Elogio {g|Desna}Desna{/g}, ele não está aqui. Mas onde está ele? Esmagado sob o desmoronamento? Desaparecido em um portal? Não vejo respostas aqui. Receio que nossa expedição tenha sido em vão.\""
    },
    {
      "Key": "3f87eda6-3d8d-45b9-b2c5-0afc4d394764",
      "Value": "{n}Varn examina os restos mais de perto.{/n} \"Não... Elogio {g|Desna}Desna{/g}, ela não está aqui. Mas onde está ela? Esmagada sob o desmoronamento? Desapareceu em o portal? Não vejo respostas aqui. Receio que nossa expedição tenha sido em vão.\""
    },
    {
      "Key": "a7d1df23-80c9-4243-8e2e-302d4ef2b465",
      "Value": "\"Se você permitir, ficarei aqui um tempo... Sozinho com o meu povo. Para lhes dar suas honras finais. Você, {mf|Sua Graça|Sua Graça|Sua Alteza|Sua Alteza}, pode examinar os outros quartos, ou retorne à capital. Não espere por mim, eu irei segui-lo em breve.\""
    },
    {
      "Key": "8bc58f76-f756-4e57-b7c2-a978c98b66d1",
      "Value": "{n}Com o monstro final morto, o General cai no chão. Varn corre para ele para pegar o corpo mole. Verificando o pulso, ele suspira aliviado.{/n} \"Vivo. Louvada {g|Desna}Desna{/g}, ele está vivo – embora exausto.\""
    },
    {
      "Key": "16e6e582-1a6b-45ca-8b1d-fd0f6cf7fecc",
      "Value": "{n}Varn corre para o corpo do monstro.{/n} \"É isso... Você? Por que não pode ser! O que é isso? O que eles fizeram com você?!\""
    },
    {
      "Key": "7af6b5c9-5345-4852-a8ca-3975d699ee78",
      "Value": "{n}Com o monstro final morto, o General cai no chão. Varn corre para ela para pegar seu corpo mole. Verificando o pulso, ele suspira aliviado.{/n} \"Vivo. Louvada {g|Desna}Desna{/g}, ela está viva – embora exausta.\""
    },
    {
      "Key": "03c16fa3-0991-4ff2-9ace-9d976f07813a",
      "Value": "{n}Com o monstro final morto, o General cai no chão. Varn corre para ela para pegar seu corpo mole. Verificando o pulso, ele suspira aliviado.{/n} \"Vivo. Louvada {g|Desna}Desna{/g}, ela está viva – embora exausta. Eu não sei o que faria se a perdesse!\""
    },
    {
      "Key": "b4cab93f-87e9-4f8c-8623-949665b6086b",
      "Value": "\"Eu não sei. Você viu tudo o que eu fiz! Fechou quando derrotamos os monstros... Talvez tenhamos quebrado uma magia sem saber? Ou foi fechado pela mesma pessoa que o abriu? É a mesma pessoa que criou esta fortaleza insana? Pensei ter ouvido a voz de alguém...\""
    },
    {
      "Key": "4807c042-a72d-4a56-abca-3bf00a16ac12",
      "Value": "{n}Maegar olha para o rosto exausto de seu companheiro.{/n} \"Parece que ele ficou de guarda aqui o tempo todo. Lutando contra monstros dia após dia, mês após mês, sem dormir ou descansar.\""
    },
    {
      "Key": "331d6367-e3e0-415a-81ef-8fdd09613f63",
      "Value": "\"Não examinamos todos os quartos. Você pode procurar o resto, se quiser. Mas se você me permitir, ficarei aqui por um tempo para guardar seu sono. Ele merece pelo menos um pouco de descanso. Don espere por mim – volte para a capital. Vamos segui-lo assim que ele acordar.\""
    },
    {
      "Key": "e677a57c-0e7c-4b61-9d15-5b4774376bb8",
      "Value": "{n}Maegar olha para o rosto exausto de seu companheiro.{/n} \"Parece que ela ficou de guarda aqui o tempo todo. Lutando contra monstros dia após dia, mês após mês, sem dormir ou descansar.\""
    },
    {
      "Key": "cbdd7ed3-6764-40bb-b56d-1149e08a87cc",
      "Value": "{n}Maegar passa a mão preocupadamente pela bochecha do companheiro.{/n} \"Parece que ela ficou de guarda aqui o tempo todo. Lutando contra monstros dia após dia, mês após mês, sem dormir ou descansar.\""
    },
    {
      "Key": "e514c85a-d9ee-40c6-9bbf-bb84f8602f4a",
      "Value": "\"Eu não sei como isso é possível, mas essa masmorra insana está cheia de magia selvagem e inexplicável!"
    },
    {
      "Key": "77fd7e17-bd26-43dc-b4cd-8b15cc76a8df",
      "Value": "\"Eu não sei como isso é possível, mas esta masmorra insana está cheia de magia selvagem e inexplicável!"
    },
    {
      "Key": "39d90657-a853-4a3c-9dd2-dbf2d78df211",
      "Value": "\"Eu não sei como isso é possível, mas essa masmorra insana está cheia de magia selvagem e inexplicável! Em qualquer caso, qualquer que seja o feitiço lançado sobre ela, acho que o quebramos. Ela está livre de novo ... E comigo!\""
    },
    {
      "Key": "00de9a19-5514-49c2-8f10-8f8ab547b957",
      "Value": "\"Não examinamos todos os quartos. Você pode procurar o resto, se quiser. Mas se você me permitir, ficarei aqui por um tempo para guardar o sono dela. Ela merece pelo menos um pouco de descanso. Don espere por mim – volte para a capital. Vamos segui-lo assim que ela acordar.\""
    },
    {
      "Key": "f4ebd169-e7a1-4759-b608-87daee5ddb3b",
      "Value": "\"Não examinamos todas as salas. Você pode procurar o resto, se quiser. Enquanto eu...\" {n}Maegar sorri com ternura.{/n} \"Encontrei tudo o que estava procurando. Se você me permita, ficarei aqui por um tempo para guardar o sono dela. Não espere por mim – volte para a capital. Vamos segui-lo assim que ela acordar.\""
    },
    {
      "Key": "ea96549c-81ee-4fa5-9a00-751e8f1eb1c3",
      "Value": "\"Eu não sei. Acabou de fechar. O que importa agora?\""
    },
    {
      "Key": "c3675c65-495a-4766-adab-6f0a79e54d35",
      "Value": "\"Você pode procurar em outras salas, se desejar, ou retornar à capital. Não espere por mim, eu... eu vou ficar aqui por um tempo, e darei ao meu povo suas honras finais.\""
    },
    {
      "Key": "52990242-1921-40a7-8962-d0e459833168",
      "Value": "{n}Maegar balança a cabeça como se estivesse perdido.{/n} \"Sim. Eu reconheceria essa voz em qualquer lugar. Mas por quê? Como isso pôde acontecer? Como é possível, meu amigo?\""
    },
    {
      "Key": "f698be35-2939-4bc8-83f3-f15c1c1f3da0",
      "Value": "{n}Maegar esconde o rosto e os ombros tremem.{/n} \"Sim. Eu... reconheceria essa voz em qualquer lugar. Como isso é possível?\""
    },
    {
      "Key": "6f18d977-ffed-4470-bb1e-d05b56619f76",
      "Value": "{n}Maegar fica sombrio.{/n} \"Os ossos que estão espalhados aqui... Esse equipamento quebrado... Eu reconheço a armadura e as espadas. De fato, eu mesmo as comprei para do grupo que deu o último suspiro bem aqui onde estamos. Receio que ninguém tenha sobrevivido. Antes de segui-lo até a capital, meu general e eu lhes damos suas honras finais.\""
    },
    {
      "Key": "5576817e-e49a-43e2-a438-0c00f7a31d88",
      "Value": "\"Eu não sei, e não me importo. Procure nos outros quartos ou retorne à capital, se desejar. Não espere por mim. Eu vou... ficar aqui. Sozinho com ela. Devo enterre-a e o que resta da minhdo grupo.\""
    },
    {
      "Key": "17fb4d98-2a28-40f4-a452-4da1066f0d67",
      "Value": "\"Há ossos humanos e equipamentos quebrados espalhados por toda parte. Eu reconheço alguns deles. – Eu mesmo os comprei para do grupo... Parece que ninguém sobreviveu.\""
    }
  ]
}