{
  "$id": "1",
  "strings": [
    {
      "Key": "cdb38667-7277-4f0b-93a5-788447b9be9c",
      "Value": "\"Satisfaça minha curiosidade. Depois que você se tornar, ahem, morto-vivo, que mudanças você notaria antes de tudo?\""
    },
    {
      "Key": "a7d13432-1550-47d1-b3e8-35b62a908dfb",
      "Value": "\"Primeiro de tudo? Deixe-me pensar... Seu coração não está batendo, o sangue não está correndo em suas veias, não há necessidade de respirar. E gnomos insolentes continuam te perseguindo, fazendo perguntas sem tato.\""
    }
  ]
}