{
  "$id": "1",
  "strings": [
    {
      "Key": "fb80657b-37ca-4691-918c-d89efbe2c619",
      "Value": "\"Devemos garantir que seja seguro. Algo perigoso pode estar nos perseguindo por perto.\""
    },
    {
      "Key": "c1cc7c85-f883-44cd-b3a1-e3fc1fabc438",
      "Value": "\"Devemos olhar em volta primeiro. Certifique-se de que o acampamento esteja seguro.\""
    },
    {
      "Key": "520f60d5-8ebc-4514-8a04-83bfe80ebd61",
      "Value": "\"Sim, fácil para você! Você pegou aquele cachorro te seguindo, latindo se algo estiver errado. Pena que não fala.\""
    },
    {
      "Key": "43dbf7fa-96d8-4ccc-9929-88c1a27b2ccb",
      "Value": "\"É melhor ficarmos juntos. – Se alguém atacar, podemos estar muito longe para ajudar.\""
    },
    {
      "Key": "8a0fe1e4-5d90-4b26-a0fc-2f2d895c1a8c",
      "Value": "\"Ah, não. Vamos fazer como todos os aventureiros inteligentes. – Vamos ficar sentados aqui em silêncio e deixar as aventuras chegarem até nós!\""
    },
    {
      "Key": "a640fd29-43de-48bc-b1b2-72aa917d7b79",
      "Value": "\"Eu admito, isso também me preocupa um pouco, quando acampamos ao ar livre para todos verem. Mas então eu posso tocar alaúde – e a luz da nossa fogueira pode ser vista de longe de qualquer maneira.\""
    },
    {
      "Key": "abfaba6b-f577-480d-a7b7-ddaa6a3a5a62",
      "Value": "\"Eu posso ir com você! Eu vou montar sua besta! Por que você está me olhando engraçado? Tudo bem então. Agora eu não vou!\""
    }
  ]
}