{
  "$id": "1",
  "strings": [
    {
      "Key": "ef038700-4102-4b83-b00a-4c1908d0a7fb",
      "Value": "\"Ei, guincha! O que você está escrevendo aí, hunh? Sobre o quão gloriosamente chutamos suas bundas na última briga?\""
    },
    {
      "Key": "7890f711-2e26-41d8-91d8-e6187279c171",
      "Value": "\"Bem... na verdade eu estou escrevendo uma história sobre um pouco halfling. Mas quando ele crescer, ele definitivamente chutará a bunda de alguém – assim como você!\""
    }
  ]
}