{
  "$id": "1",
  "strings": [
    {
      "Key": "b858d76a-dd3a-45ba-baf0-7f9be3462461",
      "Value": "\"Minha lealdade e dever ao bem do meu povo são mais fortes que você, ancião. Você não pode tirar isso.\""
    },
    {
      "Key": "6ca797f4-84ad-4699-a86e-ba47455d07c0",
      "Value": "\"Meu coração sempre pertenceu ao povo, e sempre será. Nada pode mudar isso.\""
    },
    {
      "Key": "aefa7230-1522-4f38-8388-e2a32220bd4c",
      "Value": "\"Não há deuses ou maldições que possam tirar minha sede de aventura.\""
    },
    {
      "Key": "d33fcf01-34cb-42b7-87bf-923597dbc530",
      "Value": "\"Você é uma criatura do caos, Eldest. Você não sabe nada de ordem, e não está ao seu alcance destruí-la.\""
    },
    {
      "Key": "a97c4714-4bb3-4dd7-be96-fa2bc9a987b8",
      "Value": "\"Nunca permiti que fatores externos influenciassem minha alma. E não vou começar.\""
    },
    {
      "Key": "a783bfdc-a016-4101-adfd-77f110f2408d",
      "Value": "\"Muito divertido, Ancião. Vou rir de bom grado da sua piada. E depois vou esquecer tudo.\""
    },
    {
      "Key": "54f53569-f13c-47e8-b03c-294e2b4486ce",
      "Value": "\"Eu faço o mundo viver de acordo com minhas regras. – E não há regra sobre deixar você fazer parte da minha alma.\""
    },
    {
      "Key": "93e5ba48-6a6f-4f43-996a-64ca597d0a23",
      "Value": "\"Não existe poder maior do que o poder que você tem sobre sua própria alma. Eu tenho isso, Ancião, e você não.\""
    },
    {
      "Key": "08039520-320f-41ed-baf1-9e0fbb8a9860",
      "Value": "\"Eu posso brincar com a alma dos outros como se estivesse brincando com bonecas. Seus truques não vão funcionar comigo.\""
    },
    {
      "Key": "2b418616-1c9b-48a7-9731-f7b7e2eaa489",
      "Value": "\"Suas palavras não passam de vento. Deixe que voem.\""
    },
    {
      "Key": "8f1b24b6-e9a6-43eb-967c-7090e8b31993",
      "Value": "\"Você gosta de causar estragos e fazer brincadeiras do mal, enquanto eu me importo com nada além do bem do meu povo. E eu sei que meu caminho é o certo.\""
    },
    {
      "Key": "9a714f31-ee6a-40c6-8930-d03f6536a7de",
      "Value": "\"Eu recebo meu poder da interminável lealdade dos meus súditos. Você pode se vangloriar de maneira semelhante?\""
    },
    {
      "Key": "0de8323c-21fb-410f-a75d-114461d499f6",
      "Value": "\"Meu reino é forte com seus guerreiros, por isso sempre pode se proteger. – E isso significa que também posso – mesmo se estivesse enfrentando uma divindade.\""
    },
    {
      "Key": "2d36ec4c-5035-4727-adb4-e79d9673dbaf",
      "Value": "\"E por que você acha que eu contei a verdade naquela época, o Ancião de travessuras e mentiras? Talvez você tenha sido a pessoa que foi enganada? Alguém que pode ser enganado tão facilmente não tem poder sobre as palavras!\""
    },
    {
      "Key": "e3f2d80a-9334-4e5b-b719-ce20603e5090",
      "Value": "\"Eu posso não ser uma divindade, mas meu reino é rico e próspero. E meu poder também.\""
    },
    {
      "Key": "1b6cfcac-274a-4bfd-a344-81cfb4a68cf8",
      "Value": "\"Você fala tanto de si mesmo. Mas você tem amigos ou aliados, Eldest? Eu sempre tenho alguém em quem confiar, e é por isso que eu e minha terra vamos sobreviver a qualquer dificuldade.\""
    },
    {
      "Key": "c7d8dee2-7d47-4d92-8e35-1e9b586362c3",
      "Value": "\"Não me ameace, divindade autoproclamada. Meu reino é uma verdadeira fortaleza da fé, e a partir disso reuno minhas forças.\""
    },
    {
      "Key": "2866f6d8-6c6e-4400-a25f-08f7971e465c",
      "Value": "\"Com todo o meu conhecimento de magia, com todo o poder arcano que meu reino possui, não tenho medo de você, ancião.\""
    },
    {
      "Key": "8ce8b64b-a1c2-45b8-a4ea-031e17d77e71",
      "Value": "\"Eu fiz um grande esforço para tornar meu estado forte contra qualquer caos ou ameaças. Meu reino é uma fortaleza segura. Mesmo se eu estivesse enfrentando uma divindade.\""
    },
    {
      "Key": "5fbb63a9-dbd2-4e78-9ebb-ed72d737fba9",
      "Value": "\"Conhecimento e inspiração são tão poderosos quanto a mágica. Os súditos do meu reino sabem disso muito bem. Temos o que é preciso para nos proteger do seu mal.\""
    },
    {
      "Key": "c98b3dbd-6531-467b-8ce1-0efb09005092",
      "Value": "\"Quanto valem suas piadas e caos? Sendo um governante, lutei para saber tudo sobre todos. Esse é o verdadeiro poder!\""
    },
    {
      "Key": "97b19bd8-bb51-421b-b524-6ddb21e18469",
      "Value": "\"Eu sei o suficiente sobre divindade para dizer que você não é uma divindade. Não tente me assustar. Você não possui esse tipo de poder.\""
    },
    {
      "Key": "6ab6f125-0c6d-45e4-b7d5-5e51e12b7cb3",
      "Value": "\"Eu sei o suficiente sobre magia e feitiçaria, então não tente me ameaçar. Tudo o que você é é o monstro mais traiçoeiro que já tive a chance de derrotar.\""
    },
    {
      "Key": "69e1a00f-95bd-4622-accc-c32585d7b9f0",
      "Value": "\"Não permitirei que esse mal aconteça. E sendo o que sou, recuperarei o que foi tirado de mim.\""
    },
    {
      "Key": "bd83eeaa-0574-455a-931d-dd77994e90c3",
      "Value": "\"Você não pegou meu pilar de energia, mas apenas ferramentas úteis. Mas está em meu poder recuperá-las.\""
    },
    {
      "Key": "b63757a2-41d3-40a9-9e24-af992068ca0a",
      "Value": "\"Estou além do seu poder, Eldest. Seu ou de qualquer outra pessoa. Mas, sendo o que sou, mudarei o que você fez.\""
    },
    {
      "Key": "84efe103-66ce-4dc6-a883-e598efb21759",
      "Value": "\"Você não tem o direito de tirar nada de mim, Eldest. Mas eu tenho o direito de recuperar o que foi tomado injustamente.\""
    },
    {
      "Key": "6930736c-f8ff-43b4-86e5-df1596917319",
      "Value": "\"O que, existe uma regra segundo a qual pessoas como você ditam a vontade de outra pessoa? Mesmo que exista essa regra, eu a infringirei. Retornarei o que é meu.\""
    },
    {
      "Key": "b7cacc59-a64b-4d50-8628-0c7506ae0ed1",
      "Value": "\"É o bastante!\" {n}Assim que o corpo do Caçador de Chifres desaparece no fogo, a sala do trono destruída é inundada de luz. O {g|LanternKing}Rei das Lanternas{/g}, em sua verdadeira forma ardente, aparece no meio da sala. Sua máscara furiosa é cercada pelo fogo. Os jogos terminaram. O tempo congela como resina, prendendo você e o {g|Eldest}Ancião{/g} em luz âmbar. E essa luz fica mais brilhante...{/n}"
    },
    {
      "Key": "3614dd4e-586f-4023-99f2-ed23ad016014",
      "Value": "{n}O {g|LanternKing}Rei das Lanternas{/g} começa a falar. Você ouve a voz dele não com seus ouvidos – ela chega até você através dos raios de luz, ardendo e convincente.{/n} \"O tempo das máscaras acabou. Você corre o risco de desafiar um {g|Eldest}Ancião{/g}, e aceito o desafio: você lutará não apenas com uma encarnação, mas com a minha verdadeira essência. Esta é a minha essência: não preciso de magia ou monstros servis para destruí-lo. Palavras são suficientes. Sim, palavras.: as palavras ditas no tempo e no lugar certos possuem o poder de uma tempestade. Você respondeu com entusiasmo que sabe qual é o seu poder e essência.\""
    },
    {
      "Key": "c1d6cd0a-7a2a-40b6-9ec4-3dbad6639d03",
      "Value": "\"...No dever e no desejo de tornar o mundo um lugar melhor.\""
    },
    {
      "Key": "1b504b85-e606-435e-8177-6d074517553e",
      "Value": "\"...No desejo de ajudar pessoas cuja dor o toca.\""
    },
    {
      "Key": "4bed603d-e0f5-482d-bac3-73a2b149741d",
      "Value": "\"...Na sede de aventuras.\""
    },
    {
      "Key": "e06e8b5e-d3bd-4fdc-84ff-7f0782808181",
      "Value": "\"...Na dedicação de trazer ordem ao caos.\""
    },
    {
      "Key": "c877d4e8-c30b-4ef8-988c-2fdd46aa6bf2",
      "Value": "\"...Na neutralidade e seguindo o seu caminho.\""
    },
    {
      "Key": "dbde6c8c-f381-4c1c-93d6-abe652ffa509",
      "Value": "\". Em piadas e leveza com que são ditas.\""
    },
    {
      "Key": "0e23fe89-714d-4aeb-a61e-139fac4c4103",
      "Value": "\"...No desejo de fazer o mundo viver de acordo com suas regras.\""
    },
    {
      "Key": "b12692f4-27cd-4308-b161-5b5656ba6813",
      "Value": "\"...Com sede de poder.\""
    },
    {
      "Key": "15b62c89-f5c6-41d3-b6ae-23b5190e4b66",
      "Value": "\"...No desejo de brincar com a vida e o destino dos outros."
    },
    {
      "Key": "109b37da-03e6-4f90-8767-62fd29fb9fd2",
      "Value": "{n}Uma onda de dor cai sobre você, mas recua rapidamente. Você não pode dizer se foi protegido por suas palavras ou algo mais – a essência de sua alma. Mas o ataque do {g|Eldest}Ancião{/g} foi defendido.{/n}"
    },
    {
      "Key": "e55b9ad3-0e6c-49d2-88bf-76d18830a776",
      "Value": "{n}O {g|LanternKing}Rei das Lanternas{/g} ri. Esse riso – suave, insinuante, quase amável – é mais assustador do que qualquer pesadelo. Ressoa com a lasca de metal quente – a maldição dentro de sua alma – tornando-a mais forte, cortando sua essência e tirando algo essencial que nutre seu poder.{/n}"
    },
    {
      "Key": "2eea5c3b-b02b-4295-abf2-372e84eeef13",
      "Value": "\"Vamos continuar.\" {n}A voz do Ancião esconde cuidadosamente seus pensamentos.{/n} \"Nós dois usamos uma coroa. Mas o que você possui? Um pedaço de terra escasso, alguns milhares de almas? Meu domínio é caos e magia, loucura e engano. Seu poder não é nada comparado ao meu. E é por isso que você está indefeso diante de mim. Você tomará todos os meus golpes como um castigo divino, como algo... iminente.\" {n}Mais uma vez, você tem pouco tempo para responder, e essa resposta é a única coisa que pode protegê-lo do próximo golpe do {g|Eldest}Ancião{/g}...{/n}"
    },
    {
      "Key": "123f853a-c015-43c1-aa1a-1d93d4361605",
      "Value": "{n}Você se sente estranho, como se envolto em um véu invisível que o protegesse da ira de {g|Eldest}Ancião{/g}. E sua fonte ainda é sua maldição. Ligou você ao seu reino... mas através desse vínculo pode passar não apenas a dor e a morte, mas também o poder.{/n}"
    },
    {
      "Key": "597b5f84-bd81-4ef5-985f-29ec67f99df7",
      "Value": "{n}A máscara do Rei das Lanternas se altera por um momento. Mostra reprovação em vez de ira.{/n} \"Você me insultaria com isso? Isso?\" {n}A maldição queima dentro de você, quase insuportável.{/n}"
    },
    {
      "Key": "1e4d3ad6-2220-462f-847e-cebf3c9562f1",
      "Value": "{n}Os raios passam por você, perfuram você, revelando implacavelmente seus segredos, medos e desejos mais íntimos. Algo dentro de você ressoa com a luz do {g|Eldest}Ancião{/g} – sua maldição. É como a lasca de uma flecha que permanece na ferida, uma arma lenta rastejando em direção ao seu coração. Assim que os raios tocam, ele começa a esquentar e depois queima com uma dor intolerável.{/n}"
    },
    {
      "Key": "663e62fb-35fb-4bc3-ba51-d20785069fed",
      "Value": "\"Estou curioso sobre o que você pensa de mim, amaldiçoad{mf|o Rei|a Rainha}. Você me vê como um vilão ou um simples palhaço? Na verdade – bem, você nunca será capaz de conceber a verdade. Ser an {g|Eldest}Ancião{/g} significa ser uma das muitas cordas que mantêm o mundo no lugar. Ser mais velho significa ser um valor tão vasto e auto-suficiente que os iguais se tornam estranhos e os inferiores são... totalmente insignificante. Sou o Ancião. Riso, dolo, transformação – é o que sou. E sendo o que sou, deixarei que você sinta um pouco da minha solidão. Tirarei seu pilar de energia.\""
    },
    {
      "Key": "fd47a82c-8775-4570-9858-60d2d707e0ef",
      "Value": "\"Você, sozinho, sobreviveu a uma batalha com uma divindade. Estou impressionado. Embora a batalha ainda não tenha terminado...\""
    },
    {
      "Key": "5db9d3d1-74ee-441b-b4c6-7d8c7603c571",
      "Value": "\"Eu me lembro da sua resposta. O mundo também se lembra dela – sua resposta, seu coração, sua essência. E agora, amaldiçoa{mf|do Rei|da Rainha}, eu estou tomando essa parte da sua alma – quando tirei a capacidade de Nyrissa de amor. O que você chamou de sua essência não é mais sua! \" {n}As palavras do {g|Eldest}Ancião{/g} voam em sua direção como uma flecha, pronta para dar nova força à maldição que já o atormenta. Você tem apenas um instante para responder...{/n}"
    },
    {
      "Key": "149f91c3-be08-4d30-b0ea-630a2e30e017",
      "Value": "{n}A luz ofuscante desaparece, assustada como uma criatura viva. O metal empolgante da maldição esfria. Ainda dói, mas a dor não é mais insuportável. Você está diante do {g|Eldest}Ancião{/g}, como diante de uma estrela viva em chamas. E ele olha para você como se estivesse vendo você pela primeira vez.{/n}"
    },
    {
      "Key": "1bb43728-bf7d-4185-b8ed-3db99d9ae94d",
      "Value": "{n}Por um tempo, o {g|LanternKing}Rei das Lanternas{/g} permanece em silêncio. Você sente neste silêncio não perplexidade irritada, mas espanto infinito e ilimitado.{/n} \"Bom. Você pode brincar com palavras. Vamos ver se você consegue suportar o calor do meu fogo!\""
    },
    {
      "Key": "f2f0c5ad-860f-4182-b07c-5f8b8f1561dc",
      "Value": "{n}Há um grande poder no conhecimento. Envolve você em um véu invisível e protege do golpe de {g|Eldest}Ancião{/g}. Você sente a fúria dele, mas sabe que não é a ira divina, mas a emoção de um ser antigo – poderoso, mas não todo poderoso.{/n}"
    },
    {
      "Key": "3b90db83-7d44-4fd8-a19b-4069998d5e83",
      "Value": "{n}Tendo perdido todo o apoio, você enfrenta a divindade sozinha. O silêncio pesa sobre a sala do trono arruinada.{/n}"
    }
  ]
}