{
  "$id": "1",
  "strings": [
    {
      "Key": "c974243f-dcad-4a0d-8e15-ca9bb56a2f88",
      "Value": "\"Sim! Eles sabem como se deliciar no Torneio Radiante! Quando é o próximo?!\""
    },
    {
      "Key": "57408f5f-17a9-414a-924f-d24c364a380b",
      "Value": "\"Cedo demais...\""
    },
    {
      "Key": "98afce8f-354e-4846-8d19-3ce09c2f95ad",
      "Value": "\"Entretenimento primitivo para camponeses e selvagens.\""
    },
    {
      "Key": "671d9a6a-797f-43a5-bef0-90c2d0a9e603",
      "Value": "\"Sempre que for, eu definitivamente vou com você!\""
    },
    {
      "Key": "2dde8d63-c266-4045-8220-742c6710b008",
      "Value": "\"Os entretenimentos de Irovetti são grosseiros... Mas, ainda assim, devo admitir, eles não deixam de ter um certo encanto bárbaro. Quando vamos assistir outro feriado nessas terras tão cheias de vida?\""
    },
    {
      "Key": "809e6311-69e1-4bfb-a88c-8f6ba1a59201",
      "Value": "\"Os entretenimentos de Irovetti são grosseiros... Mas, ainda assim, devo admitir, eles não deixam de ter um certo encanto bárbaro. Quando vamos assistir outro feriado nessas terras tão cheias de vida?\""
    }
  ]
}