{
  "$id": "1",
  "strings": [
    {
      "Key": "5988a8fc-c39f-4e96-8d40-9a6c18194da3",
      "Value": "\"Regongar, o que aconteceu com sua mão?\""
    },
    {
      "Key": "5d67e34e-a0a9-4ee5-82b5-32121f22085e",
      "Value": "[Ignorar isto]"
    },
    {
      "Key": "33bb34d5-6736-4280-974c-443b0fdad333",
      "Value": "[Vire-se] \"Entendo.\""
    },
    {
      "Key": "c6c8ab6e-e1b5-4e5d-8f47-8a5015703cd1",
      "Value": "\"Deixe-me vestir. Não queremos que piore.\""
    },
    {
      "Key": "b59fb2b1-bdfc-4533-8a52-646c111ad661",
      "Value": "\"Eu não quero ver isso nunca mais!\""
    },
    {
      "Key": "3d5b8034-7509-4437-bc72-882ee34cf7c7",
      "Value": "[Incline-se sobre o pulso e lamba o sangue]"
    },
    {
      "Key": "2ca690be-9625-433b-8f15-b20e780f0930",
      "Value": "\"Reg, estou preocupado com você. O que está acontecendo?\""
    },
    {
      "Key": "3a25405a-0f96-42f7-a3de-7b3322de2b97",
      "Value": "{n}Você percebe uma série de novos cortes no pulso de Regongar que mal começaram a se curar.{/n}"
    },
    {
      "Key": "2939b536-d92c-4b13-9b58-77062e2c8df7",
      "Value": "\"Qual é a diferença?!\" {n}Você ouve raiva na voz do meio-orc.{/n} \"É apenas um corte! Como você se importa! Como se alguém se importa!\""
    },
    {
      "Key": "0b866a54-8af2-4795-94dd-034f742de96a",
      "Value": "{n}O meio-orc acena com uma indiferença pretensiosa.{/n} \"Não preste atenção. Apenas alguns pensamentos estúpidos na minha cabeça. Estou bem – definitivamente não é pior do que a bagunça que eu e ela temos fora de antes!\""
    },
    {
      "Key": "35f0b88d-9895-4779-a96f-487f425252fa",
      "Value": "{n}O meio-orc vira pedra por um momento e depois o puxa para perto.{/n}"
    },
    {
      "Key": "f7cf68e2-b252-4835-9692-a4df0a570610",
      "Value": "\"Tudo bem, tudo bem! Você não vai. Não faça uma tragédia disso, apenas esqueça! São apenas arranhões, estou lhe dizendo.\""
    },
    {
      "Key": "d82c5796-c5e7-4d99-8ac5-d15d29c6b129",
      "Value": "\"Não se preocupe, eu não estou me matando! Vou tomar uma poção, e isso vai sarar. Não se preocupe. Estou bem, ha hmm...\" {n}Regongar para por um momento, mordendo o lábio.{/n}"
    },
    {
      "Key": "a9523e09-4777-42a1-9e40-790466dcfbff",
      "Value": "{n}A voz do meio-orc se torna suave e rouca.{/n} \"Eu disse uma coisa estúpida e me desculpe. É claro que você se importa. É só que eu... Bem, eu me sentei à noite, Não consegui dormir, e então comecei a pensar... Sobre você, sobre Octavia, sobre as coisas estúpidas que fiz, especialmente com ela. Não de propósito, sabe? Eu amo vocês dois! Mas ela ainda ama depois de tudo o que fiz? Eu não tenho mais tanta certeza. E você? E me senti tão mal com tudo... Então eu só... É só para me animar. Não preste atenção, são apenas arranhões. Não vamos falar sobre isso, certo?\""
    }
  ]
}