{
  "$id": "1",
  "strings": [
    {
      "Key": "744054e1-17d1-409e-a476-4ce05476954f",
      "Value": "\"Por que os de curta duração gostam tanto de livros? Você não pode simplesmente falar com seus colegas sobre o que lhe interessa?\""
    },
    {
      "Key": "17d2ec8b-aff8-4f94-b494-9723b35fce1b",
      "Value": "\"Bem, não temos centenas de anos para pensar em assuntos importantes sob as árvores frondosas, brigando entre si preguiçosamente. Então, tenho que comprometer meus pensamentos no papel.\""
    }
  ]
}