{
  "$id": "1",
  "strings": [
    {
      "Key": "7a7f66af-336c-47c3-904f-20c8536eb0d6",
      "Value": "\"Ainda não sabemos nada sobre essa maldição?\""
    },
    {
      "Key": "65ae87ae-8c8e-440f-a97a-840464d729b6",
      "Value": "\"Parece que não temos escolha, então. Vamos esperar e nos preparar para o próximo ataque.\""
    },
    {
      "Key": "84420d5b-23b3-433a-85f3-b9217c8ce963",
      "Value": "\"Linzi está certa. Você é muito duro consigo mesmo, Tristian.\""
    },
    {
      "Key": "30b42fdb-c49a-49e9-84f0-a41ca004db69",
      "Value": "\"Você deve se concentrar em resolver o problema, Tristian, em vez de se culpar.\""
    },
    {
      "Key": "077d2ce6-8436-4779-a10c-89f4ded853f6",
      "Value": "\"Você está ocioso, Tristian. Sua negligência está apenas ajudando a maldição a nos derrotar.\""
    },
    {
      "Key": "96b2f47c-ebdd-47e9-9df9-bff12a2f7b46",
      "Value": "{n}O rosto de Tristian brilha de felicidade.{/n} \"Conseguimos! O segundo ataque amaldiçoado foi repelido, e os agradecidos cidadãos do baronato têm uma recompensa especial por você!\""
    },
    {
      "Key": "307ed4f7-3c47-4c58-b1f9-47f0b5c8ff35",
      "Value": "\"O segundo ataque acabou. Não foi fácil, mas o baronato o suportou – em grande parte graças à Força e bravura de seus súditos. Depois de sobreviver a esse ciclo de ataques, eles não são facilmente pegos de surpresa. É um alívio, mas acho que não é algo que deveríamos necessariamente comemorar."
    },
    {
      "Key": "f74556bf-c68d-46f8-a84d-b0eae4a6152b",
      "Value": "\"O segundo ataque foi especialmente brutal. Com grande dificuldade, seus súditos conseguiram combater a invasão de animais selvagens. Muitos morreram... Eu rezo para que Sarenrae aceite suas almas.\""
    },
    {
      "Key": "d72e7fbd-2376-4870-8909-32a07b619625",
      "Value": "{n}Tristian olha para você pensativo e suspira.{/n} \"Infelizmente, devo lhe trazer más notícias novamente. O Morro Careca fica em silêncio por um momento, mas outro ataque certamente ocorrerá em breve."
    },
    {
      "Key": "8ab129a1-9701-4a7f-861b-293a8f5feab6",
      "Value": "Bem, nada que possa nos ajudar a contê-lo. Uma vez a cada poucos meses, deixa os animais, monstros e outros animais próximos loucos, enviando-os a um tumulto sanguinário. Eu... não sei que medidas podemos tomar sobre isso. A única maneira de ajudar é prevendo aproximadamente quando o próximo ataque vai começar. Perdoe-me, {name}.\""
    },
    {
      "Key": "51cc6acf-3e44-4a86-a650-d59e10127fd5",
      "Value": "\"Não seja tão duro consigo mesmo, Tristian! Mesmo saber quando se preparar é uma coisa importante a saber! Eu não sei como lidaríamos com esses ataques se eles acontecessem sem aviso.\""
    },
    {
      "Key": "10a23adb-d81b-478a-9750-092242271249",
      "Value": "{n}Tristian apenas assente, olhando sombriamente.{/n}"
    },
    {
      "Key": "abdb10c0-f705-4365-9199-712817cb1e91",
      "Value": "{n}Tristian abaixa a cabeça.{/n} \"Obrigado. Seu apoio significa muito para mim.\""
    },
    {
      "Key": "2da30448-d867-44a1-a866-25e3dc0ab6bf",
      "Value": "\"Farei tudo ao meu alcance para libertar essas terras da maldição. – Eu prometo!\""
    },
    {
      "Key": "3b45eac1-d5be-4a1d-91f9-a948c8a618e7",
      "Value": "{n}Tristian estremece e dá um passo para trás.{/n} \"Eu... me perdoe. Por favor, me perdoe.\""
    },
    {
      "Key": "2ebb1ccd-9dd0-44b5-821c-479eb68a9d80",
      "Value": "\"Não tenho nada útil a acrescentar. Os habitantes locais estão alheios às origens da maldição ou têm medo de falar. Seria melhor ler livros antigos sobre maldições...\""
    }
  ]
}