{
  "$id": "1",
  "strings": [
    {
      "Key": "205663a9-3678-4605-980b-76be861a6c15",
      "Value": "\"Quem é você?\""
    },
    {
      "Key": "6551dd32-ace2-44e2-87c3-bd02fe4a55ed",
      "Value": "\"Conte-me sobre Nazrielle.\""
    },
    {
      "Key": "13c01697-16dd-4979-b2c8-ef1bf79c878b",
      "Value": "\"Verei o que posso fazer.\""
    },
    {
      "Key": "98a853f8-b197-48c9-a960-9f285e16c45d",
      "Value": "\"Nazrielle maltrata você?\""
    },
    {
      "Key": "b1101128-8805-4c64-8a54-fdbcb16ced65",
      "Value": "\"De que presente você está falando?\""
    },
    {
      "Key": "845a69a6-1923-4d6c-a7cc-5cc163ae5e72",
      "Value": "\"Estenda minha gratidão a Nazrielle.\""
    },
    {
      "Key": "a6f43323-377b-429b-a74d-4888cca4d0e1",
      "Value": "\"Eu tenho um pedido específico para sua amante.\""
    },
    {
      "Key": "c88e2906-99da-4683-830d-2207377e619a",
      "Value": "\"Nazrielle tem um dia para deixar meu domínio.\""
    },
    {
      "Key": "9b1eed58-fbab-4111-a815-95f3cecb617d",
      "Value": "\"Eu preciso de uma adaga que é invisível e mortal.\""
    },
    {
      "Key": "be688032-5358-4c0d-99ba-21389f405865",
      "Value": "\"Eu certamente poderia usar algumas malhas flexíveis e robustas.\""
    },
    {
      "Key": "e3782bd8-f0be-41aa-9b69-32716a87f2d6",
      "Value": "\"Existe algo que Nazrielle possa fazer para me tornar mais rápida no campo de batalha?\""
    },
    {
      "Key": "3fdcd20f-34ec-47e8-a3b9-7075a22e08aa",
      "Value": "\"Eu gostaria de ter uma amostra de seu trabalho com elfos.\""
    },
    {
      "Key": "27c6fa75-c37a-493b-96e1-53553794b26e",
      "Value": "\"Eu mudei de idéia. Deixe Nazrielle pensar em algo ela mesma.\""
    },
    {
      "Key": "2309200e-60ae-4e58-968b-0559bdf54c4c",
      "Value": "\"Eu preciso de uma espada que seja rápida e resistente.\""
    },
    {
      "Key": "f78df191-f5d2-4a39-83e0-81e0044caf38",
      "Value": "{n}Um elfo de aparência patética está diante de você. Suas roupas estão enrugadas, sua bochecha está coçada e seu nariz está inchado como se tivesse sofrido um forte golpe. Ele olha ao redor com um olhar assombrado, e se inclina.{/n} \"Meu nome é Sartayne. Senhora {d|Nazriel}Nazrielle{/d} deveria ter me dado um presente para {mf|Sua Graça|Sua Graça|Sua Alteza|Sua Alteza}, mas... receio que possamos ter um problema aqui...\""
    },
    {
      "Key": "d8eb3b83-da8c-4c78-ad85-0f7987d776e0",
      "Value": "{n}O elfo olha para você com espanto.{/n} \"Eu? Eu sou Sartayne, assistente e serva da senhora Nazrielle. Ela me ensina seu ofício. Sonho em me tornar um armeiro desde criança... Meu pai também era mestre. Suas espadas eram famosas. Infelizmente, ele faliu enquanto eu ainda era jovem demais para aprender. Ele se secou e nunca chegou a me ensinar suas habilidades. Mas a senhora me deu outra chance!"
    },
    {
      "Key": "7cfa692e-279e-40f7-abbd-4bfa5cdcc277",
      "Value": "{n}O entusiasmo do elfo é quase patético.{/n} \"Eu sou assistente da Senhora Nazrielle. É uma grande honra! Ela é um gênio! Seu conhecimento de armas não tem limites. Embora... embora às vezes seja assustador, você sabe De qualquer forma, não estou reclamando. Fico feliz em servi-la.\""
    },
    {
      "Key": "133b1670-8ae9-4fcf-acf3-3d3a1b6a2fe5",
      "Value": "{n}O elfo se inclina mais uma vez.{/n}"
    },
    {
      "Key": "f91755f2-51a1-47c5-906a-f1d93bef3a89",
      "Value": "\"A senhora Nazrielle tem trabalhado duro em um presente especial para você. Mas uma de suas aprendizes, Ditael, enlouqueceu depois que tocou a lâmina que deveria ser apresentada a você. Ele a agarrou e fugiu o mais rápido que pôde \"Eu vi com meus próprios olhos! Agora Ditael está desaparecido! Eu vim até você em segredo para pedir sua ajuda. Talvez você ou um de seus conselheiros possa entender isso. Minha senhora prefere ver o todo Afinal, a espada que o enlouqueceu foi feita para você...\""
    },
    {
      "Key": "41ea1c5b-83a9-42e1-8525-d9e718673880",
      "Value": "{n}O elfo levanta as mãos com medo.{/n} \"Nem um pouco! Ela é o armeiro mais magnífico que já conheci em toda a minha vida! Tenho sorte de ela ter me notado! Ela me fez tão feliz? Gostaria de não ser tão estúpido e desajeitado, ou seria mais digno de ajudá-la! Mas tento o máximo que posso.\""
    },
    {
      "Key": "71978651-454c-4666-b03d-58243e02245b",
      "Value": "{n}Sartayne encolhe os ombros.{/n} \"Eu não sei. A Senhora disse que eu não podia tocá-lo. Mas eu a ouvi pedir a Ditael para levá-lo a você.\""
    },
    {
      "Key": "012f210f-8d20-4de9-b34d-a55f0a870c64",
      "Value": "{n}O aprendiz se inclina e fala como se estivesse lendo uma nota.{/n} \"Em nome da senhora {d|Nazriel}Nazrielle{/d}, eu gostaria de lhe desejar saúde eterna e expressar nossa gratidão por sua espécie proteção.\""
    },
    {
      "Key": "05a72b22-9d68-4313-992d-2fb3845577e3",
      "Value": "\"Minha senhora queria que eu lhe desse esse presente. Ela espera que você fique satisfeito com ele.\""
    },
    {
      "Key": "2c790c77-ce33-436d-a83c-1a7229fd8884",
      "Value": "{n}O elfo se inclina e desaparece silenciosamente.{/n}"
    },
    {
      "Key": "6852341f-a484-4e2e-a6c8-d33a3c6dd477",
      "Value": "\"Oh... Oh não... Isso deixará a Senhora muito, muito zangada...\" {n}O elfo encolhe e recua com medo.{/n}"
    },
    {
      "Key": "52851a74-8f2e-4839-a160-f3851813acac",
      "Value": "\"Vou dar seu pedido à senhora exatamente como eu o ouço.\""
    },
    {
      "Key": "f336c3e8-f4fe-41b4-9643-9c1662ca1411",
      "Value": "\"A senhora Nazrielle ouvirá seu comando, palavra por palavra.\""
    }
  ]
}