{
  "$id": "1",
  "strings": [
    {
      "Key": "84e19fc6-c494-478c-b1ba-0c0e340835e2",
      "Value": "\"O que você espera do futuro de Varnhold?\""
    },
    {
      "Key": "86b6aff7-dcb5-43ca-a192-ec76d21f26da",
      "Value": "\"O anfitrião Varnling lutou por seus interesses muitas vezes, mas ainda não tivemos a chance de nos encontrar pessoalmente.\""
    },
    {
      "Key": "fbab4e09-7be0-4b46-a911-8173ac8f504a",
      "Value": "\"Eu tenho que ir.\""
    },
    {
      "Key": "e5fe7abb-4714-4473-8167-19b044a3c01c",
      "Value": "\"Novas vitórias e nova glória!\""
    },
    {
      "Key": "6738dae5-a226-4c48-9a77-d1b1b856c8e0",
      "Value": "\"Trabalho. Muito trabalho difícil e perigoso nos espera – se quisermos sobreviver.\""
    },
    {
      "Key": "3cb022dc-b0c4-4436-9350-f9bb7e11b5e9",
      "Value": "\"Nada de bom. Este é um empreendimento imprudente e só trará problemas a todos os envolvidos.\""
    },
    {
      "Key": "d8d16068-8815-4c39-9b9d-25504f6c5b3b",
      "Value": "\"Eu não gostaria de especular.\""
    },
    {
      "Key": "f2ba914b-e585-49a7-8c1b-4b0df7839310",
      "Value": "\"Serei franco. Estamos preparados para as manipulações, astúcia e traição de nossos vizinhos.\""
    },
    {
      "Key": "c9fcb054-8c3f-4ed8-b67d-6b2a72751e78",
      "Value": "\"Nós ficaremos bem, se esse for o desejo de Abadar!\""
    },
    {
      "Key": "c274230f-c1d2-435e-a13b-345f7ceb0101",
      "Value": "\"Então você é {mf|o famoso|a famosa} {Name}? Tenho o prazer de finalmente conhecê-l{mf|o|a} pessoalmente. {d|Varn}Varn{/d} me contou muitas de suas ações.\""
    },
    {
      "Key": "0f2135f8-e470-43e1-ae52-f7e876958bb4",
      "Value": "\"Eu só queria saber! Vivemos um tempo selvagem de grandes mudanças. A ascensão de novos estados em terras disputadas será um choque para toda a região. É claro que tenho meus próprios pensamentos e planos, como todos fazem. Mas há apenas uma coisa que tenho certeza: não haverá risco de um futuro chato!\""
    },
    {
      "Key": "725e061e-08dc-4bdb-a2af-988bde87e223",
      "Value": "\"É um prazer fazer negócios com o {g|Varnling Host}Hoste de Varnling{/g}. -- Você oferece espadas honestas por ouro honesto. Você cobra uma quantia justa, mas isso significa que não precisarei me preocupar com alguém mais comprando você debaixo de mim. Infelizmente, muitas equipes de mercenários não podem se orgulhar de sua reputação.\""
    },
    {
      "Key": "6f270998-a09e-4613-a5da-ea31e835c2cf",
      "Value": "\"Aproveite a celebração – você ganhou!\""
    },
    {
      "Key": "6304e884-3574-4fab-a13a-5578769b5e70",
      "Value": "\"Permita-me retornar a pergunta. O que você acha que aguarda seu jovem baronato?\""
    },
    {
      "Key": "108b356a-37ed-4ce6-b12e-4f3484bfb336",
      "Value": "\"Assim como seu comandante pode dizer! Bem, espero sinceramente que seu otimismo valha a pena.\""
    },
    {
      "Key": "9f133651-40a4-4fb4-83da-dfa8801240c1",
      "Value": "\"Você parece estar com os dois pés no chão. É bom ver que {d|Varn}Varn{/d} tem pessoas ao seu redor. Ele nunca teve falta de coragem, mas os aspectos práticos nunca foram seu ponto forte!\""
    },
    {
      "Key": "fba9fa65-68d8-4acf-8f64-316b27fe48a6",
      "Value": "\"Um empreendimento imprudente, talvez, mas {d|Varn}Varn{/d} costuma ser chamado de empreendedor. Embora graças a aliados como você, ele até agora tenha conseguido navegar em suas provações perigosas – e com a vida de seu povo intacta. Sim, recuperar as Terras Roubadas é um jogo perigoso, mas se eu não acreditasse em você, não apostaria em sua vitória!\""
    },
    {
      "Key": "cc8227b6-be8f-4600-81fc-05d07769610b",
      "Value": "\"E eu aprovo. Não tenho dúvidas em você. Não importa quais desafios o amanhã traga, o {g|Varnling Host}Hoste de Varnling{/g} certamente triunfará!\""
    },
    {
      "Key": "96eff0c1-42b1-4ca6-ab94-fac51b88ed12",
      "Value": "\"Eu valorizo sua franqueza. Sim, muitos governantes são vítimas das ambições de seus vizinhos – e de sua própria credulidade... Mas muitos mais fracassam com a incapacidade de fazer alianças confiáveis. Você não pode sobreviver sem amigos – e como pode encontrá-los se você vir a face do inimigo em todos os lugares que olhar?\""
    },
    {
      "Key": "609cbcd3-2201-47d3-8214-d5113caa98f9",
      "Value": "\"Vou rezar para que o deus das cidades sorria misericordiosamente para você. A tarefa diante de você – construir casas e arar campos onde um deserto selvagem permaneceu apenas ontem – este é o trabalho dos justos e promete ser também mais lucrativo!\""
    },
    {
      "Key": "ad11ceeb-a243-43d4-b73e-fabf3fc9ca54",
      "Value": "\"Eu te desejo sorte!\""
    }
  ]
}