{
  "$id": "1",
  "strings": [
    {
      "Key": "97530d12-de36-4645-b784-6670557a845b",
      "Value": "\"A Irmandade Tática ainda deve estar enviando caçadores atrás de nós. Eu tenho tanto medo que eles nos encontrem mais cedo ou mais tarde e se arrastem de volta!\""
    },
    {
      "Key": "93875ce1-584d-45ac-b80a-91a7cf4b0fdd",
      "Value": "\"Se eles nos encontrarem – é a perda deles! Vou matar tantos bisbilhoteiros da Irmandade Tática quanto ousarem nos enviar!\""
    }
  ]
}