{
  "$id": "1",
  "strings": [
    {
      "Key": "6bcccddd-78d2-42ff-9e9d-c25f1f360ad5",
      "Value": "\"Candlemere está envolta em mistério. Talvez eu deva recontar a história desse lugar em um artigo... ou mesmo em um livro inteiro!\""
    },
    {
      "Key": "8a3d2ae4-6516-4af4-af39-ab030aa58411",
      "Value": "\"O verdadeiro mistério é como diabos continuamos a aguentar um bufão tão insuportável e pomposo. Ou por que, nesse caso.\""
    },
    {
      "Key": "41a7e92b-3ba9-499b-abb1-26bae9a6e531",
      "Value": "\"Ruínas estúpidas, luzes assustadoras... Isso é besteira total. Melhor você escrever sobre a nossa guerra com aqueles trolls fedido.\""
    },
    {
      "Key": "147cdcaf-afa6-4e93-8732-a6d519272fa4",
      "Value": "\"Uma ótima idéia, Jubilost! Vamos unir forças e escrever esse livro! Mas não apenas um livro – poderíamos escrever uma série inteira!\""
    }
  ]
}