{
  "$id": "1",
  "strings": [
    {
      "Key": "f9094103-72dd-4e0f-8197-5ddfd9e7a6de",
      "Value": "\"Você quer aproveitar esta oportunidade para descobrir por que os gnomos deixaram o Primeiro Mundo – e como eles podem voltar. Certo?\""
    },
    {
      "Key": "7d543b45-a860-4171-bea5-9c6fb436faa7",
      "Value": "\"Eu não. Diga-me.\""
    },
    {
      "Key": "61b6a2c8-fbf2-48a0-a174-5e82491a1302",
      "Value": "\"Eu não sei e não me importo. Não estou fazendo isso.\""
    },
    {
      "Key": "7a37e514-919e-40aa-b4bb-838bdc42b233",
      "Value": "\"Os debates inconseqüentes? O que é isso?\""
    },
    {
      "Key": "39dfd8e6-d2ac-43e2-b4cb-e1093db8ee4f",
      "Value": "\"Você sabe alguma coisa sobre esses debates? Ou estamos completamente no escuro aqui?\""
    },
    {
      "Key": "ba44d404-bc97-40b1-b576-d5323e8f8c16",
      "Value": "\"Participar pode ser perigoso?\""
    },
    {
      "Key": "0438448a-ac62-4607-8c70-21c4cdc1725b",
      "Value": "\"Não podemos deixar passar essa oportunidade. Concordo em participar.\""
    },
    {
      "Key": "e976014b-11db-4234-a927-e645b8db7484",
      "Value": "\"Não vejo sentido nisso.\""
    },
    {
      "Key": "964beb5e-fe03-460b-9cc3-cd126a4c2245",
      "Value": "\"Eu ouvi falar deles. Diversões estranhas, realizadas em Golarion por senhores feéricos do Primeiro Mundo. Testes estranhos com várias recompensas únicas...\""
    },
    {
      "Key": "5b0c73d2-bbb9-44d2-9b67-85705ba78fc0",
      "Value": "\"Mantenha seus enigmas para si mesmo. Eu não estou interessado.\""
    },
    {
      "Key": "d4a2d915-5421-4e68-928d-0caf8a333f94",
      "Value": "\"Quem você acha que devemos tomar como nosso terceiro?\""
    },
    {
      "Key": "2dfdb3f4-7e6c-412c-8b01-16f024e5187f",
      "Value": "\"Tudo bem, conte-me sobre os debates.\""
    },
    {
      "Key": "c4ac831f-14f0-4d07-92a4-4ea8b7a8c6c8",
      "Value": "\"E, no entanto, eu não ligo.\""
    },
    {
      "Key": "be1d4cd2-4412-41e0-9d32-47a4760063a9",
      "Value": "\"Incrível. Você conseguiu salvar seu baronato de uma invasão de monstros do {g|First World}Primeiro Mundo{/g}. Mas você não foi capaz de protegê-lo da atenção dos habitantes mais poderosos do Primeiro Mundo. Acredite ou não, mas {kingdomname} foi escolhido como o próximo local para os Debates Inconseqüentes!\""
    },
    {
      "Key": "d3b073f9-bccf-4932-82e6-636b2c84c085",
      "Value": "\"Um fenômeno curioso que não é muito conhecido. Dizem que é baseado em uma aposta feita pelo {g|Eldest}Ancião{/g}, os governantes do {g|First World}Primeiro Mundo{/g}, Há um bom tempo. Um dia, um deles enviou uma delegação das fada para {g|Golarion}Golarion{/g}. Eles anunciaram onde a competição aconteceria. Não deixe o nome te enganar, é apenas debates As competições começam assim que tiverem participantes suficientes.\""
    },
    {
      "Key": "da762970-5e51-45e1-bf45-7d5d808bfaa7",
      "Value": "\"As competições e a recompensa são sempre diferentes. Embora 'toda vez' seja uma extensão – apenas três ocasiões são conhecidas há milhares de anos. Enfim, aconteceu de novo! E desta vez a recompensa é uma chance de fazer qualquer pergunta do Anfitrião, o mentor da competição. Esta criatura, quem quer que seja, fala em nome do {g|Eldest}Ancião{/g}. Você vê por que não podemos perder essa chance?\""
    },
    {
      "Key": "2a95f9b8-0ecd-4a4f-9e37-bc3f1c0d9072",
      "Value": "\"Mas...\" {n}Jubilost perde sua confiança habitual por um momento.{/n} \"É uma chance de obter novos conhecimentos únicos! O que poderia ser mais importante? De qualquer forma, obviamente estou conversando com a pessoa errada. Desperdice seu tempo jogando em guerra e correndo em pântanos, se é só isso que lhe interessa.\""
    },
    {
      "Key": "5b077422-e665-41e8-94d3-c692b3a248ed",
      "Value": "\"É bom ver que nossa associação deixou uma marca em você. Sim, é claro! Não estou muito feliz por termos que seguir as regras do {g|Eldest}Ancião{/g}. Você conhece minha opinião sobre os senhores feéricos não são muito altos, mas se é isso que a verdade exige, então que seja. No final, quem melhor saberia a resposta para minha pergunta, se não as divindades auto-designadas de {g|First World}Primeiro Mundo{/g}?\""
    },
    {
      "Key": "bcad88e3-23c6-414b-9be7-15f294ba8656",
      "Value": "\"Apenas pense! Temos a oportunidade de fazer uma pergunta ao Anfitrião – o mensageiro das divindades auto-designadas do {g|First World}Primeiro Mundo{/g} – e exigir uma resposta! Os gnomos originalmente se aventuraram do O Primeiro Mundo perdeu a imortalidade por causa disso e recebeu nossa maldição em troca – o {g|Bleaching}Descoloramento{/g}. Ninguém descobriu as razões para isso - e ninguém pode evitar suas consequências. Mas se conseguíssemos vencer a competição...\""
    },
    {
      "Key": "c175b454-c879-40f1-a0cb-55029a7f041c",
      "Value": "\"Você nunca sabe que idéias malucas as fadas podem ter inventado. Só conheço uma condição: somente equipes de três têm permissão para participar.\""
    },
    {
      "Key": "eb3975f2-fbb9-4c65-986b-8f95da0b4e79",
      "Value": "\"Considerando que as fadas estão envolvidos – absolutamente. Mas se as crônicas são verdadeiras, ninguém morreu em nenhum debate anterior.\""
    },
    {
      "Key": "47a35210-aecc-4cd3-8497-e3a7d68a60d4",
      "Value": "\"Ótimo! Vou marcar o local no mapa em que a competição ocorrerá. Quanto mais cedo chegarmos lá, melhor. Os senhores feéricos não vão esperar para sempre!\""
    },
    {
      "Key": "c8385683-019b-4ae2-a1d9-ed54f57bdfe5",
      "Value": "\"Seu conhecimento é – bem, agradavelmente surpreendente! É verdade, os Debates Inconseqüentes são tudo menos debates. Eles dizem que o {g|Eldest}Ancião{/g} já fez uma aposta. Ninguém sabe o que era, mas às vezes um ou outro deles envia uma delegação das fada para {g|Golarion}Golarion{/g}. Aqui eles realizam competições insanas para aqueles que se voluntariam para participar e dão aos vencedores prêmios caprichosos.\""
    },
    {
      "Key": "4a14c915-84d0-44c6-840a-7ed7afab1ed5",
      "Value": "Eu acho que devemos levar Linzi. Algo me diz que as fadas provavelmente não realizam competições de puxar cordas ou beber cerveja. Mas as habilidades de um bardo podem ser úteis. Além disso, devemos dar à jovem a chance de canalizar parte dessa energia!\""
    },
    {
      "Key": "b39d1bb4-23c7-40ae-8ade-0a617ac10cdb",
      "Value": "\"Insisto em que aproveitemos essa chance. É uma oportunidade de aprender os segredos dos feéricos e, possivelmente, alterar o destino de uma raça inteira.\""
    }
  ]
}