{
  "$id": "1",
  "strings": [
    {
      "Key": "89d5ee3d-d322-4a76-b532-b038d7965a3f",
      "Value": "\"Um lugar interessante para dormir. Pelo menos não precisamos temer a chuva. – Somente os deuses do submundo poderiam nos dizer do que devemos ter medo!\""
    },
    {
      "Key": "1b791ac3-772e-449d-b016-770a51267a1e",
      "Value": "\"Calma, mocinha! Onde está o seu otimismo? Ou pelo menos o seu amor pelo ouro? Onde quer que exista perigo, também pode haver riquezas a serem encontradas... Embora, é claro, também possamos encontrar apenas monstros, poeira e aranhas!\""
    }
  ]
}