{
  "$id": "1",
  "strings": [
    {
      "Key": "c6de8467-ec57-4aa3-8acc-a0e761d136b2",
      "Value": "\"Estou começando a me cansar do seu sarcasmo constante. Um dia minha paciência acabará, e então você se arrependerá.\""
    },
    {
      "Key": "83565d84-1b41-4057-ae29-8c5e762b3438",
      "Value": "\"Oh, o que temos aqui? Ameaças? Se você soubesse quantas delas eu já ouvi! Mas elas não valem nada. As pessoas que você realmente precisa ter medo não fazem ameaças – elas agem.\""
    }
  ]
}