{
  "$id": "1",
  "strings": [
    {
      "Key": "c6c73c45-a6ba-47cf-b360-dd482b6efd01",
      "Value": "[Atacar] \"Varrask envia seus cumprimentos.\""
    },
    {
      "Key": "a3b1d27a-a258-4a31-9ae6-bff38e5ae9a0",
      "Value": "\"Você já ouviu o nome Varrask?\""
    },
    {
      "Key": "2965cb35-df2b-4f60-ae93-aec39eddc99d",
      "Value": "\"O que esse criminoso fez?\""
    },
    {
      "Key": "cc69927e-fd2a-458d-beeb-6f85a8e0b83a",
      "Value": "[Atacar] \"Chega de conversa. Eu vim pelo seu sangue.\""
    },
    {
      "Key": "511ddb92-1da2-453a-919e-945d3f93658e",
      "Value": "\"Com um viajante comum. Esqueça de mim.\""
    },
    {
      "Key": "cd1525e8-8e91-4900-9345-ee9e9eb43ab9",
      "Value": "[Atacar] \"Eu preciso de Varrask, e ele quer o seu sangue. É tão simples quanto isso.\""
    },
    {
      "Key": "fdda44ab-c124-415c-975e-f4e1257ba63e",
      "Value": "\"Varrask está do lado certo da lei agora. Ele não machucará ninguém.\""
    },
    {
      "Key": "a1dc9fa8-4178-4694-8b79-b50d378333aa",
      "Value": "\"Me passe o mapa. Vou apontar para o malandro.\""
    },
    {
      "Key": "fe38deec-5994-4ed9-8c36-c1c3318ed71d",
      "Value": "\"Eu sou {name}, {mf|o barão|a baronesa|o rei|a rainha} dessas terras. Quem é você?\""
    },
    {
      "Key": "77eb6841-bc1f-41f8-a583-80ff743c7033",
      "Value": "\"Você deve fazer o que achar melhor.\""
    },
    {
      "Key": "34551221-3e1f-4558-8aba-b9bad23f2580",
      "Value": "{n}A garota está olhando para você com expectativa, com a mão casualmente sobre a arma. Falta à mão os dois dedos mais pequenos.{/n} \"Com quem tenho o prazer de me dirigir?\""
    },
    {
      "Key": "43c71588-0522-4a91-adc8-18b98008a342",
      "Value": "{n}A garota olha para você com desconfiança.{/n} \"Hum... o que você disser.\""
    },
    {
      "Key": "2120b876-76b3-4077-bd71-a2f5c5533eb1",
      "Value": "\"O meio-orc formou uma gangue com sua esposa, filhos e filhas. {g|Iomedae}Iomedae{/g} sozinho sabe quantas pessoas ele matou por seu dinheiro, quantos filhos ele privou dos pais... Tuda a sua família ficou banhada em sangue até que meus companheiros e eu os rastreamos e pusemos um fim à violência. Somente Varrask conseguiu escapar.\""
    },
    {
      "Key": "34d32a77-f81e-4bf2-8d0b-223a1d584f3c",
      "Value": "{n}A garota olha ansiosa para você.{/n} \"Claro, eu sei o {d|Varrask}nome{/d}. Ele é o criminoso que eu estou procurando! O que você sabe dele?\""
    },
    {
      "Key": "6ffed27b-f99c-4ad2-823e-2e8d583c2c4e",
      "Value": "{n}A garota estuda você por um momento e depois fala com arrependimento:{/n} \"Você acha que vou desistir da minha missão assim? Não vou. Eu sei que ele está vivo. Eu sei onde ele está. Ele está na sua capital, certo? Mesmo que ele não esteja lá, ele deve estar em algum lugar próximo. Vou continuar procurando até cumprir minha promessa.\""
    },
    {
      "Key": "98d873e3-218c-4d15-b0ad-857e299f4e1f",
      "Value": "{n}Ela estreita os olhos enquanto respira, como se estivesse tentando farejar Varrask.{/n} \"Obrigado. {g|Iomedae}Iomedae{/g} deve ter trazido você para mim. O maldito bastardo finalmente será punido.\""
    },
    {
      "Key": "22f316a4-0053-4e71-afd4-895ebb09f288",
      "Value": "\"Não pude deixar o criminoso sem punição e jurei persegui-lo até que um de nós caísse morto. Só aqui perdi a pista, na beira dos pântanos das {g|Stolen Lands}Terras Roubadas{/g}... Você dificilmente se interessaria por esse assunto se não estivesse envolvido. Você sabe alguma coisa sobre Varrask? Onde ele está agora? Diga a palavra e eu livrarei suas terras do bastardo.\""
    },
    {
      "Key": "ceb4761c-5a82-4f67-ba54-2c0a099ac71c",
      "Value": "\"Eu sou o inquisidor de Ultimuro, servo de {g|Iomedae}Iomedae{/g}. Estou procurando por um criminoso perigoso. Sua trilha leva às {g|Stolen Lands}Terras Roubadas{/g}. O ladino é o único membro remanescente da gangue que espalhou o terror pelas terras. Eu fiz um voto para pôr um fim à sua história sangrenta.\""
    },
    {
      "Key": "fc986f40-8ea5-4df3-8190-e46e7556d059",
      "Value": "{n}A garota suspira.{/n} \"Obrigado por não me impedir de cumprir minha tarefa. Meu pequeno feriado acabou! Varrask está em um dos assentamentos locais – e a um passo de ser preso! A hora dele chegará em breve. Adeus, {mf|Sua Graça|Sua Graça|Sua Alteza|Sua Alteza}.\""
    }
  ]
}