{
  "$id": "1",
  "strings": [
    {
      "Key": "35b07f72-7542-4bf1-aec9-3552650b7277",
      "Value": "\"O que é isso ao vivo?\""
    },
    {
      "Key": "0601d8d1-a4fd-41f7-8747-274974bf604f",
      "Value": "\"Você sabe de onde veio o 'livemetal'?\""
    },
    {
      "Key": "c0c29540-ecb0-4a50-b8fa-e3fbe02cd17a",
      "Value": "\"Obrigado pelo aviso. Eu tenho que ir.\""
    },
    {
      "Key": "9ba482b5-34d5-4ab9-a231-99ef80fb7bf9",
      "Value": "\"Sangue quente, tome cuidado! Livemetal fique no nosso caminho, mate muitos colegas Cauda Longa.\""
    },
    {
      "Key": "49098137-e9eb-48e7-b14e-36ff30f0432d",
      "Value": "\"Negro, assustador, faz muito barulho. Magias não o machucam. Ele pode se curar, muito forte.\""
    },
    {
      "Key": "986fb0c4-ad84-48fb-b88f-acabdbcd32eb",
      "Value": "\"Ele vem de um copo grande e quebrado. Com ele, vem uma sombra de sangue quente, curta, na coroa, cabelo no rosto. Entendo que o metal também é sombra! Eles vêm do passado e querem devolvê-los ao reino. Ruim quando sombras mortas\" andar. Eles querem nos atacar. As flechas Cauda Longa matam a sombra de sangue quente. Metal muito irritado com isso.\""
    },
    {
      "Key": "296f8524-9fab-4ea8-a54f-5d7ad516e2fa",
      "Value": "\"Sombra de sangue quente, traga-a, pareça com você – baixo, forte, em uma coroa. Eles saem de um copo grande e quebrado, dizem devolva-lhes o reino, nos atacam. Mas matamos a sombra de sangue quente com flechas. Metal que não matamos. Agora Bravo.\""
    },
    {
      "Key": "a97e4243-462b-4d81-aba1-77e581391555",
      "Value": "\"Eu acho isso – você aceita. Faz com que o black metal não se cure. Cauda Longa não pode derrotá-lo, mas você pode!"
    }
  ]
}