{
  "$id": "1",
  "strings": [
    {
      "Key": "63e35c88-51f8-4b68-a417-00e7be7129c7",
      "Value": "\"O duelo acabou. Valerie é a vencedora.\""
    },
    {
      "Key": "858019f7-084d-41ec-a984-97f1086e1d98",
      "Value": "\"O duelo não termina até que um dos participantes esteja morto.\""
    },
    {
      "Key": "c2fa8ac8-db45-4d6f-9248-8d70c4f45065",
      "Value": "\"Fredero conseguiu! Aquele canalha!\""
    },
    {
      "Key": "e0f9b7e9-aa6d-4bc5-b078-be17ca40126d",
      "Value": "\"Deixe-me curá-la.\""
    },
    {
      "Key": "5f8e862a-5be5-45c1-ad2d-633066acf32b",
      "Value": "\"Oh não! Seu lindo rosto!\""
    },
    {
      "Key": "9abf0463-0a44-4ffa-ac68-db8c6c9f2bcc",
      "Value": "{n}Fredero se ajoelha pesadamente sobre um joelho, chiando e resmungando.{/n} \"Certo... Você sempre foi melhor... lutando do que... evoluindo seu espírito e caráter...\""
    },
    {
      "Key": "8e9bac1e-2fbe-4a55-a4df-1cb118fe6e72",
      "Value": "{n}Valerie está de pé sobre seu adversário derrotado, segurando sua arma. Ela momentaneamente tira os olhos de Fredero, inclina-se diante dele e olha para você.{/n}"
    },
    {
      "Key": "525a2956-b5d6-4f98-ac6a-169a13c9d9fa",
      "Value": "{n}Fredero dá um passo atrás e embainha a arma.{/n} \"Parece que tudo está no seu lugar, não é? Você pode ser insolente com quem você quiser, desde que seja considerada uma garota, Valerie... mas agora você terá que responder por todas as coisas estúpidas que você disse com orgulho ou em momentos quentes.\""
    },
    {
      "Key": "39a9c769-998d-4037-8449-aa98316121df",
      "Value": "\"Estou satisfeito com o resultado deste duelo. Não vejo motivos para ficar aqui, incomodando os donos deste posto comercial e {mf|o barão|a baronesa|o rei|a rainha}. Com muita tristeza, continuarei meu caminho sem Valerie, que a partir de agora não tem o direito de retornar à Ordem de Shelyn, a Rosa Eterna, devido a suas transgressões.\""
    },
    {
      "Key": "0f4eabd2-8b70-4282-92db-34fe5b0a09ac",
      "Value": "\"Eu não vou mais incomodá-lo. Meus cumprimentos, Sua Graça. Valerie...\" {n}Fredero para de repente.{/n} \"Adeus.\""
    },
    {
      "Key": "d89d203d-7e58-4d69-adb4-fb232f0f5575",
      "Value": "{n}Valerie abaixa a arma com alívio óbvio.{/n} \"Chega, Fredero. Você conseguiu o que queria. Deixe as terras d{mf|o barão|a baronesa|o rei|a rainha}... e minha vida. Para sempre.\""
    },
    {
      "Key": "ce72c5cd-1f1b-4a74-9e47-36d70fc886e3",
      "Value": "\"Queridos deuses... Seu rosto, Valerie!\""
    },
    {
      "Key": "02605a0f-67cb-47fe-89c1-a83c37be27ba",
      "Value": "\"O quê? Tem alguma coisa...\" {n}Valerie toca a ferida que cruza seu rosto e olha o sangue em seus dedos – mais perplexa do que assustada.{/n}"
    },
    {
      "Key": "2aa5191e-0943-4926-b84a-fb6be3e5cdcf",
      "Value": "{n}Valerie balança a cabeça.{/n} \"Estranho... eu não me lembro de receber esse golpe. Nem um pouco...\""
    },
    {
      "Key": "71058e7b-f918-452e-b8e8-ab3a841e3bc9",
      "Value": "{n}Valerie limpa os dedos na bainha de suas roupas com desdém.{/n} \"Por favor, {name}! Ainda não tive a chance de descansar após as manifestações infelizes de Fredero sobre minha preciosa beleza – não ecoem ele!\""
    },
    {
      "Key": "98cad99d-1f5f-4d02-b013-5952e42a62f4",
      "Value": "{n}Ela toca a ferida novamente, estremece e finalmente acena.{/n} \"Não é nada. Eu nem sinto nenhuma dor. Apenas fadiga. Guarde sua pena por alguém que está realmente ferido. E eu... só preciso descansar. E me lavar depois de todas essas conversas sobre {g|Shelyn}Shelyn{/g}.\""
    },
    {
      "Key": "0babd96b-66c9-447d-9c14-9d146f8292b9",
      "Value": "\"Louvada seja {g|Sarenrae}Sarenrae{/g}, a batalha terminou sem vítimas! Certo? Foi isso?\""
    },
    {
      "Key": "6dd0f52a-a733-4be3-a64d-1fc104fd6407",
      "Value": "\"Muita conversa. Chega. Deixe-a.\""
    },
    {
      "Key": "9370ee79-068e-4035-8473-bfc2cdec7822",
      "Value": "\"Caramba! Isso cortou bem!\""
    },
    {
      "Key": "3290268e-2bf3-4904-a140-253ff9c3d499",
      "Value": "\"Você não mostra medo aos que nascem baixos... Comportamento digno.\""
    }
  ]
}