{
  "$id": "1",
  "strings": [
    {
      "Key": "dcd0eee1-d0fa-4051-8125-491049fe0d62",
      "Value": "\"Como você sabe que eles são da Irmandade Tática?\""
    },
    {
      "Key": "3caa92d7-80e0-4624-84a1-b2d04430d299",
      "Value": "\"O que você está planejando?\""
    },
    {
      "Key": "8a0ab2e2-d842-4d8d-b48c-c819932bd466",
      "Value": "\"Tudo bem. Vamos descobrir o que a Irmandade Tática está fazendo aqui.\""
    },
    {
      "Key": "59358409-db01-41b5-914d-217ecf555d6a",
      "Value": "\"Eu já tenho problemas o suficiente, sem nenhum feiticeiro numeriano. Guardas! Desça à taberna e jogue esse espião para fora da cidade.\""
    },
    {
      "Key": "bbf4fe6b-b0fb-4171-9728-3b08147ed015",
      "Value": "\"Se eles voltarem, os guardas os expulsarão novamente. Deixe o passado no passado – temos problemas mais urgentes.\""
    },
    {
      "Key": "abc1dacc-a49c-4ec3-9349-9fd7cf8726d0",
      "Value": "{n}Octavia e Regongar trocam um olhar e os dois começam a conversar ao mesmo tempo.{/n}"
    },
    {
      "Key": "ebede17d-3f6b-4796-b4ff-9a0997865fb1",
      "Value": "\"Você acha que...\""
    },
    {
      "Key": "dd67a5e5-74c9-4a3e-91f2-b6cd36a40797",
      "Value": "\"Nós...\""
    },
    {
      "Key": "ca3c033c-68ed-4b2d-8150-f4a5f20a98bd",
      "Value": "\"Sabíamos que a {g|Technic League}Irmandade Tática{/g} não iria apenas nos deixar ir!\""
    },
    {
      "Key": "353e0860-0ab1-48ae-b279-948b6e01f2d0",
      "Value": "\"E eles mandaram o agente deles aqui para a capital! Agora isso é imprudência!\""
    },
    {
      "Key": "51c91e1f-bd8c-458e-a733-f33aaa0ac932",
      "Value": "\"Ele está sentado em uma taberna, pagando com {g|Numeria} Numerianas{/g} e perguntando sobre Reg e eu o dia todo. Mesmo que ele não esteja espionando a {g|Technic League}Irmandade Tática{/g}, com certeza temos algumas perguntas para ele!\""
    },
    {
      "Key": "09fbf732-a6dc-4b4c-8430-f7daac826e7b",
      "Value": "\"É Kalannah – o desgraçado que você {d|OctReg Kalannah Alive} soltou{/d} depois que você nos salvou dela! Ela está sentada na taberna bebendo cerveja como se nada tivesse acontecido! Ela acha que ninguém a reconhecerá?\""
    },
    {
      "Key": "dfee8315-3206-4c60-a249-d1159b9641ee",
      "Value": "\"Ou talvez ela espere que alguém o faça. De qualquer maneira, temos que conversar com ela.\""
    },
    {
      "Key": "0dec0da1-2efe-4b90-9330-2b9db2302606",
      "Value": "\"O que você acha? Depois de conseguir alguém de fora, não é tão difícil conseguir algumas informações com eles...\""
    },
    {
      "Key": "51c4d4fe-1959-4bc4-9a93-09b480b2ebc7",
      "Value": "\"Reg, isso pode esperar. Eu gostaria de começar com um bate-papo, tentar descobrir exatamente o que eles planejaram. Eles não enviavam apenas um agente. E onde quer que os amigos estejam escondidos...\""
    },
    {
      "Key": "f0802ab0-6ea7-4af5-aabb-d03fb4aaace5",
      "Value": "\"É aí que vamos encontrar o peixe grande!\" {n}Regongar bate com o punho na palma da mão com um sorriso.{/n}"
    },
    {
      "Key": "efae37b4-80ed-49c7-8780-3acfb480a3b8",
      "Value": "\"Espere, você não entende? Eles vieram aqui por um motivo – para nós! E isso significa...\" {n}Regongar fecha os punhos.{/n} \"O Maestro Janush também deve estar aqui! Este é o nosso chance de vingança!\""
    },
    {
      "Key": "444edd62-00d7-4a61-af76-e48a54437dfa",
      "Value": "\"Regongar está certo – eles estão aqui para nós. Mesmo que perdoássemos Janush de repente e nos esquecessemos de vingança, a {g|Technic League}Irmandade Tática{/g} nunca nos deixará em paz. Eles continuarão chegando, de novo e de novo, atacando a nós e a quem gostamos. Vamos lidar com eles de uma vez por todas!\""
    },
    {
      "Key": "68bda455-c3f0-4ba1-a086-35240f3bbfbf",
      "Value": "\"Ótimo!\""
    },
    {
      "Key": "76d8c5e2-9378-45f9-9109-a2a6611ce7cc",
      "Value": "\"Vamos esperar por você na taberna.\""
    },
    {
      "Key": "98a0eddc-d5bf-4bc7-8fc5-8961010b5039",
      "Value": "{n}Regongar olha furiosamente por um longo momento antes de virar e sair da sala.{/n}"
    },
    {
      "Key": "dc4518ad-691f-4b89-924b-9129bbf0456d",
      "Value": "\"Você pode estar certo... mas acho que não é tão fácil deixar passar um passado como o nosso. E definitivamente não vai nos deixar ir...\""
    }
  ]
}