{
  "$id": "1",
  "strings": [
    {
      "Key": "20894009-b202-48e2-b629-0cc945e33cc5",
      "Value": "[Atacar] \"Você pagará pelo que fez!\""
    },
    {
      "Key": "01da189d-7310-417c-b40e-81644bde0705",
      "Value": "[Atacar] \"É minha vontade que você morra!\""
    },
    {
      "Key": "5dcd4106-9425-488e-a363-d57a058f5c78",
      "Value": "\"Quem é você? Que tipo de ritual você planeja realizar aqui?\""
    },
    {
      "Key": "73bd0545-4d9d-47b3-9e6c-3e86a8c261b0",
      "Value": "\"Por que eu?\""
    },
    {
      "Key": "83bba604-5244-4744-9bb3-219cef435503",
      "Value": "\"Eu não vou participar do seu ritual nojento!\""
    },
    {
      "Key": "407a3304-119d-4506-84c1-9ba67987b6d6",
      "Value": "\"Quem é Abraxas?\""
    },
    {
      "Key": "7a0a3797-4aa5-4d04-a28e-4b2807844291",
      "Value": "\"Estou pronto para me tornar o vaso da sabedoria de Abraxas.\""
    },
    {
      "Key": "29b94b01-4ad3-404f-a872-dd4ceefc9697",
      "Value": "\"Você é culpado de seqüestro e morte de crianças recém-nascidas!\""
    },
    {
      "Key": "9b61a1ac-19d0-4899-8837-11dd177c14b0",
      "Value": "\"Estou saindo agora.\""
    },
    {
      "Key": "71191071-8e29-4e57-9924-17738ff66b17",
      "Value": "\"Tudo bem, vou aceitar o presente de Abraxas.\""
    },
    {
      "Key": "41bf1e93-e118-4cf2-bf0c-b67d2bc968f3",
      "Value": "\"Eu não vou participar dessa imundície.\""
    },
    {
      "Key": "bff17b5e-19d4-4fba-9825-7919e2a24c15",
      "Value": "\"Você finalmente veio, o Nomeado.\""
    },
    {
      "Key": "90553755-ec7e-4c6a-be65-c24383987ea2",
      "Value": "{n}O elfo olha para você com expectativa, e fala quase impaciente.{/n} \"Estamos prontos. Comande-nos a começar, e cumpriremos a vontade de nosso mestre, o Nomeado. O ritual que ligá-lo ao Abraxas pode ser realizado a qualquer momento.\""
    },
    {
      "Key": "5fbd0da9-3ab8-447f-8688-2e4bd871dfb4",
      "Value": "\"Você foi escolhido pelo próprio Abraxas. Os sinais nos mostraram o caminho. Suas ações são uma prova para quem tem olhos para ver: aqui é aquele que não conhece limites! Aqui está o navio digno do conhecimento proibido, possuído pelos mais negros e cruéis de demônios. Contos de sua glória chegaram a Abraxas – e ele nos levou aqui para preparar o ritual e aguardar sua vinda.\""
    },
    {
      "Key": "9c91b04c-99b0-4abe-97c4-8a88ff50bbb2",
      "Value": "{n}O elfo abaixa a cabeça.{/n} \"Você brinca conosco, o Nomeado. Nós somos as mãos de Abraxas, Mestre do Encantamento Final e guardião do conhecimento proibido. Somos os que liderarão o caminho para os Nomeados, que incorporarão a sabedoria de nosso senhor.\""
    },
    {
      "Key": "a48939f1-5672-4b04-92ef-5775df2958ee",
      "Value": "\"O grande senhor do {g|Abyss}Abismo{/g}, mais antigo que o próprio mundo. Testemunha da história, ele descobriu mistérios enterrados há muito tempo sob as cinzas dos tempos. Sua mente armazena o conhecimento proibido que ele está pronto para compartilhar isso com seus escolhidos – aqueles que não têm medo de seu presente. E ele escolheu você, o Nomeado.\""
    },
    {
      "Key": "e27b7652-619b-4335-8eda-274a1e62e73e",
      "Value": "\"Pois essa é a vontade do nosso senhor.\" {n}O elfo suspira, como se estivesse reunindo suas forças.{/n} \"Não devemos perder tempo: preparamos para sua chegada, o Nomeado. Estamos prontos. Você está?\""
    },
    {
      "Key": "9bf626f0-8b15-4732-9c40-059b9e1bef98",
      "Value": "{n}O elfo olha para cima, sua voz está tremendo de antecipação.{/n} \"Então entre no círculo mágico, o Nomeado, e aceite seu destino!\""
    },
    {
      "Key": "08119cdf-7d8d-4ee2-8d1a-9e29bc7b3bd1",
      "Value": "\"Não existe alma mais negra que a sua em tode Avistânia. Você veio aqui seguindo a trilha do sangue inocente. Você está pronto para aceitar o presente de Abraxas. Assim que começarmos a ler a magia, entre no círculo – e sua mente irá torne-se um vaso de poder desconhecido para todos os Golarion! O próprio Abraxas compartilhará sua sabedoria com você e concederá a você conhecimento que outros mortais só podem sonhar!\""
    },
    {
      "Key": "39b261d1-b8ea-41c2-9b41-012059c31a24",
      "Value": "{n}O elfo assobia por entre os dentes.{/n} \"Falso profeta! Vamos lavar esse insulto com seu sangue!\""
    },
    {
      "Key": "d3a7561d-881d-4b73-bcc0-1dcb971d3999",
      "Value": "{n}A luz em seus olhos diminui e sua mente se enche de uma torrente horrenda de barulho, que ameaça quebrar seu crânio por dentro. Você tenta se mover, mas seu corpo se recusa a obedecer. Você está limitado pela vontade de outra pessoa. Através da dor insuportável que pulsa em suas têmporas, você sente uma presença estranha e sombria.{/n}"
    },
    {
      "Key": "494bb54f-266b-4d06-867b-633716c75967",
      "Value": "\"Você não pode simplesmente se afastar do seu destino, o Nomeado. Aceite o seu destino – ou pague pelo seu engano com sangue!\""
    },
    {
      "Key": "9c81bdd2-fcee-4605-995d-348c164a063a",
      "Value": "{n}O barulho ensurdecedor começa a desaparecer e a dor em seus templos diminui. Você percebe ecos de pensamentos e conhecimentos estranhos em idiomas que você não fala, muito complexos e estranhos para você compreender. Por fim, você sente o toque de despedida do ser maligno que apenas um momento atrás o possuía totalmente. A mente estranha, tendo concedido seu presente a você, deixa você com sua mensagem final.{/n}"
    },
    {
      "Key": "31df1d0b-23c1-4e29-a747-6b777c588168",
      "Value": "\"...mate todos...\""
    }
  ]
}