{
  "$id": "1",
  "strings": [
    {
      "Key": "a9acf1ce-2519-4275-89fb-b029f0634465",
      "Value": "\"Morrer em batalha é uma verdadeira honra.\""
    },
    {
      "Key": "18e84e05-bc7e-4d69-8d27-5e2f565d3980",
      "Value": "\"Não há morte melhor do que a morte na batalha.\""
    },
    {
      "Key": "c54cdfd8-42c0-4707-8e87-8c5fd684da7f",
      "Value": "\"A morte chega a todos nós. A verdadeira questão é como vivemos – com honra ou com vergonha.\""
    },
    {
      "Key": "fa9f44fe-3cce-48bc-9a64-43a1a5ca618e",
      "Value": "\"Uma vez eu procurei a morte. Não mais. Algo mudou.\""
    },
    {
      "Key": "e792ad9e-8777-4a20-84a2-3fc67f04c152",
      "Value": "\"Confesso, não entendo esse sentimento. Morte significa dor e separação dos entes queridos. Por que alguém deveria se sentir bem com isso?\""
    },
    {
      "Key": "f3a68b54-0a18-4e55-aea4-00381b75402d",
      "Value": "\"Bem, pode ser uma honra para a pessoa morta. Mas ainda me deixa triste!\""
    },
    {
      "Key": "f47c96fa-b12a-4e20-a8da-5fa541349956",
      "Value": "\"Não há nada de bom na morte. Palavras heróicas não podem curar feridas. Elas apenas entorpecem a dor.\""
    }
  ]
}