{
  "$id": "1",
  "strings": [
    {
      "Key": "d286bd16-7eb6-4fc4-b39c-16c16a1c5e77",
      "Value": "\"Uma cruzada inteira deve estar perseguindo você! Ninguém gosta de mortos-vivos, especialmente quando eles são tão insolentes quanto você!\""
    },
    {
      "Key": "b3f6dda1-ee5a-4f6e-bd1c-d20725cda886",
      "Value": "\"E metade da Irmandade Tática está caçando você. – Mas e daí? Eu posso não gostar de você, mas alguém tolo o suficiente para perseguir nosso grupo morrerá no instante em que nossos caminhos se cruzarem.\""
    }
  ]
}