{
  "$id": "1",
  "strings": [
    {
      "Key": "0e90b4ce-6216-4765-8887-e5fb0e5063d0",
      "Value": "\"Por que os Senhores das Espadas se importariam com Varnhold?\""
    },
    {
      "Key": "5bc42616-17a9-4d5f-bd40-dbfe32cb1c8d",
      "Value": "\"O que sabemos de Varnhold?\""
    },
    {
      "Key": "5c583cd8-3ed0-4a4d-bd52-1418336d463c",
      "Value": "\"E por que devo largar tudo e me apressar para ajudar os Senhores das Espadas? Suponho que essa pergunta seja melhor dirigida a Senhora Aldori. Prepare a carta e envie-a imediatamente – não vou deixar que alguns novatos de Restovic me digam o que fazer, como se Eu era um servo.\""
    },
    {
      "Key": "c1e36225-c8ea-4c04-9e44-8aba96abe0b9",
      "Value": "\"Varnhold não está muito longe. Devemos descobrir o que aconteceu lá antes que o mesmo destino nos aconteça também.\""
    },
    {
      "Key": "ac33eb90-36eb-4ffe-93b5-b160a0a1383d",
      "Value": "\"O que você acha que aconteceu com Varnhold?\""
    },
    {
      "Key": "65e191f8-2457-4d15-b9a7-51cf2638a57d",
      "Value": "\"Talvez Varn tenha simplesmente decidido parar de lidar com Restov?\""
    },
    {
      "Key": "ba81152e-4e23-4162-bb75-c72e94849776",
      "Value": "\"Sua Graça, temos notícias urgentes de Jamandi Aldori! O Senhor das Espadas está pedindo ajuda com um problema incomum. Aqui está {g|JamandiVarnholdTrouble} sua carta{/g} – leia-a quando tiver um momento.\""
    },
    {
      "Key": "fa358e07-0270-4a56-9c19-79ab6ef93c6c",
      "Value": "\"Saudações, Sua Graça. Tenho {g|JamandiVarnholdTrouble} uma mensagem urgente{/g} de Jamandi Aldori. Parece que os {g|Swordlords}Senhores das Espadas{/g} – novamente – provaram sua incapacidade de governar seus súditos. Veja você mesm{mf|o|a} - aqui está a mensagem de Jamandi.\""
    },
    {
      "Key": "eb650d79-dfaf-4e67-9a01-52913623ec2b",
      "Value": "\"Trago notícias em boa medida – e ruins. Quanto ao bem, parece que o Senhor das Espadas {g|Restov}Restov{/g} Jamandi Aldori nos honra com sua atenção. Ela escreveu uma bela {g|JamandiVarnholdTrouble}carta{/g} para você. As más notícias? Ela quer que sejamos dignos de tal reconhecimento.\""
    },
    {
      "Key": "cbf082d5-5904-4f05-a7c2-da36b9de314d",
      "Value": "\"Ela escreve que faz temnpo que parou de receber relatórios de {g|Varnhold}Varnhold{/g} – um baronato vizinho, estabelecido pelo protegido dos Senhores das Espadas, {d|Varn}Maegar Varn{/d}. Mas não são apenas cartas que pararam de chegar – comércio de caravanas, mensageiros, todo o tráfego de Varnhold cessou. É como se o baronato tivesse simplesmente desaparecido.\""
    },
    {
      "Key": "467267f9-a9cc-48fa-b99b-bd525d3f9a63",
      "Value": "\"Jamandi Aldori espera sua ajuda nesse assunto, pois ela conhece suas boas relações com Maegar. Ela pede que você vá a {g|Varnhold}Varnhold{/g} e descubra por que eles ficaram em silêncio.\""
    },
    {
      "Key": "29a3068a-0ef9-4987-930c-c27f0f1db46f",
      "Value": "\"Jamandi Aldori procura aliados com qualquer um que tenha se mostrado confiável – mesmo que seja um pouco. Considerando que {g|Varnhold}Varnhold{/g} é a coisa mais próxima de um posto avançado na margem leste dos {g|River Kingdoms}Reinos Fluviais{/g}, também é útil para ela ficar de olho em {g|Dunsward}Dunsward{/g} e na área circundante.\""
    },
    {
      "Key": "9fb0140e-fe28-4af1-95ac-eb24740ae454",
      "Value": "\"Agradeço sua determinação em resolver questões diplomáticas – embora, na minha opinião, você possa desejar um pouco mais redigir suas palavras. Vou enviar a carta para {g|Restov}Restov{/g} imediatamente.\""
    },
    {
      "Key": "70b2889d-85a3-4be2-bcbc-57615119cbd7",
      "Value": "\"Esse baronato é muito parecido com o seu. Também foi estabelecido por um mercenário, {d|Varn}Maegar Varn{/d}. Ele conseguiu o título no mesmo evento que você.\""
    },
    {
      "Key": "b682fa72-3ce2-4238-87ea-f5a3d36da83f",
      "Value": "\"Então é hora de reunir um grupo e ir para {g|Varnhold}Varnhold{/g}, Sua Graça.\""
    },
    {
      "Key": "ebc3a856-8dee-48da-98cb-f40b757e8df0",
      "Value": "\"{d|Varn}Maegar Varn{/d} é o terceiro ou quarto filho da família, então ele não podia reivindicar a Linhagem De seu pai. Parece que ele esperava estabelecer um acordo próprio e ganhar riqueza e prosperidade dessa maneira.\""
    },
    {
      "Key": "dd930a13-1afb-400a-a998-7bf86456601f",
      "Value": "\"Hmmm... uma revolta? Uma rebelião? Mas se fosse esse o caso, haveria refugiados. O que aconteceu lá, deve ter sido repentino – talvez um ataque de bandidos, bárbaros, uma praga... seja lá o que fosse, ninguém fora de {g|Varnhold}Varnhold{/g} parece saber o que aconteceu.\""
    },
    {
      "Key": "5ac54445-2088-4991-be8f-97f70f6f1c5b",
      "Value": "\"A julgar pela carta de Aldori, o silêncio não parece voluntário. Caso contrário, pelo menos uma pessoa teria chegado a um vizinho e falado sobre o que havia acontecido lá.\""
    },
    {
      "Key": "a767dd3d-2943-4c82-831b-4950d52b1a78",
      "Value": "\"Você realmente sabe como falar com aqueles insolentes {g|Swordlords}Senhores das Espadas{/g}! Vou apenas seguir em frente e adicionar algumas linhas minhas à sua carta.\""
    },
    {
      "Key": "ca272084-50b1-4c54-8391-41a6d0feb38a",
      "Value": "\"Como você ousa, {mf|barão|baronesa}?! Você deve muito a Senhora Jamandi, mas a retribui com insultos? Tudo bem, vou compor a carta, apesar de usar expressões mais brandas – quanto a você, você deve resolver o mistério de {g|Varnhold}Varnhold{/g}!\""
    },
    {
      "Key": "50f2f9c7-d0c1-43b5-a7b0-4cee012c9523",
      "Value": "\"Senhora Aldori pede que você vá para {g|Varnhold}Varnhold{/g} de uma só vez – é um baronato liderado por {d|Varn}Maegar Varn{/d}, uma alma corajosa que cortou o assentamento do deserto. Até recentemente, ele ansiosamente... e freqüentemente... transmitia aos {g|Swordlords}Senhores das Espadas{/g} seus muitos sucessos, mas as cartas cessaram repentinamente. Como você pode esperar, isso é motivo de preocupação!\""
    },
    {
      "Key": "c1af8cd6-e9f1-41eb-8b71-55d020a49d26",
      "Value": "\"Lembre-se do irritante {d|Varn}Maegar Varn{/d}, que não parava de incomodá-lo? Parece que ele se cansou da coleira de Aldori, então ele parou de responder às cartas dos {g|Swordlords}Senhores das Espadas{/g} Mas Varn, por si só, não suscitaria tanta preocupação – de acordo com a carta, o próprio acordo parece ter desaparecido!\""
    }
  ]
}