{
  "$id": "1",
  "strings": [
    {
      "Key": "8f6f52b9-8c25-4a7c-81e3-3638cbe84a45",
      "Value": "\"Eu pensei que professores super inteligentes como você nem se importam sem uma multidão de guardas armados. Esqueça uma expedição às Terras Roubadas!\""
    },
    {
      "Key": "a394634e-6090-4951-bfd0-905c0086cd37",
      "Value": "\"Sim, eu tenho que admitir, vir aqui pode não ter sido minha melhor idéia. Embora as anotações que fiz durante nossas viagens sejam bastante valiosas. Seria uma pena que eles nunca vissem a luz, porque seu autor terminou sua jornada no estômago de um troll.\""
    }
  ]
}