{
  "$id": "1",
  "strings": [
    {
      "Key": "c77657c3-a0c3-443f-915a-584e1ccaadf4",
      "Value": "\"Por que não temos carne fresca hoje?\""
    },
    {
      "Key": "3118c40d-7166-4c29-9f5d-741cfce2662f",
      "Value": "\"Eu não entendi. Por que ninguém está caçando um pouco de carne?!\""
    },
    {
      "Key": "13d7ee1b-760b-451d-a793-4638b318e640",
      "Value": "\"Ninguém quer caçar. Isso inclui eu. Você pode fazer isso sozinho, se quiser.\""
    },
    {
      "Key": "a4803caf-6884-4c20-9005-d95171d8e227",
      "Value": "\"Temos alguns pacotes de ração armazenados, Amiri. Não devemos nos expor ao risco vagando aqui sozinhos.\""
    },
    {
      "Key": "0e35faa6-bce2-4f49-be74-dd4a7830201c",
      "Value": "\"Sleeeeepy Soooo!\" [Bocejos Octavia profundamente]"
    },
    {
      "Key": "67b5a2f9-e142-4874-b66d-e1dfce772c84",
      "Value": "\"Oh, eu adoraria um pouco de carne! Eu iria, mas não sou boa como caçadora...\""
    }
  ]
}