{
  "$id": "1",
  "strings": [
    {
      "Key": "c6b0bb05-d310-4a7d-92fc-da1dcf89cc93",
      "Value": "\"Você parece realmente odiar Irovetti. Por que isso?\""
    },
    {
      "Key": "202e3fd2-496d-4c88-857a-82e6601ee84d",
      "Value": "\"O que você quer de mim?\""
    },
    {
      "Key": "311a7f90-ef18-4b39-aaef-1e68bcd4107f",
      "Value": "\"Vou pensar na sua proposta.\""
    },
    {
      "Key": "23d7a402-f43a-43af-b057-39a3b9c49d5f",
      "Value": "\"Eu não farei nenhum acordo com você.\""
    },
    {
      "Key": "0b2fab91-3fbe-45c5-b6cb-e010d3d63b88",
      "Value": "\"Eu tenho que ir.\""
    },
    {
      "Key": "3f5a7c0e-f009-48f5-9cfa-b393799e496e",
      "Value": "[Atacar] \"Você sabe o que eu faço com casacas?\""
    },
    {
      "Key": "9c1adb90-a59c-4637-b1aa-dd337fa735dc",
      "Value": "\"Qual artefato?\""
    },
    {
      "Key": "ec1b88c9-ee50-4407-a319-2ea13e138a13",
      "Value": "\"Acordo. Ajude-me a despertar os bardos para se rebelar contra Irovetti, e eu farei de você o novo administrador da Academia.\""
    },
    {
      "Key": "fe7c2263-b3dc-4abd-8470-3d6143992c98",
      "Value": "\"Até agora você serviu Irovetti lealmente, trabalhando contra mim, como Atalia. Por que devo confiar em você agora?\""
    },
    {
      "Key": "c5aeded4-4988-4a10-8444-4647e2f372bd",
      "Value": "\"Como estão as coisas na Academia?\""
    },
    {
      "Key": "e79a47cd-e7fa-4217-ae8f-2175a5f21604",
      "Value": "\"Eu tenho que ir.\""
    },
    {
      "Key": "e0bdbb11-3942-4c91-ae7a-9ee0c89e81db",
      "Value": "{n}{d|Annamede}Annamede{/d} Belavarah, o mais célebre de todos os bardos {g|Pitax}pitaxianos{/g}, se aproxima de você com um sorriso doce.{/n}"
    },
    {
      "Key": "c051c22f-d460-4269-a87f-7175f953eb18",
      "Value": "\"Pela mesma razão, ele é odiado por toda garota ou menino {g|Pitax} pitaxiano{/g} que teve a sorte de chamar a atenção do porco fedorento! Ele não aceita 'não' como resposta. A cidade inteira é seu harém pessoa!\""
    },
    {
      "Key": "0ed4c33d-c098-49eb-b73c-f0cb69647ca7",
      "Value": "\"Quando ele falhou em me seduzir, ele tentou me comprar. E quando ele não me comprou, ele tentou me pegar à Força. Quando ele falhou nisso, ele tentou me encantar usando um artefato estranho. Elogio {g|Calistria}Calistria{/g}, a mágica não funcionou, mas... Juro pela Deusa, o que não daria para me vingar! Por mim e por inúmeros outros menos afortunados!\""
    },
    {
      "Key": "c1f10706-80e7-4544-ba57-b1cb52eeb3e9",
      "Value": "\"Eu tenho uma proposta de negócios para você. Tenho influência no {g|Pitax}Pitax{/g}. Se eu despertar os alunos da {g|Academy of Grand Arts}Academia{/g} para me rebelar contra Irovetti, não alguém ouvirá aquela velha bruxa Atalia. São algumas centenas de meninos e meninas saudáveis, muitos dos quais praticam magia. Confie em mim, você prefere que eles lutem por você, não contra você.\""
    },
    {
      "Key": "7cda1292-3ed8-4050-a585-5a4a48faadb4",
      "Value": "\"E em troca... Em troca, peço que você mantenha aberta a {g|Academy of Grand Arts}Academia{/g} depois de ganhar a coroa e me faça seu novo administrador. Lidar?\""
    },
    {
      "Key": "2a0b89ef-f563-40f6-8bc8-1ed9a9deefae",
      "Value": "\"Esperar!\""
    },
    {
      "Key": "2c2df651-280f-41b5-a97f-98835ee87ee8",
      "Value": "\"Pense rápido. As nuvens se aproximaram. A tempestade logo estará sobre nós!\""
    },
    {
      "Key": "bdfe7eb3-6bf2-43fc-993c-07b266a9bb75",
      "Value": "\"Como desejar, Alteza. Receio que você se arrependa dessa decisão...\""
    },
    {
      "Key": "fa60152b-6abf-46e1-b861-a1c8e292db24",
      "Value": "\"Grande erro!\" {n}Annamede desaparece no ar.{/n}"
    },
    {
      "Key": "622794d1-5749-4bc9-85bd-19a253552692",
      "Value": "\"Bem, Alteza? Você tomou sua decisão?\""
    },
    {
      "Key": "952dc42b-9df1-4f2a-a354-103d4da4bcba",
      "Value": "\"Eu não sei. Era como um pedaço de madeira, ou talvez uma espada de madeira... eu realmente não quero falar sobre isso, me perdoe. Mas, em poucas palavras, o porco me convidou para outro jantar romântico, me esgueirou por trás e me cutucou nas costas com esse bastão. Não sei o que ele esperava, mas não funcionou. Percebi imediatamente que ele estava tentando me enfeitiçar e fui consumido com tanta raiva que nunca senti em toda a minha vida. Tenho vergonha de recordar a cena que fiz – gritei, virei por cima da mesa, joguei vinho nele... Há-ha, quer saber? Eu não tenho nem um pouco de vergonha! O olhar de seu focinho com a barba por fazer pingando vinho – é a minha única lembrança agradável de toda a noite!\""
    },
    {
      "Key": "f512eebd-f108-48f6-a7eb-e2543096eec8",
      "Value": "\"Apenas ouça ela! Imagine – leal ao rei por tantos anos, mas quando o trono dele começa a balançar, a consciência dela magicamente acorda!\""
    },
    {
      "Key": "cee063f1-0f3c-42bd-b835-afd1ae605349",
      "Value": "\"Apenas ouça. Como ela é leal ao seu protetor! Quanto ela e seus alunos devem a ele! É nojento ouvir essa criatura covarde rastejando para seu mestre!\""
    },
    {
      "Key": "2e95b598-bac5-4cf8-8fa4-06aaa3444f42",
      "Value": "\"Eu tenho uma proposta de negócios para você. Permita-me liderar a rebelião dos estudantes da {g|Academy of Grand Arts}Academia{/g} contra Irovetti. Vou lidar com isso muito melhor do que esta velha bruxa covarde, que nunca tocou em uma espada em sua vida. Vou liderar os bardos para a batalha - e vou convencê-los de que você é seu patrono, uma verdadeira torre de força.\""
    },
    {
      "Key": "f3f839f4-c494-48fa-9e85-374c9dac834d",
      "Value": "\"Você não vai se arrepender! Vamos encontrá-lo em frente ao palácio. E agora devo falar com os estudantes.\""
    },
    {
      "Key": "0714158c-60bf-4f9c-907e-2dc76789ae0c",
      "Value": "\"Não existe lealdade. Eu deveria saber – afinal, fomos nós, bardos, quem o inventamos. É um conto de fadas que os governantes dizem aos tolos ingênuos, para fazê-los trabalhar de graça e morrer pelos interesses de outra pessoa, todos com sorrisos felizes no rosto.\""
    },
    {
      "Key": "86b02303-d78d-4bb0-9fce-95aa2481d1cf",
      "Value": "\"O acordo que estou propondo me coloca em risco, não você. Eu raramente faço essa oferta – fazer um trabalho antecipadamente sem qualquer garantia de sua parte, além da sua palavra, é claro. É um risco terrível – mas Estou pronto para ter uma chance de vingança. Você, por outro lado, não arrisca nada.\""
    },
    {
      "Key": "a178c030-7f13-48c4-87fa-cad7113be2ed",
      "Value": "\"Ah, Sua Alteza! Que bom que você se lembra de seus súditos leais! A que devemos o prazer?\""
    },
    {
      "Key": "cf8dc925-2e62-4317-99de-8e14e1bb2f8c",
      "Value": "\"Tenha uma boa viagem, Alteza!\""
    },
    {
      "Key": "fb4860e2-5560-4c5d-a4a9-8de5440a4b94",
      "Value": "\"Mais divertido em alguns aspectos, mas um pouco mais disciplinado em outros. Expulsei os bajuladores sem talento que o rei anterior amava tanto. É claro que a Academia da Academia de Grandes Artes não seria sem seus bajuladores, mas só mantive aqueles que conhecem outras artes além do roubo de informações. Contratei artistas que sabem se divertir e não apenas elogiar seus governantes.\""
    },
    {
      "Key": "30aa4433-e40b-451f-9553-5a79621f6d56",
      "Value": "\"Você está certo em pensar que precisaríamos de tais aliados! Nem todo mundo teria coragem de apostar tudo em vingança. Você tem meu respeito, Maestro! Que {g|Calistria}Calistria{/g} o ajude!\""
    },
    {
      "Key": "71bd942c-0481-4397-9ea6-9d9bea46dca2",
      "Value": "{n}Annamede sorri, satisfeito.{/n} \"'A vingança está acima da justiça, pois quem faz justiça serve a todos, mas quem faz vingança – apenas a si mesmo'... O que você não reconhece? 'O Livro da Alegria', as sagradas escrituras de nossa Senhora Calistria.\""
    },
    {
      "Key": "ca8b2472-8f27-45f2-8c30-be72d3010e64",
      "Value": "\"Na verdade, não sou muito leitor. Estudei os ensinamentos de nossa {g|Calistria} Senhora{/g} mais em primeira mão, você poderia dizer.\""
    },
    {
      "Key": "1a0ecc87-2603-4fb7-8c03-722445008ae6",
      "Value": "\"Também vale a pena. Bem, ela não pode nos deixar quando a tempestade acontecer!\""
    },
    {
      "Key": "27f139ce-53df-43c0-af55-29b923981eed",
      "Value": "{n}Os olhos penetrantes de Ekun nunca saem do bardo.{/n} \"Usar penas coloridas e cantar músicas doces não muda a natureza de uma cobra. Não ouça essa música. Não deixe que ela se apaixone por você.\""
    },
    {
      "Key": "97107e05-307b-45b7-9d1c-ce9b583cd6c2",
      "Value": "\"Inteligente, ambicioso, atraente e entende o equilíbrio de poder... eu gosto dela, bem como de sua proposta. Considere, {name} – é muito mais benéfico negociar com pessoas como Annamede do que com idealistas mais obstinados como Atalia. Gitaren.\""
    },
    {
      "Key": "e99715f7-f53b-4b8f-96e2-c916fee4978c",
      "Value": "{n}Valerie ri.{/n} \"A lealdade foi inventada pelos bardos, você diz? Suponho que aqueles com o dom de tecer palavras frequentemente se consideram os mestres do coração, mas se conheciam os verdadeiros perigos da batalha e os verdadeiros preço da lealdade e camaradagem, eles não cantariam seu poder com tanta confiança.\""
    },
    {
      "Key": "6d78ffa3-2e87-4a29-9259-e46deb9cc9f7",
      "Value": "\"Eu gosto tanto das músicas dela. Há fogo e riso nelas, que você pode sentir, cheirar – e quase tocar. Mas a própria Annamede me assusta. Ela tem um coração frio e uma alma impiedosa...\""
    },
    {
      "Key": "c8edd212-3555-4731-b8ed-52bb66586842",
      "Value": "\"Ah ha! Se seus súditos não são leais, isso significa simplesmente que você não os treinou adequadamente. Nada mais, nada menos.\""
    },
    {
      "Key": "1d27b4a1-aba3-4bd8-baa4-70da2031c368",
      "Value": "{n}Kanerah observa o bardo com hostilidade indisfarçável.{/n} \"Gostaria de saber qual o preço que você pedirá quando vender sua lealdade ao próximo para reivindicar a coroa. Não faça nenhum acordo com ela, {name} O andaime é o palco adequado para bardos e poetas.\""
    }
  ]
}