{
  "$id": "1",
  "strings": [
    {
      "Key": "cdf3a99f-100a-4ef1-82d8-a380143cd9fe",
      "Value": "\"Pare de gritar e explique de que 'gangue gananciosa' você está falando.\""
    },
    {
      "Key": "701e18cb-ae4d-4d6b-93f3-cb1b7ff8ed2c",
      "Value": "[Atacar] \"O que faz você pensar que estou aqui para conversar?\""
    },
    {
      "Key": "fccb9482-c46f-446d-a137-1235b9bd31cd",
      "Value": "\"Quem é você?\""
    },
    {
      "Key": "37ffe2be-1735-432f-9d86-eef95b02a6f1",
      "Value": "\"Os mineiros anões dificilmente podem causar tanto dano quanto você diz.\""
    },
    {
      "Key": "24266a21-86f2-4f17-bee8-a06b0bc64c44",
      "Value": "\"Sinto muito, mas os mineiros continuarão trabalhando. Eles têm meu consentimento e o direito de trabalhar.\""
    },
    {
      "Key": "335373f7-1726-4e28-9116-a3255105809e",
      "Value": "\"Se isso a deixa tão chateada, mandarei os mineiros a caminho.\""
    },
    {
      "Key": "f6ef27e0-be98-453e-a966-27706ea0b27d",
      "Value": "\"O que a equipe de mineração fez com você?\""
    },
    {
      "Key": "e0a651a7-6c45-4103-b0c7-95cf2ddcd3a6",
      "Value": "\"Chega dessa bobagem. Deixe minhas terras antes que eu mude de idéia e envie você para o cadafalso.\""
    },
    {
      "Key": "25af7513-d2bd-48c1-b3d2-5b7f7ff789a2",
      "Value": "\"As coisas que você está dizendo... é horrível. Eu proibirei imediatamente essa devastação de minhas terras.\""
    },
    {
      "Key": "f104bbea-904a-4381-a521-5439797c8feb",
      "Value": "\"O que o povo das Terras Roubadas faz? Não podemos viver sem metal!\""
    },
    {
      "Key": "1d180f34-d712-44e0-a06a-0e7325d6fa81",
      "Value": "[Atacar] \"Você terminou de choramingar? Está na hora de morrer!\""
    },
    {
      "Key": "956ed20c-6e9f-48ee-ae53-cd86a080b477",
      "Value": "\"O que você fez com os mineiros perdidos?\""
    },
    {
      "Key": "80ff62f1-93fb-4495-90cb-373999a3a0f6",
      "Value": "\"Você não é muito educado.\""
    },
    {
      "Key": "841daa0a-8504-4e31-a440-33745b62bc6a",
      "Value": "{n}Uma garota com uma túnica empoeirada está olhando para você com os punhos cerrados.{/n} \"Você! Você é a pessoa que pensa que é o governante dessas terras! Por que você está aqui? Você quer ir? Você queria liderar uma multidão gananciosa e abrir caminho para a generosidade?\""
    },
    {
      "Key": "b46eb5ad-07b4-4bf3-92ca-6bba106addea",
      "Value": "{n}A garota tenta recuperar o fôlego, mas suspira de raiva com as suas palavras.{/n} \"Estou falando da multidão que você deixou entrar nessas terras! Os homenzinhos barbudos que pensam que podem pegar o que quiserem!\""
    },
    {
      "Key": "8ac01326-fb9d-4062-b12c-0c36b36b267e",
      "Value": "\"Os anões que vieram até você... você não pensou em saber por que andariam tanto tempo? Vou lhe dizer por que. Eles são gafanhotos! Eles chegam a uma terra inocente e a destroem como um cadáver! Eles rasgam as montanhas, mutilam os campos, cortam as florestas! E tudo com lucro – para os nascituros que a terra estava carregando debaixo das cobertas!\""
    },
    {
      "Key": "c8101513-fb6f-49d6-8778-d8bf4bafd896",
      "Value": "{n}Ela soluça.{/n} \"Não basta o que a terra dá livremente? Os minérios e o ouro que jazem no chão? Por que seus súditos querem consumir completamente todos os nossos recursos naturais? Eles ferem a terra tão profundamente, levará séculos para curar!\""
    },
    {
      "Key": "8540bfeb-a398-4524-a76c-39339420c163",
      "Value": "\"Eles vieram de outras terras que devastaram, apenas para mutilar este reino também! Eles usam seus contratos com as autoridades para estripar as entranhas da terra e destruir qualquer coisa que esteja no seu caminho – e eles se safam disso!\""
    },
    {
      "Key": "3acaa521-0906-4aeb-85b2-9f4235408e48",
      "Value": "{n}A garota balança a cabeça.{/n} \"Quando a terra é dilacerada, ela sofre muito. Depois de perder força, água e vento terminam o trabalho. Você sabia que os anões descobriram uma corrente ácida que envenenava vários riachos próximos? Você sabia que os elixires que enxaguam o minério queimam a grama e transformam solo rico e bom em soda cáustica?\""
    },
    {
      "Key": "7b146734-fb10-4f42-82f0-40924143d816",
      "Value": "\"Tenho certeza que você não viu. Tudo o que pessoas como você podem ver é o ouro que pagam pelos tesouros das montanhas. Pense nisso por um minuto. O que acontecerá com sua terra quando os filhos de seus filhos a herdarem? O que será eles estão conseguindo? Um reino verde cheio de vida – ou um terreno morto morto vazio como uma casca de ovo?\""
    },
    {
      "Key": "6ee8fe6e-bd10-4646-b446-2e4a24d892a9",
      "Value": "\"Somos nós que protegemos a terra contra vândalos como você e seus anões. Somos seguidores de {g|Gozreh} Gozreh{/g}. Ouvimos os sussurros do céu e dos rios. Protegemos nossas terras contra todos intrusos.\""
    },
    {
      "Key": "ad9b01e1-9192-455d-aa59-4689bc923ac9",
      "Value": "{n}O rosto da menina fica sombrio.{/n} \"Eles vieram para causar dor, e é a dor que eles devem receber. Olho por olho. Dente por dente.\""
    },
    {
      "Key": "1b1a3826-314e-4dc5-b656-c3b67eefc6a3",
      "Value": "{n}A garota aperta as mãos.{/n} \"A encosta não é suficiente? Por que estripar a terra, enquanto outras fontes de minério que ela descobriu livremente ainda precisam ser esgotadas? Já existe mais do que suficiente para você e por todo o seu {mf|baronato|baronato|reino|reino}!\""
    },
    {
      "Key": "603d8898-d63c-456b-baf4-1571e184af75",
      "Value": "{n}A garota olha para você com espanto.{/n} \"S-sério?\" {n}Seu sorriso desajeitado a faz parecer ainda mais jovem.{/n} \"Eu não... Nós não sabíamos que poderíamos... basta perguntar! Obrigado, {mf|Sua Graça|Sua Graça|Sua Alteza|Sua Alteza}. Acredite, você está fazendo a coisa certa nos ouvindo. Aqueles... aqueles vândalos – eles não pertencem aqui!\""
    },
    {
      "Key": "79c388a8-743f-4e26-9a33-5ea2ce81d369",
      "Value": "{n}Os olhos dela se enchem de lágrimas, e ela engasga e se afasta.{/n} \"Estou pronta para morrer... mas não posso arriscar a vida de meus irmãos e irmãs. Você e seus anões podem queimar no Inferno.\""
    },
    {
      "Key": "54e719df-e69d-41c2-9374-2ddda07502a5",
      "Value": "{n}A garota abaixa a cabeça. Você quase pode ouvi-la rangendo os dentes.{/n} \"Significa... estamos lutando até o fim.\""
    },
    {
      "Key": "62056c26-0e0f-4fb8-9fd1-2e47a0745a67",
      "Value": "\"Educada? Você e seus servos trazem apenas dor e miséria para essas terras. Você decidiu vir pessoalmente e nos esmagar, para que você e sua gangue possam continuar ferindo a terra e as montanhas! Assassinos desavergonhados, vis e repugnantes – é isso que você estamos!\""
    }
  ]
}