{
  "$id": "1",
  "strings": [
    {
      "Key": "4a88b618-331f-4cb6-80dc-4684278adc18",
      "Value": "\"Eu cansei de persegui-lo através do baronato.\""
    },
    {
      "Key": "7197c5a0-163d-4ae5-8061-cd1790d4cf67",
      "Value": "\"Parece que abrir portais não é uma tarefa fácil.\""
    },
    {
      "Key": "8518ea06-260f-40df-bbee-5f2bef2e9441",
      "Value": "\"Eu vou acabar com você, Tristian! Você me ouviu? Pela minha própria mão!\""
    },
    {
      "Key": "b8a3c0ee-871a-49e0-95c7-5e59cb456314",
      "Value": "\"Eu ainda quero falar com você, Tristian.\""
    },
    {
      "Key": "3d985b66-4957-433a-8a68-5d59b924aa80",
      "Value": "[Dê um passo em direção a Tristian] \"Por que você voltou aqui, ao Tempo do Alce?\""
    },
    {
      "Key": "e61e14c7-5b7b-4b7d-9246-8f29df2078cc",
      "Value": "[Dê um passo em direção a Tristian] \"De volta à ilha, você disse que eu estava em perigo. O que você quis dizer?\""
    },
    {
      "Key": "67eacae7-308e-4fbf-91fa-5497007286b7",
      "Value": "\"Vamos terminar isso. Dê-me o que você pegou.\""
    },
    {
      "Key": "38d82652-dcc5-4331-85d0-4ac6fa417d48",
      "Value": "[Dê um passo em direção a Tristian]"
    },
    {
      "Key": "9b7d198b-b41f-4c18-9ed7-19bffb9fd698",
      "Value": "[Aborda Tristian abertamente] \"Sem truques, Tristian, sem jogos. Eu vim aqui para conversar.\""
    },
    {
      "Key": "291136b9-5667-4b94-8e04-451ffa6f7153",
      "Value": "\"Quanto tempo isso vai escapar?\""
    },
    {
      "Key": "8f2d4270-953f-4022-8899-c1a0e54fccd4",
      "Value": "[Atacar] \"Você não deveria ter confiado em mim, traidor!\""
    },
    {
      "Key": "eabac926-7e0a-428f-9613-8eedea876d8f",
      "Value": "[Dê outro passo em direção a Tristian] \"Conte-me sobre o Primeiro Mundo.\""
    },
    {
      "Key": "0e46b2ba-1a5b-4d5c-abf1-98730cd5a010",
      "Value": "[Permaneça onde está] \"Tudo bem, vamos conversar assim. O que você está fazendo aqui?\""
    },
    {
      "Key": "b9c7815e-4209-4eec-ac17-84f1cc4658be",
      "Value": "\"Para onde você vai, Tristian?\""
    },
    {
      "Key": "4516e047-abca-47d3-aadd-21c68ba6da16",
      "Value": "[Atacar] \"Você nunca vai sair deste lugar!\""
    },
    {
      "Key": "05f2c2ed-25fc-4adb-9edd-501d12356d72",
      "Value": "\"Ainda quero respostas, Tristian. Você está satisfeito com o que fez? Você aceita o que se tornou ou pelo menos tentará mudar? Sua deusa dá a todos outra chance – com certeza ela tem piedade de você também.\""
    },
    {
      "Key": "949b9d92-7500-4c95-bbc0-84003dd36715",
      "Value": "\"Você realmente achou que eu te deixaria em paz?\""
    },
    {
      "Key": "00d92aeb-d7ab-4eef-b6d7-40741af1bcb6",
      "Value": "{n}Tristian parece exausto – seu rosto está mortalmente pálido, seus olhos estão sombrios, com círculos escuros ao redor deles e suas mãos tremem.{/n} \"Você... de novo...\""
    },
    {
      "Key": "06cd53ea-4593-403d-9eae-a82e71a6d169",
      "Value": "{n}Tristian balança a cabeça tristemente.{/n} \"Você espera uma maneira de corrigir as coisas. Não é possível.\""
    },
    {
      "Key": "47ef04d1-b488-463b-a670-197bb9422b43",
      "Value": "{n}Tristian balança a cabeça.{/n} \"Não se reduza a ameaças ociosas. Devo terminar o que comecei. Antes que isso aconteça... você não será capaz de me impedir.\""
    },
    {
      "Key": "ac0b9b04-b043-4c91-aa67-0f324899ec83",
      "Value": "{n}Tristian fecha os olhos.{/n} \"Isso é... difícil. Eu preciso descansar. Essa é a única razão pela qual você conseguiu me pegar.\""
    },
    {
      "Key": "005664b7-8620-4a7e-830a-dbe9dfcd41d6",
      "Value": "{n}Tristian inclina a cabeça.{/n} \"Pedi que você parasse de me perseguir. Você perde seu tempo... e se colocou em perigo.\""
    },
    {
      "Key": "ea372b9a-469b-4bbf-8857-b08e44300f16",
      "Value": "\"Isso é impossível, {name}. Por favor, não me peça para fazê-lo novamente. Oculus de Abaddon deve servir ao poder que me obriga e revelar o caminho para seu objetivo. Caso contrário...\" {n}Tristian estremece.{/n}"
    },
    {
      "Key": "d0037794-34fb-481a-b88a-bb4260bc1ac1",
      "Value": "{n}Perdido em seus pensamentos, Tristian não percebe que você se aproxima.{/n} \"Você não acredita em mim? De fato, por que deveria, depois de tudo o que aconteceu? Se você acha que eu exagerei no perigo que você está você está enganado.\""
    },
    {
      "Key": "0f04ea9c-7258-441d-b508-46d90aee6f09",
      "Value": "\"Por favor, não se mexa! Se desejar, podemos conversar, mas eu imploro mais uma vez – pare de me perseguir!\""
    },
    {
      "Key": "ccd5931c-5580-4a41-a3a8-1a6a5c522b1e",
      "Value": "\"Espero... espero que tudo acabe em breve.\""
    },
    {
      "Key": "89d63a38-a28e-4d1a-baf6-e9eb0e66b350",
      "Value": "\"Se você persistir, uma tempestade de verdade espera por você, {name}. Uma tempestade chamada {g|First World}Primeiro Mundo{/g}. Mesmo você não pode derrotar um inimigo assim. Mesmo você tem apenas uma chance de sobreviver – se você fugir!\""
    },
    {
      "Key": "216681b3-b0d3-4eae-88cf-23f64321706b",
      "Value": "{n}Tristian recua.{/n} \"Não... não! Afaste-se de mim! Afaste-se do portal!\""
    },
    {
      "Key": "9bbbeaec-b7dd-4fe5-b5a4-cc579b6534f7",
      "Value": "{n}Tristian abaixa a cabeça, mas não antes que você veja seus olhos brilhando.{/n} \"Eu... eu vou encontrar uma maneira de fazer as pazes. Mesmo que isso me custe minha vida. Mesmo que minha deusa permaneça surda às minhas orações. Mas agora... Agora devo sair.\""
    },
    {
      "Key": "3f8eef24-e03e-4674-88b2-221a5386e437",
      "Value": "{n}Tristian se afasta.{/n} \"Eu já lhe disse mais do que deveria. Agora eu imploro que você... saia!\""
    },
    {
      "Key": "f30694e8-f396-4753-952f-cf2290d3654d",
      "Value": "{n}Tristian cobre o rosto com a mão.{/n} \"Eu não suporto te afastar. Mas eu devo – para salvá-lo! Mas antes que eu vá... eu juro, vou encontrar uma maneira de faça as pazes com você. Perdoe-me. Eu preciso ir.\""
    },
    {
      "Key": "5f096661-62d9-4e6b-a027-4596ae5a16ab",
      "Value": "\"Agora isso é interessante. Melhor do que as suas histórias habituais sobre a vida em {g|Kelesh}Kelesh{/g}!\""
    },
    {
      "Key": "47183bd3-ddae-46d5-ac88-5aee8b96a311",
      "Value": "\"Com irritações como a sua, é claro que a fuga é o único caminho! Mas não para nós. Não somos covardes ou traidores.\""
    },
    {
      "Key": "97281fb1-315e-4250-a821-13a5c66b70a1",
      "Value": "\"Uma mentira.\" {n}O rosto de Ekun é sério, quase solene.{/n} \"O desespero cegou você. Agora você tenta nos cegar, semear medo e dúvida.\""
    }
  ]
}