{
  "$id": "1",
  "strings": [
    {
      "Key": "1ff41f3a-1af3-48be-94ea-b9e31f2b83ef",
      "Value": "\"Imagine, Tristian, quantas novas oportunidades isso traria. Sua juventude nunca desapareceria. Você nunca precisaria dormir nem descansar. Todo o seu tempo poderia ser dedicado a salvar vidas inocentes e orar a Sarenrae.\""
    },
    {
      "Key": "208ba00a-1eb7-44d7-a44c-d11b033f0ef8",
      "Value": "\"Minha resposta é 'não' e você sabe disso. Por que está me perguntando repetidamente? Parece que você apenas sente prazer em ofender a mim e a Sarenrae, Jaethal.\""
    }
  ]
}