{
  "$id": "1",
  "strings": [
    {
      "Key": "a6e47720-e843-4a49-9ab2-edaba74dec34",
      "Value": "\"Que lugar é esse? Onde fica?\""
    },
    {
      "Key": "19f468fb-c0e4-493b-bd30-9aab3660886a",
      "Value": "\"Eu irei para lá assim que puder.\""
    },
    {
      "Key": "c549e4a5-be2f-437d-95d2-0806e8c3f8ed",
      "Value": "\"Bem, o que você sugere?\""
    },
    {
      "Key": "de392d28-db71-47dc-b047-83798113d93f",
      "Value": "\"Eu não estou interessado.\""
    },
    {
      "Key": "19be5e35-9438-417c-a39b-caf5b71a5236",
      "Value": "\"Sua Graça! Permita-me parabenizá-lo por receber o título de {mf|barão|baronesa}! Estou confiante de que você poderá dar ordem a essas terras problemáticas.\""
    },
    {
      "Key": "773d848f-9065-469e-921a-5662d1204dd9",
      "Value": "{n}Jhod tropeça um pouco.{/n} \"Embora, para ser sincero, não seja exatamente disso que queremos falar com você. Tristian e eu conversamos bastante sobre o que aconteceu no Tempo do Alce. Ainda não tudo faz sentido para nós, mas uma coisa é clara: há uma maldição poderosa em ação: ela corrompeu a própria essência daquele lugar sagrado, impregnando-o de putrescência.\""
    },
    {
      "Key": "4aca7af7-19ed-4638-be24-dc9bc1bf8f6f",
      "Value": "{n}Jhod exala alto, recuperando o fôlego.{/n} \"E agora há uma nova angústia! Tristian e eu acreditamos que a maldição não se dispersou por vontade própria! Há um lugar perto da capital que os moradores locais dizem ser amaldiçoado. Tristian e eu visitamos este lugar terrível, e sentimos a mesma putrescência que no Templo do Alce!\""
    },
    {
      "Key": "604440fc-76f0-46da-9886-4d41e5deeda8",
      "Value": "\"Eu ficaria feliz em acompanhá-lo, mas não esperaria ver nada de novo lá no momento.\""
    },
    {
      "Key": "aca77cb7-78e0-4721-8560-3117b00368c2",
      "Value": "\"Existe um morro careca não muito longe daqui, ao norte da capital. Sua coroa é totalmente estéril de vida. Os habitantes locais acreditam que rituais que glorificam os deuses das trevas foram realizados lá, nos tempos antigos. Não há mais nenhum vestígio de tais rituais, mas o ar ao redor do topo da colina é pesado a ponto de sufocar. Este lugar é como uma ferida podre, fechada, mas não curada.\""
    },
    {
      "Key": "5a9cbed4-7016-45b8-b0ac-880f311809fc",
      "Value": "\"E essa ferida se abrirá sem dúvida novamente! Tristian e eu sentimos algo se aproximando... Algo ameaçador. A maldição voltará em breve para nos atormentar mais uma vez – eu juro por {g|Erastil}Erastil{/g}!\""
    },
    {
      "Key": "02301d0c-904f-4ad9-b4c4-b654f4289847",
      "Value": "{n}Tristian olha para você, confuso.{/n} \"Você tem certeza? A ameaça pode ser ainda mais séria do que imaginamos.\""
    },
    {
      "Key": "d3300265-aeb3-4a46-97e1-8dddd8b75fe0",
      "Value": "\"De qualquer forma, não podemos fazer nada no momento. Tristian e eu já estivemos neste topo da colina. Não há nada lá!\""
    },
    {
      "Key": "44648bff-4317-4493-95d5-7df285e9fcd4",
      "Value": "\"Eu concordo com Tristian! Estivemos neste topo da colina. É árido, mas cheio de uma atmosfera densa de inquietação!\""
    },
    {
      "Key": "91ed19b7-6fbc-4c5b-ae6e-0c57cde64487",
      "Value": "\"A maldição aumentará em força, e prevemos que atingirá o pico em cerca de um mês. É quando devemos visitar o Morro Careca e resolver esse problema.\""
    },
    {
      "Key": "20d40806-d737-4454-a566-c5d11aa7501d",
      "Value": "\"Por enquanto só podemos esperar. E se preparar.\""
    },
    {
      "Key": "02931bcf-5fef-4cd1-a690-c24d7d30a1b7",
      "Value": "\"Pedimos desculpas, Sua Graça, por intervir com você para entender seu baronato. Tenho certeza de que você tem assuntos ainda mais urgentes em mãos agora.\""
    }
  ]
}