{
  "$id": "1",
  "strings": [
    {
      "Key": "7da914cf-8c07-44db-9ff8-23b24c336ad8",
      "Value": "\"O que você está nos comparando com o que lê em seu livro?\""
    },
    {
      "Key": "568b311d-ce5c-4663-9929-42b45f1b601c",
      "Value": "\"Vamos fazer de novo. Agora.\""
    },
    {
      "Key": "01efe7dd-6bc3-4193-bd7a-39254afcd510",
      "Value": "\"Vai melhorar ainda mais. Temos muitas noites pela frente.\""
    },
    {
      "Key": "91af64dd-0483-4697-b7d3-83ca5048cfc1",
      "Value": "\"Nunca vamos sair da cama.\""
    },
    {
      "Key": "da726b3d-09b5-45c8-8029-aea3140a16c2",
      "Value": "\"Vamos nos casar.\""
    },
    {
      "Key": "04ab00cd-0b3e-4f55-b93c-ece8110ae647",
      "Value": "\"Apenas fique perto de mim. Sempre.\""
    },
    {
      "Key": "0c49be33-78ff-4df0-9f67-be0c7b6b44d4",
      "Value": "\"Encontre-me depois que eu morrer. Onde quer que eu esteja.\""
    },
    {
      "Key": "014a2848-1154-48cd-a5f8-305fd0a7317f",
      "Value": "\"Eu quero que você seja feliz também. E eu não vou empurrar você por aí.\""
    },
    {
      "Key": "721cd228-3079-4e74-81c9-92ea0f1a62dd",
      "Value": "\"Não vamos pensar no futuro. Estamos juntos. Isso é o suficiente.\""
    },
    {
      "Key": "06bb9d09-3831-4077-9cfe-1fc0b1408b22",
      "Value": "\"O mundo pode esperar, Tristian.\""
    },
    {
      "Key": "4cb8669a-c001-4e02-88c2-6ab8759ff47a",
      "Value": "\"Você pensou que uma vez seria suficiente para mim?\""
    },
    {
      "Key": "14b53ae5-bcc4-4d0c-a72b-f249f2358edf",
      "Value": "\"Temos que ir. Haverá tempo depois.\""
    },
    {
      "Key": "52bbbaaa-eebf-4d57-ad9a-ac32b87e5da9",
      "Value": "{n}Tristian joga o cabelo do rosto.{/n} \"Isso foi... incrível. Eu não pensei...\" {n}O deva se interrompe, pensando em alguma coisa.{/n}"
    },
    {
      "Key": "2899fb02-a33d-4c82-a09a-528ba957215d",
      "Value": "\"O quê? Ah, você está falando sobre... tratado!\" {n}Tristian ri.{/n} \"N��o, acho que nem vou tentar!\""
    },
    {
      "Key": "789f891a-414e-4991-9b38-ef9c925fb57a",
      "Value": "\"E dias. Toda a eternidade. Nossa pequena eternidade.\" {n}Tristian para novamente.{/n}"
    },
    {
      "Key": "3dfe4cef-7045-4a86-884f-0f940bc7ff00",
      "Value": "\"Espere um segundo. Deixe-me recuperar o fôlego. Temos um futuro inteiro. Nossa pequena eternidade.\""
    },
    {
      "Key": "455affc9-a289-4c0c-a182-c268e9afd1ff",
      "Value": "\"Você emite calor, como o sol. Mas, {name}... Uma vez, vagando entre mundos, vi a eternidade passar, e o mais brilhante dos sóis escurecer. E não posso deixar de pensar que uma vez... você e eu serão separados.\""
    },
    {
      "Key": "f65e54c3-d2ce-43ae-b577-fb0c92530db1",
      "Value": "{n}Tristian envolve o braço em volta de seus ombros.{/n} \"E enquanto estamos juntos... não sei quanto tempo vai durar... quero que você seja feliz. Diga-me o que deseja. Seu desejo é uma ordem.\""
    },
    {
      "Key": "ab2166ad-e4dd-413c-a3c9-ce188d629a1f",
      "Value": "{n}Tristian pensa.{/n} \"As {g|Stolen Lands}Terras Roubadas{/g} têm apenas uma rainha – a que as conquistou.\" {n}O deva sorri.{/n} \"Mas terei a honra de ser seu príncipe consorte.\""
    },
    {
      "Key": "55f1a87f-09a2-4e54-b754-c3f31ddb6542",
      "Value": "{n}Tristian tosse, surpreso.{/n} \"Perdoe-me, Alteza, mas seus súditos serão contra – alguém deve governá-los! De qualquer forma, farei tudo ao meu alcance para fazer feliz a rainha.\" {n}O deva se inclina em você e beija seu pescoço.{/n}"
    },
    {
      "Key": "c183cabf-8b39-4211-8a21-0eae90648f21",
      "Value": "\"Vejo que você guardou meu presente...\" {n}Tristian acaricia sua mão.{/n} \"Assim que essa loucura acabar, eu cuidarei de um casamento.\""
    },
    {
      "Key": "24b58d92-df4e-4120-b8a0-c83737d5f575",
      "Value": "\"Eu cuidarei de tudo. Assim que essa loucura que estiver acontecendo ao seu redor acabar, até então eu estarei muito ocupado protegendo você.\""
    },
    {
      "Key": "796b653b-36ab-4652-afee-5f3647294bbe",
      "Value": "{n}Tristian assente solenemente.{/n} \"Eu prometo. Não vou deixar você.\""
    },
    {
      "Key": "60a5784e-3d74-45d3-911f-0c157b3a2a35",
      "Value": "{n}Tristian abaixa a cabeça tristemente.{/n} \"Você sabe que é impossível. Devo voltar... para onde devo estar. Mas eu sei que misericordioso {g|Sarenrae}Sarenrae{/g} não vai me chamar imediatamente após a vitória sobre Nyrissa. Você e eu teremos tempo.\""
    },
    {
      "Key": "b39286ba-7dfc-43d3-aaec-b6bd9a2f0da1",
      "Value": "{n}Tristian pensa por alguns instantes.{/n} \"Eu não pensei nisso... mas posso tentar. Não, não apenas tente: vou virar todos os mundos para encontrar você – onde quer que esteja e quem você se tornar.\" {n}Tristian beija você com ternura.{/n}"
    },
    {
      "Key": "8ecccebf-1b56-44e3-98d2-d087a43f1f6e",
      "Value": "{n}Tristian se inclina em você, pressiona a testa contra a sua e fica em silêncio, com os olhos fechados.{/n}"
    },
    {
      "Key": "de5e245a-6a28-4419-be16-3f75c275f21c",
      "Value": "{n}Tristian passa os dedos pelo pescoço e beija o ombro.{/n} \"Claro. Eu acho demais tudo, não é?\""
    },
    {
      "Key": "cbc3a87a-99f8-4d69-932c-043ced330fc9",
      "Value": "\"Você sabe. Eu não tenho tanta certeza quanto agora, há tanto tempo. Quando eu era prisioneira de Nyrissa, eu não tinha mais liberdade do que um pássaro em uma gaiola. Eu até duvidava que {g|Sarenrae}Sarenrae{/g} misericórdia na minha hora mais sombria. Mas com você... com você não tenho medo do futuro. Não tenho medo de cometer erros, porque sei que poderei consertá-los.\""
    },
    {
      "Key": "f74d41c3-b4a6-48cf-ac79-f89af9c959d1",
      "Value": "{n}Tristian levanta a cabeça, como se estivesse ouvindo algo.{/n} \"Eu gostaria de ficar sozinho com você por um tempo. Se você não se importa.\""
    },
    {
      "Key": "775d45e9-26b3-4ea7-99f1-70531ee6c861",
      "Value": "{n}Em resposta, Tristian o abraça e puxa para perto.{/n}"
    },
    {
      "Key": "e592d7dd-9d2c-4ef9-86b0-bf59f28da9c3",
      "Value": "\"Sério? Venha para mim, minha rainha...\""
    },
    {
      "Key": "664004c3-6172-4aa1-b2b3-0d6b5bfe23e3",
      "Value": "{n}Tristian beija sua mão e se afasta.{/n}"
    }
  ]
}