{
  "$id": "1",
  "strings": [
    {
      "Key": "9d2b44fa-6b07-4c9c-9b4b-ed02bd8f5ee9",
      "Value": "\"Eu sou {mf|o barão|a baronesa} local. Minhas terras não estão longe daqui.\""
    },
    {
      "Key": "3efb9226-1bf0-43e0-aaa4-b2621fe0353b",
      "Value": "\"Cuidado com a sua língua! Eu sou {mf|o barão|a baronesa} local. Minhas terras não estão longe daqui.\""
    },
    {
      "Key": "843bdd90-0447-4f56-a46c-0717b1e83008",
      "Value": "[Partir] \"Somos apenas viajantes. Estaremos a caminho.\""
    },
    {
      "Key": "6099f599-b2bf-4d6d-9ffc-aad7da25ee0e",
      "Value": "\"Na verdade, acho que não posso ajudá-lo.\""
    },
    {
      "Key": "ed0b995b-8c54-43f6-875c-bc8a777fa788",
      "Value": "\"da Numéria? Você está bem longe de casa.\""
    },
    {
      "Key": "7e99ac94-2a89-4158-844e-6c30c1af0b53",
      "Value": "[Compartilhe comida com os bárbaros] \"Não estamos aqui para lutar. Vamos compartilhar um pouco de pão e conversar.\""
    },
    {
      "Key": "fa5fddb0-fe12-47b2-8326-50cdbdeffd8b",
      "Value": "\"O que você está procurando?\""
    },
    {
      "Key": "0c7c643f-9389-4785-9409-cd7f49a3b715",
      "Value": "\"Você é o único grupo da Numérianos aqui?\""
    },
    {
      "Key": "e1a758d2-51f2-45d7-960e-d60a8d85c072",
      "Value": "\"Você encontrou algo interessante na área?\""
    },
    {
      "Key": "f7fc4028-1e8a-4727-ab92-6fb03cd66293",
      "Value": "\"Conte-me sobre a Numéria.\""
    },
    {
      "Key": "9f236cda-c6e9-4428-9f54-26280dc00467",
      "Value": "\"Conte-me sobre sua tribo.\""
    },
    {
      "Key": "9bf2e308-37f0-4da8-b7e5-5062d9d7760f",
      "Value": "[Sair] \"Viage com cuidado!\""
    },
    {
      "Key": "6dcee6e5-7ef0-4221-b48a-97a4e7f69438",
      "Value": "\"Quem é Dugath?\""
    },
    {
      "Key": "d8df65c6-b863-408a-83ed-a98767eade74",
      "Value": "\"Você não gosta de tecnologia?\""
    },
    {
      "Key": "c5c3c3f0-579a-49da-80c4-f6e31fb97a99",
      "Value": "\"Você sabe alguma coisa sobre a situação em Varnhold?\""
    },
    {
      "Key": "ba16badb-6bf7-4e3d-9e8a-66873bc22e64",
      "Value": "{n}Um grupo pequeno, mas bem armado, se move pelas planícies. Tatuagens, roupas de couro e peles, amuletos nos cintos – estes são bárbaros. kellides, para ser mais preciso, provavelmente da vizinha Numéria, ou talvez terras ainda mais ao norte. Eles param quando o vêem, com as mãos nas armas e o cenho franzido.{/n}"
    },
    {
      "Key": "5d62aa58-472d-4ee7-8348-9bc76ae704e3",
      "Value": "\"O que você quer? Se você está procurando por problemas, pode ter encontrado.\""
    },
    {
      "Key": "c4277098-b385-4fbc-8331-24c4d2b1e93a",
      "Value": "\"Ei!\" {n}Um dos bárbaros grita em direção a Amiri.{/n} \"Você é do norte, certo? Qual tribo?\""
    },
    {
      "Key": "074c0e90-a775-491a-905c-bd33b3ed64d2",
      "Value": "\"Estou por minha conta.\""
    },
    {
      "Key": "7e6af76a-4a59-4be4-85ad-547ea323cbb8",
      "Value": "\"Espere, não é a garota que os Seis Ursos expulsaram? Porque eles estavam com medo de que se uma mulher tocasse uma espada, suas bolas cairiam?\""
    },
    {
      "Key": "dac15a85-49cb-4634-8642-e17d98d49cf0",
      "Value": "\"Há, ha... Apenas deixe o passado ser passado. Eu ando com {mf|ele|ela} agora.\" {n}Amiri aponta para você.{/n}"
    },
    {
      "Key": "daaa3016-f665-44ff-82b9-d0c93dd40f35",
      "Value": "\"Quem é você então? O que você quer?\""
    },
    {
      "Key": "ca371b5f-dc30-4817-aa46-d0965715efd7",
      "Value": "\"Melhor ficar fora do caminho, pequena, ou podemos pisar em você!\""
    },
    {
      "Key": "bcf8cae3-a70f-4151-a685-6312cf11c71e",
      "Value": "\"Olá, {mf|bonito|beleza}! O que você está fazendo tão longe da cidade? Se você não for cuidadoso, pode ter alguns calos nesses dedos élficos!\""
    },
    {
      "Key": "d38e0b0b-a499-4add-a25d-b81b3fc0e412",
      "Value": "{n}O bárbaro o examina de perto.{/n} \"Então você lidera este grupo?\""
    },
    {
      "Key": "d1ccbde8-eb37-4ac6-888b-300001f0059c",
      "Value": "{n}Os bárbaros o observam severamente, com as mãos ainda nas armas.{/n}"
    },
    {
      "Key": "8213db03-35ec-41bd-9754-aceca0af2212",
      "Value": "\"Sério? Você não parece muito com um.\" {n}O bárbaro olha para você, incrédulo.{/n} \"Bem, tudo bem... Seu Baronship, então, ou o que quer que eles chamem de você.\""
    },
    {
      "Key": "31b9fd22-39a3-49cc-811a-9d657df2e75d",
      "Value": "\"Você é {mf|o barão|a baronesa}? Você? Bah ha! Isso é engraçado! E eu sou Kevoth-Kul, o Soberano Negro de {g|Numeria}Numéria{/g}!\""
    },
    {
      "Key": "d00d9ac6-995d-4147-860e-627e8f4a69a9",
      "Value": "\"Espera mesmo?\" {n}O Kellid o examina de perto.{/n} \"Bem, tudo bem... Seu Baronship, então, ou o que quer que eles chamem de você.\""
    },
    {
      "Key": "2b4efd4e-cda7-406c-ae58-4f10fb760793",
      "Value": "\"Nós não precisamos da sua ajuda-\" {n}o Kellid começa, sua voz sombria, mas ele é interrompido quando uma das mulheres bárbaras começa a tossir incontrolavelmente.{/n}"
    },
    {
      "Key": "f887cd61-1345-4b0e-8b12-7ad089f3aa82",
      "Value": "\"Se você não precisar, apenas cale a boca para que eu possa-\" {n}A mulher bárbara entra em outro ataque curto de tosse e cospe no chão – a fleuma é azul.{/n} \"Eu não sou vou morrer por seu orgulho. Sim, estou doente. Peguei uma poça de blues em algum lugar do deserto. Não se preocupe, acho que não está pegando. Se você me curar, posso pagar em ouro.\""
    },
    {
      "Key": "101406a1-51f4-4e25-a75f-3d3281991475",
      "Value": "{n}A mulher bárbara cospe mais catarro azul no chão, desapontada.{/n} \"Por que você abre a boca sobre isso, então?\""
    },
    {
      "Key": "bcb0e7c6-c924-4e08-87d9-4b9534b7621e",
      "Value": "\"Eu sou mais nobre. Nós somos de {g|Numeria}Numéria{/g}, parte da tribo {g|Tiger Lords}Lordes Tigres{/g}. Estamos apenas cuidando de nossos próprios negócios aqui, sem olhar para escolher uma briga. Não queremos problemas e não estamos atrás de ninguém.\""
    },
    {
      "Key": "23983d10-876a-4ede-a3d0-81a5082ef4d8",
      "Value": "\"Não tão longe. Os {g|Tiger Lords}Lordes Tigres{/g} viajam muito – do {g|Worldwound}Ferida do Mundo{/g} a {g|Iobaria} Iobaria{/g}. Inferno, esses terras eram uma vez praticamente o nosso lar – costumávamos limpar esses malditos feiticeiros do {g|Narlmarches}Brejo Narl{/g} regularmente. Bem, agora estamos aqui novamente. Essa é a vida nômade, você vê – nunca saber onde você se encontrará amanhã!\""
    },
    {
      "Key": "00047d7f-3414-4e5e-9086-ace00e023265",
      "Value": "{n}Os bárbaros cheiram a comida com cautela e depois provam pedaços pequenos de veneno. Quando estão certos de que é seguro, começam a comer. Depois de engolir um pouco do pão, Nober limpa os lábios.{/n} \"Então você quer conversar, hein? Claro, por que não.\""
    },
    {
      "Key": "a49d59a7-3c1e-4622-b480-997cef612282",
      "Value": "\"Ainda aqui, hein?\""
    },
    {
      "Key": "bee64f4d-7503-48f6-94ab-14a13773eb3f",
      "Value": "{n}Uma mulher bárbara dá um passo à frente, tentando controlar sua tosse pesada.{/n} \"Isso seria bem-vindo. Eu sou-\" {n}A mulher começa a tossir novamente e depois cospe um pouco de catarro azul no chão.{/n} \"Eu peguei o bluespit em algum lugar no barrens. Eu posso pagar pela cura em ouro.\""
    },
    {
      "Key": "b94a7aee-433e-4708-b4ff-0924af712e88",
      "Value": "\"Você está brincando? Claro que não! Nosso acampamento principal está sobre as colinas de lá. Se você está se sentindo esperto, venha nos fazer uma visita!\""
    },
    {
      "Key": "27bafb82-84ec-4428-855e-f7359f468a2c",
      "Value": "\"Eu desejo! Estamos pesquisando a área há dias, mas tudo o que encontramos foi uma caverna com alguns homens meio com cara de sujeira. Sem ruína antiga, sem tesouros, sem nada!\""
    },
    {
      "Key": "a8bbd490-0008-442a-8ecb-b9c4c10ed172",
      "Value": "{n}Os Kellid franzem a testa.{/n} \"Não faço ideia, na verdade. Dugath acabou de dizer que deveríamos procurar cavernas e ruínas antigas, e ele nos dizia se era isso que estávamos procurando. Você me pergunta, nós estamos só esperando, perdendo tempo aqui – mas o chefe sabe melhor.\""
    },
    {
      "Key": "62e16931-a227-4157-ac9e-111808d1ce7d",
      "Value": "\"Um velho clérigo. Ele viu muito, sabe muito, e parece que ele é o único que tem alguma idéia do que diabos estamos procurando aqui!\""
    },
    {
      "Key": "7f1053c2-4930-43dd-80a8-4efa24617f97",
      "Value": "\"Ugh, eu odeio essa pergunta... Bem, {g|Numeria}Numéria é uma terra dura feita para pessoas difíceis. Idade atrás, estrelas choviam do céu e deixavam um monte de pedaços de metal do céu por toda a terra – alguns do tamanho de um dedo, outros do tamanho de uma montanha. Muitos pedaços ficam parados e não fazem nada, e nós os extraímos de adamantina. Outros produzem monstros, doenças ou radiação e coisas assim... ologia! \" {n}Ninguém cospe a última palavra, quase como uma maldição.{/n}"
    },
    {
      "Key": "58e37dcc-362d-418b-81cc-315d83d4047c",
      "Value": "\"Os {g|Tiger Lords}Lordes Tigres{/g} são uma tribo antiga e gloriosa, uma das mais fortes de todas as {g|Numeria}Numéria{/g}. Costumávamos possuir metade das {g|Stolen Lands}Terras Roubadas{/g} nós mesmos, mas isso foi há muito tempo – no tempo do grande Armag, mas agora que o espírito de Armag renasceu no corpo de nosso novo chefe, você me marca – palavra de nossas ações heróicas vai se espalhar por {g|Golarion}Golarion{/g} mais uma vez!\""
    },
    {
      "Key": "6db23a5b-a99d-4b30-b125-6e1293f7e23e",
      "Value": "\"Por que eu faria isso? Já é ruim o suficiente por causa de muitos problemas, mas também atrai vilões de todo o mundo. {g|Avistan}Avistânia{/g}, como moscas para uma pilha fumegante de merda! Isso {g|Technic Liga}Irmandade Tática{/g} sozinha... Ugh!\""
    },
    {
      "Key": "381f13ee-9284-449f-ad3d-0c1d02e0596a",
      "Value": "\"{g|Varnhold}Varnhold{/g}? Nunca ouvi falar. O que está acontecendo lá, não temos nada a ver com isso.\""
    },
    {
      "Key": "6ae1d2cf-d7f7-4046-9775-cff63f020637",
      "Value": "\"Cuidado com a sua língua, bárbaro! Este é realmente {mf|o barão|a baronesa} de {kingdomname}. Mostre respeito, ou você terá que lidar comigo!\""
    },
    {
      "Key": "7d5aa133-989e-4fba-8c28-ec94edbb7e54",
      "Value": "\"Olhe para essa mulher. Acho que ela precisa de ajuda,\" sussurra Tristian, apontando um dos bárbaros que parece estar bastante doente.{/n}"
    },
    {
      "Key": "3f3360ef-f3c1-4d64-96ec-ea11831e0b2e",
      "Value": "\"{g|Numeria} A Numéria{/g} também é o berço de inúmeras canções bonitas e lendas heróicas. Quero dizer, a maioria delas termina com alguém sendo decapitado, empalado, cortado em pedaços ou queimado vivo... mas ainda assim, eles é maravilhoso!\""
    },
    {
      "Key": "528dd8ee-b06d-4964-b146-a0f899df4150",
      "Value": "\"Agora, isso é o que chamo de bons assistentes – obedientes, rápidos e conscientes de suas próprias limitações intelectuais. Por que nunca consigo conseguir assistentes assim? Talvez eu devesse ter seguido uma carreira como chefe bárbaro...\""
    }
  ]
}