{
  "$id": "1",
  "strings": [
    {
      "Key": "11e9a6d2-19df-435a-927f-322d4cc929f7",
      "Value": "\"Você tem a visão correta da vida. Tire o que puder dela! Aproveite cada momento! Talvez mais cedo ou mais tarde você também seja tocado pela mão de Urgathoa?\""
    },
    {
      "Key": "2b599beb-5008-4d67-a879-2c59a724d79f",
      "Value": "\"Calistria me salve desse tipo de prazer! Ei, todos vocês estão ouvindo? Se eu morrer, queime meu cadáver e espalhe as cinzas! Para que nenhum dos mortos-vivos me entenda!\""
    }
  ]
}