{
  "$id": "1",
  "strings": [
    {
      "Key": "f8603159-0453-43e6-b355-2bbd39138b35",
      "Value": "\"O que está acontecendo com a minha capital?\""
    },
    {
      "Key": "05b44472-54e9-4824-9ea6-e367cf5e2c2d",
      "Value": "[Atacar] \"Eu sempre quis matar um deus...\""
    },
    {
      "Key": "0ec3bf24-be7c-4b7a-b305-92c8facc00e4",
      "Value": "\"E qual é a minha parte no seu desempenho?\""
    },
    {
      "Key": "1ba9d038-e758-409b-9d25-80dd9cac1af4",
      "Value": "\"Não vou me render tão facilmente. Se tiver que proteger meu reino, farei isso.\""
    },
    {
      "Key": "28b2111e-d619-49de-9cac-2f05d38b1f6b",
      "Value": "{n}O som de uma risada fantasmagórica o envolve. Ele vem de qualquer lugar e lugar, e é difícil dizer se é mais alegre ou ameaçador.{/n}"
    },
    {
      "Key": "2078d0c8-5f13-4889-b48b-8259a0a82125",
      "Value": "\"Quão errado eu estava. Que melhor do que um final inesperado para uma performance dessas? Eu tive que mudar o cenário e o personagem principal, mas e daí?\" {n}O {g|LanternKing}Rei das Lanternas{/g} fala como se você estivesse trocando civilidades por vinho. Desta vez, ele usa outra máscara – pela primeira vez quase amável.{/n}"
    },
    {
      "Key": "861b02b3-f2eb-4b88-8e75-4e720db16098",
      "Value": "\"Alguma coisa está errada. Deveríamos deixar o {g|First World}Primeiro Mundo{/g}, mas...\" {n}A ninfa pára rapidamente.{/n} \"Meu copo está quebrado. O sangue e a dor de mil reinos destruídos está escorrendo de seus pedaços. Eu os sinto! Eu sinto...\""
    },
    {
      "Key": "19cf68d0-46b3-4f96-9ed9-3ea940e20e29",
      "Value": "\"Você não vê? A cidade e todas as suas terras foram transferidas para o {g|First World}Primeiro Mundo{/g}. Sombras dos habitantes de todos os seus reinos em ruínas escaparam da taça e estão se vingando do vivendo para todos os seus destinos tristes. Velhos inimigos surgem das cinzas, e tristezas esquecidas renascem. Uma história triste, mas sempre divertida.\" {n}Você ouve risos na voz do Ancião.{/n}"
    },
    {
      "Key": "5dec1f77-610d-4311-b36b-08894256a8ae",
      "Value": "\"O papel principal! {mf|O Rei|A Rainha} deve salvar as terras {mf|dele|dela}, pois perder a coroa {mf|dele|dela} significa perder o futuro {mf|dele|dela}.\""
    },
    {
      "Key": "41c7a8ad-a8ad-41e5-8a48-12514e524d68",
      "Value": "\"Sementes plantadas há muito tempo surgiram. {Name}, você se lembra de um velho louco na estrada do {g|Oleg's Trading Post}Posto Comercial{/g} – nosso primeiro encontro? Eu lhe disse naquela época:\" Uma vez roubado, a terra deve ser recuperada... Uma vez recuperada, vinculada ao reclamante será. Amarrado, fundido, unido por laços inquebráveis. Reivindicando a terra, reivindicando sua dor, reivindicando sua morte.\""
    },
    {
      "Key": "7254fd5d-9e6e-49cd-a15a-a61d93e6d24e",
      "Value": "\"Lute se quiser, {mf|rei|rainha}. Eu vou tomar meu lugar entre os espectadores.\""
    },
    {
      "Key": "1dace6b1-9f81-4143-b6b9-eae31c04f64e",
      "Value": "{n}Nyrissa olha para cima.{/n} \"Você brincou comigo por mil anos, {g|Eldest}Ancião{/g}. Você não ficou entediada? Eu ainda não sou forte o suficiente para resistir a você, mas nunca desistirei. {name}, você tem tempo para banir a aflição e derrotar nosso inimigo. Talvez você tenha sucesso onde eu falhei. Não desista!\""
    },
    {
      "Key": "aed85e6a-b666-49a6-aa83-302300a4af26",
      "Value": "\"Vou deixar você com esse conhecimento. E acho que vou levar meu brinquedo antigo, já que ela era desigual no papel principal da performance...\""
    },
    {
      "Key": "ab224291-94ad-4b99-bf76-2649b5d2a3d9",
      "Value": "{n}Nyrissa parece não perceber as palavras do Ancião, e apenas olha para você.{/n} \"Eu sei onde procurar por esperança. Encontre-me onde a Flor Eterna floresceu.\" {n}Ela olha para o Rei das Lanternas.{/n} \"Você não tem poder sobre mim, Ancião. Adeus!\""
    },
    {
      "Key": "1d463479-c067-42c8-a1f4-366ab296e331",
      "Value": "\"{name}, o que aconteceu? Você está bem? Eu... eu me sinto... tão fraco...\""
    },
    {
      "Key": "5ae7c531-072c-4891-8dc4-dbb82502f3b5",
      "Value": "\"Eu... sinto o poder da maldição. O que você fez conosco, {g|Eldest}Ancião{/g}?!\""
    },
    {
      "Key": "300d797d-6cd7-4c70-b91e-bcdf0635c638",
      "Value": "\"Eu não esperaria mais nada.\""
    },
    {
      "Key": "0acd8f84-a5d8-4455-866e-f6431f1d0e50",
      "Value": "\"Uma maldição para o futur{mf|o Rei|a Rainha} – é isso que essas palavras eram. Você está conectado ao seu reino e será arruinado junto com ele. Assim como as irmãs ninfa de Nyrissa sofreram com a maldição dela, assim será sua os seguidores sofrem com você. O {g|First World}Primeiro Mundo{/g} está lavando esta terra como uma onda e devorará suas almas com ela.\""
    }
  ]
}