{
  "$id": "1",
  "strings": [
    {
      "Key": "e4e74be2-5e08-4701-bb5f-0ea6094e56f1",
      "Value": "\"Se você quisesse, eu poderia lhe emprestar alguns dos meus cosméticos. A cor da sua pele me assusta às vezes. E não apenas eu!\""
    },
    {
      "Key": "5cf02a50-fe95-49ed-9739-eda802066453",
      "Value": "\"Você me oferece uma chance de espalhar beterraba e giz no meu rosto? Não, obrigado. Se eu precisasse de maquiagem, traria um conjunto de Kyonin. Minha antiga família conhece o caminho da sombra e do incenso.\""
    }
  ]
}