{
  "$id": "1",
  "strings": [
    {
      "Key": "e2afe49e-7054-49a2-ba3f-93b735818899",
      "Value": "[Curar o anão] \"Vamos tentar curá-lo!\""
    },
    {
      "Key": "bffbebbb-08a5-4772-98f5-f9525601a915",
      "Value": "[Tente curar o anão novamente]"
    },
    {
      "Key": "bca3ef8c-1324-4a89-bd2c-ed28dcc0da57",
      "Value": "[Examine o anão moribundo]"
    },
    {
      "Key": "1f732f78-73dd-41c7-97fc-1009e4c30fe6",
      "Value": "[Acabar com o anão] \"O pobre coitado já teve o suficiente. Pelo menos podemos libertá-lo de seu sofrimento.\""
    },
    {
      "Key": "0da8c7a0-8a57-4cc2-afc0-89ed606e0d2c",
      "Value": "[Acabar com o anão o mais rápido possível]"
    },
    {
      "Key": "34e2967d-8fe7-413d-bfc6-04caa7fdef2e",
      "Value": "\"Pare! Nós não queremos prejudicá-lo!\""
    },
    {
      "Key": "1e07e517-9aea-4710-a530-e85bf4cd8eeb",
      "Value": "[Recue em direção à saída] \"Vamos correr! Depressa antes que ele termine!\""
    },
    {
      "Key": "8f54ab57-9016-4a19-bd87-356df65f5564",
      "Value": "\"Alguém faça alguma coisa!\""
    },
    {
      "Key": "4600de31-964f-4fb1-8a98-c2ecea996e26",
      "Value": "[Deixar o anão morrer] \"Não temos nenhuma obrigação com ele. Não há necessidade de sujar minhas mãos. Vamos deixar este lugar.\""
    },
    {
      "Key": "160b5412-8d9f-4cdf-8ecd-e6ef3476f46a",
      "Value": "{n}Este último esforço parece ser demais para o anão moribundo. Tendo terminado, ele abaixa a mão flácida, dá um último suspiro e fica em silêncio.{/n}"
    },
    {
      "Key": "0766ad8d-af8e-4891-966c-4473df3a130f",
      "Value": "{n}Você se afasta para fugir o mais rápido possível – daqui, para outra sala, em qualquer lugar para estar longe deste anão e de sua maldição. Mas a escuridão o envolve, o chão treme novamente. Você tropeça e cai, esmagado no chão pelas pesadas palavras desconhecidas do anão.{/n}"
    },
    {
      "Key": "ddb880df-16e8-43f0-8e49-171093f02dd6",
      "Value": "{n}Você vê uma pilha de corpos mutilados, chegando quase ao teto. Os corpos eram humanos, anões, vacas, ovelhas e deuses sabem o que mais. Alguns cadáveres parecem frescos, outros já começaram a se decompor, preenchendo a passagem com um fedor pesado e doentio. Os trolls provavelmente usam esse canto como um depósito de carne.{/n}"
    },
    {
      "Key": "0c500938-a16c-4cd2-ad1f-3f5ef6f78381",
      "Value": "{n}O anão definitivamente parece que não vai conseguir. Ele perdeu muito sangue e suas feridas horríveis teriam matado qualquer outra pessoa há muito tempo. O fato de ele ainda se apegar à vida é um milagre ou sua própria teimosia impensável.{/n}"
    },
    {
      "Key": "d55c81b1-6bde-4440-a368-891a3bf2c5bf",
      "Value": "{n}Sua hesitação termina com o barulho de uma espada que cai. A voz do anão interrompe abruptamente. Amiri limpa a lâmina da espada com um pano e lança um olhar descontente em sua direção.{/n} \"Por que você esperou? Ficou lá com sua armadilha aberta... a bruxaria podia entrar!\""
    },
    {
      "Key": "9ecc38c9-60ab-48ef-9c9d-d45cbce4102d",
      "Value": "\"Pobre homem!\" {n}Octavia torce as mãos em compaixão.{/n} \"Receio que nossa mágica não possa mais ajudá-lo. Deveríamos-\" {n}Ela engole um nó na garganta.{/n} \"-put ele fora de sua miséria.\""
    },
    {
      "Key": "b5cd48a5-56e7-415c-bd84-d212fd3f2bdb",
      "Value": "\"Vamos conceder o presente de uma morte rápida a essa alma infeliz e nos vingarmos daqueles monstros que o fizeram sofrer!\""
    },
    {
      "Key": "158aa1b8-cf99-4e40-8b0c-a7254c20fdfc",
      "Value": "{n}O anão não parece ouvi-lo.{/n} \"Cyril darabosh nadzhak!\" {n}ele termina e solta o último suspiro.{/n}"
    },
    {
      "Key": "5cccfead-b622-4c55-bcf7-e5c6327e91ab",
      "Value": "{n}Você deixa o anão em paz, deixando-o encontrar sua morte na solidão. Logo ele para de se mover, mas você não tenta descobrir se ele está morto ou apenas inconsciente.{/n}"
    },
    {
      "Key": "0ceec831-9e1c-4ffa-b663-31f52c4e3150",
      "Value": "\"Vamos deixar esse doente miserável em paz. Ele está à beira da inexistência, então deixe-o dar seu último passo no esquecimento.\""
    },
    {
      "Key": "40764523-8a24-4f2b-99bd-168707a77476",
      "Value": "{n}Ekun puxa uma flecha da aljava.{/n} \"Misericórdia,\" {n}ele diz, apontando para o anão moribundo.{/n}"
    },
    {
      "Key": "ac340f6b-0513-466b-9258-e6477eae199c",
      "Value": "{n}Você está pronto para passar, mas de repente percebe algum movimento fraco perto da borda da pilha. Olhando mais de perto, você entende que um dos cadáveres ainda não é exatamente um cadáver. Um anão de peito nu move seus lábios silenciosamente, olhando cegamente para o teto. Seu peito tem algumas marcas de mordida, deixadas por uma mandíbula enorme, e ele não tem pernas – elas parecem ter sido arrancadas pelos joelhos.{/n}"
    },
    {
      "Key": "2442d17a-c07f-4318-af51-f425276537ec",
      "Value": "{n}Seus companheiros têm tanto medo quanto você. Enquanto você hesita, ele diz{/n} \"Cyril darabosh nadzhak\" {n}e solta o último suspiro.{/n}"
    },
    {
      "Key": "e7dcc5c8-48c6-46d2-a3ca-2a779b7b5ca7",
      "Value": "\"O que é isso? O que está acontecendo? Pare imediatamente, seu vilão!\""
    },
    {
      "Key": "502952b7-cc70-47aa-9560-7a4d993e59a5",
      "Value": "\"Eu pensei... você era um deles...\" {n}Anão tosse coágulos de sangue escuro.{/n} \"Eu sou... o sacerdote de {g|Torag}Torag{/g}... procuramos neste posto avançado antigo... Achei, parece...\" {n}Ele tenta rir, mas explode em um novo acesso de tosse.{/n}\" Chegue mais perto...\" {n}Com um esforço imenso, ele levanta a mão e sussurra palavras de bênção – tão gentil e gentil em comparação com suas maldições anteriores.{/n}"
    },
    {
      "Key": "e2d695ec-fa4f-44ed-af93-a179f5d52c34",
      "Value": "\"Você teve toda a diversão que queria, espero! O que você está vendo? Acabe com ele agora, antes que ele termine de lançar!\""
    },
    {
      "Key": "7789e06a-d9b7-4201-9e91-afd0c509328a",
      "Value": "{n}Sua hesitação termina com o zumbido de uma flecha voadora. A voz do anão interrompe abruptamente. Ekun abaixa o arco e faz um aceno silencioso.{/n}"
    },
    {
      "Key": "9009d6a4-b547-4fee-bcc9-afc3fc0d6f5b",
      "Value": "{n}As mãos de Harrim apertam sua barba.{/n} \"A antiga língua anã! A maldição de {g|Torag}Torag{/g}! Oh {g|Groetus}Groetus{/g}, abrace seu fiel servo Todos nós vamos morrer agora.\" {n}a voz de Harrim está meio assustada e meio animada.{/n}"
    },
    {
      "Key": "e15f37b4-627b-48b9-afac-87e8b8cc2f96",
      "Value": "{n}O anão morre rápida e silenciosamente. Você deixa o corpo dele, esperando que sua alma encontre paz onde quer que esteja agora.{/n}"
    },
    {
      "Key": "136d2b2c-97e5-4673-8b14-27c017d0f61a",
      "Value": "{n}Assim que sua cura começa, o anão interrompe seu monólogo, aparentemente recuperando a consciência do ambiente. Ele move a cabeça com um imenso esforço e olha para você de cima a baixo.{/n} \"Você não é um troll.\""
    },
    {
      "Key": "46b053a4-cc32-41e6-abb5-31b946ce1539",
      "Value": "{n}Octavia se agita em pânico.{/n} \"Deveríamos fugir! Ou nos esconder! Cale a boca, alguém!\""
    },
    {
      "Key": "b8e98f4d-196a-4130-865f-d20082c9b511",
      "Value": "{n}Tendo ouvido o nome de {g|Torag} Torag, Harrim recua.{/n} \"Não preciso de bênçãos do deus traidor,\" {n}ele sussurra em sua barba.{/n}"
    },
    {
      "Key": "df677e95-6c60-4ede-80df-367394d3fd36",
      "Value": "{n}Seus esforços de cura têm algum tipo de efeito. O anão parece vir a meio caminho da vida e começa a falar em um idioma desconhecido.{/n} \"Karadash kramr cavou gadalon.\" {n}A luz ao seu redor diminui de repente, e o chão começa a tremer, ressoando com a voz do anão.{/n} \"Uzmar cyril nadzhak!\""
    },
    {
      "Key": "9358ce7c-1985-4895-9c91-19c014a25576",
      "Value": "{n}Amiri resmunga em desaprovação, acariciando o punho de sua espada.{/n} \"Parece errado acabar com ele! Ele luta contra a própria morte, esta batalha é dele.\""
    },
    {
      "Key": "a9c61115-b3d7-4b37-a310-aebba097af4d",
      "Value": "{n}Ekun exala alto e assente.{/n} \"Escolha certa. É difícil, mas está certo.\""
    },
    {
      "Key": "ad1fbb51-9bfa-404d-9a99-d01f22fea5ff",
      "Value": "{n}Tristian examina o pobre coitado cuidadosamente.{/n} \"Difícil\". {n}O sacerdote sussurra fracamente.{/n} \"Um única magia de cura não será suficiente.\" {n}Ele lança um olhar significativo para você.{/n} \"Mas isso não é motivo para não tentar.\""
    },
    {
      "Key": "48e3711f-5b50-4cea-a890-3d538cb5ae33",
      "Value": "{n}Desatento das palavras do anão, Tristian estende a mão para ele e canta uma magia de cura.{/n}"
    },
    {
      "Key": "845dcc33-8d43-4758-ac39-b4327efd98be",
      "Value": "{n}Tristian lança um olhar agradecido a você e recua para falar com o anão.{/n}"
    },
    {
      "Key": "7f2fbdce-d4f2-4297-9d05-44cf656914a9",
      "Value": "{n}Tristian olha para você suavemente, mas ainda com reprovação.{/n} \"Eu me pergunto, você se afastaria de um de nós com o mesmo desrespeito, sem sequer uma tentativa rápida de aliviar nosso sofrimento?\""
    },
    {
      "Key": "b9f96e33-90e8-44f5-8388-43687449aa99",
      "Value": "{n}O silêncio que cai parece artificial. Seus próprios passos e tosse apressada parecem longe. Também ficou mais escuro... ou são apenas os seus olhos? Após vários longos momentos, as sensações desaparecem, mas você sente que a antiga maldição dos anões funcionou.{/n}"
    }
  ]
}