{
  "$id": "1",
  "strings": [
    {
      "Key": "d7e4f18b-8d79-4dfc-9ab7-ea8cc01d76ed",
      "Value": "\"Maegar Varn era o governante dessas terras! Seu mestre roubou algo que não lhe pertencia!\""
    },
    {
      "Key": "437ecda5-73f1-4337-a250-397be8220b09",
      "Value": "\"Eu não tenho medo do seu mestre. Diga-me onde posso encontrá-lo.\""
    },
    {
      "Key": "0004a1f3-a21c-4d71-92d6-575f6f01f0d9",
      "Value": "\"Seu mestre é responsável pelo que aconteceu em Varnhold?\""
    },
    {
      "Key": "49a1b2fc-68cf-487b-9cf0-078345c23d6b",
      "Value": "\"Eu estava lá. Eu não podia passar pelos portões.\""
    },
    {
      "Key": "ec554bb5-56b3-4fec-ad44-bcedfef88ad7",
      "Value": "\"O que espera no vale dos mortos?\""
    },
    {
      "Key": "13942224-8a8a-42f7-a9c5-becfc0dab2b2",
      "Value": "\"O que você quer dizer com 'visto o suficiente'?\""
    },
    {
      "Key": "7596389d-f981-4389-8960-35cb4b15fe42",
      "Value": "\"Mas o que aconteceu com Varnhold? Para onde todos foram?\""
    },
    {
      "Key": "f6369861-ae80-40c8-916f-3629600b41af",
      "Value": "\"Os escolhidos de quem de novo?\""
    },
    {
      "Key": "843bf786-04a2-433d-b9ba-8c02c254ef8c",
      "Value": "{n}O familiar pássaro preto bate as asas e grita com você.{/n} \"Recebi uma mensagem para você, {race}.\""
    },
    {
      "Key": "c3865662-21d9-4338-a689-e72791956fa4",
      "Value": "\"Está na hora de tirar as máscaras e responder por suas ações, {race}. Meu mestre já viu o suficiente, então ele convoca você – venha, ajoelhe-se, antes que o verdadeiro governante desta terra. Ebrrrrace o sofrrrrrimento, abrrrrace a dorrr, renda ssssseu espírito à Vordakai, o Escolhido dos Quatrrro Cavaleirros do Oculus de {g|Abaddon}Abaddon{/g}!\""
    },
    {
      "Key": "010dd6be-865d-41f1-9826-d8e6cb0916eb",
      "Value": "\"{d|Varn}Maegarrr Varrn{/d} e seus asseclas eram impossstores ssem direitos e honra. Em breve o Impérrrrio de Vorrdakai se levantará de ssseu ssssono de mil anos e rrrrecuperará suas terrrrras. Pessoas como você servirrrão a este futuro, na vida ou na morrrte.\""
    },
    {
      "Key": "7830e688-ce18-489e-a51f-3399b792db10",
      "Value": "\"Sim, e foi um castigo bem merecido. Aquele que residia naquela cidade roubou o que não era dele. Ele invadiu a santuário do mestre, contaminou-a e trouxe o que roubou para o lugar que você chama de 'Varrrnhold'. Por fazendo isso, ele incorreu na ira do meu mestre.\""
    },
    {
      "Key": "546019bf-199e-427f-b872-6caec1862574",
      "Value": "\"Vá para o {g|Vale dos Mortos}Vale dos Mortos{/g}. Passe pelos portões e enfrente os desafios que o aguardam. Se você sobreviver, meu mestre o encontrará em sua santificação.\""
    },
    {
      "Key": "45fb7857-9148-4973-be06-fe5d239a5583",
      "Value": "{n}O corvo explode em um barulho alto que soa como risada.{/n} \"Forrr, meu mestre não havia lhe dado permissão, {race}. Preste atenção nisso, e ele permitirá que você entre.\""
    },
    {
      "Key": "7d9f1acd-5cc5-4a09-a485-a74da25f21f8",
      "Value": "{n}O corvo inclina a cabeça e olha para você com seu brilhante olho roxo.{/n} \"Os portões impedem a entrada do {g|Vale dos Mortos}Vale dos Mortos{/g}. Somente aquele quem tem a chave ou o conhecimento sacrificado, pode passar!\""
    },
    {
      "Key": "111cbeb9-78b5-4ea6-bfa1-91281450e3a2",
      "Value": "\"Eu sou os olhos e os ouvidos do meu mestre! Tudo o que vejo ou ouço, ele vê e ouve. Tudo o que falamos, todos os seus atos – nada escapa ao meu mestre!\""
    },
    {
      "Key": "f75f4a12-50d6-44be-bd8a-3c09f70ce1c4",
      "Value": "\"Uma vez que meu mestre barrou o vale entre as preocupações externas e as menores – como a sua. Assim, meu mestre pôde se concentrar em sua pesquisa e regra do Empirrre, sem os patéticos argumentos e ordens mesquinhas da sua espécie.\""
    },
    {
      "Key": "787bbec5-1319-464a-9ed7-fd11ce8afc8b",
      "Value": "\"Você tem uma escolha – encontre três rebarbas de incenso, escondidas nas tumbas dos trrraitorrs, que aprisionaram meu mestre em sua santidade, ou conjurem darrrkness, que é capaz de abrir o caminho para o vale dos mortos. Morto{/g}. Desta forma, ou outro, você poderá passar pelos portões – e meu mestre selará seu destino.\""
    },
    {
      "Key": "6dd3fa2b-aef6-4cad-8679-7f9aab916e31",
      "Value": "\"Meu conhecimento de mestre e poder são enormes... o Oculus de {g|Abaddon}Abaddon{/g} lhe deu um poder ainda maior! Foi o Oculus que provocou sua revanche contra os ímpios.\""
    },
    {
      "Key": "7313681a-7bfe-4439-94ab-735948cd3d28",
      "Value": "\"Os Quatro Horrores do Juízo Final. Os goverrrrnantes de {g|Abaddon}Abaddon{/g}, arrrqui-demônios, precurrrrsores de morrrte e destruição. Os maiorrr, o Cavaleiro da Morrrte, {g|Charon}Caronte{/g}, considerou Vordakai digno e lhe deu um prrresente – o Oculus de Abaddon.\""
    }
  ]
}