{
  "$id": "1",
  "strings": [
    {
      "Key": "185398f5-75a5-4ac6-a06e-3f746da367ae",
      "Value": "\"As notícias sobre esses monstros são preocupantes. Precisamos... encontrar a causa raiz dessa invasão o mais rápido possível.\""
    },
    {
      "Key": "fb635ad4-f293-4e70-8a25-b497295f0988",
      "Value": "\"Há uma boa luta pela frente! Deveríamos estar felizes em vez de choramingar!\""
    },
    {
      "Key": "6322ce4e-50d2-4fbc-8696-4f5ed722f133",
      "Value": "\"Essas terras estão cheias de perigo, e os monstros não são raros aqui. Pôr um fim nelas será um desafio justo.\""
    },
    {
      "Key": "f3db96de-f30b-4d33-8c48-f2f363af2645",
      "Value": "\"Eu compartilho a apreensão de Tristian, amigos. Qualquer coisa poderia tê-los expulso da floresta... Supondo que eles tenham vindo da floresta, é claro.\""
    }
  ]
}