{
  "$id": "1",
  "strings": [
    {
      "Key": "6895e30e-9a1e-42d8-b6fe-afa94dff2ff5",
      "Value": "[Queime a flor]"
    },
    {
      "Key": "a4aba8c8-9353-464b-8d48-fbbc80dc78fa",
      "Value": "[Pegue uma parte da raiz da flor]"
    },
    {
      "Key": "3f2e0248-d902-438b-9f6d-339171bc7108",
      "Value": "[Examine a flor]"
    },
    {
      "Key": "632ccb38-381c-4c9d-ab15-c0c3b0b54ce7",
      "Value": "[Pegue uma pétala seca]"
    },
    {
      "Key": "8b0a374e-465f-4e06-9e76-bd963bba439d",
      "Value": "{n}O brilho misterioso da flor desaparece, permitindo que você observe mais de perto essa coisa estranha. Antes uma coisa de beleza e elegância, agora a flor está seca e mal se agarra a seu caule murcho. Toda a umidade abandonou a planta junto com seu brilho sobrenatural – as pétalas se tornaram cinzas e flácidas, como as asas de um pássaro ferido. Parece que apenas a raiz, que se agarra desesperadamente ao chão da caverna, ainda mantém alguma vida.{/n}"
    },
    {
      "Key": "b7f1ec82-082b-41ca-a80c-ce523f07f690",
      "Value": "{n}Octavia bate no queixo com o dedo, pensativa.{/n} \"Sei que esta planta é um instrumento do mal... mas devemos destruí-la? Tudo o que ela queria era florescer...\""
    },
    {
      "Key": "7a63fefa-2bde-41d2-b68e-2a36ce0903ea",
      "Value": "\"Queime esta abominação, é o que eu digo. Desta forma, não voltará à vida novamente.\""
    },
    {
      "Key": "8d00177f-7a66-407a-a6fd-1290b2f13962",
      "Value": "\"Eu ficaria feliz em participar da pesquisa desta amostra incrível... mas suponho que desta vez talvez seja sensato rejeitar uma amostra potencialmente perigosa.\""
    },
    {
      "Key": "41d36a28-7145-4b05-9310-553a52b0399b",
      "Value": "\"Não demore e cumpra seu dever, {mf|barão|baronesa}. Queime essa semente do outro mundo, para proteger seu povo!\""
    },
    {
      "Key": "8bd518a1-082d-4e5b-a006-ce5a57211548",
      "Value": "\"Está na hora. Termine o que você começou. Envie esta flor ao esquecimento.\""
    },
    {
      "Key": "644b7bfb-4bb8-403a-90d7-87fc495cb0ff",
      "Value": "\"Se você deixar que continue assim, ele se recuperará. O fogo deve ser alimentado com ela.\""
    },
    {
      "Key": "538f1fec-c48a-4554-826a-2c46994e22ac",
      "Value": "{n}Uma vez orgulhosa e brilhante, a planta perdeu todos os seus encantos – parece murcha e além da salvação. A única parte que ainda mantém alguns sinais de vida é sua raiz fraca, que se apega desesperadamente ao solo.{/n}"
    },
    {
      "Key": "313ffbde-86a9-4458-abcb-0eb28f65e2bc",
      "Value": "{n}Você corta uma seção da raiz com alguma dificuldade, um líquido viscoso sangrando enquanto você faz isso. Depois de cortada, você embrulha a raiz em um pano e a coloca na bolsa.{/n}"
    },
    {
      "Key": "f10bad8d-e48f-45fa-a369-25019116c5d5",
      "Value": "{n}Quando você toca a pétala, ela se desfaz em poeira – e a poeira assenta no chão ao redor da planta.{/n}"
    },
    {
      "Key": "fcc9ab12-3f58-4683-a369-697a78a9ba7e",
      "Value": "{n}Uma única faísca é suficiente para a flor pegar fogo. Como se estivesse com dor, a planta se contorce, tentando desesperadamente evitar que as chamas a engolfem. Momentos depois, ele desmorona e se desintegra em cinzas. A flor se extingue - ela nunca mais crescerá, e tudo o que resta é uma raiz retorcida e enegrecida.{/n}"
    },
    {
      "Key": "e6c37cb9-ccea-48ed-ac21-d074eca50d58",
      "Value": "\"Não perca seu tempo, {mf|barão|baronesa}. Queime essa prole do mal, antes que essa tragédia se repita!\""
    },
    {
      "Key": "206b89e4-8fda-46cf-a44a-efd097b0c7b1",
      "Value": "\"Esta é a hora de sua ação heróica – aquela que será cantada através dos tempos! Faça isso, e eu vou garantir que todos saibam!\""
    },
    {
      "Key": "00328fe1-8933-4776-99aa-000ec4ef9d54",
      "Value": "\"Então é daí que essas coisas horrendas vieram. Bem, o que você está esperando? Queime no Inferno!\""
    },
    {
      "Key": "ef4eaa60-20ed-45af-ac0c-636dca958799",
      "Value": "\"Ela é linda. Destruí-la seria um crime...\""
    },
    {
      "Key": "85729f72-7c00-4cf0-9e37-47a59d658bb0",
      "Value": "\"Ela não queria nada mais do que florescer! Espalhar sementes que rasgam as pessoas por dentro! Não, {name} – essa 'flor' tem que desaparecer. Até eu entendo isso – embora certamente seria uma espécime fascinante para estudar.\""
    }
  ]
}