{
  "$id": "1",
  "strings": [
    {
      "Key": "214f3236-a87a-4029-806f-3d26c8ad2136",
      "Value": "\"O ataque de Pitax é uma benção para o {mf|baronato|baronato|reino|reino}. É a oportunidade perfeita para expandir seus territórios e não ser considerado um agressor.\""
    },
    {
      "Key": "c54988b4-addf-44b4-a8fc-a2e48f5522ae",
      "Value": "\"Como você pode dizer isso?! As ambições de nenhum governo poderiam justificar os terrores da guerra! Você não vê isso?!\""
    },
    {
      "Key": "555f59bd-40d1-42bc-a13b-f0ff2b6d8341",
      "Value": "\"Como aranhas em uma jarra. Todo esse barulho só abaixa o véu sobre sua mente... Como fumar ou vinho.\""
    },
    {
      "Key": "eee90942-45a8-4e13-bfd1-550a95a9df84",
      "Value": "\"Flechas envenenadas, não palavras.\""
    },
    {
      "Key": "a50d920d-2074-48c7-9dd3-367e551affbe",
      "Value": "\"Você está preparado para arriscar nosso próprio reino, apenas por uma chance de conquistar outro? Há uma razão para eles dizerem que há um jogador imprudente em todo estrategista calculista!\""
    },
    {
      "Key": "472a703e-2c40-4025-bafa-321e8acf5694",
      "Value": "\"Você está preparado para arriscar nosso próprio reino, apenas por uma chance de conquistar outro? Há uma razão para eles dizerem que há um jogador imprudente em todo estrategista calculista!\""
    }
  ]
}