{
  "$id": "1",
  "strings": [
    {
      "Key": "c7a37fb8-347b-48b8-bad3-4b6575bc2a08",
      "Value": "[Mentir] \"Você está errado. Eu não encontrei.\""
    },
    {
      "Key": "48fc9ba1-c5c4-49fc-82b1-4338a8ad12cc",
      "Value": "\"É realmente muito requintado. Acho que vou ficar com ele!\""
    },
    {
      "Key": "619cdd16-bdcd-4e15-ad3a-2d3259887e5f",
      "Value": "\"Posso ver o que você tem para vender?\""
    },
    {
      "Key": "d28fb09a-e41d-4024-8399-8a7d09883c6c",
      "Value": "\"Fazendo as malas? Você vai nos deixar em breve?\""
    },
    {
      "Key": "cb4a4a8b-5072-4aeb-8803-5ad0ad7597d5",
      "Value": "\"Posso convencê-lo a ficar? Eu poderia usar alguém familiarizado com mágica.\""
    },
    {
      "Key": "4d0d53b1-8c44-46a8-a8e9-72750045a313",
      "Value": "\"Me arrependo do que fiz. Não deveria ter me intrometido nos seus assuntos. Se você concorda em ficar, prometo nunca fazê-lo novamente.\""
    },
    {
      "Key": "f6c6ee29-052f-4545-98f3-d3ec692702ec",
      "Value": "[Atacar] \"Não preciso mais dos seus serviços.\""
    },
    {
      "Key": "f29eed3e-4514-4558-8190-b7062572dfcc",
      "Value": "\"É hora de eu ir embora. Adeus.\""
    },
    {
      "Key": "3e640acb-61a3-4953-bffb-3d3df43c5ff5",
      "Value": "[Permaneça em silencio]"
    },
    {
      "Key": "961e22ff-890e-4d07-8009-85479f7d5465",
      "Value": "[Sair] \"Pare com isso, Octavia. Vamos.\""
    },
    {
      "Key": "8ad21c51-1ddd-471c-bc23-9f6b5c7ce5b6",
      "Value": "\"Eu tenho uma oferta para você: fique como um dos meus conselheiros. Há tão poucas pessoas que vêem as coisas de maneira tão crítica e racional.\""
    },
    {
      "Key": "fd84a5ae-e0c9-442b-a4cc-7a4dbf628194",
      "Value": "{n}Bartholomew conseguiu limpar a bagunça após o ataque dos trolls em seu laboratório. O mago empacota seus itens – livros, frascos, algemas e agulhas – embrulhando cuidadosamente suas coisas em pano antes de colocá-las em caixotes. Ele se vira quando percebe que você se aproxima.{/n}"
    },
    {
      "Key": "e80a87e1-ecf7-4699-b6ea-cbbdbcbb3be4",
      "Value": "{n}O laboratório se sente mais vazio do que antes. O mago está empacotando seus itens – livros, frascos, algemas e agulhas – embrulhando cuidadosamente suas coisas em pano antes de colocá-las em caixotes.{/n}"
    },
    {
      "Key": "399660a2-fd06-475a-b8a5-33b6dfea7c8a",
      "Value": "{n}Bartholomew cantarola uma melodia simples enquanto descompacta suas coisas, ordenando-as de volta aos seus devidos lugares.{/n}"
    },
    {
      "Key": "afae76f8-c641-4d7d-90d7-94f52a9ec0c7",
      "Value": "\"Você trouxe meu chicote?!\" {n}O mago estalou com você.{/n} \"Eu posso sentir. Está próximo... Me dê – agora!\""
    },
    {
      "Key": "228f1889-351b-4c4b-b5cf-a7bb0a46df01",
      "Value": "\"Oh, Sua Graça! Oh, que bom vê-lo vivo e bem. Deixe-me parabenizá-lo por mais uma vitória brilhante! Você talvez me permita um pequeno pedido? Sinto que você recuperou algo meu...\" {n}a voz de Bartholomew treme de emoção.{/n}"
    },
    {
      "Key": "7fd4c9c6-6227-48a3-8490-408058e35eec",
      "Value": "\"Não me incomode com suas explicações ou desculpas,\" {n}o mago bate em você friamente.{/n} \"Eu já estou bem ciente de que meu tesouro foi destruído. Um desperdício tão insensato...\" {n}Bartholomew se afasta e volta a empacotar seus frascos e frascos, com as mãos trêmulas.{/n}"
    },
    {
      "Key": "0c8cad94-73e7-4f85-b6be-6d65c1dc191b",
      "Value": "\"Meu tesouro...\" {n}A perplexidade desce pelo rosto do mago.{/n} \"Você o deixa escorregar entre os dedos... eu sei exatamente onde está agora, mas não adianta... Eu vou persegui-lo para sempre...\" {n}Bartholomew volta para seus frascos e frascos, com as mãos trêmulas.{/n}"
    },
    {
      "Key": "ee977fef-dcfb-4e06-83fb-f457f3e2e6b3",
      "Value": "{n}O rosto do mago se contorce de raiva, mas ele não ousa objetar. Bartholomew se vira abruptamente e volta a empacotar seus frascos e frascos, suas mãos tremendo.{/n}"
    },
    {
      "Key": "29778941-497d-4868-8f1f-378a2275f9bd",
      "Value": "\"Certamente.\""
    },
    {
      "Key": "13bfff6c-4220-4ccb-97a1-b6e51d350667",
      "Value": "\"Sim, eu sou,\" {n}o mago responde bruscamente.{/n} \"É muito perigoso ficar aqui. Além do mais...\" {n}Ele não termina o pensamento.{/n} \"Nunca mente. Não importa.\""
    },
    {
      "Key": "15e2c835-e595-4f01-85de-47dd5457404d",
      "Value": "\"Sim, Sua Graça. Tornou-se muito perigoso ficar aqui, mesmo com sua proteção. Vou ter que encontrar um lugar seguro e silencioso.\""
    },
    {
      "Key": "244f08c7-9f2f-4857-b3cc-c5d2f7d13bd5",
      "Value": "{n}A testa de Bartholomew se enruga, e ele sussurra alguns cálculos – então sorri.{/n} \"Eu posso me arrepender disso mais tarde, mas aconteça o que acontecer, eu vou ficar. Você se mostrou um governante forte e generoso, bem como de mente aberta. Suponho que ainda possamos ser úteis um para o outro.\""
    },
    {
      "Key": "8f1c2dbe-44cb-4be3-82be-aa1caa613698",
      "Value": "\"Eu não tenho dúvida disso.\" {n}Bartholomew zomba.{/n} \"Mas receio que você precise encontrar alguém para satisfazer suas necessidades mágicas.\""
    },
    {
      "Key": "d7bd27ac-f38e-480a-80eb-c87ecc3b35e8",
      "Value": "{n}O mago olha para você por um momento e depois assente lentamente.{/n} \"Depois do que você fez, é difícil confiar em você, {mf|barão|baronesa} – mas estou disposto a Se você prometer ficar de fora dos meus negócios, ficarei e o servirei. Mas não esquecerei o que você fez. Você me deve, Sua Graça, e algum dia eu receberei o que me é devido.\""
    },
    {
      "Key": "bc5053d6-39bf-40d5-af42-3e8b6fcd8481",
      "Value": "{n}Octavia olha de um lado para o outro entre você e Bartholomew, furiosa.{/n} \"Oh, ótimo. É exatamente isso que precisamos...\""
    },
    {
      "Key": "45cf49de-646d-4181-a15e-f26fdfcbd1fa",
      "Value": "\"Até nos encontrarmos novamente, Sua Graça! Obrigado por tudo que você fez por mim!\""
    },
    {
      "Key": "b6771a79-a01e-4385-ad30-34323316303f",
      "Value": "\"Até nos encontrarmos novamente. Talvez consigamos nos dar bem depois de tudo.\""
    },
    {
      "Key": "c5ae32c5-8a12-40e3-8df4-c255b1ab6669",
      "Value": "{n}Sem se virar para encará-lo, Bartholomew murmura algo baixinho.{/n}"
    },
    {
      "Key": "6da32a45-5d87-42b7-8c30-96b8353dac05",
      "Value": "\"É assim que você fala com {mf|seu barão|sua baronesa} local? Encare {mf|ele|ela} diretamente e diga uma despedida adequada!\""
    },
    {
      "Key": "4dda1ebd-c012-4379-a937-f6c7f54c4cb1",
      "Value": "{n}Bartholomew se vira e fala com os dentes cerrados.{/n} \"Adeus, Sua Graça. Viage com cuidado. Que os deuses lhe guie.\""
    },
    {
      "Key": "bddb6762-6bd4-4045-8c74-3a51ec925b67",
      "Value": "\"E por que seu rosto está tão sombrio? Você estudou caretas em alguma academia?\""
    },
    {
      "Key": "33a1c37d-cf12-425f-a186-141c0b039f0f",
      "Value": "\"Salvamos sua vida e você ousa dar as costas para nós? Vamos, agradecer Sua Graça por tudo {mf|ele|ela} fez por você!\""
    },
    {
      "Key": "46de99ca-3a25-411d-a054-7374228fbd54",
      "Value": "{n}O rosto de Bartholomew fica vermelho. Olhando para Octavia, ele levanta as mãos como se fosse conjurar uma magia.{/n}"
    },
    {
      "Key": "5c30dcd0-dee0-46dc-9e4a-050539ef36e8",
      "Value": "{n}Bartholomew para de fazer as malas e olha para você, incrédulo. Então ele olha para a pilha de livros em suas mãos e fica em silêncio por um longo tempo, descobrindo algo em sua mente. Por fim, Bartholomew suspira e coloca seus livros de lado.{/n} \"Não posso recusar tal oferta. É claro, Sua Graça, entrarei em seu serviço. – Afinal, é uma oportunidade tão rara.\""
    },
    {
      "Key": "de609cbe-6b43-4585-b04c-5a092870eea1",
      "Value": "{n}Ele olha em volta de suas malas e sorri.{/n} \"Parece que toda essa embalagem era desnecessária – não vou levar o laboratório comigo. Prefiro uma viagem mais leve à capital. Assim que fizer as malas o essencial e trancar a casa, vou direto para a cidade. Vejo você lá.\""
    }
  ]
}