{
  "$id": "1",
  "strings": [
    {
      "Key": "f30f76c6-ab6b-4f10-9231-8c3ae548e96f",
      "Value": "{g|Divine3_1}[Efeitos de decisão]{/g} \"Eu permito que este pregador professe sua fé em minhas terras.\""
    },
    {
      "Key": "64536815-4d78-4376-b25f-ffdb62d98857",
      "Value": "{g|Divine3_2} [Efeitos de decisão]{/g} \"Eu proíbo este pregador de encher a cabeça dos meus súditos com o lixo dele. Jogue-o fora!\""
    },
    {
      "Key": "0aa01e67-c30e-495a-9f8a-9b15986c017c",
      "Value": "{g|Divine3_3} [Efeitos de decisão]{/g} \"Exijo que o pregador seja executado. Faça dele um exemplo para os outros!\""
    },
    {
      "Key": "61f5efd6-7b9f-492a-be85-b2fb90e5b096",
      "Value": "\"Tome sua própria decisão.\""
    },
    {
      "Key": "840cafb0-d871-4089-a440-c713c5c891f0",
      "Value": "\"Eu nunca ouvi falar desses Oradores das Profundezas. Quem são eles?\""
    },
    {
      "Key": "07f6a5cb-560f-4ebc-b4a9-b3ac4b76cbb7",
      "Value": "{n}Jhod morde o bigode, irritado.{/n} \"Oh, essas {g|Stolen Lands}Terras Roubadas{/g}... Elas são um terreno fértil para a sujeira! Assim que eu lidei com uma crise, mas outro está a caminho! Desta vez, um pregador de uma religião que ninguém jamais ouviu se aventurou em suas terras.\""
    },
    {
      "Key": "56dd8e8a-aea1-4ca2-a754-a6388374cf2e",
      "Value": "\"As pessoas dizem que esse sacerdote fala de alguns Oradores das Profundezas. É a primeira vez que ouço isso, mas o nome por si só diz que você não deve esperar nada de bom deles! Mas, infelizmente, nem todo o nosso povo é Tão razoável quanto você e eu: o pregador já reuniu seus primeiros seguidores! {mf|Sua Graça|Sua Graça|Sua Alteza|Sua Alteza}, peço-lhe: por favor, decida o que devemos fazer com ele! Se você me perguntar, Eu digo que devemos fugir com um forcado!\""
    },
    {
      "Key": "dff580de-bb95-439b-bccb-acc5993fa1b3",
      "Value": "{n}Harrim olha para você com atenção, sob as sobrancelhas espessas.{/n} \"Um grito de deus chegou às suas terras. Mas ele não é mais um dos ladradores de {g|Cayden Cailean}Cayden{/g} ou {g|Erastil}Pregadores de Erastil{/g}, oh não... Ele é um sacerdote dos Oradores das Profundezas – deuses antigos, cujos nomes são esquecidos nessas terras.\""
    },
    {
      "Key": "1a26e442-2801-4ccb-b35d-14507c025595",
      "Value": "\"Ele carrega a mensagem dos Oradores para seus súditos – e ele já reuniu seus primeiros adoradores! Não vejo razão para interferir: deixe o povo escolher a fé que desejar. Mas as pessoas estão descontentes – principalmente os seguidores de {g|Erastil}Erastil{/g}, e entre os nossos cidadãos, existem muitos. Eles dizem que o mal se esconde sob essa capa de religião estranha. Mas isso é loucura. Ainda assim, você deve decidir o que fazer com essa nova fé em suas terras.\""
    },
    {
      "Key": "75b2c97f-5a0c-4721-af96-e1e213b11d6e",
      "Value": "\"Os guardas capturaram um viajante suspeito. Um pregador de uma religião estranha, que estava viajando por suas terras, espalhando histórias de deuses estranhos. Ele os chamava de Oradores das Profundezas, ou algo assim. Ele até recrutou alguns seguidores.\""
    },
    {
      "Key": "a9c6cd3b-cf9d-4f5a-8c51-328de320a43e",
      "Value": "\"É natural que seu culto patético logo termine – perdendo seus seguidores para outras divindades mais poderosas. No entanto, se você permitir que ele pregue livremente sem medo, isso enviará uma mensagem a adeptos de outras pessoas... negligenciadas. Eles também podem emergir das sombras e reunir-se a você em busca de proteção. Você pode fazer uso dos mais fortes. Quanto aos fracos e fúteis... entregarei sobre eles a sabedoria da Mãe {g|Lamashtu}Lamashtu{/g} e leve-os para baixo da minha asa.\""
    },
    {
      "Key": "5394cc97-7850-4cc6-812b-304d27084a20",
      "Value": "{n}Jhod está irritado e murmura alguma coisa, mas depois acena com a mão com um suspiro.{/n} \"Como desejar.\""
    },
    {
      "Key": "dbd0fd45-da30-4fa0-aeb7-d9247278a647",
      "Value": "\"Sua decisão é misericordiosa. Vou informá-lo que ele tem sua permissão.\""
    },
    {
      "Key": "5820bdba-2773-4baf-b23d-6858b89e3627",
      "Value": "{n}Tsanna suspira.{/n} \"Muito bem. {g|Lamashtu}Lamashtu{/g} respeita aqueles que apreciam... a diversidade.\""
    },
    {
      "Key": "a349514f-972e-45c1-b300-56030e8e9691",
      "Value": "{n}Jhod concorda com a cabeça.{/n} \"Bem dito! Existem simplesmente muitos desses... ugh!\""
    },
    {
      "Key": "88b66c08-9f97-4af7-8012-36c23769e6b6",
      "Value": "\"Uma pena, realmente uma pena. Vou informá-lo de sua decisão e enviá-lo a caminho.\""
    },
    {
      "Key": "0fc7f76a-a3eb-47b3-9a26-c300b9567d99",
      "Value": "{n}Tsanna suspira.{/n} \"Como você deseja. Talvez sua matilha não seja disciplinada o suficiente para aceitar o que eles não conseguem entender. Você deve recorrer ao chicote com mais frequência.\""
    },
    {
      "Key": "38cf5af2-0bdb-4913-bda4-d5d1873f40a3",
      "Value": "{n}Jhod congela, espantado.{/n} \"{mf|Sua Graça|Sua Graça|Sua Alteza|Sua Alteza}, não estou feliz em sofrer tais convidados eu mesmo – mas uma execução? Como desejar, é claro, mas...\" {n}Em vez de terminar seu pensamento, Jhod apenas balança a cabeça silenciosamente.{/n}"
    },
    {
      "Key": "2861a41f-a112-456c-b25b-ba2549b866d9",
      "Value": "{n}Harrim abaixa a cabeça em pesar.{/n} \"Há um fim para todas as coisas, mas trazer a morte a alguém apenas por causa de sua fé? Isso é apressado e imprudente.\""
    },
    {
      "Key": "aacc561a-126c-4bd4-85a6-ec6c1fdf82ef",
      "Value": "{n}Tsanna flexiona os dedos.{/n} \"Como desejar. Mas cuidado. Se o seu povo mostrar tanta crueldade com a minha matilha, seu sangue quente regará o chão. E nós nos banquetearemos com sua saborosa gordura... doce, gordura de marfim.\""
    },
    {
      "Key": "5a0617f7-61ea-4161-884d-99e66eafb472",
      "Value": "\"Sério? Muito bem. Então deixe-o sair do {mf|baronato|baronato|reino|reino} imediatamente – já temos problemas suficientes sem esses Oradores!\""
    },
    {
      "Key": "e75a2bf0-7fe6-41ec-a37c-9e3d96ddc0b8",
      "Value": "\"Então ele receberá a permissão do alto sacerdote. Deixe que ele traga sua palavra àqueles que ainda não encontraram consolo diante do inevitável.\""
    },
    {
      "Key": "a5d72ccd-44d2-4e79-901a-aa01f440aaaa",
      "Value": "\"Eu concordo. O pregador continuará suas viagens. Minha matilha ficará de olho nele – e em seu rebanho. No final, eles podem preferir {g|Lamashtu}Lamashtu{/g} a seus estranhos ídolos.\""
    },
    {
      "Key": "77a39875-05a5-45e5-a741-2c67847f3487",
      "Value": "{n}O sacerdote pondera.{/n} \"Conheço muitos deuses. Alguns deles mostram favor aos mortais, outros demonstram ira. Mas alguns não querem nada com os povos de {g|Golarion}Golarion{/g}. Os Oradores das Profundezas podem ser desse tipo – quem sabe? Mais uma razão para impedir que a cabeça de seus súditos seja preenchida com esse lixo.\""
    },
    {
      "Key": "e1a28893-6f1f-463d-bf89-db84b0b92e4d",
      "Value": "{n}Harrim balança a cabeça.{/n} \"O mundo está cheio de deuses incríveis, {name}, mas há algumas coisas estranhas que nunca se deve tocar. Os Oradores das Profundezas podem ser inofensivos, ou podem segurar o chave para o portão da destruição. Morte e esquecimento nos aguardam, de qualquer maneira. – Então, por que temer o inevitável e conspirar contra aqueles que são diferentes de você?\""
    },
    {
      "Key": "f8c1e591-5dbd-4c21-bc54-39863f6e26b4",
      "Value": "{n}Tsanna considera a questão por alguns segundos.{/n} \"{g|Lamashtu}Lamashtu{/g} me revelou muito. Mas nunca ouvi falar dos Oradores das Profundezas. Talvez eles tenham sido cuidadosos para evitar se tornar famoso. Ou talvez sejam patéticos demais para capturar nossa atenção.\""
    }
  ]
}