{
  "$id": "1",
  "strings": [
    {
      "Key": "ba09d197-18e2-4552-97fa-b7169d3b30b5",
      "Value": "\"Abençoe-nos, ó deusa. Dê-nos asas, e sua praga subirá. Dê-nos poder, e todos cumprirão sua vontade...\""
    },
    {
      "Key": "2ac6d3bd-93c1-4e6d-9834-b9a36d65b2cf",
      "Value": "\"Eu como e bebo para a glória de Senhora Desespero. Eu tiro da vida, para dar à morte. Eu tiro dos pobres, para alimentar os saciados...\""
    },
    {
      "Key": "73136bc8-8717-4771-90b4-72cd8e49e4b6",
      "Value": "\"Ugh... Pelos deuses... Aham, amigos, hoje não estou com fome! Quem quer minha parte?\""
    },
    {
      "Key": "9220f200-823e-4c2a-acd0-1f946fec561a",
      "Value": "\"Oh. E eu pensei que depois daquela dissecação gigante de centopéia nada mais arruinaria meu apetite novamente...\""
    },
    {
      "Key": "48a15f93-2f0e-4271-b9f6-ad7dea9f9500",
      "Value": "\"Que ritual... peculiar...\""
    },
    {
      "Key": "e4883763-3ad8-4276-ba01-08dd500a02bf",
      "Value": "\"Oh, é uma má sorte fazer companhia aos mortos. E ter um desses em um grupo...\""
    },
    {
      "Key": "fa2c988a-1388-46f3-a3e5-3f1b4b7786f8",
      "Value": "\"Chomp chomp chomp... O quê? Ela-morta não estava comendo a dela de qualquer maneira!\""
    }
  ]
}