{
  "$id": "1",
  "strings": [
    {
      "Key": "477edbfb-3d8f-40b8-a46a-356d3702cc68",
      "Value": "Tentamos entender, com base no que vimos, que tipo de magia Kalannah costumava fugir e onde isso poderia levá-la."
    },
    {
      "Key": "059103ad-3425-427d-9bac-1d2f0b26e0e9",
      "Value": "Tentou encontrar alguém que pudesse ter visto essas pessoas desprezíveis."
    },
    {
      "Key": "f5cde29c-52bc-4469-a20b-67f8c116cc23",
      "Value": "Procurou por sinais ou trilhas que nosso companheiro seqüestrado poderia ter deixado para nós."
    },
    {
      "Key": "cf0b95fd-f08a-498a-a612-fde0ec663d62",
      "Value": "Sem encontrar outras formas de facilitar nosso trabalho, seguimos a trilha da Irmandade Tática."
    },
    {
      "Key": "8c5af659-0a36-42ce-b5df-ff6ad8824c6b",
      "Value": "Fechar."
    },
    {
      "Key": "63119c0a-3c02-4d4b-93e3-14624ff345d2",
      "Value": "Os insidiosos capangas da sinistra {g|Technic League}Irmandade Tática{/g} desapareceram no denso deserto das misteriosas {g|Stolen Lands}Terras Roubadas{/g}! Mas não por muito! Logo estaríamos com eles. Primeiro, porém, teríamos que seguir a trilha deles. Para fazer isso, nós..."
    },
    {
      "Key": "948bea1b-0e31-4357-a25e-3d1a7198b019",
      "Value": "Percebemos facilmente que a magia que Kalannah costumava fugir tinha um alcance pequeno – não mais que seiscentos pés. Verificamos nosso entorno nessa faixa e rapidamente encontramos o local para o qual ela se teletransportou, bem como uma trilha que leva a partir daí. Inspirados pelo nosso sucesso, nós..."
    },
    {
      "Key": "ac7630a1-d79f-447c-9399-63720095071c",
      "Value": "Infelizmente, uma magia é algo tão evasivo que dificilmente pode ser chamado de algo. Por mais que pensássemos, ainda não tínhamos ideia do que exatamente ela usava. Tivemos que encontrar outro caminho. Nós..."
    },
    {
      "Key": "72a068c4-95b9-41d9-a52d-525876849575",
      "Value": "Viva a arte de espionagem! Não muito longe do local do seqüestro, encontramos uma ficha familiar que nosso companheiro deve ter deixado cair e, um pouco mais adiante, um pedaço de pano, obviamente arrancado intencionalmente. Agora, sabendo qual direção procurar, nós..."
    },
    {
      "Key": "1e6f7b21-c360-4d72-b03f-8247ad8b8f21",
      "Value": "Ninguém nunca contou aos nossos companheiros histórias de migalhas de pão, ou não parecemos com cuidado o suficiente, mas não conseguimos encontrar nenhuma trilha. Mas existem outras maneiras de pesquisar! Nós..."
    },
    {
      "Key": "4523cfcc-615d-4102-b6fd-dd1f9cda725a",
      "Value": "Esta região selvagem parece deserta apenas à primeira vista. Vagando pela área, encontramos alguns caçadores e coletores de cogumelos, que nos disseram onde haviam visto um marco. Não havíamos descoberto a posição exata do acampamento, mas estávamos nos aproximando. Depois disso,..."
    },
    {
      "Key": "33f74fe5-f7ed-401a-8a29-f5164e47a01f",
      "Value": "Infelizmente, os bosques selvagens das {g|Stolen Lands}Terras Roubadas{/g} não são como ruas da cidade, onde você pode conversar com transeuntes, ir à taberna, questionar os bêbados e pedir uma cerveja. Em toda a área, encontramos apenas um único coletor de cogumelos, que parecia desconfiado de que estávamos armados, virou-se e correu. Ninguém ia nos ajudar, então nós..."
    },
    {
      "Key": "2c29cbde-942e-4672-abcd-e49553f2a418",
      "Value": "Como eu escrevi antes, as {g|Stolen Lands}Terras Roubadas{/g} são um mistério coberto de matagal, e não apenas um matagal, mas especialmente denso. Os capangas da sinistra {g|Technic League}Irmandade Tática{/g} (que, como lembramos, são insidiosos) usavam essa peculiaridade da paisagem para encobrir sua trilha. Nós vagamos na floresta por um longo tempo, embebemos nossos pés em um pântano e fomos arranhados por framboesa silvestre, mas finalmente encontramos o acampamento deles."
    },
    {
      "Key": "0f9b88a6-8180-471c-b923-9f82b18a659b",
      "Value": "Os capangas da sinistra {g|Technic League}Irmandade Tática{/g} são realmente insidiosos, e as {g|Stolen Lands}Terras Roubadas{/g}, uma região misteriosa. Mas verdadeiros heróis não pensam em nada disso! Pegamos facilmente a trilha daqueles ladinos e logo encontramos o acampamento."
    }
  ]
}