{
  "$id": "1",
  "strings": [
    {
      "Key": "99169c4e-28ab-43af-98a4-62bbda41829b",
      "Value": "[Sair] \"Adeus.\""
    },
    {
      "Key": "f9bbe302-a0ab-4b79-8edc-39750c92a30c",
      "Value": "[Dê os cogumelos a ela] \"Aqui estão seus tapetes pretos de rato.\""
    },
    {
      "Key": "94bb5796-fb74-4fb7-9803-789852e83ee2",
      "Value": "\"Como posso ajudá-lo, boa mulher?\""
    },
    {
      "Key": "d2d77d0b-67aa-493c-bcf0-40ff3f925e20",
      "Value": "[Dê-lhe as ervas] \"Aqui estão suas ervas, três pacotes de cada.\""
    },
    {
      "Key": "a77f8012-f6c5-4bac-a50a-3cdf4538a50f",
      "Value": "[Mostre a erva que você encontrou no pântano] \"Parece uma erva incomum. Você pode me dizer o que é?\""
    },
    {
      "Key": "d872ab7f-f5dd-4ccc-853c-4308d2a13a65",
      "Value": "[Atacar] \"Minhas terras serão mais seguras sem você.\""
    },
    {
      "Key": "745f2364-08ef-4525-a12f-6c49c6072098",
      "Value": "\"Quem é você?\""
    },
    {
      "Key": "ce9cd167-c5f2-4f0e-b226-68bbda43af20",
      "Value": "\"Eu tenho uma pergunta para você...\""
    },
    {
      "Key": "d002a55d-48ff-4cf2-afdf-30001316ee12",
      "Value": "\"Tanto quanto eu ouvi, uma filha de um humano e um feérico morava aqui. O nome dela era Elga Verniex. Você é ela?\""
    },
    {
      "Key": "073ffdc5-b01d-406b-bf94-0e16e146409f",
      "Value": "[Entregue a carta a ela] \"Uma dríade chamada Tiressia se lembra de você e ficaria feliz em vê-la novamente. Ela me pediu para lhe trazer esta carta.\""
    },
    {
      "Key": "5ffcfd91-f64a-4778-8598-88ca6a3833aa",
      "Value": "\"Dê uma olhada nessas moedas – nós as encontramos no fundo de um poço.\""
    },
    {
      "Key": "ce9f7865-7fc1-484e-a4b8-72e5ac8adf7a",
      "Value": "\"O que aconteceu aqui?\""
    },
    {
      "Key": "357ffdf5-32fc-422b-9823-7a6c2e1c0fce",
      "Value": "[Comércio] \"Quanto custa suas poções?\""
    },
    {
      "Key": "35ed29e4-53c7-47a0-91ec-61d79b52b281",
      "Value": "[Conte a ela sobre as moedas] \"Eu aprendi o que aconteceu com a vila, matei o monstro e libertei uma alma amaldiçoada...\""
    },
    {
      "Key": "5aebc4f9-7009-4752-98a1-e1e40c8db4cf",
      "Value": "\"Dorsy. Foi ele quem amaldiçoou Wilber e Callitropsia.\""
    },
    {
      "Key": "df888674-d4cb-446d-b938-487093e34d32",
      "Value": "\"Nyta. Se ela não tivesse deixado Dorsy de lado, nada disso teria acontecido.\""
    },
    {
      "Key": "1730a26d-bd97-45b3-899a-3ba17e5c88b3",
      "Value": "\"Wilber. Ele está parado com a decisão há muito tempo, e no final todo mundo começou a odiá-lo.\""
    },
    {
      "Key": "3e3af5c3-3541-4e84-ad89-0f378a09acec",
      "Value": "\"Callitropsia. Ela colocou uma magia em Nyta e a roubou de Dorsy.\""
    },
    {
      "Key": "8434541c-bb21-4841-bb4b-06963a2cb3aa",
      "Value": "\"Por que trazer isso tudo de novo? Isso não é mais importante.\""
    },
    {
      "Key": "e0201cb7-a837-4fe3-a6aa-22906241fb1b",
      "Value": "\"Talvez algo mais tenha destruído a vila?\""
    },
    {
      "Key": "442e5ada-d24c-4c8b-86f7-cf2e0fc124a6",
      "Value": "\"O que você acha?\""
    },
    {
      "Key": "102f698c-35c2-4685-933c-ec97813b6e56",
      "Value": "\"Estou procurando uma criança desaparecida. Você o viu por acaso?\""
    },
    {
      "Key": "6adb09ca-dbe7-4dc7-8633-6dcba12643b9",
      "Value": "{n}A velha cheira os cogumelos e dá uma pequena mordida. Ela mastiga devagar por um momento, depois sorri, com um brilho nos olhos.{/n} \"Hah! Potentes! Isso vai ser perfeito, certo!\""
    },
    {
      "Key": "f9d4d4dd-eae1-4f5f-803d-0c223fdaddc3",
      "Value": "\"Bem, agora estamos conversando! Muito melhor do que bisbilhotar onde você não pertence, seguindo como um tolo... aqui, olhe!\" {n}Ela puxa um cogumelo preto, estranhamente enrugado, de uma bolsa no cinturão – ele tem um cheiro estranho que faz seus olhos lacrimejarem.{/n} \"Este – este é um tapinha preto. Os esporos-transmissores dentro – a melhor coisa para os pulmões – e para a pele. Eu, eu os uso para o chá. Eles são raros, mas crescem mais espessos na {g|Mud Bowl}Tigela de Lama{/g}, Me pegue... pelo menos dez... sim, dez, então conversaremos!\""
    },
    {
      "Key": "15cd0873-512b-420a-a245-e7bc81efe5a3",
      "Value": "{n}A velha bate palmas e sorri, revelando uma fileira de dentes marrons e irregulares.{/n} \"Há uma boa {mf|garoto|garota}! Demorou muito tempo para encontrá-los, hein? Dê aqui, eu vou fazer um bom uso...\""
    },
    {
      "Key": "1e645860-e1af-4346-aaab-f846977071b2",
      "Value": "{n}Ela pega a erva entre os dedos ossudos, fareja e dá um aceno de aprovação.{/n} \"Você tem um bom olho! A erva é útil, mas não por si mesma. Olhe aqui.\""
    },
    {
      "Key": "b37630a6-3bd8-4e70-bcb4-71d2cb2e6205",
      "Value": "\"Então – o que diabos você está fazendo aqui?\" {n}A velha aperta os olhos com desaprovação. Seu cabelo é um emaranhado de cinza, e sua pele enrugada é um tom incomum de verde. As sobrancelhas e as orelhas dela se afinam em pontos.{/n}"
    },
    {
      "Key": "5aebfcc0-678b-423a-a2c3-869292f720ee",
      "Value": "\"Você não tem nada a ver por aqui...\" {n}Os olhos dela se estreitam.{/n} \"O que você é – um ladrão? Bandido?\" {n}Ela estuda você, depois assobia na garganta.{/n} \"Inferno, se você for um cobrador de impostos.\""
    },
    {
      "Key": "8774b6e2-5dc5-4bdd-9118-09f68f1395b5",
      "Value": "\"Você de novo? Hmph. Eu ofereceria chá para você, mas eu não tenho. {n}Ela dá um sorriso estreito.{/n} \"É o melhor coisa para a saúde!\""
    },
    {
      "Key": "ba321709-3022-4cff-8dc6-c04b2c36dcea",
      "Value": "\"Eu, hein? Eu sou apenas uma velha inofensiva, esperando um pouco de paz e sossego... a 'Velha Beldame', eles me chamam, e isso é bom – já fui chamada de coisa pior na minha vida. Porque perguntas? Que missão tola traz você até aqui?\""
    },
    {
      "Key": "8dc10c22-e533-4ee9-beb3-f57b698f0469",
      "Value": "{n}A velha carranca.{/n} \"A 'Velha Beldame' que eles me chamam quando não estão me chamando de pior – bruxa, bruxa – acusando-me de fornicar com demônios, roubar crianças...\" {n}Ela resmunga.{/n} \"Vim aqui para ficar o mais longe possível das fofocas assim, mas não foi longe o suficiente. Você está batendo na minha porta – e apenas recentemente, algum outro tolo veio – me implorou para comprar sua alma, você pode acreditar? Hnh! É pedir muito um pouco de paz e sossego...\""
    },
    {
      "Key": "60425dc6-5b58-42a7-a18a-ae1715bfabdd",
      "Value": "\"Uma criança? O que eu faria com um pirralho, colocá-lo em uma jarra? Isso é rico!\" {n}Ela dá uma risada barulhenta.{/n} \"Onde está escrito se uma mulher idosa gosta de um pouco de paz e sossego, ela deve ser uma bruxa que rouba crianças?\""
    },
    {
      "Key": "b6799244-2141-42ab-aa4e-9845a7754348",
      "Value": "\"Basta olhar para {mf|ele|ela} – {mf|ele|ela} tem uma pergunta!\" {n}Os lábios dela se curvam com desdém.{/n} \"O que faz você pensar que tenho respostas para alguém como você, arranhando a minha porta como um{mf||a} mendig{mf|o|a}? Você fez algo de bom para mim recentemente? Você não tem nada para mim, e você não é nada para MIM!\""
    },
    {
      "Key": "daa06c43-2cbd-4878-a1b6-c45f907977aa",
      "Value": "\"Quem sabe o que poderia ter arrebatado uma criança?! Talvez ele tenha sido comido por goblins, ou atraído para o pântano pelas luzes errantes! Ou talvez sua pobre mãe soluçando com todas as suas falsas lágrimas estrangulou-o durante o sono e depois o colocou deitar-se com uma pá em algum lugar no fundo da floresta e agora procurar alguém para culpar a culpa? Vá até ela, retire suas respostas, faça-a dizer onde está seu filhote, mas não me incomode!\""
    },
    {
      "Key": "8ed62eb3-aa5b-4378-9a1c-086bcb6a48f9",
      "Value": "\"Veja, eu nunca fiz mal a ninguém sem uma boa razão. Outros tentaram me prejudicar... eles se arrependeram depois, isso é certo, mas as pessoas nunca aprendem. Ohh, o que devo dizer...\" {n}Com uma expressão azeda, a velha acena com a mão esverdeada e esverdeada.{/n}"
    },
    {
      "Key": "6c243f76-0473-4307-aefb-1d7c13e2d0c6",
      "Value": "{n}Ela mostra três ervas diferentes.{/n} \"Esta é uma folha de lama. Que há amora-preta. E essa – essa é a vertigem, alguém adivinha o que ela faz. Se você puder encontrar três pacotes de cada um – traga-os para mim?\""
    },
    {
      "Key": "f14200e7-20a6-4d61-8df1-1ea1fb6d2536",
      "Value": "\"Boa viagem!\""
    },
    {
      "Key": "bfa557d0-1102-4a71-809f-c69fe56b7ffe",
      "Value": "{n}Elga abre a carta, passa os olhos por ela e sua expressão muda... pode ser um sorriso ou uma careta.{/n} \"Então é assim que as coisas são... Bem, agora não importa mais...\" {n}Ela dá um suspiro barulhento.{/n}\" Oh, Tiressia... eu deveria visitá-la algum dia... sim.\""
    },
    {
      "Key": "a4229048-865c-4806-8fb7-68daddc281de",
      "Value": "\"Ugh, que maldade é essa!\" {n}Ela cospe no chão.{/n} \"Eu não sei que mágica é essa, mas tem a sensação de uma maldição – ou algo ainda pior: mantenha-a longe de mim!\""
    },
    {
      "Key": "288b2c2c-9551-47aa-a3cc-319a64291968",
      "Value": "\"Eu não tenho idéia. Costumava ser uma vila aqui uma vez – gente boa, abastada, mas não tão abastada para se exibir... eles estavam em paz com as fadas – até tinham festivais comemorados com eles... mas isso foi há muito tempo – seis ou sete dúzias de anos, pelo menos.\""
    },
    {
      "Key": "a21f73de-fc9d-4abe-af76-66e4d85895d3",
      "Value": "\"Quanto ao que os arruinou – eu não sei. No entanto, nas noites mais escuras, sons estranhos vêm do fundo da floresta – estalando e gemendo, como se uma grande árvore estivesse torcendo suas raízes, sacudindo seus galhos como ossos. Há algo lá... uma criatura que afugentava pessoas e fadas.\""
    },
    {
      "Key": "8e7a0cb6-3065-4af0-aff6-815d134c7083",
      "Value": "{n}Ela ouve sua história, acenando com a cabeça.{/n} \"Então, foi assim que tudo aconteceu... Uma coisa assustadora, essa maldição e tudo. Pareceria apenas uma história alta... mas aqui estamos nós – a vila se foi! Então, quem é o culpado, você acha?\""
    },
    {
      "Key": "a09573d3-acb8-4c35-9bf6-151b173b8cf7",
      "Value": "\"Talvez, talvez... Mas o ódio pode ser merecido, ou pelo menos parecia ser! Ponha-se nas botas dele, veja através dos olhos dele – as fadas estão arrastando sua amada para a floresta, o pai tolo dela ajudando eles... o sujeito deve ter realmente acreditado que a estava salvando!\""
    },
    {
      "Key": "520b5f84-69ca-4d54-a722-54869223ec1f",
      "Value": "\"O coração quer o que quer, certo? Uma garota se apaixona, então a paixão desaparece – acontece o tempo todo. O pior é que ela amaldiçoou o próprio pai – isso é perverso, é verdade. Mas o amor dela deve ter sido feroz se isso deu à luz um ódio tão ardente!\""
    },
    {
      "Key": "5fafb8b2-6817-4347-9a07-ddac1c049be1",
      "Value": "\"Sim, Wilber sempre foi um covarde. Ele não queria machucar ninguém, mas ao fazê-lo, machucou todo mundo e recebeu retribuição de ambos os lados – sua filha e o noivo dela... Mas ele desejou bem a todos, certo? Não foi seu ódio que alimentou a maldição...\""
    },
    {
      "Key": "ddb9724b-41d7-4618-aa6b-856231385fc0",
      "Value": "\"Roubada, hein? Uma noiva não é um saco de batatas, ela tem uma mente própria – ela pode decidir por si mesma quem mais gosta!\" {n}Ela resmunga.{/n} \"E quanto a colocar uma magia em Nyta – eu não acredito nisso. Vi como as pessoas agem sob uma magia de amar o amor... Então, embora eu não tenha visto toda essa história com meus próprios olhos, ainda acredito que nasceu do amor verdadeiro.\""
    },
    {
      "Key": "5144f2a5-1ba1-4f4d-92cc-4bed95b778de",
      "Value": "\"Isso é verdade. O que está feito não pode ser desfeito – aqueles que estavam certos e errados, todos receberam mais do que mereciam... você pode ter levantado a maldição, mas ela havia feito seu trabalho. Ninguém vai morar aqui por muito tempo... exceto aqueles como eu.\""
    },
    {
      "Key": "f5b5f316-3f41-4403-bd39-61ec1b972eb0",
      "Value": "\"Então, o que você diria agora? Quem é o culpado?\""
    },
    {
      "Key": "29047651-89e0-4a82-a438-99a2fa6ce367",
      "Value": "\"Agora isso é inteligente da sua parte – você é mais esperto do que eu pensava. Você está certo, Dorsy não era um mago – por que sua maldição se tornaria realidade e com tanta força?\" {n}Ela levanta uma sobrancelha.{/n} \"Transformar uma rainha dríade em monstro não é uma maldição simples, como fazer os joelhos do vizinho doerem quando ele conta uma mentira.\" {n}Ela funga e sua voz cai.{/n} \"'Além disso, o ar nessas partes parece errado, como... não, não, não importa, não devemos falar mais sobre isso.\""
    },
    {
      "Key": "a0ec17a1-2bd1-4635-9536-7aff4d6ae33b",
      "Value": "{n}Ela está tremendo de indignação. Ela é uma mulher orgulhosa, você pode dizer isso facilmente, e o fato de ela estar quebrando a compostura garante que ela esteja dizendo a verdade.{/n}"
    },
    {
      "Key": "1aa9d180-494e-45eb-911f-112b8381c153",
      "Value": "{n}A resposta dela soa indignada, mas você não pode dizer se é genuíno ou não.{/n}"
    },
    {
      "Key": "2c52a581-2999-478d-a179-967b101a29c5",
      "Value": "{n}A velha sorri lentamente e balança a cabeça – agora, mais do que nunca, ela lembra uma fada silvestre.{/n} \"Não cabe a mim – julgar as pessoas. Deuses podem julgar – é fácil para eles, pois sabem de tudo. Os jovens também podem julgar – é ainda mais fácil para eles, pois não sabem de nada. E eu... Eu apenas guardo tudo na minha memória.\""
    },
    {
      "Key": "78e48cf9-6b3e-4d0e-bc7a-949427747f9e",
      "Value": "{n}Depois que suas novas ervas são guardadas, ela parece um pouco mais agradável e até dá um sorriso aberto.{/n} \"Essa é uma saudação adequada: trocar favores! Ajude-me e eu ajudo você... então Pergunte, eu sei que a área pode ajudá-lo no seu caminho. Ou talvez você precise de algumas poções? Nada barato, mas nada que você não possa pagar – e eles fazem o truque, eles fazem!\""
    },
    {
      "Key": "492e946e-2c71-4f53-af2e-7cfaf74d21df",
      "Value": "{n}A Velha Beldame desvia os olhos.{/n} \"Pode ser eu...\" {n}Ela suspira.{/n} \"...ou pode não. Qual é a diferença... quem ainda se lembraria desse nome...\""
    }
  ]
}