{
  "$id": "1",
  "strings": [
    {
      "Key": "3c70fe2a-d519-43f6-913e-d00631c1f665",
      "Value": "\"Quando Nok-Bok se tornar um Herói, ele precisará de alguém para escrever sobre suas façanhas? Como outros Heróis de longa data fazem?\""
    },
    {
      "Key": "c692443d-277c-42a1-9a60-045da84cfbea",
      "Value": "\"Eu adoraria conhecer um autor que concorda com essa posição. Especialmente considerando o fato de que o salário consiste em ossos mastigados e dedos arrancados.\""
    }
  ]
}