{
  "$id": "1",
  "strings": [
    {
      "Key": "ac642fa7-a011-4464-a088-b9b387b2456a",
      "Value": "\"E eu gosto de Bokken. Ele me lembra um vendedor de livros que eu conheço... Frio e azedo no começo, mas se ele gosta de alguém, é para sempre.\""
    },
    {
      "Key": "38620865-c79c-4037-9a46-6cf467bb18fa",
      "Value": "\"Foi muito bom para Oleg e Svetlana ajudá-lo. Acho que ele teria um tempo difícil sem eles.\""
    },
    {
      "Key": "084db046-2c50-4f11-982c-c54e00a09e72",
      "Value": "\"Muitas garotas são assim, ha, ha.\""
    },
    {
      "Key": "e2c3ab10-15b7-4ccf-8d9e-fe5b337c4903",
      "Value": "\"Claro, é preciso fazer concessões para a idade dele. Mas ele estaria melhor se aprendesse algumas maneiras.\""
    }
  ]
}