{
  "$id": "1",
  "strings": [
    {
      "Key": "bf478ea9-e13d-4438-b714-34f378a14fe9",
      "Value": "{n}Valerie parece sombria.{/n} \"Ouvi rumores de que meu antigo mentor, Fredero Sinnet, reuniu sua comitiva e deixou os limites das {g|Stolen Lands}Terras Roubadas{/g}. Parece que não não chegue ao posto comercial antes que sua paciência se esgote.\""
    },
    {
      "Key": "0f0fa160-8bcb-4206-b6f8-0faa622a51c4",
      "Value": "{n}A garota acena descuidadamente.{/n} \"Pode ser o melhor. Tenho certeza de que você tem problemas suficientes sem que um paladino fanático reivindique direitos sobre mim como propriedade da {g|Shelyn}Ordem da Rosa Eterna{/g}. Pff!\""
    },
    {
      "Key": "df47705d-d477-49cf-939b-5052595e9672",
      "Value": "{n}Valerie olha para você por baixo das sobrancelhas.{/n} \"Ouvi rumores de que Fredero Sinnet, um paladino da {g|Shelyn}Ordem da Rosa Eterna{/g} foi morto no posto comercial. Abatida com toda a sua comitiva. Oleg e Svetlana ficam em silêncio, como se tivessem medo de denunciar alguém.\""
    },
    {
      "Key": "eb9cf33e-8970-489a-b2fa-2ef1e89cbcd7",
      "Value": "\"Precisamos proteger suas terras com mais cuidado, {name}. É improvável que você crie um estado adequado aqui se essas atrocidades impunes continuarem acontecendo.\""
    }
  ]
}