{
  "$id": "1",
  "strings": [
    {
      "Key": "f1b7d0bc-ee55-438a-9ea3-8b9d3b5c8960",
      "Value": "{n}O espelho ganha vida sob seu toque. Sua superfície escura é iluminada por lampejos de uma batalha que aconteceu nesta mesma sala, uma era desconhecida atrás. Um grupo de guerreiros em roupas escuras está lutando contra um bando de gárgulas. Há nuvens de névoa feiticeira no corredor atrás de suas costas. De repente, é perfurado por um raio de luz, e o familiar mago aparece no campo de batalha, segurando uma lanterna mágica na mão. Ele está tremendo de dor, mas parece zangado e resoluto.{/n}"
    },
    {
      "Key": "889aede0-52d2-4e4f-ba18-829425617dd6",
      "Value": "\"Todos nós vamos morrer aqui! Corra!\" {n}Um dos soldados grita. Sem hesitar, o mago o empurra direto para as garras das gárgulas. Assim que os monstros se distraem com a vítima, o mago envolve todo o grupo em uma magia e os mata no local.{/n} \"Suba as escadas! Para o segundo andar!\" {n}Ele acende a lanterna, e os guerreiros rapidamente recuam para a névoa.{/n}"
    },
    {
      "Key": "a88105c6-64b0-4ae6-b6ac-e5a411a61b50",
      "Value": "{n}A visão desaparece. Mas então outra sala e o reflexo de outro feiticeiro aparecem do outro lado do vidro – aquele com quem você falou pela primeira vez. Ele acena para você e diz calmamente:{/n} \"Eu lembro... lembre-se dessa luta... você está no caminho certo.\""
    }
  ]
}