{
  "$id": "1",
  "strings": [
    {
      "Key": "f02621cf-dd78-4913-b26b-b9f8f87aeba0",
      "Value": "[Atacar] \"Gritos divertidos – e eu nem comecei ainda.\""
    },
    {
      "Key": "490345e1-cf5b-4764-92af-3faf41d0e68f",
      "Value": "[Atacar] \"Pragas imundas! Vou limpar minhas terras de vocês!\""
    },
    {
      "Key": "fbaa3c6e-6ceb-45a0-bdb3-4c295b2cdc97",
      "Value": "[Sair] \"Eu não vou sujar minhas mãos com você. Deixe este lugar imediatamente!\""
    },
    {
      "Key": "9362572a-0791-46a0-8397-df775221fca4",
      "Value": "[Sair] \"Tudo bem, que assim seja. Vou poupar sua vida.\""
    },
    {
      "Key": "3d4d93f9-1ad8-4199-9d1d-e39a1b7ce16a",
      "Value": "[Sair] \"Eu respeito a Deusa. Agradeça-a, pois estou poupando suas vidas patéticas.\""
    },
    {
      "Key": "7d0720ab-2125-434f-bacc-d7db60aaffae",
      "Value": "[Sair] \"Você é muito divertido. Não tenha medo – somos amigos!\""
    },
    {
      "Key": "7152d0ea-8d0f-45e5-878b-349ad2dd88b2",
      "Value": "[Atacar] \"Em nome de Iomedae, destruirei essas bestas imundas!\""
    },
    {
      "Key": "9255fc57-16a7-48a6-b3b2-fe1b5b12320a",
      "Value": "[Atacar] \"Eu não acredito que você possa se tornar um cidadão civilizado – e, portanto, não há lugar para você no meu baronato. Abadar não vai chorar por você, nem eu.\""
    },
    {
      "Key": "29220aff-34d8-40ef-bdcc-4eb87dc47690",
      "Value": "{n}Amontoados atrás da estátua de Lamashtu, um monte de goblins lançam olhares furiosos para você, murmurando ameaças e xingamentos. Um deles, aparentemente o mais corajoso, sai, sacudindo o punho e uivando para você com uma voz trêmula.{/n} \"Você n-n-não ousaria che-chegar mais perto! Nós pegamos um dos seus antes, e {g|Lamashtu}Lamashtu{/g} a-a-amaldiçoou ele com uma maldição terrível! Ela vai fazer o mesmo com você!\""
    },
    {
      "Key": "b8df02ec-f407-47ff-8354-daf9967f94d6",
      "Value": "\"Ei!\" {n}Nok-Nok puxa sua manga.{/n} \"Eles podem estar certos! Eles são um monte de vermes estúpidos, barulhentos, fedorentos e gananciosos... mas se você matá-los embaixo da estátua da Deusa, ela pode ficar ofendida!\""
    },
    {
      "Key": "e42c40d4-f23b-427d-984e-c691c7dd32ed",
      "Value": "\"Ei!\" {n}O goblin amarrado ao poste grita com você, lutando contra os vínculos dele.{/n} \"Não os ouça, você não precisa deles! Deixe-os correr! Venha aqui, eu lhe digo uma coisa! Algo importante!\""
    },
    {
      "Key": "f25c65c1-9d80-4d8b-b3a0-d70ea61fb5ea",
      "Value": "{n}Ele aponta o dedo para o cadáver do goblin que você matou.{/n} \"Veja como a Deusa castiga os blasfemadores? Corra agora, ou ela também vai pegar você!\""
    },
    {
      "Key": "5623ad35-72b9-4e82-8e38-ca26c2ecc3e0",
      "Value": "\"Eles agora querem misericórdia. Quando os prisioneiros os imploraram – eles ouviram?\""
    },
    {
      "Key": "c943099c-b50b-4a4d-b679-e064c6049ca5",
      "Value": "\"Agora você deve fazer uma escolha entre justiça e misericórdia. Não tema a ira de uma deusa do mal – não é ela quem irá julgá-lo por essa escolha. Isso ficará entre sua alma e sua própria divindade.\""
    },
    {
      "Key": "f2d68c56-7458-4708-a374-a5d142bdf1e4",
      "Value": "\"Há! Sim, agora estou com medo! O que {g|Lamashtu}Lamashtu{/g} fará? Enviar outro urso-coruja para nós esfolarmos?\""
    },
    {
      "Key": "3eb164f4-2d6a-4b0f-9648-e019b7ef7f75",
      "Value": "\"Há-ha, essas pragas são engraçadas. Vamos fritá-las!\""
    },
    {
      "Key": "9c793d94-a9cc-4e53-a558-83ac90602de5",
      "Value": "\"O que você está esperando? Mate esses malvados, e vamos seguir em frente. Estou farto dessa pilha de lixo.\""
    },
    {
      "Key": "e8b4a4dc-0116-475d-9c3d-30cfd4a5ccf3",
      "Value": "\"Ótimo! Reze para sua deusa, seus ratinhos! Ela não pode ajudá-lo de qualquer maneira, ha ha ha!\""
    },
    {
      "Key": "8b7e6777-9b03-40fc-b028-ad35856884c7",
      "Value": "\"Aaah! {g|Lamashtu} Deusa{/g}, vamos sacrificá-los para você!\""
    },
    {
      "Key": "e29d344c-8c00-49fe-a657-340afbce6b2f",
      "Value": "\"{g|Lamashtu}Lamashtu{/g} ou não, você será responsável por qualquer um que esses vermes matem ou mutilem. Não abuse da sorte – limpe suas terras desses monstros.\""
    },
    {
      "Key": "639fece4-5061-4566-a377-87951f4b1150",
      "Value": "\"Eu teria dito de maneira diferente, mas nossos pensamentos eram essencialmente os mesmos.\" {n}Um sorriso cáustico toca os lábios de Valerie.{/n}"
    }
  ]
}