{
  "$id": "1",
  "strings": [
    {
      "Key": "ebb7602a-b06b-4c68-bbed-fe7e59f64f96",
      "Value": "\"Você pratica tanto – e sempre sozinha. Você não está cansada de fazer os mesmos ataques repetidas vezes? Que tal trabalharmos juntos?\""
    },
    {
      "Key": "c28be583-c29f-4f5e-9b26-64ff9f028734",
      "Value": "\"Tudo bem, por que não. Mas isso não substituirá a minha prática. Para mim, a habilidade mais importante na batalha é disciplina, autocontrole e vontade de ferro.\""
    }
  ]
}