{
  "$id": "1",
  "strings": [
    {
      "Key": "2855ac6f-fda5-45fa-bc58-b94566c31b3e",
      "Value": "\"Qual é o seu problema?\""
    },
    {
      "Key": "c1d85584-0fa3-48c6-8bfb-48714e6611a7",
      "Value": "\"Conte-me sobre o seu navio, O Prestigiado.\""
    },
    {
      "Key": "0a27e0f7-01ff-4b8a-a78d-8ea497265f9c",
      "Value": "\"Você não está preocupado que eu revele seus planos ao capitão?\""
    },
    {
      "Key": "d116829f-7962-41b9-8e03-f77171ce5d0a",
      "Value": "\"Blakemoor pediu mais uma semana para terminar seu grimório.\""
    },
    {
      "Key": "4829451a-9725-48b3-884f-cdb24e258c2e",
      "Value": "\"Eu tenho o grimório.\""
    },
    {
      "Key": "60123b54-043f-4d16-adad-78e250c93a52",
      "Value": "\"Como você se tornou um pirata?\""
    },
    {
      "Key": "aba42e97-dba8-4ec2-9cd5-85c966f50d2b",
      "Value": "\"Vamos deixar isso por enquanto. Temos uma coisa mais importante a discutir.\""
    },
    {
      "Key": "4b228a6f-4f1f-4523-ae0b-f6bf790cb920",
      "Value": "\"Não tenho mais perguntas.\""
    },
    {
      "Key": "8f851936-de3a-479b-b87a-f42dfa16c463",
      "Value": "\"Me responda isso sobre Blakemoor e o grimório.\""
    },
    {
      "Key": "4f6b2c7d-58cc-4cc5-91f9-c288291c0e78",
      "Value": "\"Eu tenho uma pergunta sobre sua linha de trabalho.\""
    },
    {
      "Key": "8844c818-460e-4ab6-8224-5477e2500fda",
      "Value": "[Atacar] \"Os cidadãos de Pitax respiram aliviados quando eu acabar com você de uma vez por todas.\""
    },
    {
      "Key": "86421e07-f636-46e5-825a-41eb78c8179f",
      "Value": "\"Conversamos depois.\""
    },
    {
      "Key": "1abe930c-c0d9-41e9-a0ca-fb8ff00ac4f0",
      "Value": "\"Conte-me sobre o grimório.\""
    },
    {
      "Key": "4abb3002-50c4-423a-9c28-2286d8bdfebf",
      "Value": "\"Quem é esse Blakemoor?\""
    },
    {
      "Key": "1f2980ca-02c0-4cc3-ad7d-2641c8380fb4",
      "Value": "{n}Um homem de meia-idade, de cabelos escuros, com uma marcha de marinheiro, barba aparada e rosto ranzinza está bloqueando seu caminho.{/n} \"{mf|Sir|Senhora}, meu nome é Wellar, e é minha honra de servir como primeiro-companheiro a bordo do navio pirata chamado O Prestigiado. Gostaria de pedir um favor. Ajude-me a salvar minha alegre tripulação de cães do mar de se afogar no fundo de suas garrafas.\""
    },
    {
      "Key": "8cac003a-1d8b-4d3f-8c9f-97040e941504",
      "Value": "{n}O primeiro companheiro Wellar olha para você com a mistura de esperança e desespero em seus olhos.{/n} \"Saudações, Sua {mf|Graça|Graça|Alteza|Alteza}! Você... teve uma chance de considerar meu pedido?\""
    },
    {
      "Key": "7caaf7ce-a89d-42d1-9e51-cda66c597b52",
      "Value": "{n}Wellar aponta sombriamente para os piratas bêbados.{/n} \"Lá. Nossa equipe fez um pedido: um mago chamado Blakemoor concordou em criar um grimório para nós – um livro, mas mais, uma obra-prima da arte. Nós deveriamos supostamente encontrá-lo nesta taberna dois... ou três... bem, há alguns dias. Mas ele não apareceu. Pior, não temos idéia de onde devemos procurá-lo.\""
    },
    {
      "Key": "f64a5267-bf56-4ce4-a412-e6cf28e6b09f",
      "Value": "\"Tripulação, de armas! Largue suas garrafas e pegue suas armas!\""
    },
    {
      "Key": "afc8afc8-8e3e-408c-873c-f2d29c1f50a9",
      "Value": "\"Você não encontrará um navio pirata mais glorioso em lugar algum. Não somos alguns bandidos patéticos, que atacam pescadores e navios de carga cheios de repolhos. O Prestigioso persegue apenas arte. Quero dizer obras de arte. Nunca fui um grande admirador de arte, mas quando soube o quanto os nobres estão dispostos a pagar por isso, sua estética e beleza me impressionaram. Normalmente, vendemos a maior parte de nossos saques ao Rei Irovetti.\""
    },
    {
      "Key": "ab65a674-b4b0-4a9d-b67d-84a73d7fda81",
      "Value": "\"Estou contando com você. Ventos justos.\""
    },
    {
      "Key": "7d21cc8d-cb7b-45f1-b472-893b994ec583",
      "Value": "\"Você o viu? Você falou com ele? E você não pegou o livro?! Oh não! Tenho certeza que ele já se foi há muito tempo! Você deveria ter tirado aquele maldito livro dele! Onde vamos encontrar ele agora... Tudo está perdido.\""
    },
    {
      "Key": "615d3032-6acb-4ac6-acec-d0ee6582a57c",
      "Value": "{n}Normalmente mal-humorado, o rosto do Primeiro Companheiro se ilumina com um sorriso.{/n} \"Graças aos deuses! Agora entregue esse livro maldito ao capitão, e podemos deixar esse buraco de rato. E nem haverá tem que ser um motim! Pelos deuses dos tritões, você salvou eu e toda a minha equipe!\""
    },
    {
      "Key": "45309ce9-4769-4d8b-9e51-4b2df884d73e",
      "Value": "\"Não, não estou. Por muitos anos mantive essa tripulação à tona. Tanto nosso navio quanto nossos negócios. Se eu não derrubar o capitão, em poucas semanas não restará tripulação.\""
    },
    {
      "Key": "bbf2d7ba-304c-435d-bb82-a19cda772e3c",
      "Value": "{n}O primeiro companheiro Wellar olha a cena do massacre em total confusão.{/n} \"Santo Kraken... Mas... Não era isso que eu queria! Eu queria um motim. Para o navio. Com o tripulação... Mas você matou toda a tripulação! Que bom é o navio agora?! Ufa, vamos lá, irmãos! É verdade que os landlubbers têm traseiros em vez de cabeças!\""
    },
    {
      "Key": "5846b9bb-7268-49f0-b5e4-3b9e0461ae9e",
      "Value": "\"É uma longa história. Uma vez eu era Yoman em {g|Rostland}Correnterra{/g}. Mas quando a Casa Rogarvia... quando todas essas coisas aconteceram com a {g|House Rogarvia} Casa Rogarvia{/g}, eu levantou a âncora e decolou em um instante. Eu podia sentir a agitação chegando, assim como o vento muda para o noroeste à meia-noite. De volta a Ponte Morta, conheci o capitão Martyn, que estava recrutando uma nova equipe.\""
    },
    {
      "Key": "e2bc6175-6176-49d0-bb3c-d5a7ef71f740",
      "Value": "\"Tudo o que você diz. Estou sempre ao seu dispor.\""
    },
    {
      "Key": "f0cad049-f287-4a80-9f2c-f317439ca876",
      "Value": "\"Blakemoor é um homem extraordinário, cheio de histórias incríveis. Mas ele está com ciúmes de sua solidão. Na verdade, se toda a equipe ficar aqui bebendo, esperando por ele dias após dias, e se continuar assim – por que, vamos perder nossa imagem de piratas honestos. O que um cliente respeitado gostaria de nos contratar então? Já passou da hora de zarpar, mas o capitão Martyn não ouve nada disso: ele não vai embora sem o livro.\""
    },
    {
      "Key": "b22e0138-3407-45d8-a840-1944712d2eb9",
      "Value": "\"Preciso da sua ajuda. Preciso derrubar o capitão e assumir o comando. Mas não sou o homem mais popular da tripulação. Se Martyn é como um pai divertido e irresponsável para os marinheiros, sou a mãe rigorosa pronta para coloque seu rolo em uso. Preciso de alguém que possa convencer os marinheiros a ficarem do meu lado. Não há muitos que me apóiem agora – apenas aqueles que querem encher nossas velas com ventos do sul. É verdade, vivemos em uma era de declínio e decadência.\""
    },
    {
      "Key": "5e6586e5-e6f4-4a21-82e0-36f44b308c79",
      "Value": "\"Falando nisso, o grimório de Blakemoor também foi encomendado por Irovetti.\""
    },
    {
      "Key": "5f0d4e2e-eabb-4010-8339-e1ce5c0fb4ed",
      "Value": "\"Falando nisso, o grimório de Blakemoor também foi encomendado por Irovetti. Agora que o contrato perdeu força, mas o capitão acredita que ainda temos um acordo com Blakemoor, então precisamos coletar o livro de qualquer maneira. O arenque teimoso e decadente!\""
    },
    {
      "Key": "a6bc0f40-22c1-42b5-8517-ad9d9fa23701",
      "Value": "\"Eu aposto que você está curioso para saber o que ganhará? Eu responderei. Invasões por roubo são coisa do passado para este navio e sua tripulação. Vamos nos dedicar a trocar peças de arte de elite. Isso é um negócio altamente lucrativo, e isso também é verdade para qualquer pessoa que sacar impostos de nossa embarcação. Se você me ajudar, depois que eu me tornar capitão, perseguirei esse negócio sob sua bandeira. Mas isso só funcionará se eu for capitão – Não posso falar por Martyn. Ele sempre prefere assaltos a negócios honestos.\""
    },
    {
      "Key": "cad6665a-fb89-4e14-80f9-ba67d37c8a4f",
      "Value": "\"Espero que esta informação seja suficiente para você nos ajudar.\""
    },
    {
      "Key": "23a3664f-9a8f-4ede-a678-957cce1a8796",
      "Value": "\"A tripulação logo passou a acreditar que era minha responsabilidade... bem, organizar as coisas. Para gerenciar tudo. O capitão é bom em planejamento estratégico, mas não é tão habilidoso em questões de disciplina. No Prestigious, eu ouço o capitão e a tripulação me escutam. Mas só funciona enquanto eu não contradizer Martyn.\""
    },
    {
      "Key": "56ab5d29-1159-410e-8f79-2c67d54397d0",
      "Value": "\"O que exatamente você gostaria de saber?\""
    },
    {
      "Key": "6541ed1b-0a6c-4d29-8b63-08c895bfe76e",
      "Value": "\"Estou pronto para lhe dizer o que você quiser, se isso ajudar você... hum... a nos ajudar!\""
    },
    {
      "Key": "a4c6d0eb-35f4-45cf-bdfb-37ee722161ef",
      "Value": "{n}Wellar cospe sombriamente.{/n} \"Não há muito a ser dito. É um livro, é grande e bonito. Coberto de caligrafia. Conhecendo Blakemoor, aposto que é cheio de surpresas mágicas. Mas seu principal valor está em a perfeição da estética visual.\" {n}Wellar sorri.{/n} \"Eu pareço um artista, não é? Como você pode ver, ao longo dos anos eu me tornei versado em questões de arte. Eu praticamente me apaixonei por isso.\""
    },
    {
      "Key": "87a2e479-da6c-4ac6-890f-8562218403bc",
      "Value": "\"Ouvi muitos relatos e não acredito em nenhum deles. Digamos que Blakemoor é um fenômeno vivo. Se você o ouvir por cinco minutos, ouvirá as histórias mais impossíveis que qualquer mente de um sonhador jamais poderia produzir. Mas, ao mesmo tempo, ele é um mago extraordinariamente talentoso e um artista habilidoso. Posso atestar isso pessoalmente, tenho o prazer de dizer.\""
    },
    {
      "Key": "2dc1ce18-880d-4953-8587-34a0cd530eee",
      "Value": "\"Posso contar com a sua ajuda? Sem você, minha equipe se afogará em embriaguez e decadência.\""
    },
    {
      "Key": "2a88daed-1d40-486e-9b29-880bf75c4aee",
      "Value": "\"Sobre o que ele está tagarelando? Eu pensei que piratas eram guerreiros duros. Você sabe, caras mal-humorados em navios. Estes são apenas bêbados e covardes.\""
    },
    {
      "Key": "f385f3d9-5245-4ea8-990c-69cc27b63116",
      "Value": "\"Um pirata se identifica assim desde o início, e tem a audácia de pedir ajuda! A vida nos {g|River Kingdoms}Reinos Fluviais{/g} é insana. Eles realmente precisam de uma mudança.\""
    }
  ]
}