{
  "$id": "1",
  "strings": [
    {
      "Key": "05676054-49fc-4df2-b915-ec960ddf692b",
      "Value": "\"Tristian, por que você é tão chato, hein? Eu já vi você lutar! A espada coberta de sangue, cadáveres debaixo de seus pés – mas seu rosto é tão triste, é como o funeral do seu tio favorito.\""
    },
    {
      "Key": "ff8f5a71-b3e8-4456-9d04-d143a05d1e10",
      "Value": "\"Sarenrae nos ensina a mostrar misericórdia a todos, até aos inimigos. Ao interromper a jornada de suas vidas, os privamos de uma chance de melhorar a si mesmos e expiar seus pecados.\""
    }
  ]
}