{
  "$id": "1",
  "strings": [
    {
      "Key": "01591a9e-625c-4fef-bc31-f4388b702e3a",
      "Value": "\"Seja educado, anão. Você está no meu domínio.\""
    },
    {
      "Key": "449d71fc-b6f7-4b49-a4c1-21953f973fb9",
      "Value": "\"Qual é o próximo julgamento?\""
    },
    {
      "Key": "76b485cd-0cf5-448e-887e-d1faf7b8cc9e",
      "Value": "[Atacar] \"Não vou deixar ninguém falar comigo nesse tom!\""
    },
    {
      "Key": "99e80da1-46a4-4f48-a6a5-34ad42d8dfa3",
      "Value": "\"Eu vou.\""
    },
    {
      "Key": "264963ee-b548-48ba-a3a9-475b22cbc813",
      "Value": "{n}O anão de pé no penhasco lança um olhar severo.{/n} \"Ah, aí está você, enfim. Foi uma longa espera! Congelei meu... Ahem! Meus pés!\""
    },
    {
      "Key": "e8eb89cf-2e02-45c3-a4b4-25693f73bb96",
      "Value": "\"E o que você vai fazer? Me expulsar? Pff! É preciso ganhar educação. Não vejo {mf|um Rei|uma Rainha} na minha frente, mas uma criança mimada que quer que tudo seja feito {mf|do jeito dela!\""
    },
    {
      "Key": "b16c9130-3442-464d-bceb-d6f266e3be54",
      "Value": "\"Não existe! Eu não sei o que meus irmãos e irmãs pensam, mas, no que me diz respeito, você ainda não merece provações de mestres! Vou lhe dizer o que: um neófito deve testá-lo primeiro! Conjunto para o Castelo das Facas. E rapidamente, não como a sua marcha preguiçosa de sempre!\""
    },
    {
      "Key": "e524bb19-90d2-4e52-bf0c-cb2345ac6090",
      "Value": "\"Continue então, mexa-se!\""
    },
    {
      "Key": "0790d38f-3f24-4a61-b02a-34f921ce16fc",
      "Value": "\"Sim, certo, {mf|ele|ela} não vai me deixar...\" {n}O anão sussurra uma magia, e paz e tranquilidade ilimitadas caem sobre você. Incapaz de alcançar sua arma, você assiste Puja sair, murmurando alguma coisa.{/n}"
    },
    {
      "Key": "d7b80830-8ca0-4b5a-b14f-081c5492f326",
      "Value": "\"Nós realmente temos que correr e fazer o que esses loucos nos dizem? Não posso dar um soco nele pelo menos uma vez? Por favor! Você sabe... para testar suas convicções!\""
    },
    {
      "Key": "0bd2abd5-b133-4709-9357-ff1ebe7679bc",
      "Value": "\"Ao nos contar sobre o julgamento, Kamala descreveu a capacidade de subjugar a raiva como estando entre suas condições. Acredito que agora estamos sendo testados por essa mesma habilidade.\""
    }
  ]
}