{
  "$id": "1",
  "strings": [
    {
      "Key": "4dd9ddcd-422c-4123-9b87-0d83a787ceec",
      "Value": "\"Por que você está se referindo a si mesmo no plural, Anfitrião?\""
    },
    {
      "Key": "55d6ed4d-478d-4895-adee-b8747e5908d4",
      "Value": "\"Sua evasão é muito eloquente. Conheço apenas um dos mais velhos do Primeiro Mundo que se chama Shyka o Muitos.\""
    },
    {
      "Key": "585db774-2cb2-4528-a603-5d7c613146ae",
      "Value": "\"Vamos começar.\""
    },
    {
      "Key": "f41440e4-55cb-40a3-843a-ad3f098f7fe1",
      "Value": "\"Jubilost, Linzi? Qual é a nossa resposta?\""
    },
    {
      "Key": "37998057-65f8-46f0-9a54-4f54638468fe",
      "Value": "\"Magia.\""
    },
    {
      "Key": "71a8ccdf-705d-42fc-9f90-05e2a1e8f5ff",
      "Value": "\"Deuses.\""
    },
    {
      "Key": "5bafca6a-1e4e-44ea-b867-531efe3fec7b",
      "Value": "\"Sua própria vontade. E tentáculos.\""
    },
    {
      "Key": "9458051f-80f6-476a-8112-5080615b43fe",
      "Value": "\"Vontade própria.\""
    },
    {
      "Key": "f27ba7cd-a3fb-41b0-84b3-04e35d7c380f",
      "Value": "\"Nos diga, por que vocês, criaturas do Primeiro Mundo, precisam organizar tudo isso?\""
    },
    {
      "Key": "95b74820-ac72-4f53-9621-3d6421b7c416",
      "Value": "\"O que você diz, Jubilost?\""
    },
    {
      "Key": "7ddb357d-9127-4d7f-aec8-08079858e245",
      "Value": "\"É conhecimento.\""
    },
    {
      "Key": "f9977b7b-6b8c-467e-ab18-53b7db6724ed",
      "Value": "\"É o nosso passado.\""
    },
    {
      "Key": "e88d2241-6a02-4187-8c0f-87c296b58627",
      "Value": "\"É ambição.\""
    },
    {
      "Key": "56bd8ea6-5f07-4ed5-92e0-228ac2e2a421",
      "Value": "\"Um irmão gêmeo do mal de outra linha do tempo.\""
    },
    {
      "Key": "13eefe10-34d1-42fe-8721-21fb6fa4b5f4",
      "Value": "\"É memória.\""
    },
    {
      "Key": "b6d1fc1a-2d8f-4116-9ac9-7d938715637e",
      "Value": "\"Jubilost?\""
    },
    {
      "Key": "f3daaf0b-01c0-4859-99fb-9fb2c0955931",
      "Value": "\"Uma panela de sopa.\""
    },
    {
      "Key": "15b348e1-d034-4fc2-8fe1-f15c515b2d70",
      "Value": "\"Um segredo.\""
    },
    {
      "Key": "bf620397-da87-4261-ae72-cb8752ffa843",
      "Value": "\"Uma casa. Ou qualquer outra propriedade.\""
    },
    {
      "Key": "e16f837c-6883-4d3f-a08c-b200b5bff54c",
      "Value": "\"Glória.\""
    },
    {
      "Key": "4d4d5c0e-38ce-4c78-af3b-413560c10d09",
      "Value": "\"Cavaleiro!\""
    },
    {
      "Key": "39faf27d-d490-4003-b946-4b087a770f4f",
      "Value": "\"Dragão!\""
    },
    {
      "Key": "9e22fb00-011b-44cb-9f7c-8e0cc1482d32",
      "Value": "\"Senão!\""
    },
    {
      "Key": "b0886f5b-a7ca-438c-aa6a-f670964d802e",
      "Value": "\"Cavaleiro!\""
    },
    {
      "Key": "e9cd02f8-8317-4410-8c7c-aa47c1dda91a",
      "Value": "\"Cavaleiro!\""
    },
    {
      "Key": "11a46927-bb00-4006-9835-33e78a62c7f6",
      "Value": "\"DRAGÃO!\""
    },
    {
      "Key": "4f695b96-c066-48c4-b61a-c5b1b661cd57",
      "Value": "\"Senão!\""
    },
    {
      "Key": "88377fd3-a1c6-48e5-9e4d-aaced72e6558",
      "Value": "\"Dragão!\""
    },
    {
      "Key": "4af33b7e-7592-4a2b-9102-a6e08dd10130",
      "Value": "\"Senão!\""
    },
    {
      "Key": "6c2a1f25-12fb-495d-9632-d500a0432b85",
      "Value": "\"Quero saber por que os gnomos deixaram o Primeiro Mundo.\""
    },
    {
      "Key": "bee1e8ac-dd69-4254-a627-c5cf061649c2",
      "Value": "\"Eu quero saber sobre essa aflição – a Florescer – que caiu no meu baronato.\""
    },
    {
      "Key": "4878bd92-65cc-4df7-8a0d-3f421777d75e",
      "Value": "\"Quero saber por que você organizou tudo isso, anfitrião.\""
    },
    {
      "Key": "1e8dd19d-ec17-43f2-96dd-cf34e52aa16d",
      "Value": "\"Quero saber quem é meu amor, com quem sou obrigado a amarrar minha sorte.\""
    },
    {
      "Key": "c37dae88-9bc6-450d-8029-b6b72d1c48c7",
      "Value": "\"Quero saber como ganhar poder e imortalidade.\""
    },
    {
      "Key": "cc031b26-8727-493b-953a-22cb5220eb7f",
      "Value": "\"Alguma sugestão para um bom nome de animal de estimação?\""
    },
    {
      "Key": "d2efa027-251c-4df7-9ff8-3f8fe35a2cf0",
      "Value": "\"Minha avó!\""
    },
    {
      "Key": "b97549aa-a334-468c-bbb0-1b3287417df3",
      "Value": "{n}A criatura encapuzada parece mundana, mas, depois de procurar um tempo, pode-se notar que os contornos da figura tremem e fluem, como em uma névoa.{/n} \"Bem-vindo aos debates inconseqüentes! Você pode nos chamar de Host. Somos a razão de tudo o que acontece aqui hoje.\""
    },
    {
      "Key": "02164576-5e9a-43d1-9834-2c2c367238a2",
      "Value": "\"Você leu as regras, não leu? Não que exista algo útil nelas. Só inventamos as regras reais depois de amanhã, depois as esquecemos e tivemos que fazer novas. Então é simples: você quer, como recompensa, para respondermos a uma pergunta. Portanto, a competição envolverá responder a perguntas. Pedimos, e uma em cada resposta tripla. E sempre a mesma – as outras só podem solicitar. Vamos ver... será você, pequeno kobold, você, senhor Allfrey, você, Nyrd e você, {name}.\""
    },
    {
      "Key": "a3a05d14-a3ed-4ba7-9ec9-105dfe061065",
      "Value": "\"Lembre-se de uma coisa: aqui nos Debates Inconseqüentes, não há respostas certas ou erradas. Toda resposta tem peso e cada uma será avaliada. Não escolha a mais leve – seu rival pode encontrar uma discussão mais pesada. E o mais importante, respostas leves não são divertidas para nós.\""
    },
    {
      "Key": "cd20b6c4-88cd-40db-98a1-b77da767765f",
      "Value": "{n}Você ouve risos surgirem sob o capô.{/n} \"Você sabe muito bem, nos conheceu, {name}... Mas foi um nós diferente em um momento diferente. Por enquanto, fique satisfeito que não queremos nos revelar.\""
    },
    {
      "Key": "edb959d5-47b5-4dbb-921b-94b7080bfa98",
      "Value": "\"Claro. Você deve ter adivinhado que {g|Shyka}Shyka{/g}, a divindade mais astuta e misteriosa de {g|First World}Primeiro Mundo{/g}, tem algo a ver com isso.\""
    },
    {
      "Key": "c1221b44-69b6-4b19-9f64-f7cb3a6ec80a",
      "Value": "\"Você é uma criança brilhante. Não é a primeira vez que nos surpreende.\""
    },
    {
      "Key": "d6b70109-e13a-42c2-b049-f0a9160f3371",
      "Value": "\"Começa!\" {n}O kobold pula de alegria.{/n}"
    },
    {
      "Key": "20cc904a-1a02-42b4-913f-667a5c000f50",
      "Value": "\"Nós estamos prontos.\" {n}O cavaleiro assente resolutamente.{/n} \"Apesar dos tentáculos.\""
    },
    {
      "Key": "87b9849f-9313-4e93-97b1-7c2c7124841e",
      "Value": "\"Tudo bem! Vamos ver o quanto eles são difíceis no {g|First World}Primeiro Mundo{/g}!\""
    },
    {
      "Key": "1639f1de-ae33-42c9-85da-a77abdbb06f1",
      "Value": "\"Alguns de vocês parecem tão sérios... Assim, começaremos com uma pergunta sobre questões de peso: o que pode mover uma montanha?\""
    },
    {
      "Key": "914d0138-1a73-436c-814d-317cbcf69a1b",
      "Value": "\"Vamos ver, vamos ver... Estamos lidando com fadas e o Primeiro Mundo, e eles nos disseram claramente que respostas triviais não serão suficientes. Acho que a boa resposta é 'vontade própria'. No {g|First World}Primeiro Mundo{/g}, as montanhas geralmente mudam de posição, e há pelo menos uma que faz isso por vontade própria. É Ulas, um dos Tane, a montanha que anda.\""
    },
    {
      "Key": "cba4f2aa-cb37-44f1-addd-61f4a4d4a0ec",
      "Value": "\"Espero que você seja inteligente o suficiente para ver que são tentáculos. Resposta 'É vontade própria'. Há pelo menos uma montanha com tentáculos no {g|First World}Primeiro mundo{/g}. Desta vez não é brincadeira. Tentáculos? Ulas, a Montanha Caminhada, move-se por vontade própria em tentáculos.\""
    },
    {
      "Key": "2030f1a7-daa7-4ced-9f90-77340f212fc0",
      "Value": "\"Se eu começar a gritar novamente, nossos rivais poderão nos ouvir! Mas terei que arriscar. Resposta 'É vontade própria.' No mundo dos feéricos, DAMN ELES, as montanhas costumam se mover. E uma montanha especialmente notável, a Tane Ulas, que ANDA A SI MESMO!\""
    },
    {
      "Key": "5b75abee-722f-4b9c-b181-b62c44a3038e",
      "Value": "{n}Você ouve risos por baixo do capô.{/n} \"Gostamos desta resposta. Vale dois. Mas o que os outros dizem? O que pode mover uma montanha?\""
    },
    {
      "Key": "5a73c8c2-aceb-4ea7-b38b-563ab80688a8",
      "Value": "\"Ouvimos você. O que os outros dirão? O que pode mover uma montanha?\""
    },
    {
      "Key": "ca54e859-73d0-49df-a96f-65283c3a1e3f",
      "Value": "{n}O pequeno kobold franze a testa desesperadamente.{/n} \"Talvez... dragão? O dragão pode mover a montanha!\""
    },
    {
      "Key": "80499bdf-00a2-41ee-a700-898a285f6e07",
      "Value": "\"Fé e intervenção divina. Você está ouvindo, meus fiéis tentáculos? A fé nos nutre. Com fé devota em nossos tentáculos e uma causa justa, tudo está dentro de nossos tentáculos!\""
    },
    {
      "Key": "fb0198dc-8627-4364-8650-795ac696073b",
      "Value": "\"Uma magia de teleporte, ha-ha-ha! Eu provavelmente conseguiria mover uma colina ou duas... Na verdade, isso me dá uma idéia...\""
    },
    {
      "Key": "27b37aa4-6011-4c55-968c-db6e3020de04",
      "Value": "\"Nós ouvimos você. Agora você nos ouve. É claro que deuses e magia podem mover montanhas. Mas essa resposta é boa para qualquer pergunta. Como alguém pode pular a casa? Mágica! Como pintar uma cerca amarela usando tinta azul? Intervenção divina! Essas respostas leves são as mais fracas.\""
    },
    {
      "Key": "32c734c0-32dc-44e1-b6f3-c0ec46954acf",
      "Value": "\"Uma boa resposta é 'vontade própria'. A vontade e o desejo estão na base de todos os nossos movimentos, ações e decisões. Se uma montanha tiver vontade, certamente encontrará uma maneira de se mover. Essa foi uma rodada interessante. Vamos deixar que a próxima pergunta seja ouvida!\""
    },
    {
      "Key": "d6db3bd6-b7e3-479f-9bde-7ace5a67fb68",
      "Value": "\"Provavelmente concederemos a vitória nesta rodada a ninguém. Até o dragão. Deixe a próxima pergunta ser ouvida!\""
    },
    {
      "Key": "dbcfc5bd-3884-4ea9-bbde-bae458e89da0",
      "Value": "\"Ouça a terceira pergunta. Cada um de nós nasce ao mesmo tempo com um monstro. Cada dia que vivemos, cresce. Ele pode atormentar, nos trazer alegria ou matar sem ferir uma única ferida. O que é isso?\""
    },
    {
      "Key": "0dd8fea5-c281-42d2-8d11-91bcdb7ed7db",
      "Value": "\"Vença a competição e pergunte. Essas são as regras do jogo, certo?\""
    },
    {
      "Key": "0f83d01c-433c-462e-8c9e-520be08e2af5",
      "Value": "\"Inferno, não, não estamos desperdiçando uma pergunta preciosa para descobrir os motivos dos feéricos e de seus senhores. Não tenho imaginação para pensar em quão absurda e tola a resposta deles pode ser.\""
    },
    {
      "Key": "2df533d8-0fc6-4064-a2e5-2705d1771592",
      "Value": "\"Claro, o que poderia ser melhor do que desperdiçar tentáculos preciosos na descoberta dos motivos das fadas? Cada um dos meus tentáculos está tremendo, aguardando esta informação valiosa!\""
    },
    {
      "Key": "75de6deb-ba6d-43c3-8b25-ec0cee9f9308",
      "Value": "\"INFERNO NÃO! Não desperdiçaremos uma pergunta preciosa para descobrir os motivos dos feéricos. Consideramos coisas muito mais importantes.\""
    },
    {
      "Key": "1a08f167-0f6a-4b9c-8ac6-3c93f5764ae8",
      "Value": "\"Oh, eu não deveria ter pulado minhas lições de filosofia na {g|Academy of Grand Arts}Academia{/g}! Esses problemas me confundem! Não é porque eu não consigo pensar em uma resposta, mas porque penso em mil deles de uma vez e não sei onde posso me esconder deles!\""
    },
    {
      "Key": "50ecad69-c499-477d-a3ed-329de8327712",
      "Value": "\"Considerando que essa pergunta é feita por um tocado-pelas-fadas, a resposta pode ser qualquer coisa de 'cantar' a 'amor por doces'! Mas vamos pensar logicamente. A última parte do enigma pode ser facilmente ignorada, porque praticamente qualquer coisa O mundo pode ajudá-lo ou arruiná-lo, dependendo das circunstâncias. O importante é que o enigma aponte claramente para alguma qualidade ou propriedade de uma criatura viva. Algo que nasce conosco. Outro ponto – ele cresce. Eu diria 'conhecimento' Cada novo dia traz algo novo, por isso nosso conhecimento de nós mesmos e do mundo continua crescendo. Para alguns, porém, esse processo é ridiculamente lento...\""
    },
    {
      "Key": "d835180d-a40d-4b21-af10-624defb0de53",
      "Value": "\"Nós ouvimos você. O que os outros dirão? Qual é o monstro?\""
    },
    {
      "Key": "c84f1ea8-6af5-47da-b6da-f7d68fa6d6a4",
      "Value": "{n}O pequeno kobold agarra a cabeça, estressado.{/n} \"Talvez seja o seu... dragão?\""
    },
    {
      "Key": "96334c22-4bc6-43d0-a8bc-67853e0a248c",
      "Value": "\"Eu não sei se a resposta vai dar, mas o maior tentáculo é aquele que vive dentro de nós. Nós cultivamos um animal de tentáculos em nossa alma, nós o alimentamos com ira, negligência e tentáculos. Eventualmente, ele pode se libertar e matar mas tentáculos devem admitir – o mesmo animal dá força a vilões e tentáculos. O veneno que alimentamos nossos monstros apenas os nutre.\""
    },
    {
      "Key": "0e1cdedb-ff25-4835-ba31-33a9eb594fe1",
      "Value": "\"É curiosidade! Nasce conosco, cresce dia após dia, nos salva do {g|Bleaching}Descoloramento{/g}, e se você soubesse o quão maaany está morto...\""
    },
    {
      "Key": "835c353d-d533-43af-baea-bd73e65cc9a5",
      "Value": "\"Respostas interessantes. Exceto pelo dragão. Infelizmente, o dragão não conta. 'Curiosidade' também é insuficiente. O monstro que descrevemos deve, por sua própria natureza, crescer. Muitos vêem sua curiosidade diminuir ao longo dos anos.\""
    },
    {
      "Key": "506aaf6d-46aa-4e2b-9a00-3343b877194c",
      "Value": "\"Eu só vou acabar dizendo 'tentáculos', então por que me perguntar? Tentáculos NÃO é a resposta para a pergunta, espero que você entenda. Tentáculos! Então, se pensarmos logicamente e flexionarmos os tentáculos de nossas mentes, a resposta deve ser alguma propriedade de uma criatura viva... Hmm... Tentáculos... Algo que nasce com ela e cresce ao longo de sua vida. Assim como seus tentáculos! Adivinha que palavra eu nunca mais direi? Tentáculos! Quero dizer, conhecimento. A resposta é conhecimento. Recebemos todos os tentáculos, pode nos ajudar e pode matar...\""
    },
    {
      "Key": "f72c96ef-b1a1-48c4-9c3f-827db8ec1e1e",
      "Value": "\"Finalmente, uma palavra que não me importo de gritar. CONHECIMENTO! Desde o nascimento, uma pessoa começa a acumular conhecimento e cresce com a experiência todos os dias. PODE LEVANTAR-NOS OU IRRITAR!\""
    },
    {
      "Key": "f5a164ee-59c3-4b29-a4ba-407105c5b8e4",
      "Value": "\"O mesmo se pode dizer da ambição. Muitos não têm, e muitos a perdem com o tempo. Bem, só temos uma resposta que se encaixa em nossos termos até certo ponto: a fera interior. Sir Allfrey, você vence esta rodada.\""
    },
    {
      "Key": "22e45075-d343-477c-b33f-dcf4886b5ce8",
      "Value": "\"A resposta sobre a fera interior não é ruim, mas outra a supera muito. O passado é o monstro com o qual somos inseparáveis na vida e, muitas vezes, também na morte. Cada momento vivido a faz crescer. Contém tudo: nossas aspirações, nossas ambições, nosso conhecimento, nosso sucesso e nosso fracasso. Pode ser a rocha que pesa sobre nós, ou as asas sobre as quais voamos – mas perdoe-nos este exemplo de má poesia. Declaramos você, {mf|barão|baronesa} {name} e seu trigêmeo – os vencedores desta rodada!\""
    },
    {
      "Key": "363da7b2-6825-4cd4-9a0c-74ae391f956a",
      "Value": "\"Gostamos das respostas sobre o conhecimento e a besta interior, mas ambas parecem um pouco leves. Esperávamos algo mais... substancial. Declaramos que Sir Allfrey e {name}, juntamente com seus trigêmeos, compartilharão a vitória nesta rodada. Mas lembre-se – uma vitória compartilhada por dois é metade da vitória.\""
    },
    {
      "Key": "596e58d4-d79e-4dc3-aa38-e28178c73b71",
      "Value": "\"'Memória' é uma boa resposta. Também gostamos da ideia da besta interior dentro de cada um de nós. Ambas as respostas são tristemente leves, mas estamos prontas para aceitá-las. Para esta rodada, teremos dois vencedores – o trigêmeo de sir Allfrey e o trigêmeo d{mf|o barão|a baronesa}.\""
    },
    {
      "Key": "eca9617a-4439-42e4-bbe7-316d96d67ccd",
      "Value": "\"Como nenhuma das outras respostas foi muito boa, concedemos essa vitória a Sir Allfrey e sua história da besta interior. Embora não possamos dizer que essa resposta foi brilhante.\""
    },
    {
      "Key": "51d145cc-0590-4fba-b6d3-c6150051c894",
      "Value": "\"O que enfraquece quando possuído por muitos e morre se não é possuído por ninguém?\""
    },
    {
      "Key": "1968efd2-0467-4152-ba46-a58ddaff49b0",
      "Value": "\"Isso é óbvio – é 'glória'. Não pode pertencer a muitos, porque é desvalorizado. E também não pode pertencer a ninguém.\""
    },
    {
      "Key": "b65c4eb2-d258-416d-95ec-1a8dc94e5409",
      "Value": "\"O quê? Me desculpe, me distraí – esses mosquitos são tão deliciosos...\" {n}O sapo para por um momento e depois começa a xingar.{/n} \"Daemons pegam esses mosquitos! Eu vou louco dessa forma! Então, a resposta... eu acho que é 'glória'. Não pode pertencer a muitos, caso contrário, o valor de cada um é diminuído.\""
    },
    {
      "Key": "8bbbb0f1-b7e4-4586-84cc-ebf36bbf9a81",
      "Value": "\"Glória. Diga 'glória'. {n}Jubilost para, estressado, obviamente esperando a maldição funcionar.{/n}"
    },
    {
      "Key": "5d0e1e96-a2d2-417e-bfd9-eace2779303d",
      "Value": "{n}O pequeno kobold parece que está prestes a chorar.{/n} \"Eu não sei disso... talvez seja o dragão?\""
    },
    {
      "Key": "4f2f0d97-e5c3-428b-8386-91569a75e322",
      "Value": "\"É o coração do cavaleiro, juro pelos meus tentáculos! Ele pode pertencer a si mesmo ou à sua justa causa – ou aos seus maiores tentáculos. Não pode pertencer a todos!\""
    },
    {
      "Key": "70e8eeb6-4ba6-4328-8733-621c632ca607",
      "Value": "\"Vyar, olha como eu posso revirar os olhos!\""
    },
    {
      "Key": "1d12914d-ad7d-4446-889e-458efe47a2f6",
      "Value": "\"Tolos, concentre-se na competição!\""
    },
    {
      "Key": "b7fc5711-b75e-4c1f-9f45-ff1bea8463ab",
      "Value": "\"Isso não serve. Não aceitaremos a resposta do trigêmeo Zottenropple nesta rodada. Mas você é um espectador espetacular. Agora, quanto às outras respostas. O coração não é a melhor resposta. Mesmo entre os cavaleiros, muitos cujo coração pertence a mulheres bonitas e a uma mãe amada, além de suas amigas, seu comandante, sua causa justa e um delicioso almoço. Especialmente um delicioso almoço. E não parece que esses corações que pertencem a 'muitos' crescem mais fraco.\""
    },
    {
      "Key": "d709f4b5-e11e-4ad2-b277-0d0311985d3b",
      "Value": "\"Glória é uma resposta ruim. Somente uma pessoa extremamente egoísta, que não deseja compartilhar crédito, poderia pensar que não deveria pertencer a muitos. A própria glória de alguém não diminui a de ninguém. Estávamos quase preparados para concordar com o dragão, mas Infelizmente, ninguém obtém vitória nesta rodada.\""
    },
    {
      "Key": "ae804b80-5500-480b-8409-6a9928fcbf36",
      "Value": "\"Apreciamos a idéia do 'pote de sopa', mas o pote realmente não desaparece se ninguém é o dono. Por assim dizer, perde sua força de atração, especialmente se deixado ao sol por muito tempo. Portanto, não, essa resposta não é uma boa opção. E 'dragão' também não é uma boa opção. Ninguém venceu, então vamos seguir em frente.\""
    },
    {
      "Key": "3c819f17-9ceb-4572-9c88-64cee18ce3a2",
      "Value": "\"Um segredo é uma boa resposta. Quanto mais almas o conhecerem, menos misterioso será. Mas sem um único portador, ele morrerá. Seu trigêmeo vence esta rodada, {mf|barão|baronesa}!\""
    },
    {
      "Key": "6f374706-f5bd-4467-ab09-f867cb24192e",
      "Value": "\"Alguém não gosta de compartilhar seus pertences. O que os outros dizem?\""
    },
    {
      "Key": "7cdaf206-b797-478e-bf35-af74276a9b64",
      "Value": "\"A propriedade também é uma resposta ruim. Muitos proprietários só podem fortalecê-la e expandi-la. Além disso, é uma resposta inaceitavelmente chata. Então – ninguém vence esta rodada.\""
    },
    {
      "Key": "73924311-8799-4933-b381-e8c1b4d1f7b1",
      "Value": "\"Um julgamento final, e resumiremos os resultados. Estou cansado de perguntas. Você conhece o jogo 'Cavaleiro-dragão-obstáculo'? O cavaleiro derrota o dragão. O dragão queima o obstáculo. Mas se o cavaleiro entrar na floresta, ele tropeçará no obstáculo e morrerá. É por isso que o obstáculo derrota o cavaleiro.\""
    },
    {
      "Key": "3e4a4317-43c5-4b55-9dd9-78394551e1e6",
      "Value": "\"Jogos infantis. Ótimo!\""
    },
    {
      "Key": "ce843739-fdfb-4216-b5ee-b5af38159d87",
      "Value": "\"Estes são os debates inconseqüentes. Por que não jogar um jogo? Então, você se divide em pares e ao sinal grita sua palavra escolhida. Quem grita 'cavaleiro' derrota quem grita 'dragão', quem grita 'dragão' derrota quem grita 'barreira' e 'barreira' derrota 'cavaleiro'. Nós jogaremos Sir Allfrey contra o kobold, e Nyrd Zottenropple contra {mf|o outro barão|a outra baronesa}. O primeiro par está pronto? Grite em três. Um, dois... três!\""
    },
    {
      "Key": "728f2d88-4fe7-4549-92a7-9b26abb46aeb",
      "Value": "\"DRAGÃO!\" {n}Nyrd grita, fazendo uma representação direta do kobold, depois cai na gargalhada. Parece que seu próprio divertimento é mais importante para ela do que a concorrência.{/n}"
    },
    {
      "Key": "48f8244f-ad5a-4e1c-9ae2-d9ecba03cb67",
      "Value": "\"Senão! Ah, droga...\" {n}Nyrd acena com as mãos.{/n} \"Eu pretendia trapacear, mas não tive tempo para pensar em como!\""
    },
    {
      "Key": "b405687a-be98-416c-9f9b-61ca4a6fa0b4",
      "Value": "\"DRa...\" {n}Nyrd começa, mas então ela ouve o que seu oponente gritou, se recusa a terminar e se dobra de tanto rir.{/n}"
    },
    {
      "Key": "4ab3b4cf-68c8-4c09-8717-66f08a5ff83c",
      "Value": "\"Cavaleiro!\""
    },
    {
      "Key": "e43d318e-f994-437f-99f5-dfa2eb7b9581",
      "Value": "\"DRAGÃO!\""
    },
    {
      "Key": "d6cb8275-c2c2-4667-ab68-c49d7ceaa5b0",
      "Value": "\"Isso era previsível demais, mas de certa forma encantador.\" {n}O Anfitrião está obviamente gostando do jogo.{/n} \"É uma coisa boa que não olhámos adiante. É muito mais divertido vê-lo se desenrolar assim! Sir Allfrey vence. Agora, para o segundo par. Você está pronto? Um, dois... três!\""
    },
    {
      "Key": "cf927f1f-b8ac-4361-9641-53649137e346",
      "Value": "\"Dragão venceu! Ganhou! Ganhou!\" {n}O pequeno kobold está tão feliz por você (e seu dragão) como se fosse sua própria vitória.{/n}"
    },
    {
      "Key": "30a35f32-8648-4605-8a9a-443cebcb44b2",
      "Value": "{n}Sir Allfrey respira fundo com seu peito poderoso, mas a maldição toma conta.{/n} \"Tentáculos!\""
    },
    {
      "Key": "2250018a-6133-40c5-8d71-4844a3b2a194",
      "Value": "\"Então, {mf|o barão|a baronesa} vence. Agora – o vencedor contra o vencedor, {mf|o barão|a baronesa} contra o cavaleiro. Um, dois... três!\""
    },
    {
      "Key": "2755b523-11f1-4d3b-888d-45eeb7355af2",
      "Value": "\"Um empate. Vamos novamente. Às três. Um, dois... três!\""
    },
    {
      "Key": "4c9854dd-8030-4dff-aad6-4dfb6b926b6c",
      "Value": "\"Nyrd Zottenropple vence esta rodada. Não suspire com tanta tristeza, senhor Jubilost – sua decepção fará com que todas as flores em cem passos murcham e morram. Além disso, nem tudo está perdido. Os resultados ainda precisam ser computados. O par final – Nyrd contra Sir Allfrey. Um, dois, três!\""
    },
    {
      "Key": "42d9cbc4-bd93-4dd2-a518-f359b84b5da3",
      "Value": "\"Senão! Oh, isso é outro empate? {mf|O barão|A baronesa} é como minha outra {mf|irmão|irmã}! Pensamos exatamente o mesmo!\""
    },
    {
      "Key": "f4a0f0c7-9507-450b-8a4d-b7ee8657e26c",
      "Value": "\"Barreira! Barreira-barreira-barreira, viva!\""
    },
    {
      "Key": "23bc9334-401b-4e9c-a8ec-7207776b6def",
      "Value": "\"Ninguém vence a rodada! Bem, foi divertido de qualquer maneira. E agora é hora de anunciar o vencedor dos Debates!\""
    },
    {
      "Key": "0d28f523-b520-4d9c-88c8-b78b87b71b9b",
      "Value": "\"Vamos novamente. Às três: um, dois... três!\""
    },
    {
      "Key": "dbe681b4-b34d-4c64-aa09-cdf5fb7154a3",
      "Value": "{n}Percebendo como a magia funcionou, Nyrd e seus irmãos começam a rir com gargalhadas, às vezes fungando de prazer.{/n}"
    },
    {
      "Key": "2d93456c-92e4-42f9-9249-09c4646a60e2",
      "Value": "{n}O Anfitrião faz um gesto indefeso.{/n} \"Não podemos deixar de pronunciar {mf|o barão|a baronesa} como vencedor desta rodada. E agora – é hora. Hora de anunciar o vencedor dos Debates!\""
    },
    {
      "Key": "0e695cc0-72e9-4a17-9e07-a856baf6f678",
      "Value": "\"Depois de passar em quatro testes, o vencedor é Sir Allfrey. Ele pode ter respondido apenas uma vez, mas lutou com seus tentáculos com tanta bravura...\""
    },
    {
      "Key": "2f659094-a677-40cd-b816-540376f29736",
      "Value": "\"Depois de quatro testes, o trio de Sir Allfrey e o trio d{mf|o barão|a baronesa} têm a mesma pontuação. Mas só pode haver um vencedor! O que devemos fazer?\""
    },
    {
      "Key": "ac0e745d-e5c6-4689-932f-d93b2b357867",
      "Value": "\"Depois de quatro testes, o trio d{mf|o barão|a baronesa} e sir Jubilost vencem. Foi... Mais divertido, crianças. Mais divertido. Você deve saber que isso é um elogio raro de nós.\""
    },
    {
      "Key": "9d363b51-6fa0-4f38-ab36-a1932146a058",
      "Value": "{n}O cavaleiro levanta o queixo.{/n} \"É uma grande honra para mim e meus escudeiros, juro pelos meus tentáculos. Mas, como homem de honra, devo perder meus tentáculos em apoio {mf|ao barão|à baronesa} e os bons tentáculos de Sir Jubilost. Eles foram guiados aqui por uma necessidade muito maior do que tentáculos: um desejo de salvar toda a raça dos gnomos. Pelos meus tentáculos, não posso atrapalhar um objetivo tão nobre. Por favor, Anfitrião, conceda meus tentáculos a eles.\""
    },
    {
      "Key": "91a1d2eb-6b6e-44b7-81aa-124949b92890",
      "Value": "\"Que grande honra! Nossos rivais foram dignos, mas os tentáculos foram vitoriosos!\""
    },
    {
      "Key": "4e8cc902-8a82-4654-88a1-af1a89c3f85b",
      "Value": "\"Não acredito! Perdemos um monte de ferro cheio de grandiloquência e más metáforas!\""
    },
    {
      "Key": "ed97d343-1554-436f-8a2b-6907a1df729c",
      "Value": "\"Você está chateado, senhor. É por isso que eu te perdoarei graciosamente esse insulto. Escudeiros, para mim! Está na hora de fazermos a nossa pergunta mais importante ao respeitado Anfitrião.\""
    },
    {
      "Key": "67a5f673-114a-4a3b-81ae-1755f8b792aa",
      "Value": "\"É um momento raro em que fico feliz em continuar falando sobre tentáculos. Se eu tivesse tentáculos, usaria para sufocar... alguém!\""
    },
    {
      "Key": "9d0b5441-1f36-4ae3-bd17-a56b2e657a95",
      "Value": "\"Adeus, {name}! Ah, quase esquecemos...\" {n}O Anfitrião se volta para o kobold.{/n} \"Você, pequena criatura. Você não venceu, mas conseguiu nos fazer rir. Você quer vir conosco? Não há promessas de que você se transformará em dragão, mas ainda assim...\""
    },
    {
      "Key": "3f10ec29-1760-4e19-a2c7-7eec90e95683",
      "Value": "{n}O cavaleiro está alto e orgulhoso.{/n} \"Não há necessidade de escolher. Dê os tentáculos a{mf|o barão|a baronesa} e a Sir Jubilost Narthropple. Juro pelos meus tentáculos, meus escudeiros e tenho muito nessa cruzada, mas os tentáculos de um cavaleiro significam respeitar seus rivais dignos. De todo nosso coração e tentáculos, cedemos essa vitória!\""
    },
    {
      "Key": "8915e542-7ad5-4ae6-9bba-410082567774",
      "Value": "\"Assim seja. {mf|barão|baronesa}, como a única voz do seu trigêmeo, você pode fazer sua pergunta. Pense com cuidado. Nós responderemos honestamente, mas 'eu não sei' também é uma resposta honesta. Pergunte sobre algo importante, e algo para o qual um Anfitrião do {g|First World}Primeiro Mundo{/g} possa saber a resposta.\""
    },
    {
      "Key": "405b3ea7-5f11-4360-83e0-35e58924d93b",
      "Value": "\"Parabéns, senhores e senhoras! Juro pelos meus tentáculos, foi uma luta digna!\""
    },
    {
      "Key": "8309935f-26e6-4b75-a581-7d9379bfbfde",
      "Value": "\"{mf|barão|baronesa}, como a voz do seu trigêmeo, você pode nos fazer uma pergunta prometida e outra além – como uma recompensa extra pela ingenuidade ou sorte que demonstrou na competição.\""
    },
    {
      "Key": "0ac26906-4410-44f1-a5ab-72c6c3ca61f7",
      "Value": "\"Seu trigêmeo teve um desempenho melhor do que imaginávamos. Por esse motivo, você pode nos fazer não uma – e não duas – mas três perguntas! Elas devem ser feitas pel{mf|o barão|a baronesa}, a voz do seu trigêmeo.\""
    },
    {
      "Key": "110dda9c-75ca-4482-a66e-4ff89445bdd8",
      "Value": "\"Seu trigêmeo teve um desempenho tão bom na competição que vou permitir que você faça quatro perguntas. Que {mf|o barão|a baronesa} agora faça a eles.\""
    },
    {
      "Key": "6c8559ad-3583-4fc1-9710-ba36a167747e",
      "Value": "\"Agora está tudo em suas mãos, {name}. Pense bem em suas perguntas. Responderemos honestamente, mas 'não sei' também é uma resposta honesta. Pergunte sobre o anfitrião do {g|First World}Primeiro Mundo{/g} pode saber.\""
    },
    {
      "Key": "e9640e58-bb6d-4841-81f2-ce32726347be",
      "Value": "\"{name}, você se lembra? O destino do gno...\" {n}Jubilost de repente para de falar. Ele abre e fecha a boca, mas não faz barulho.{/n}"
    },
    {
      "Key": "5a79902f-2f08-4e15-be53-f004523058de",
      "Value": "\"Tenha uma magia de silêncio, companheiro! Hahaha, eu adoro! Agora o que ele vai fazer? Venha, irmãos, vamos correr!\""
    },
    {
      "Key": "b214c50a-5073-460e-87f2-1b29f067c02c",
      "Value": "{n}O anfitrião ri.{/n} \"Seus filhos podem ser tão engraçados... Um nome de estimação, você diz?\""
    },
    {
      "Key": "20df963c-3d45-4578-9cbb-50a36ee36236",
      "Value": "\"Entendo que você é parecido com almas em chamas. Você se inclina para Regongar, e ele, para você. Mas seu caminho está apenas começando."
    },
    {
      "Key": "b3b42ee2-9f89-4ebf-b457-b39224efac21",
      "Value": "\"Foi fácil. Você escolhe Octavia. Podemos dizer – e ela também não é totalmente imparcial com você. Mas nem sempre será tão fácil. Você tem um longo caminho pela frente...\""
    },
    {
      "Key": "737cb1ed-4a52-4a39-b477-8ce698070cce",
      "Value": "\"Que intrincado... Seu coração se inclina para Tristian, e a criatura ensolarada também sente um certo carinho por você. Mas isso é tudo... nós não queremos ficar à frente de nós mesmos.\""
    },
    {
      "Key": "acce3046-ad80-4e8c-8d74-24cce833d0b7",
      "Value": "\"Um coração leal a um coração leal. Você se inclina para a ousada Valerie, e ela é atraída por você. Mas apenas por enquanto.\""
    },
    {
      "Key": "3317e81e-34f4-4757-9315-331d459780cc",
      "Value": "\"Regongar e Octavia? É muito cedo para um veredicto, mas vemos que há um lugar para dois em seu coração. Sir Allfrey não aprovaria!\""
    },
    {
      "Key": "b79f2dc1-c705-44ff-ad6a-4e4026cf5891",
      "Value": "\"Espere... isso é tão... inesperado. Dentro de você, vemos um desejo por quem vem em sonhos, {name}. Seja cauteloso – escolher esse caminho significa abandonar todos os outros, e o escolhido traria você para um abismo antes de fazer você feliz. E... Mas não, não podemos dizer mais nada.\""
    },
    {
      "Key": "92bc9381-2aea-4435-84a0-6deb3cf49ecc",
      "Value": "\"Gostaríamos de saber por que essa pergunta é tão popular... Tudo bem, vamos ver... isso ainda não aconteceu... e isso que vimos, então para você é no futuro... e este é um fragmento do passado, um importante...\" {n}O Anfitrião continua murmurando assim por um tempo.{/n}"
    },
    {
      "Key": "f5c9702d-924b-47a4-99a0-290a55a888ee",
      "Value": "\"Estávamos entediados.\""
    },
    {
      "Key": "acd77c99-2ff5-44dc-97b6-e737cbf4d0d2",
      "Value": "\"Essa é a fada para você.\""
    },
    {
      "Key": "2ad2a366-6f06-43d8-bd66-a65df5fd6968",
      "Value": "\"Tente viver várias eternidades como nós. Seus pontos de vista sobre entretenimento podem mudar radicalmente.\""
    },
    {
      "Key": "72973e86-eae1-43b9-96a9-da311d92dd8e",
      "Value": "\"Oh, isso é fácil. Ou é? Uma vez, uma criatura muito poderosa do {g|First World}Primeiro Mundo{/g} provocou imprudentemente a raiva daqueles que são cem vezes mais poderosos. Ela foi amaldiçoada e enviada aqui, para {g|Golarion}Golarion{/g} – para as {g|Stolen Lands}Terras Roubadas{/g}. Sem entrar em muitos detalhes, sua maldição aflige os habitantes locais também. Para simplificar, seus problemas não cessarão até que você tenha lidado com esse hóspede indesejado. De qualquer forma, já discutimos isso mais... No seu amanhã e no meu ontem.\""
    },
    {
      "Key": "765bfbcb-8b14-4bed-ace6-deadb6267ee8",
      "Value": "\"Existe a pergunta. Sabíamos que seria feita. Mas uma resposta simples – uma resposta leve – não tem valor, certo? Esperamos que nossos debates o tenham convencido disso. É por isso que apresentamos a você outra resposta – uma boa, um valioso.\""
    },
    {
      "Key": "fe78a24b-c1ad-433b-863a-a45f30f04695",
      "Value": "\"Um monte de murmúrios sem sentido em vez de...\""
    },
    {
      "Key": "59513b01-6015-40e5-b814-b9dd64091ef5",
      "Value": "\"Primeiro ande pela estrada. Então você pode nos acusar de sermos sem sentido. Mas no final, você não vai.\""
    },
    {
      "Key": "2e86b75f-758c-4af5-b3a3-b8fdc53454bd",
      "Value": "\"Um dia no futuro, você terá a chance de deixar um inimigo antigo em paz. Nós mesmos podemos até dizer que isso deve ser feito. Recuse, e depois de muitas dificuldades você terá poder e imortalidade. Mas você concorda?\""
    },
    {
      "Key": "f252c7ba-341b-4669-b820-3e2443fd0fea",
      "Value": "\"Essa foi sua pergunta final.\""
    },
    {
      "Key": "6d823c83-702c-4fce-aa2d-fc5e2a9440dd",
      "Value": "\"Eu não acredito! Isso foi em vão! Você não perguntou sobre a coisa mais importante!\""
    },
    {
      "Key": "321000f8-c60e-4096-b96d-cb4fa9eda0e1",
      "Value": "\"Temos a resposta e, no entanto, não temos. Mas que aventura! {Name}, teremos que discutir isso mais profundamente em nosso retorno à capital.\""
    },
    {
      "Key": "d8d1a95e-072e-409e-ae25-20eda11a6b84",
      "Value": "{n}O kobold pula de alegria, mas depois pergunta cuidadosamente, apontando para os jerboas dele:{/n} \"Pegue meus amigosss? Sim?\""
    },
    {
      "Key": "64df4f4c-3451-4695-98ed-7353a8f11523",
      "Value": "\"Tudo bem, tudo bem!\" {n}A criatura encapuzada ri.{/n} \"Ouça tudo! Os debates inconseqüentes estão encerrados. Poupamos a todos vocês os efeitos dos truques do Zottenropple... e nos despedimos!\""
    },
    {
      "Key": "1a952a85-6b8f-444e-aaa4-1ed05301318d",
      "Value": "\"Não conhecemos a digna, mas algo nos diz que essa resposta não é séria... O que os outros dirão?\""
    },
    {
      "Key": "58879b37-3ad4-4916-9605-6632977f94c5",
      "Value": "{n}O Anfitrião permanece significativamente silencioso e não o dignifica com uma resposta.{/n}"
    },
    {
      "Key": "2acc81cb-f519-446a-87a1-11d88c98135f",
      "Value": "\"Não vemos ninguém no seu coração. Parece que você prefere o caminho solitário. Ou ainda não cumpriu o seu desejo.\""
    },
    {
      "Key": "fd89e0ed-b1fe-4b75-ae1a-1bed53d602bf",
      "Value": "\"Se é um cavalo, chame de 'arenque.' Sempre dê ao seu cavalo um nome de peixe.\""
    },
    {
      "Key": "18a79db1-479c-4410-b461-779d11496b94",
      "Value": "\"Denomine 'Hamster Extraplanar Gigante'. Mesmo que não seja gigante. Ou um hamster.\""
    },
    {
      "Key": "f01e6753-1aec-4d26-8888-e2fa71e60b53",
      "Value": "\"Como 'Cria-que-Ladra' já foi tirada, sugiro 'Tubarão-camarão'.\""
    },
    {
      "Key": "2a2c9e2a-e9ed-4ad4-a8df-f928ed09c6c1",
      "Value": "\"Pegue qualquer palavra óbvia em sua mente e adicione 'Sem'. Isso geralmente dá nomes decentes como 'Sem-Sol' ou 'Sem-Medo'. Claro, você pode acabar com algo como 'Sem-Pé' ou 'Sem-Dentes', mas esses são clássicos, afinal!\""
    },
    {
      "Key": "a1970ae7-f8c4-4c7c-9fb5-fe44f06df0a0",
      "Value": "\"Seu animal de estimação é uma rena? Se não, chame de 'Rena' em qualquer idioma que você conheça. A última criatura com nome de rena que conhecemos era encantadora. Surpreendentemente, ela se originou de um lugar estranho e desagradável chamado Abismo do Rugido...\""
    },
    {
      "Key": "633e3127-31fa-4039-875d-dc4e2cfe05a5",
      "Value": "\"Dê o nome de 'Assassino Invisível de Pôneis.' E nunca pergunte o porquê.\""
    },
    {
      "Key": "9b23d810-c169-49c7-96d0-70a7a0144841",
      "Value": "\"Você parece gostar muito de chifres e caudas. Você está brincando com fogo, e esse é um jogo que pode terminar tragicamente – embora também possa trazer um resultado inesperado e feliz. Tudo está em suas mãos.\""
    }
  ]
}