{
  "$id": "1",
  "strings": [
    {
      "Key": "314f3b0a-6d3b-472e-8eb1-614482546237",
      "Value": "\"Este Lander Lebeda... Ele é um sujeito sombrio! Eu não me arriscaria a fazer uma cruzada com ele.\""
    },
    {
      "Key": "770c4748-c2d9-4d9a-96ea-922b107cf684",
      "Value": "\"Você está percebendo isso agora?! Eu não sei o que é mais incrível – o fato de você ver isso sobre ele imediatamente, ou o fato de que ainda posso ser surpreendido pela ingenuidade das pessoas...\""
    },
    {
      "Key": "6bdca6f3-6f27-47f3-ac69-c1a190984f7f",
      "Value": "\"Quando um animal foge de sua própria manada, ele é expulso. Quando um homem sai sozinho, ele está fugindo apenas de si mesmo...\""
    },
    {
      "Key": "f082d916-7f7d-40ec-84bb-e3217f70c63d",
      "Value": "\"Há. A intenção vil dele estava escrita em vermelho na testa. Já vi tantos aventureiros nos tribunais de Kyonin. Mas suponho que isso apenas facilite usá-lo para nosso benefício...\""
    }
  ]
}