{
  "$id": "1",
  "strings": [
    {
      "Key": "8e4ed5de-8540-45be-b19b-3c872f6ce845",
      "Value": "\"Negue a luta.\""
    },
    {
      "Key": "421ee5c2-fd17-4cb4-99ac-baf9b5b3cbe6",
      "Value": "\"Deixe-os lutar, de acordo com sua tradição.\""
    },
    {
      "Key": "66c3241e-ccd2-4948-b362-d1b711c160f0",
      "Value": "\"Aja como achar melhor.\""
    },
    {
      "Key": "30b72f68-53f3-4d43-b9ff-ef43a192dd6d",
      "Value": "\"Preciso do seu conselho. Há dois clãs vivendo no pântano, famílias grandes e velhas. Eles discutem sobre um prado pantanoso há alguns anos. Essa terra fértil é mais valiosa do que a vida humana nos pântanos. As duas famílias decidiram determinar o proprietário por uma longa tradição.\""
    },
    {
      "Key": "aff3744d-c06e-4e35-8f26-fe7dd6db3390",
      "Value": "\"Eu gostaria de pedir um conselho, {name}. Dois clãs dos pântanos estão discutindo sobre um prado. Um solo sólido e fértil é muito valioso nos pântanos, especialmente quando você tem tantas bocas para alimentar. Os anciões do clã decidiram para determinar o proprietário por uma longa tradição.\""
    },
    {
      "Key": "11387868-7661-4f33-9b8e-57a42fee97e3",
      "Value": "\"Assim como eu disse. Não haverá duelo! Quem se importa com suas tradições sangrentas. Eles não se matariam apenas – eles estariam dando o exemplo para seus filhos!\""
    },
    {
      "Key": "2b0931a9-aad7-44cb-8f42-16de31040047",
      "Value": "\"Tentar cancelar uma tradição secular por decreto seria como tentar esvaziar o pântano com um balde. Levará muitos anos até que estejam preparados para mudar de atitude.\""
    },
    {
      "Key": "e5df9747-adad-4ed1-b866-ab90c98e0715",
      "Value": "\"Aqui está a essência disso. Dez homens armados de cada clã se enfrentarão no campo. O primeiro clã a perder todos os seus combatentes renuncia a sua reivindicação pela terra. É uma tradição cruel, mas eles a seguem há muitos anos. Mesmo se proibirmos a tradição, isso só os tornará mais irritados, e eles tentarão acertar suas pontuações por outros meios. Seu modo de vida não deve ser perturbado.\""
    },
    {
      "Key": "4e6bdbc0-dee9-4c2e-b1d5-b0db07852e92",
      "Value": "\"E é aí que o pesadelo começa. Eles estão preparando um massacre. Algumas dezenas de pessoas armadas, seminuas, lutarão no campo até que um lado perca todos os seus combatentes. Isso não é nada menos que selvageria! Então eu Eu disse a eles que, se alguém for morto, a coroa reivindicará o prado. Agora, os clãs do pântano reclamam que estamos arruinando sua tradição secular. Preciso do seu apoio. Estou fazendo a coisa certa, não sou?\""
    }
  ]
}