{
  "$id": "1",
  "strings": [
    {
      "Key": "98273a3f-e7be-4849-a009-10e403e481d8",
      "Value": "\"Há muita crueldade no mundo. Mas ainda assim as pessoas começam uma guerra entre si. Não sofreram o suficiente?\""
    },
    {
      "Key": "6792ff0e-d3a9-4a4c-987b-54fe8011f95c",
      "Value": "\"Não procure senso no comportamento das pessoas – não há.\""
    },
    {
      "Key": "8dbcb56f-52ea-463b-8805-0ee0d1e0260f",
      "Value": "\"Um bárbaro vê que temos uma casa grande e aconchegante – e vem aqui para levá-la. O que ele não vê é que estamos carregando uma vara grande e pesada nas costas, ha ha ha hmm...\""
    },
    {
      "Key": "5ee166b8-714b-4bf7-98c9-7d4bacc855b0",
      "Value": "\"O que você quer dos kellides? Estou lhe dizendo – se você abrir os crânios de toda a tribo e raspar o que está dentro, não será suficiente para encher sequer uma cabeça normal.\""
    },
    {
      "Key": "c920da4f-3867-4379-8326-849242d5ad8f",
      "Value": "\"A natureza não conhece crueldade nem misericórdia. Somente as pessoas fazem acordos com demônios.\""
    }
  ]
}