{
  "$id": "1",
  "strings": [
    {
      "Key": "756d0985-fbef-4f0d-b3bd-86103fc7cb8e",
      "Value": "\"Como é ser chefe?\""
    },
    {
      "Key": "ef0eeb6b-9a4a-4e08-bd38-c93aef37bd26",
      "Value": "\"Como está a tribo?\""
    },
    {
      "Key": "a198072f-3fa4-4a3a-b0a0-e230d3a8978d",
      "Value": "[Atacar] \"Não preciso mais de você.\""
    },
    {
      "Key": "9927bc55-9fd2-4978-96ff-4aa6dc3e1557",
      "Value": "\"Eu preciso ir.\""
    },
    {
      "Key": "c7280b4b-f9b1-43ed-8715-4f05e89616d2",
      "Value": "\"Saudações. Fico feliz que você tenha encontrado tempo para visitar seus {d|c41 Chief Ashman}aliados{/d}.\""
    },
    {
      "Key": "d4ee8c91-e791-4a1f-bc34-df5b384e1f4f",
      "Value": "\"Tenho alguma experiência em liderar pessoas. Antes da divisão da tribo, eu costumava comandar exércitos que eram maiores do que a tribo inteira é agora.\""
    },
    {
      "Key": "84d1f120-ad43-49f9-b35d-6d37ba3fb63f",
      "Value": "\"{g|Gorum}Gorum{/g} não nos concede lutas gloriosas hoje em dia. Usamos esse tempo para restaurar nossas forças antes do início da próxima guerra. Como tenho certeza de que você está ciente, não há nada mais fugaz do que um período de paz.\""
    },
    {
      "Key": "62824981-35c8-4d3d-977f-e195bd35d0ad",
      "Value": "\"Eu sabia que você não era confiável!\""
    }
  ]
}