{
  "$id": "1",
  "strings": [
    {
      "Key": "be8f5ee0-22e6-49c2-a07b-f06e6f3607c2",
      "Value": "\"Quem é esse 'príncipe' de quem você continua falando?\""
    },
    {
      "Key": "b333557c-e17b-470a-9fc0-bb08e97990c1",
      "Value": "\"Essas contas na sua cabeça – você as tirou de uma mulher nesta estrada!\""
    },
    {
      "Key": "c7236f55-5c68-4b9a-bb39-428285582858",
      "Value": "\"Você está sozinho aqui?\""
    },
    {
      "Key": "06b1f3d0-87f7-4074-af9c-0e0047e3034f",
      "Value": "\"Eu preciso ir.\""
    },
    {
      "Key": "32c3cc5a-36dd-4375-922a-cb3a41e8462b",
      "Value": "\"Eu sou {mf|o barão|a baronesa|o rei|a rainha} dessas terras! Você sabe o que faço com impostores como você?!\""
    },
    {
      "Key": "6347587f-fd8f-4d51-a733-7960dbc2a06c",
      "Value": "\"Me dê as contas agora ou prove meu punho.\""
    },
    {
      "Key": "59dd824b-b5fe-424d-8957-6a78d0d81975",
      "Value": "\"O príncipe de Kamelands está contente com contas simples? Ouvi dizer que o príncipe vizinho recebeu uma coroa de verdade! Com rubis e esmeraldas!\""
    },
    {
      "Key": "03c45368-d93e-44ca-824e-22a8301bc1cb",
      "Value": "\"Tudo bem, eu vou deixar você em paz com o seu 'tributo'.\""
    },
    {
      "Key": "65602767-1ab8-4044-bc44-7c1660899583",
      "Value": "\"Quer negociar? Aqui, eu tenho comida.\""
    },
    {
      "Key": "cd10f53c-d4da-4f02-9d77-821fcf2c5553",
      "Value": "[Atacar] \"Ladrão pequeno vil! Você cometeu um erro ao chegar a essas terras!\""
    },
    {
      "Key": "267fa735-4d79-4505-9f96-ae2f96c078c6",
      "Value": "\"Você está ciente, príncipe, de que esse colar pertence à própria Zogmugot – um dos deuses-heróis goblin? Veja como ela olha para você de cada conta, como se estivesse prestes a sair e estrangular você!\""
    },
    {
      "Key": "f77df45e-36e9-484a-a6f1-4870de4eb147",
      "Value": "{n}O goblin na sua frente parece... incomum. Seu rosto feio está coberto de argila vermelha – que parece ser uma pintura de guerra. Um colar de contas está pendurado em suas orelhas e ele está usando uma saia de junco suja.{/n}"
    },
    {
      "Key": "83defee3-74f1-4227-9463-75d8fb25fb85",
      "Value": "\"Pare! Eu sou o príncipe de Kameland! Você está trazendo presentes?! Eu pego tudo – pedaços brilhantes, pedaços brilhantes, grub!\""
    },
    {
      "Key": "c391a17b-1740-4d66-9e5b-c7a180ffffee",
      "Value": "\"Eu sou príncipe! Governante de Kameland! Tudo o que você vê aqui – é meu. Aquela árvore – minha. E rocha? A rocha é minha. E rio... e...\" {n}O goblin continua listando tudo o que vê e apontando o dedo para ele.{/n}"
    },
    {
      "Key": "7765791e-3025-4717-9a40-29db0d60eff2",
      "Value": "\"Homenagem ao príncipe de Kameland! Minha!\" {n}O goblin agarra as contas e dá um passo para trás, arreganhando os dentes.{/n}"
    },
    {
      "Key": "1054ef75-12cc-4501-a2f2-dc56af868ed4",
      "Value": "\"{mf|Barão-shmaron|Baronesa-shmaroness|Rei-shming|Rainha-shmeen}! Que tipo de palavra idiota é essa?\""
    },
    {
      "Key": "5784f8bc-81fb-48dc-8851-dc9031893eef",
      "Value": "\"Príncipe, seja grande e poderoso! Príncipe, não tenha medo de ninguém!\""
    },
    {
      "Key": "91865997-c837-4fb8-9a1c-10410770ac45",
      "Value": "{n}O goblin dá um pulo com raiva.{/n} \"Vizinho? Que vizinho?! Eu príncipe! Eu sou o goblin principal!\" {n}Ele arranca as contas da cabeça e as joga aos seus pés.{/n} \"Guarde o seu lixo! Eu vou resolver as coisas! Esmague o vizinho, pegue a coroa, seja o principal goblin por toda parte!\""
    },
    {
      "Key": "22697b69-38f3-4414-8bda-2dd3fed4af28",
      "Value": "{n}O goblin o encara com desconfiança. Ou ele sabe que você está mentindo – ou igualmente possível, ele não sabe o que é uma esmeralda.{/n}"
    },
    {
      "Key": "cbed0298-4abd-4817-8766-a3750cd0bf11",
      "Value": "\"AAAAA! Prince quer viver! Prince é muito bonito para morrer!\" {n}O goblin arranca as contas da cabeça dele e as joga em você. Com um lamento zangado, o goblin foge, uma trilha de talos de junco caindo de sua saia enquanto ele foge.{/n}"
    },
    {
      "Key": "85a57138-7b32-4ee0-9f52-23bb0d5845d3",
      "Value": "\"Humano idiota! Você não é assustador! Vá rápido e traga o príncipe grub para engolir, antes que eu bata em você!\""
    },
    {
      "Key": "61b76f49-a7e3-4f2e-900e-e5ad03a2f697",
      "Value": "{n}O goblin está arrastando os pés.{/n} \"Há goblins no desfiladeiro, procurando por uma grande besta. Também há goblins na vila... Mas nem todos sabem e ouvem o príncipe ainda! Na primeira vez em que vim, eles me bata e doeu!\""
    },
    {
      "Key": "a1711245-261a-4653-a0dc-9c136d8513a4",
      "Value": "\"Então, você já trouxe comida?\""
    },
    {
      "Key": "bc65a519-cc6f-407c-9df4-f3a42c979946",
      "Value": "{n}O goblin vê a comida na sua mão com fome. Por fim, ele não pode mais se conter – ele arranca as contas da cabeça, pega a comida e sai correndo, enfiando o petisco na boca como ele faz.{/n}"
    },
    {
      "Key": "7252d3a7-5af2-4911-8df5-c12ccd4b1f99",
      "Value": "\"A árvore, a minha e a rocha também, eu governo este lugar, estou lhe dizendo...\" {n}Linzi cantarola, improvisando uma música simples.{/n} \"Isso pode fazer uma música legal! 'A Balada do Príncipe Goblin', o que você acha?\""
    },
    {
      "Key": "6d970fe4-8867-489c-a55a-807c4c7115ac",
      "Value": "\"Você pode ver isso – nós temos outro soberano aqui! Deve haver algo no ar que faça as réguas se multiplicarem como coelhos. Logo você não poderá plantar uma macieira sem que uma maçã real cresça, declarando independência e impostos exigentes!\""
    },
    {
      "Key": "eadf5ad0-7ebe-4f39-a19e-675d40a00157",
      "Value": "{n}Os ouvidos de Nok-Nok se contraem.{/n} \"Príncipe? O que é isso? Outro barulho estúpido e estúpido que as saudades fazem e vomitam nos goblins?\""
    },
    {
      "Key": "712e4460-2426-4173-af7e-f620e10560e0",
      "Value": "{n}Kanerah se curva em uma reverência zombeteira.{/n} \"Olá, sua alteza verde!\""
    }
  ]
}