{
  "$id": "1",
  "strings": [
    {
      "Key": "abb0111b-3cff-4d10-b7b2-aa11f3a4ac8a",
      "Value": "\"Conte-me mais sobre sua oferta.\""
    },
    {
      "Key": "68b782d8-92ad-4f38-95a7-11e3957ab008",
      "Value": "\"Eu não quero fazer parte dos seus assuntos!\""
    },
    {
      "Key": "989ff772-8d3e-4df9-91ce-ac1dbd1e3be7",
      "Value": "\"Não vou tolerar contrabando no meu domínio. Guardas! Leve-a para a prisão!\""
    },
    {
      "Key": "faf82fb9-8748-4a77-b6fa-16f9f2cfd8ea",
      "Value": "\"Verei o que posso fazer.\""
    },
    {
      "Key": "c297d640-e58b-45ed-9e2c-35dfed0bc3cd",
      "Value": "[Para os guardas] \"Você não me ouviu? Leve-a embora!\""
    },
    {
      "Key": "4925c6e0-3838-47e1-8e6f-44e3e67a4eaa",
      "Value": "[Para Irlene] \"Como esta é a sua primeira vez, vou lhe dar um tempo. Nunca mais ponha os pés aqui novamente.\""
    },
    {
      "Key": "dc0834fc-b124-423d-ba6d-01be81baa76f",
      "Value": "[Para os guardas] \"Execute-a. Imediatamente.\""
    },
    {
      "Key": "44284c90-71b0-448c-858c-c6a575cb6b0a",
      "Value": "\"Saudações, {mf|Sua Graça|Sua Graça|Sua Alteza|Sua Alteza}! Permita-me prestar meus respeitos e entregar um presente em nome de meu mestre, um conhecido conhecedor de artefatos mágicos, gentilmente recebido por você no capital!\""
    },
    {
      "Key": "d9442580-d54e-47fa-b940-362f8e9a8cec",
      "Value": "\"Deixe-me me apresentar. Irlene Greyridge, ao seu serviço.\" {n}A garota se curva brevemente e volta a subir. Ela lança olhares curiosos, avaliando a sala do trono e oferece um pacote.{/n} \"Este é um presente modesto do meu mestre, {mf|Sua Graça|Sua Graça|Sua Alteza|Sua Alteza}. Que possa atendê-lo bem! E caso você esteja procurando por mais...\""
    },
    {
      "Key": "ea4f9281-9cd6-44f6-8829-8a0be99fce87",
      "Value": "{n}Irlene olha para você de lado e sorri misteriosamente.{/n} \"Peço que perdoe minha audácia, mas como o destino está me dando a oportunidade de falar com você cara a cara... Você vê, meu mestre é um especialista altamente educado e respeitado, mas, infelizmente, ele não tem nenhuma visão de negócios. Por minha parte, por mais que eu aprecie itens colecionáveis de grande valor estético, estou muito mais interessado em transformar meu conhecimento nessa esfera em lucros tangíveis Se você estiver interessado em obter itens mágicos sem todo esse aborrecimento... eu poderia providenciá-lo.\""
    },
    {
      "Key": "4ca08328-f483-4e86-b5eb-857ad6d20b69",
      "Value": "\"Veja, ao longo de todos os meus anos de viagem, eu construí... uma longa lista de contatos no {g|Golarion}Golarion{/g}. Em outras palavras, posso adquirir raridades mágicas, não importa a distância ou dificuldade. Se você me ajudar a abrir minha própria loja, ficarei feliz em deixar meu mestre e usar meus talentos para seu benefício.\" {n}Irlene para de falar e olha para você com expectativa.{/n}"
    },
    {
      "Key": "69774f16-e270-4d74-98e7-e3ad9fdc077a",
      "Value": "\"Oh, obrigada! Que seu reinado dure nos próximos anos!\" {n}Irlene se curva.{/n} \"Não ouso mais distraí-lo, {mf|Sua Graça|Sua Graça|Sua Alteza|Sua Alteza}!\""
    },
    {
      "Key": "753234c0-90d8-4545-b78b-225c51bf272f",
      "Value": "{n}Irlene se encolhe de medo.{/n} \"Não... {mf|Sua Graça|Sua Graça|Sua Alteza|Sua Alteza}, peço-lhe... Perdoe-me minha insolência! Não me mate!\""
    },
    {
      "Key": "bc78dd36-b234-44be-9666-ed4306d3cfbe",
      "Value": "{n}O halfling dá um suspiro.{/n} \"Que vergonha... Nesse caso, não deixarei minha presença aqui incomodá-lo ainda mais. Adeus, {mf|Sua Graça|Sua Graça|Sua Alteza|Sua Alteza}!\""
    }
  ]
}