{
  "$id": "1",
  "strings": [
    {
      "Key": "46c1e798-e44f-463c-ba0b-dbf5196b1a8a",
      "Value": "\"Irovetti é uma grande ameaça. Precisamos agir rápido. As pessoas estão preocupadas.\""
    },
    {
      "Key": "71d0627f-8b48-4b3e-a167-645d170c8a75",
      "Value": "\"É exatamente por isso que os plebeus não deveriam saber ler. Os folhetos de propaganda não confundiriam as pessoas, se não houvesse alguém para lê-las.\""
    },
    {
      "Key": "73211aee-4353-4ef8-b609-b03380b7bf6c",
      "Value": "\"O quieto está certo. Quanto mais nos sentamos bonitos, mais violentos os tumultos ficam.\""
    },
    {
      "Key": "897fba48-1beb-4528-a3de-511fefbe9df7",
      "Value": "\"Como reagimos a uma ameaça tão incomum? Não podemos nomear um general e enviar tropas – eles não teriam ninguém para lutar!\""
    },
    {
      "Key": "b2a7dd04-4d33-45cf-9ba2-2a34a42e90ba",
      "Value": "\"Sim! Mais inimigos! Nok-Nok aPunhala, Nok-Nok mata!\""
    }
  ]
}