{
  "$id": "1",
  "strings": [
    {
      "Key": "4fa1effc-782e-44ad-ab79-867e18bc49e1",
      "Value": "\"Malditos kobolds! Que prazer seria acertar as contas com Tartuk, aquele desgraçado e escamoso!\""
    },
    {
      "Key": "0c91a972-491e-442a-a722-2d41cb670944",
      "Value": "\"Dizem que este Tartuk é diferente de seus parentes... e eu quero dizer não apenas a cor de suas escamas.\""
    },
    {
      "Key": "db01f535-18bb-4168-85e4-7e987d48fcb7",
      "Value": "\"Seu ódio por kobolds é como o meu por trolls. É... compreensível.\""
    },
    {
      "Key": "4b2da0f2-a532-485b-8e1b-a3d70dd2808e",
      "Value": "\"Não deixe brigas pessoais obscurecerem seu julgamento, Jubilost.\""
    }
  ]
}