{
  "$id": "1",
  "strings": [
    {
      "Key": "9e5ba4f2-5079-499e-9466-510796527ca4",
      "Value": "\"Meu espírito é mais forte do que qualquer doença. À luz me purificarei de toda sujeira, e com o novo amanhecer me levantarei como o sol.\""
    },
    {
      "Key": "083124a4-a714-4048-9430-5549c1d2f269",
      "Value": "\"Misericordioso Sarenrae, peço-lhe humildemente, ouça minhas orações e me ajude a me curar.\""
    },
    {
      "Key": "54a19eb5-6bb8-40e4-a7b9-ed133a9cd6b8",
      "Value": "\"É melhor você recorrer a remédios mais seguros. Você não parece tão bem.\""
    },
    {
      "Key": "5c9be22e-99cb-410d-8079-9b7e97e455a7",
      "Value": "\"Calma! Vá bombear ferro ou, digamos... carregue alguns sacos por aí. Me ajuda sempre!\""
    },
    {
      "Key": "13a7d2bd-504a-4422-99b2-872bd6ce0eb6",
      "Value": "\"Tristian, você parece tão pálida... mas você sabe, isso combina com você!\""
    },
    {
      "Key": "e99e8f5f-9067-4123-9e02-749ca2e30f6f",
      "Value": "\"Só não reze a noite toda desta vez e durma um pouco. Você precisa de sua força. – Se não for por você, pense nos outros.\""
    },
    {
      "Key": "bbc21d09-acba-46a3-9dc4-a45e2934e6a3",
      "Value": "\"E eu esperava que nunca mais tivesse que adormecer ouvindo os sons das orações a Sarenrae...\""
    },
    {
      "Key": "6ae50131-e7b0-4fef-b65d-3563cd8540d6",
      "Value": "\"E eu esperava que nunca mais tivesse que adormecer ouvindo os sons das orações a Sarenrae...\""
    }
  ]
}