{
  "$id": "1",
  "strings": [
    {
      "Key": "7171cbf1-83f1-4af7-a5bf-c6285ad356f7",
      "Value": "\"Vamos direto ao ponto. Você diz que os bandidos vão atacar de novo? Quem são eles e quando chegarão?\""
    },
    {
      "Key": "209c1053-0db2-4505-a13d-bfe38b448fce",
      "Value": "\"Oleg, eu gostaria de ver suas mercadorias.\""
    },
    {
      "Key": "13ec18c6-875c-4902-8260-7ac230967c8d",
      "Value": "\"Conversamos depois.\""
    },
    {
      "Key": "bf960fa1-bb2b-4f3a-9a83-442921f644ee",
      "Value": "\"Você não tem nada a temer. Eu vou ajudá-lo a lidar com o ataque.\""
    },
    {
      "Key": "1da99ae2-167b-408e-9c6d-35688eeb0d8a",
      "Value": "\"Diga-me o quanto você sabe. Quantos bandidos existem? O que eles querem?\""
    },
    {
      "Key": "83f0146e-bea3-4d41-847e-ae96ce2d9666",
      "Value": "\"Eles alegaram que estavam coletando impostos. Por quê?\""
    },
    {
      "Key": "94bc0cd1-84e0-4a58-9404-b95883e7307d",
      "Value": "\"A segurança do seu posto pode ter sido uma das condições que Jamandi Aldori colocou em me dar baronato, mas ela não disse nada sobre ter que ouvir seu gemido.\""
    },
    {
      "Key": "15f03403-fbc1-43cd-a920-f2605648e3ef",
      "Value": "\"Você pode responder mais algumas perguntas para mim?\""
    },
    {
      "Key": "9ea95b1a-c0fe-4b93-a452-c14356a44cd4",
      "Value": "\"Basta de falar de bandidos por enquanto.\""
    },
    {
      "Key": "e2da3af6-0d30-4586-9029-387a20f453fb",
      "Value": "[Aguarde o ataque] \"Estou preparado para o ataque. Fique em suas posições e espere.\""
    },
    {
      "Key": "054b4207-d8c2-4345-957a-198f972789cd",
      "Value": "\"Conte-me mais sobre vocês.\""
    },
    {
      "Key": "eda6319f-bc5c-45b8-9743-7819d546decd",
      "Value": "\"Vamos voltar ao possível ataque...\""
    },
    {
      "Key": "1ef0836e-6685-424e-86c6-1b5d145e5ff9",
      "Value": "\"Vou olhar em volta, pensar na melhor maneira de usar o alcatrão e as armadilhas.\""
    },
    {
      "Key": "2fddff11-b9b7-489a-9ba5-9d3115420dfc",
      "Value": "\"Vi alguém sair do posto comercial. Você sabe quem era?\""
    },
    {
      "Key": "b75ef08a-8271-487a-afd6-a29428389e76",
      "Value": "\"Fogo do alquimista? Poderíamos colocá-lo perto do portão, acendê-lo com uma flecha acesa quando esses bandidos estiverem por perto.\""
    },
    {
      "Key": "8f4fab87-619a-4679-8db5-3840570866ab",
      "Value": "\"O que você pode me dizer sobre aquele homem que fugiu do correio e voltou?\""
    },
    {
      "Key": "1dea6037-3003-4dda-a3c8-87363fd1b5e8",
      "Value": "\"Eu vou ajudá-lo. Eu realmente não estou interessado em seu posto, mas nunca recuo de uma boa luta.\""
    },
    {
      "Key": "e04533b6-f081-4b89-81ef-b84a30512233",
      "Value": "\"Eu gosto da sua ideia.\""
    },
    {
      "Key": "113eec02-32cf-497e-93c1-e67f99439a2e",
      "Value": "\"Melhor dar o fogo do alquimista para mim. Podemos lidar com bandidos sem ele.\""
    },
    {
      "Key": "b6f6bea9-8130-4ee3-ba60-825c3775667d",
      "Value": "\"Fogo do alquimista? Você poderia me dar? Tenho certeza de que vou encontrar um bom uso para ele!\""
    },
    {
      "Key": "705b97da-da60-4aa4-b6b9-2e2b0ed1fa39",
      "Value": "{n}Oleg olha para você como se esperasse que você e os bandidos se cortassem em pedaços, então ele grunhiu.{/n} \"Então, os ratos fugiram, hein? Melhor do que nada. Mas isso não vai mantenha-os afastados por muito tempo. Eles voltarão com ajuda e arrasarão esse cargo. Agora, o que devemos fazer?\""
    },
    {
      "Key": "97c85c38-ee4d-4b1b-931d-d87e4b8ccc52",
      "Value": "\"Isso deve ter sido Bokken. Ele vende poções. Ele mora na floresta como um eremita, mas ele vem aqui todos os dias. Ele conhece todas as árvores e arbustos da região e como eles podem ajudá-lo. A gangue do Lorde Cervo quer ele trabalhar para eles. Ele não tem coragem de lutar contra esses bandidos, mas não se afasta de nós. Ele tem um bom coração, mesmo que resmunge muito, especialmente recentemente.\""
    },
    {
      "Key": "309b2b61-cb2c-4690-90d0-889b6b675662",
      "Value": "{n}Ele percebe uma abordagem de cabelos louros.{/n} \"Pomba! Por que você está aqui? Eu disse para você ficar escondido!\""
    },
    {
      "Key": "174f5476-4bca-49f0-860a-d176a3dd13c3",
      "Value": "\"Está tudo acabado – eu vi. Eu só precisava ter certeza de que você estava bem...\" {n}A mulher olha para o marido com ternura, se com um toque de tristeza. Oleg murmura algo enquanto desvia o olhar, envergonhado.{/n} \"Meu nome é Svetlana. Lamento que sua chegada ao nosso {g|Oleg's Trading Post}posto comercial de Oleg{/g} tenha sido tão... indesejável.\""
    },
    {
      "Key": "63fca25d-1c23-4adf-abdd-1406daca9ace",
      "Value": "\"Pegue isso, seus ladinos!\" {n}Oleg balança o punho.{/n} \"Mas agora...\" {n}Ele coça a cabeça e olha para o chão com tristeza.{/n} \"A garota escapou, uma praga nela. Ela tem certeza reclamarem com o Lorde Cervo. Eles vieram antes para 'arrecadar impostos', mas desta vez virão para 'punir a traição'... Agora, o que devemos fazer? \" {n}Ele suspira profundamente.{/n} \"Se ao menos eu pudesse enviar Svetlana para algum lugar seguro e mostrar a esses ratos o que é o quê!\""
    },
    {
      "Key": "e9e58314-74c5-4e23-b690-b9bc162abb62",
      "Value": "{n}Oleg acena com a mão de mau humor.{/n} \"Quem são eles? Eles são a gangue do Lorde Cervo, é quem! Essas terras estão repletas de bandidos como percevejos na cabana de um mendigo, e você simplesmente os agita. Eles têm um acampamento não muito longe daqui - espero que voltem com força total em meio dia, talvez menos. O Lorde Servo não aceita um insulto como este levianamente, e seus capangas são mais como demônios do que homens...\""
    },
    {
      "Key": "9c2a33ad-9649-4128-ab49-880e7ce3bd9e",
      "Value": "{n}Oleg resmunga.{/n} \"Então, o que, devo começar a chamá-lo de 'Sua Graça' e me ajoelhar ao passar? Posso não ser um nobre, mas tenho minha dignidade – você não me verá rastejando de joelhos! Vamos nos preparar para a luta, e então veremos que tipo de barão você é. Vamos ver... Eu tenho algumas armadilhas de reposição, um pouco de alcatrão... e uma caixa de alquimista. Eu aposto que parte disso poderia ajudar na batalha.\""
    },
    {
      "Key": "ea32fd8c-d3a6-4b84-a5a2-2f444f4b0860",
      "Value": "\"Bem, eu aprecio suas boas intenções. Posso não ter as melhores maneiras, mas Oleg Leveton é o sobrenome que você ouvirá acusado de ser ingrato! Se conseguirmos defender este post, recompensarei você adequadamente.\""
    },
    {
      "Key": "e3d6cf26-bd48-4d44-b2d4-36bdbae86446",
      "Value": "\"O que eles querem? Esses sugadores de sangue pensam que são donos desta terra – eles vêm, pegam o que querem e roubam a maior parte do nosso dinheiro todos os meses como um pedágio para o líder. Eles até quebraram nosso portão para que não pudéssemos tentar\" para esconder qualquer coisa deles. Ninguém sabe exatamente quantos existem. Às vezes, apenas cinco ou seis chegam – às vezes é uma gangue inteira. Eu mostraria a eles o que há muito tempo, se não fosse por Svetlana.\""
    },
    {
      "Key": "3ec2401e-a9cf-4a58-b79f-84fc0495d1de",
      "Value": "\"Para o Lorde Cervo e seus companheiros, é claro! Esse Lorde Cervo se considera um rei nessas partes. Ele pode ter chifres por uma coroa, mas todos os encrenqueiros por aqui ficam felizes em seguir suas ordens, desde que sejam pagos Então eles cobram um braço e uma perna como 'impostos', e chamam de suas execuções 'punição por traição', mesmo aqueles que nunca juraram lealdade ao Lorde Cervo. Eles são mortos rapidamente, se tiverem sorte....\" {n}Oleg olha para Svetlana.{/n}\" Pomba, por que você não começa o jantar enquanto terminamos nossa conversa?\""
    },
    {
      "Key": "da1a43f0-b14f-4c2a-b049-099c6a9c394e",
      "Value": "\"Eu não preciso ser protegido de conversas sombrias. Eu não sou um gatinho cego, você sabe – eu vi o que eles fazem com as pessoas.\" {n}Svetlana abaixa a cabeça.{/n} \"A maior parte da gangue é formada por bandidos simples, mas existem alguns monstros na liderança, especialmente aqueles próximos ao Lorde Cervo. Auchs e Dovan de Nisroch vêm à mente Eles gostam de mostrar suas torturas e execuções. Meu marido e eu... vimos os corpos.\""
    },
    {
      "Key": "fefcfdf3-4a58-47ff-8d4b-6351224368a0",
      "Value": "\"Receio que eles voltem enquanto conversamos, mas o que há para ser feito...?\" {n}Oleg murmura.{/n}"
    },
    {
      "Key": "b7824605-dedf-4fb4-8c31-3cc49be3be00",
      "Value": "\"Não sei para que serve uma boa negociação se esses sugadores de sangue voltarem e levarem tudo... mas tudo bem, dê uma olhada.\""
    },
    {
      "Key": "a077ae6f-2f81-4b5c-8343-01cf986ba7c1",
      "Value": "\"Enquanto isso, eles nunca terão o suficiente.\""
    },
    {
      "Key": "f26ebfc4-bfe1-4f96-9f82-f551078d4df0",
      "Value": "\"Svetlana, vá se esconder lá dentro! Vamos conhecer nossos convidados.\""
    },
    {
      "Key": "99269c9f-2fb7-448b-88ba-434c8ffae696",
      "Value": "\"Vejo que você não é facilmente intimidado.\""
    },
    {
      "Key": "1fdd819a-3c64-4af4-a6ae-c57cc456876b",
      "Value": "{n}Oleg muda desconfortavelmente.{/n} \"Certamente há coisas mais importantes a discutir... Bem, tudo bem. Somos apenas pessoas honestas que vieram aqui de {g|Restov}Restov{/g}. Nós consertamos o antigo forte para abrigar viajantes e dar aos comerciantes um lugar para negociar com os habitantes locais. Também lidamos com os caçadores ocasionais na área. O que isso importa? Quando esses bandidos voltarem, eles nos drenarão ou apenas nos mate.\""
    },
    {
      "Key": "fd24759b-de47-4d63-b4f7-6f3b52f3d7cf",
      "Value": "Oleg parece ser ainda mais sombrio e Svetlana triste. Ambos olham para você atentamente.{/n}"
    },
    {
      "Key": "f2675c28-017f-4bc7-be34-5a4c23d70a56",
      "Value": "\"Se continuarmos brincando, acabaremos conversando COM os atacantes, e não sobre eles. Se eles estão dispostos a conversar...\""
    },
    {
      "Key": "aaecfe2b-01cc-458d-9374-9f4f939421f1",
      "Value": "\"Tudo bem. Assim que terminar, avise-nos. E não deixe o cargo – os bandidos podem voltar a qualquer momento.\""
    },
    {
      "Key": "51296a49-a2f7-42c1-8fb9-0196f0b77807",
      "Value": "Oleg e Svetlana estão discutindo algo em sussurros baixos, mas apaixonados. Você consegue decifrar as palavras 'Esqueça!' antes que eles parem de falar e se voltem para você.{/n}"
    },
    {
      "Key": "273d3169-5be5-4e66-8164-304e6d090032",
      "Value": "\"Mas isso poderia incendiar o posto!\" {n}Oleg grita, surpreso.{/n} \"Bem, talvez se cobríssemos as paredes com algo para protegê-las... Tudo bem, sim. Acho que poderia funcionar – Eu vou até mesmo atirrar a flecha. Eu costumava ser muito bom com uma besta, na época.\""
    },
    {
      "Key": "3377e42a-39a0-4cb3-aeb5-17026b0fd1bd",
      "Value": "\"Eu imploro, tenha cuidado. E por favor não deixe Oleg fazer algo muito arriscado.\""
    },
    {
      "Key": "481c3dba-d808-473f-8958-da4e9eb9244c",
      "Value": "\"Não tema! Eu ficarei entre você e essa escória! Você está sob minha proteção!\""
    },
    {
      "Key": "65110b39-2d6d-4caa-acbc-8f8abe292b60",
      "Value": "{n}Amiri flexiona os ombros.{/n} \"Finalmente, uma briga. Estava entediada com toda essa conversa.\""
    },
    {
      "Key": "36b43af3-b6d4-4355-a0a1-8c24969e7317",
      "Value": "\"Bem, esses não são os heróis que eu esperava escrever, mas acho que até os maiores heróis tiveram que começar em algum lugar.\""
    },
    {
      "Key": "c1dfdaf8-bde4-444d-b269-f63cd3ed836c",
      "Value": "\"Temos que esconder Svetlana – por favor, não discuta, Dove! Agora, também precisamos decidir sobre um plano. Vá em frente e olhe em volta – pode haver algumas ferramentas que podem ser usadas para a batalha. Existem algumas armadilhas, um pouco de alcatrão e... uma caixa de fogo alquimista, parece.\""
    },
    {
      "Key": "666a9a61-f4c2-4e6a-bd8d-9be68fcc4ab5",
      "Value": "{n}Oleg resmunga.{/n} \"Bem, obrigado, eu acho. Eu posso até conseguir algum tipo de recompensa juntos se conseguirmos defender o cargo.\""
    },
    {
      "Key": "6aecda09-fb13-4fc6-9c70-b148ee9a6db9",
      "Value": "\"Eu vou ajudá-lo a lutar. Eu tenho uma caixa de fogo alquimista que podemos usar. Poderíamos colocá-lo perto do portão e dispará-lo com uma flecha acesa quando esses bandidos se aproximarem. Eu até atiro na flecha. Eu costumava ser muito bom com uma besta, na época.\""
    },
    {
      "Key": "65ac3237-1a83-4f66-84bf-f7189a6a01d9",
      "Value": "\"Você tem certeza? Bem, a decisão é sua. Aqui, atenda.\""
    },
    {
      "Key": "b40e9c5a-4206-4d57-a2c0-8098e5873b5e",
      "Value": "\"Aqui, pegue. Mas você deve começar a atirar em bandidos, por favor, tenha cuidado. Não coloque fogo no poste.\""
    }
  ]
}