{
  "$id": "1",
  "strings": [
    {
      "Key": "693fc8cb-50e1-4e7c-b65e-cb128232e614",
      "Value": "\"Você de repente é muito mais educado.\""
    },
    {
      "Key": "aa85f8b5-6a5e-44f7-b9f5-89c3dcb2e89c",
      "Value": "\"Onde está esse neófito que deveria me testar?\""
    },
    {
      "Key": "5398d95e-7458-4eb5-9fcd-cbf6f73f2af9",
      "Value": "\"O que seu nome significa?\""
    },
    {
      "Key": "48fb6143-b363-443c-b67d-0e532eefb915",
      "Value": "\"Conte-me sobre o seu pedido.\""
    },
    {
      "Key": "c0a04b32-5e41-45d9-b64e-0e17073d1efc",
      "Value": "[Atacar] \"Eu não preciso de gente como você aqui!\""
    },
    {
      "Key": "bbc8c1be-e9c5-4875-a28c-618133f45959",
      "Value": "\"Eu tenho que ir.\""
    },
    {
      "Key": "8cab86aa-d937-401c-b814-53ded87abbb6",
      "Value": "\"De onde vem seu pedido?\""
    },
    {
      "Key": "495b9413-d193-4dd6-9fe7-70d1a939b608",
      "Value": "\"Qual é a sua filosofia?\""
    },
    {
      "Key": "8086b347-b0f8-4b5d-9a02-fccdc5fc9250",
      "Value": "\"Que divindade você venera?\""
    },
    {
      "Key": "310b72d8-c579-412b-838c-e9812fb00032",
      "Value": "\"O que significa 'Suramgamin'?\""
    },
    {
      "Key": "f731a468-931b-47db-b3ef-a2a4bc247d9b",
      "Value": "\"Tem certeza de que quer me ajudar? Minhas opiniões sobre o mundo diferem das suas.\""
    },
    {
      "Key": "96c0f455-1fae-4281-aa53-fbdae98ae598",
      "Value": "\"Obrigado por suas respostas.\""
    },
    {
      "Key": "99231cb9-82bd-46bd-8a13-6d5c238f7989",
      "Value": "\"Naquela época eu não tive que esperar muito tempo! Parabéns, Sua Alteza – você passou neste teste com cores vivas!\""
    },
    {
      "Key": "97b407ee-307f-494b-9206-5add2bfe5ab1",
      "Value": "\"Você demorou, Alteza! Infelizmente você não passou no julgamento.\""
    },
    {
      "Key": "983ff4fb-3355-4686-814d-e52b73821d31",
      "Value": "\"Agora o julgamento final espera por você. Encontre minha irmã, Vidya, a Leão. Ela está em algum lugar próximo – você não precisa procurar muito.\""
    },
    {
      "Key": "8729135c-a745-4774-8807-7e3ab24fc123",
      "Value": "{n}O anão sorri.{/n} \"Parado bem na minha frente. Quem a fez correr aqui dia e noite sem dormir ou até descansar? Certamente não fui eu! Você se testou – e com resultados brilhantes!\""
    },
    {
      "Key": "99bfdf85-aeeb-436d-a2e2-7ad2c963e6e9",
      "Value": "{n}O anão sorri.{/n} \"Parado bem na minha frente. Desta vez você deveria se testar. Você poderia dobrar sua vontade de seguir a estrada dia e noite, sem dormir ou até descansar? Infelizmente, você se trata com muita gentileza!\""
    },
    {
      "Key": "701af65c-f9c8-4850-942f-5a6cfe404449",
      "Value": "\"Perdoe minha grosseria. Foi uma parte do julgamento. Nem todo mundo pode sufocar seu orgulho e sofrer insultos de um estranho presunçoso!\""
    },
    {
      "Key": "29eec1ad-a632-477d-8ad9-96a799a28d02",
      "Value": "\"Não é muito inteligente da sua parte.\" {n}O anão sussurra uma magia, e paz e tranquilidade ilimitadas caem sobre você. Incapaz de alcançar sua arma, você assiste Puja sair.{/n}"
    },
    {
      "Key": "9f3e9c04-f433-4d27-b270-859c2fb63836",
      "Value": "\"Viagem segura, Alteza. Vamos nos encontrar novamente.\""
    },
    {
      "Key": "2f50b9a9-f43a-4505-921d-2f320a5c52cc",
      "Value": "\"Recebi o nome Puja do professor Avalo. Ele vem de {g|Jalmeray}Jalmeray{/g} e dá nomes a seus discípulos em sua língua nativa. 'Puja' significa 'oração'. 'Wolf' é um título honorário Para se tornar um mestre de uma ordem, é preciso percorrer um dos caminhos da sabedoria – a Fênix, o Unicórnio, etc. O Caminho do Lobo é o caminho da humildade, de renunciar ao orgulho e à ambição pessoal. De trabalho honesto, embora às vezes ingrato, para o bem comum.\""
    },
    {
      "Key": "9ab1dbff-619b-45f5-b0c9-fcbb08132b0a",
      "Value": "\"Recusar aqueles que buscam conhecimento é um pecado. O que você deseja saber?\""
    },
    {
      "Key": "d9a3b3ef-22bf-4bbd-a8ec-ea73e5856fb0",
      "Value": "\"Foi fundada pelo professor Avalo. Muito pouco se sabe sobre seu passado – apenas que ele é de {g|Jalmeray}Jalmeray{/g}. Alguns dizem que ele era um criminoso e fugiu da lei... Estes são apenas rumores, mas mesmo que haja verdade por trás deles – bem, muitos em nossa ordem costumavam ser vilões. Mudar a natureza sinistra de alguém, passando da mera existência animal para bondade e ordem – essa é a espinha dorsal de nosso ensino.\""
    },
    {
      "Key": "73af459d-04c8-4fa9-b512-7d93864fc58e",
      "Value": "\"É difícil de traduzir – simplesmente não existe uma palavra adequada no idioma comum. 'O caminho de um herói' está próximo, mas o herói não é entendido como alguém que derrama mais sangue do que o resto. 'O caminho dos justos' talvez, embora ainda não muito exatos. Se você perdoaria uma frase tão volumosa, é mais precisamente\" o caminho da pessoa que faz do mundo um lugar melhor.\""
    },
    {
      "Key": "cd82eb3c-f1f6-490f-a676-3a297b44a947",
      "Value": "\"Para contar a história... o professor passou muitos anos meditando na floresta de Arthfell e depois apareceu do nada em um grande templo de {g|Sarenrae}Sarenrae{/g} e desafiou a alta sacerdotisa a debater sobre o essência da fé deles. Ele argumentou assim com muitos líderes religiosos, provando que há um princípio comum por trás das crenças dos diferentes deuses do bem e da ordem, um caminho comum que ele chamou de Caminho Sábio. Discípulos vieram até ele. Mas embora não houvesse nada de profano em suas palavras, parecia que os servos até das mais bondosas divindades não gostam quando sua congregação está sendo tirada deles.\"{n}O anão ri com tristeza.{/n}"
    },
    {
      "Key": "18b4d13a-c55f-489a-a602-3d71f8d385b3",
      "Value": "\"E assim o professor retornou a Arthfell, jurando que a nossa ordem não construiria templos próprios. Alguns de seus discípulos ficaram com ele, enquanto outros foram viajar, divulgando seus ensinamentos. Nós não somos secretos, mas não atraimos muita atenção também. Alguns nos dizem para sair, outros ouvem e aprendem... Isso é tudo.\""
    },
    {
      "Key": "84112cab-126c-44b0-bb33-f168b76189fe",
      "Value": "\"O Caminho Sábio. Nosso professor a descobriu depois de anos de contemplação e meditação. Seus princípios comuns de bem e ordem sustentam a fé de todos os deuses gentis. Se todos os seguissem, o mundo não conheceria a guerra e todos viveriam como uma vasta família. O princípio central do Caminho Sábio é a não-violência. Sim, às vezes pode ser difícil, especialmente quando o mal se espalha, mas acreditamos que é apenas pacificando o mal na própria alma que somos capazes derrotar monstros.\""
    },
    {
      "Key": "809c1eb7-e8e7-4132-8266-193dcb87ac90",
      "Value": "\"Não temos certeza – é por isso que estamos testando você! Mas tenha certeza de que, mesmo que você abrigue o mal e espere apenas lucrar conosco... Se você conseguir passar em nossas provações, isso certamente significa que há espaço em sua alma para você.\" bom. Muitos de nossos membros já foram ladinos ou coisa pior. E cada um deles é agora a prova viva de que o Caminho Sábio está aberto a todos!\""
    },
    {
      "Key": "148dab1b-fc43-411c-a00f-8ba35821167b",
      "Value": "\"Veneramos muitas divindades, mas juramos por ninguém. {g|Shelyn}Shelyn{/g}, {g|Sarenrae}Sarenrae{/g}, {g|Irori} Irori{/g}, {g|Iomedae}Iomedae{/g}, {g|Erastil}Erastil{/g}, {g|Abadar}Abadar{/g} – cada um um fragmento da verdade, mas apenas o professor Avalo reuniu todas as partes nos ensinamentos do Caminho Sábio.\""
    },
    {
      "Key": "15825e1d-8345-4f4b-918d-7de0ead21d4e",
      "Value": "\"Como o professor gosta de dizer – pergunte e seja atendido.\""
    },
    {
      "Key": "886585a4-21ed-4fb3-92f1-636bb7b9a7cd",
      "Value": "\"Olá novamente, Alteza. Parabéns! Você não apenas passou no julgamento, mas o fez de maneira brilhante! Se você andasse um pouco mais rápido, teria que esperar por mim, não eu por você! Meu mais sincero respeito!\""
    },
    {
      "Key": "4c317b2f-a31a-4f50-a396-2617b8990a1d",
      "Value": "\"Um lobo vive para o bando – é verdade. Um lobo é humilde e não tem orgulho – não é verdade.\""
    },
    {
      "Key": "ece33b70-1a14-411b-bb67-b43dd43a1b70",
      "Value": "\"Vejo sabedoria nessas palavras. Talvez seus ensinamentos não correspondam totalmente ao que eu acredito e sei do mundo, mas há muitas coisas boas neles.\""
    }
  ]
}