{
  "$id": "1",
  "strings": [
    {
      "Key": "93037817-f30f-4b3e-968f-d6c80fac89f4",
      "Value": "\"Quem é você?\""
    },
    {
      "Key": "a58d5d37-7fad-49ba-ad2b-a4f193cdb833",
      "Value": "\"O que é este lugar?\""
    },
    {
      "Key": "c269145a-20e4-4f65-a8cd-6ef53461dbca",
      "Value": "\"O que aconteceu aqui?\""
    },
    {
      "Key": "1facf564-44fc-4d2a-8dff-cad51ed3bd0e",
      "Value": "\"Onde está o verdadeiro túmulo do governante dos ciclopes?\""
    },
    {
      "Key": "1e469c34-90f8-4136-84ae-154476135ce3",
      "Value": "\"Eu não tenho outras perguntas.\""
    },
    {
      "Key": "1b2289f4-9395-49cb-924c-b8905562d93f",
      "Value": "\"Eu não acho que ela estava mentindo para nós, mas ela pode não estar nos contando a história toda.\""
    },
    {
      "Key": "536cca11-d34d-4311-bdef-e32bc14688df",
      "Value": "\"Ela disse que é amaldiçoada. E se cairmos sob sua maldição?\""
    },
    {
      "Key": "dd4b00ef-9026-42cc-ba96-c1bf5855b9d2",
      "Value": "\"Nós não vamos. Não vou acreditar em ninguém ou em nada nesta masmorra amaldiçoada!\""
    },
    {
      "Key": "27d3e01b-7a6c-4ff8-9286-acde3b7f4dbc",
      "Value": "\"Claro, por que não!\""
    },
    {
      "Key": "0b5365e4-9d02-43d9-a50a-049c6c850c5a",
      "Value": "\"Estou mais preocupado com este caçador de chifres. Parece uma criatura de poder divino e um desagradável senso de humor!\""
    },
    {
      "Key": "c0eb3882-f141-45ba-8f5c-13eefd36ebec",
      "Value": "{n}A figura fantasmagórica de uma mulher baixa e de pele escura, com uma túnica rica, aparece diante de você.{/n} \"Pessoas?! Em nome de Nethys, você realmente é gente viva? Ou isso é apenas outra piada de mau gosto? Não fique calado, agora – responda-me! Eu ordeno a você! Eu imploro!\""
    },
    {
      "Key": "c583a235-c791-4ff9-b9ff-a3eaad82e80f",
      "Value": "\"Nós somos pessoas, fantasma. E quem é você? E que direito você tem para nos dar ordens?\""
    },
    {
      "Key": "a3229ebd-5278-469b-9de4-cbbe6eac28ca",
      "Value": "\"Eu sou Marcida Vittari, a amante deste castelo... A amante... Há!\" {n}A mulher ri incontrolavelmente. Uma risada amarga com notas de histeria.{/n} \"Eu não sou um fantasma. Isso é apenas uma projeção. Na verdade, eu estou bastante vivo... Ai de mim! Ainda vivo! Ainda vivo! Trancado, amaldiçoado, à beira de loucura – mas ainda viva! Oh, se a morte fosse possível para mim, eu a aceitaria com gratidão!\""
    },
    {
      "Key": "d45fa40c-9d43-4816-b5c3-3bbfe464ee93",
      "Value": "\"Suponha que acredito que você não é outra ilusão, mas uma pessoa viva, presa aqui e precisando de nossa ajuda. Quanto você pode pagar por isso?\""
    },
    {
      "Key": "37a502f0-afc1-484d-9348-a335e49587c6",
      "Value": "\"Juro que isso não é mentira! Não sei o que posso lhe dar. Meu castelo está aberto para saques... Ah, mas estou trancado em meu laboratório! Tenho livros raros, pergaminhos, itens mágicos... Muitos são raros e preciosos. Eu os coleciono há décadas! Solte-me, e tudo isso será seu!\""
    },
    {
      "Key": "f2f875b8-0cad-4262-a047-cdf7b19fb56e",
      "Value": "\"Hmm-mm... estou intrigado. Mas primeiro você deve responder algumas perguntas. Começando por – que lugar é esse? E o que realmente está acontecendo aqui?!\""
    },
    {
      "Key": "209cb7ea-cd73-4234-abe4-5b29df1f7079",
      "Value": "\"Qualquer coisa, apenas me tire daqui?!\" {n}A voz da feiticeira sobe em um grito.{/n}"
    },
    {
      "Key": "9b6c4d99-d1a2-4bfb-bf52-e0db1c7e46fb",
      "Value": "\"Hum. Vou lhe dizer uma coisa, Marcida. Podemos ou não ser capazes de ajudá-lo. O que exatamente você quer de nós?\""
    },
    {
      "Key": "9e34be0c-d198-4ede-a40a-2dd68075fa41",
      "Value": "\"Em algum lugar do castelo, há a minha Gemstone of Unseen Paths – uma chave mágica para o portal que leva à minha masmorra. Você encontrará o portal em uma sala secreta ao lado da biblioteca. Eu imploro, não me abandone aqui! Conjunto me liberte ou me mate – qualquer coisa é melhor do que uma eternidade aqui...\" {n}A voz chorosa da feiticeira desaparece, e a projeção desaparece no ar.{/n}"
    },
    {
      "Key": "1542f7c0-e166-49bc-bef1-cdd194167ca6",
      "Value": "\"Eu não sei. Os centauros acreditam que está aqui, mas como você aprendeu, isso é apenas uma piada de mau gosto. Durante os dias em que essa fortaleza estava apenas sendo construída, muitas vezes tivemos que lutar contra centauros, e mesmo assim me lembro interrogatórios em que falavam de um senhor do ciclope enterrado em algum lugar dessas terras e de um mal antigo. Talvez a tumba realmente esteja próxima? Ou talvez sejam apenas as velhas lendas de meio-animais supersticiosos.\""
    },
    {
      "Key": "07755ed9-7740-46a5-952a-8a9a6a8aca33",
      "Value": "\"Era uma vez uma fortaleza taldanêsa, um posto avançado de um grande império. Então se tornou meu abrigo – um lar tranquilo para um mago, longe das invasões de criaturas inferiores... Agora é governado pelos feudos e outros monstros. Ouvi dizer que eles chamam de Fortaleza de Lostlarn.\""
    },
    {
      "Key": "67338808-8542-4f8f-89d6-feee033b6621",
      "Value": "\"Eu já fui conhecida como Marcida, a Mestre de Portais. Não havia um especialista melhor em magia de invocação em todo o Taldor! Gostaria de acreditar que eles ainda usam meus livros para ensinar aos alunos, mas... Quem sabe quantos anos, idades ou milênios? Perdi a noção do tempo há muito tempo!\""
    },
    {
      "Key": "885f3471-125a-464f-af61-fe1e2d5cef6b",
      "Value": "\"Minha própria presunção foi minha ruína. Chamei uma força que não podia controlar e descobri minha impotência tarde demais! Eu era um mestre da escola de Invocação. As pessoas comuns nem sequer podem sonhar com os planos que me abriam! Eu invoquei extraplanares, escondiam seus segredos, faziam acordos e os transformavam em meus servos... Parecia que eu podia controlar qualquer monstro do outro mundo!\""
    },
    {
      "Key": "76686bbd-91b3-4cc4-a9e9-8d6226bd4acb",
      "Value": "\"Eu vim aqui com o glorioso exército de pesquisa do grande Taldor. Esta fortaleza foi construída como um posto avançado para futuras conquistas, mas esses planos nunca aconteceram. Meus companheiros voltaram para casa, enquanto eu... Por que eu precisava sair? Permaneci na minha torre, nos arredores do castelo, e a transformei em um zoológico. Há espaço suficiente para todas as criaturas incríveis que consegui capturar durante minhas viagens pelos outros planos!\""
    },
    {
      "Key": "72143949-cd93-42b5-85eb-1a9ea377d0b0",
      "Value": "\"Você veio aqui em busca de uma tumba de ciclope? Infelizmente, você foi enganado. Monstros criam ilusões aqui há séculos, brincando com os ingênuos centauros... Por que você pergunta? Por quê?\" {n}A feiticeira balança a cabeça, há lágrimas nos olhos.{/n}"
    },
    {
      "Key": "8710af62-a19f-43a9-81fe-f50c0d103e0b",
      "Value": "\"Mas agora... Agora eu sou apenas um brinquedo nas mãos de um monstro do mundo das fadas. – Enganado, amaldiçoado e condenado à eterna miséria!\""
    },
    {
      "Key": "04a1e5ed-0827-4cb0-84d4-f9d9109c62d6",
      "Value": "\"Mas um dia, alguém cuja verdadeira natureza eu nunca soube atendeu meu chamado. Uma criatura poderosa do mundo das fadas, ele se chama Caçador dos Chifres. Bem, ele fez jus ao seu nome, me transformou em um animal e me colocou em uma gaiola! Ele me ofereceu um acordo. Ele prometeu me dar um mundo inteiro onde eu seria dona de tudo! E eu fui estúpido o suficiente para concordar!\""
    },
    {
      "Key": "d2cb5468-fdbd-43ba-b85d-d4ab72eb1520",
      "Value": "\"Ah, sim, ele me deu o meu próprio mundo... Um pequeno plano, do tamanho do meu laboratório! Ele me deu assuntos – monstros que me atormentam dia e noite! E para piorar ainda mais, ele me amaldiçoou com a vida eterna! Século após século, eu moro em uma pequena sala, observando os feudos brincarem de ser os donos do meu castelo! Você pode imaginar isso?!"
    },
    {
      "Key": "73e161a5-e350-4f8d-bd46-53f8dfcea7ed",
      "Value": "\"É uma piada! Uma piada, entendeu?! Todos esses horrores, todo esse sofrimento – é tudo para que eles possam rir dos mortais. Há?!\" {n}O riso histérico de Marcida se transforma em soluços.{/n}"
    },
    {
      "Key": "edbfd83a-92ce-41c6-9b49-47e66475742d",
      "Value": "\"O que você diz? Devemos correr o risco e tentar ajudá-la, ou você acha que estamos sendo tocados de novo?\""
    },
    {
      "Key": "c3f1373e-6a26-42c6-99a2-b0a32f5e4c0a",
      "Value": "\"Bom pensamento! É melhor não mexer com maldições.\""
    },
    {
      "Key": "28d4c57a-ee86-46e5-be24-e2f822af7c8d",
      "Value": "\"Talvez não seja divino... Mas é verdade sobre o senso de humor. Mesmo que a própria Marcida esteja sendo honesta conosco, ela ainda pode ser uma isca involuntária em sua armadilha!\""
    },
    {
      "Key": "52207252-6866-40cf-adac-e358aa0d6b93",
      "Value": "\"Sim, exatamente! Eu senti a mesma coisa.\""
    },
    {
      "Key": "caea307a-8947-4d21-8b9d-73ee19eabe9d",
      "Value": "\"Suponho que não faria mal tentar ajudá-la... Mas devemos manter os olhos abertos ou acabaremos como ela – ou pior!\""
    },
    {
      "Key": "9282ac1e-282b-4c6a-801f-9ebafc7a3df4",
      "Value": "\"Muito razoável. Bem, então, deixaremos Marcida Vittari sozinha com sua biblioteca e coleção de itens mágicos preciosos. E se mudarmos de idéia, é melhor tomarmos muito cuidado. Deve-se observar truques de todas as direções neste lugar!\""
    }
  ]
}