{
  "$id": "1",
  "strings": [
    {
      "Key": "6fea1a27-232d-49a8-a446-448993aade53",
      "Value": "\"Você se importa com sua tribo, guerreiros nomen? Se sim, então pense! Você está prestes a derramar o sangue de filhotes. Eles são quase crianças. É o mesmo que declarar guerra.\""
    },
    {
      "Key": "af4872cd-d6a6-42b7-82ba-81db5b4adbad",
      "Value": "[Atacar] \"Mais um momento e eles matarão os reféns!\""
    },
    {
      "Key": "c4d299ba-c375-406a-b6aa-dd578af083f1",
      "Value": "\"Aí está você, de duas pernas. O que você diz agora? Você tentou nos fazer baixar a guarda, enquanto seus espiões entravam na tumba?\" {n}O centauro bate em uma flecha, segura o arco bem perto e aponta para um garoto de dezoito anos, que mal consegue suportar o medo.{/n}"
    },
    {
      "Key": "b60f2367-9713-477b-9733-b3f4e856c0ca",
      "Value": "\"Este é o barão! Socorro! Por favor!\""
    },
    {
      "Key": "616aeaa2-2c15-44e4-9e3f-c86ad092915a",
      "Value": "\"Eu não fiz isso.\" {n}Maegar é sombrio e sério.{/n} \"Olhe para eles – eles são adolescentes, jovens tolos que se infiltraram em uma masmorra assustadora. – E eles fizeram isso antes de fazermos nosso acordo.\""
    },
    {
      "Key": "3e5894d1-e89f-428a-8ce4-26129aa6796a",
      "Value": "\"Exatamente – eles já estavam a caminho. E nenhum de vocês sabia disso? Nem você nem seus súditos? As músicas que se erguem dentro de mim foram escritas há muito tempo pelos grandes xamãs e guerreiros do passado. Eu ouço suas vozes dizendo 'fique longe, não confie, seja vigilante'. E essas músicas são sobre você.\""
    },
    {
      "Key": "2a380e03-8160-4794-a448-1aef77d9cb6f",
      "Value": "\"Barão? É assim que as duas pernas chamam seus governantes? Barão, ha! A tribo Nomen guarda essa terra há mais de mil anos, e as duas pernas pensam que podem possuir tudo aqui porque a escreveram em um pedaço de papel?\""
    },
    {
      "Key": "ae49c661-03f8-41cc-99df-3f3662a24736",
      "Value": "\"Eu te avisei. É impossível fazer as pazes com essas criaturas. Você pode lamentar o derramamento de sangue, mas qualquer meia medida só levará a mais derramamento de sangue no final. E então será o sangue de seus súditos, Maegar.\""
    },
    {
      "Key": "6d05ac4b-b78b-4b8a-ac5a-065d7d6f9da1",
      "Value": "{n}Um sussurro percorre as fileiras dos centauros. Após uma pausa tensa, eles abaixam os arcos.{/n}"
    },
    {
      "Key": "b478c173-0889-44ab-9124-e411dae341f1",
      "Value": "{n}Em um instante, os centauros prepararam suas armas.{/n}"
    },
    {
      "Key": "0bbed91c-2db6-4e59-a1c3-1a7cd0cd1b49",
      "Value": "\"Vamos nos retirar. Mas sua traição não passará sem consequências. A sacerdotisa guerreira Aecora Fogo-Prateado descobrirá tudo, e você não nos enganará novamente!\""
    },
    {
      "Key": "982d6cf2-b5c7-4520-8a06-be5d1b4c7ce3",
      "Value": "\"Tudo bem, nós iremos. Mas vamos nos lembrar de tudo, de duas pernas. Não pense que agora você possui essas terras ou que o mal antigo é seu para despertar! A sacerdotisa guerreira Aecora Fogo-Prateado vai descobrir tudo!\""
    },
    {
      "Key": "6abcf294-1cf4-4d1b-85ce-c0e54bbb5223",
      "Value": "\"Tudo bem. Isso não poderia melhorar. Mal começamos o baronato, e já estamos à beira de uma guerra com os centauros. Regente! General! Antes de voltarmos a Varnhold, vamos Precisarei considerar como defenderemos nossas aldeias. Talvez haja uma maneira de reparar o dano causado. Quanto a vocês, crianças – corram para casa com seus pais!\""
    },
    {
      "Key": "6101c9d7-3395-424e-9622-867e01985030",
      "Value": "\"Você mente e se contorce, e agora você nos ameaça. Já ouvi o suficiente. Às armas, irmãos e irmãs!\""
    },
    {
      "Key": "b9606f8d-552d-4b82-a9d2-7f790c2bb351",
      "Value": "\"Você se atreve a nos ameaçar, de duas pernas? Você vai pagar por isso!\""
    }
  ]
}