{
  "$id": "1",
  "strings": [
    {
      "Key": "8b937fc6-1e75-49ac-a546-b30f5daab63c",
      "Value": "\"Conte-me sobre você, Jhod.\""
    },
    {
      "Key": "d3353660-d962-4466-977b-8257b50d3b10",
      "Value": "\"Obrigado pela história. Podemos conversar mais tarde. Adeus.\""
    },
    {
      "Key": "edcd64bb-6aad-4001-8c18-d8819dd2f181",
      "Value": "\"O que você fez para irritar Erastil?\""
    },
    {
      "Key": "9f109dc2-df78-411a-a5c4-d2a6f53f7c94",
      "Value": "\"Para cada um deles. Eu queria perguntar sobre outra coisa.\""
    },
    {
      "Key": "3a99ba29-0674-48d9-8c48-48c6e24d64ce",
      "Value": "\"Entendo. Por favor, continue.\""
    },
    {
      "Key": "039844af-979a-44df-9fe7-c373f6ad08c0",
      "Value": "\"Ainda assim, você salvou a vila de outro perigo, não foi?\""
    },
    {
      "Key": "33586a13-0fbb-4b78-a54d-6c1e00044ddd",
      "Value": "\"O que você pode me dizer sobre sua terra natal, Galt?\""
    },
    {
      "Key": "6c129054-ae9e-4bb5-88ee-02c47f99331d",
      "Value": "\"Conte-me sobre Erastil.\""
    },
    {
      "Key": "2463767e-7ce0-49e1-a2cb-5b1276ff9ebf",
      "Value": "\"Espere um momento – as cidades também têm seus pontos fortes, não é? A civilização promove a ciência, o comércio e a invenção, e nisso muitas vezes melhora a vida de todos nós.\""
    },
    {
      "Key": "55a82ab4-acce-45ff-be1f-9a1595ff3439",
      "Value": "\"Chega de histórias para hoje.\""
    },
    {
      "Key": "6c62a5c0-c65a-45f3-ae87-56afe38cfb2e",
      "Value": "\"Você deveria ter ficado na mão e descoberto a verdade antes de agir.\""
    },
    {
      "Key": "1a7c6880-b1ab-4f3f-bac3-8b2dfc5c1c97",
      "Value": "\"Não compartilho sua opinião. Minha futura capital não será uma vila, quer você goste ou não. Um dia ela rivalizará com o próprio Absalom!\""
    },
    {
      "Key": "735006f2-a22f-473e-8721-dffccdac0127",
      "Value": "\"Bem, você tem razão. De fato, as cidades podem ser lugares de maldade e maldade.\""
    },
    {
      "Key": "a8772388-6147-4002-81cd-48eb971c5e66",
      "Value": "\"Você entende o verdadeiro significado de suas visões agora?\""
    },
    {
      "Key": "c104855f-8c36-42b0-aae8-57714e146dc7",
      "Value": "\"Eu sempre tive respeito por Erastil e seus sacerdotes.\""
    },
    {
      "Key": "b5b50eab-f0c3-47a5-a312-5cbc625be1e4",
      "Value": "\"Há muito que sinto que Erastil era um deus inútil, e agora você me deixou ainda mais certo.\""
    },
    {
      "Key": "040f4539-9924-4f1f-b704-f6e452cc9f02",
      "Value": "\"Não vejo sentido em discutir.\""
    },
    {
      "Key": "126a9a5c-3ffa-431f-aba2-cfabc6bcfdbb",
      "Value": "\"O que Erastil exige de seus fiéis?\""
    },
    {
      "Key": "816078ff-82fd-4466-b30c-04e013fc4e1f",
      "Value": "\"Conte-me sobre o seu passado.\""
    },
    {
      "Key": "76649991-e983-4849-90a8-2665623857bd",
      "Value": "\"Isso é o suficiente por enquanto.\""
    },
    {
      "Key": "f9b55dda-8384-41bd-8497-db2348f78c90",
      "Value": "\"Ouvi falar do {g|Temple of the Elk}Tempo do Alce{/g} de uma ninfa local. Ela acredita que um druida louco, que serviu ao Lorde Cervo, uma vez realizou seus rituais lá. Parece que é aí que a névoa mágica vem.\""
    },
    {
      "Key": "688dc80d-7d18-45fe-a1f5-97b313b395a5",
      "Value": "\"Fui a este templo seu, mas não encontrei nada de especial. Apenas ruínas, poeira e desolação.\""
    },
    {
      "Key": "dfebbb5d-15f9-4f68-902a-1d4bb1e426c1",
      "Value": "\"Conte-me sobre as visões que o levaram ao Tempo do Alce.\""
    },
    {
      "Key": "094e29be-36a0-42c2-8cdd-1e123bc6e856",
      "Value": "\"Parece que Tristian já falou sobre nossas aventuras no templo. Você tem algum conselho sobre o que podemos fazer a seguir?\""
    },
    {
      "Key": "eeb09335-bd42-4631-915e-7042b677c4bd",
      "Value": "\"O que você quer de mim?\""
    },
    {
      "Key": "a2e486e5-487a-4970-920a-157f3f5f5664",
      "Value": "\"Já chega de falar sobre isso por enquanto.\""
    },
    {
      "Key": "9c9dbfa0-2329-4315-bfcc-e9d6ce255fd8",
      "Value": "\"Por que você precisa encontrar este templo?\""
    },
    {
      "Key": "32ceb4f3-79cc-404d-a709-e73f52a07ead",
      "Value": "\"Que papel você poderia desempenhar no meu governo?\""
    },
    {
      "Key": "0b05ff53-b3b8-4cf5-9291-ec212ed22acc",
      "Value": "\"Como você está desfrutando de seus deveres como alto sacerdote?\""
    },
    {
      "Key": "f35ff61e-f275-4a43-ab03-c436db3ef269",
      "Value": "\"É difícil lhe dizer isso, mas aquela visão que o levou às Terras Roubadas...\""
    },
    {
      "Key": "14ee60e4-47ff-4ce5-a8e3-d05da9493168",
      "Value": "\"Eu preciso da ajuda de um clérigo.\""
    },
    {
      "Key": "a9a38e2e-e3f6-4171-85ba-e9f128cce646",
      "Value": "\"Encontrei o Tempo do Alce e matei os animais lá.\""
    },
    {
      "Key": "837f2e93-23c2-4b45-a50d-5d76707c3abd",
      "Value": "\"Claro.\" {n}Jhod assente.{/n} \"A história é longa. Poucos se importariam em ouvir tudo de uma vez.\""
    },
    {
      "Key": "93f19adb-f375-4ee9-93b9-668feeab88c4",
      "Value": "\"Diga isso ao camponês roubado de tudo o que ele possui, passando as noites na sarjeta, esperando viver para ver o nascer do sol. Você não verá essas coisas em uma vila.\" {n}Jhod tristemente balança a cabeça.{/n}"
    },
    {
      "Key": "09b3d928-cb3c-4c67-8eb2-520ba33540de",
      "Value": "\"Minha história... por que não. Você merece conhecê-la. Sou sacerdote de {g|Erastil}Erastil{/g} e {g|Galt}Galt{/g} é minha terra natal. Você pode imaginar como é – seguindo os ensinamentos do Deus dos Cervos em um reino dilacerado por discórdia e conflito.\""
    },
    {
      "Key": "8519867d-897c-48c7-a01d-a0dc4ea04cff",
      "Value": "\"Realmente. Eu me lembro disso todos os dias quando acordo e novamente quando vou dormir. Eu, que havia advertido meus concidadãos pelo caos que eles espalharam e pelas transgressões que fizeram. Mas então eu mesmo...\" {n}Jhod franze a testa.{/n}"
    },
    {
      "Key": "2e5fd0ab-ed6e-4df3-bb1b-bcdf46b19434",
      "Value": "\"Isso ainda não é desculpa para minhas ações. Eu fui um tolo. Cometi um erro grave, e o que é pior – aos olhos do meu rebanho, duvido da grandeza de {g|Erastil}Erastil{/g}. Um sacerdote que mal consegue ouvir a voz de seu deus é uma vergonha para o seu Senhor e para si mesmo – e corrompe as mesmas pessoas que ele salvaria.\""
    },
    {
      "Key": "545e6efe-bd6a-4d2a-bbc7-53c3aaab2e8a",
      "Value": "\"E então eu saí, e viajei para longe, procurando a mim mesmo, e um caminho de volta ao favor do {g|Erastil}Deus dos Cervos{/g}. E assim eu encontrei você, Sua {mf|Graça|Graça|Alteza|Alteza}, e assim Erastil voltou para mim.\" {n}Jhod suspira.{/n} \"Por essa bênção, serei eternamente grato a você.\""
    },
    {
      "Key": "fb6a4e73-e87f-4395-92f7-00bf4d9b07b2",
      "Value": "\"Seja qual for o caso, eu sabia que {g|Erastil}Erastil{/g} não estava mais satisfeito comigo. Foi... aterrorizante.\" {n}a voz de Jhod tremula. Mesmo agora, é possível vislumbrar dentro dele os restos do horror que ele viveu.{/n}"
    },
    {
      "Key": "109b529f-3c7b-447d-93ce-3d6599a5b5ad",
      "Value": "\"Como posso servi-lo, Sua {mf|Graça|Graça|Alteza|Alteza}?\""
    },
    {
      "Key": "48a297a7-27e1-482b-95d0-80b60564295b",
      "Value": "\"Para mim, é um lugar habitado por amedrontados e desesperados, sempre desconfiados, atentos a truques. Com muita frequência eles são surdos à voz da razão. Eles não conseguem entender que o caos e a ilegalidade levam apenas a mais caos e ilegalidade. Durante toda a minha vida tentei chegar a essas pessoas pobres, mas, infelizmente, não pareço ter feito muito progresso.\" {n}Jhod fica visivelmente chateado e fica em silêncio por um tempo.{/n}"
    },
    {
      "Key": "11379c3f-8d7f-4b31-be31-f89fae8f90f4",
      "Value": "\"Liderado pela providência, saí para reunir meu rebanho e cercamos a taberna. A retribuição...\" {n}Jhod claramente não deseja entrar em detalhes.{/n} \"A retribuição foi rápida. No entanto, eu estava tragicamente enganado. O jovem não era lobisomem. Ele era um bandido, enviado para espionar a vila por uma das gangues locais. Só descobrimos depois, quando examinamos suas coisas.\""
    },
    {
      "Key": "b02d38e5-53ea-4670-8860-eeb3552fd563",
      "Value": "{n}Jhod solta um suspiro profundo.{/n} \"Bem, se você realmente deseja saber... eu vou ter que começar há muito tempo. Lobisomens atacam as terras ao redor da minha aldeia. Eles mataram pessoas por diversão ou esporte, e deixaram os cadáveres apodrecendo nas estradas. Uma noite, eles invadiram a casa de uma jovem e a arrastaram para as ruas.\""
    },
    {
      "Key": "59caaacd-423f-4be5-8aa8-2098b36f90a5",
      "Value": "\"Para alguns, é uma terra de liberdade, onde o poder pertence ao povo, não a senhores ou reis. Para outros, é uma terra de revolução sem fim. – Um reino rendido à anarquia. Depende de quem você pergunta.\""
    },
    {
      "Key": "b9101f15-95b1-45a3-aa3d-3f2040faccb1",
      "Value": "\"Para mim, encontrei {g|Galt}Galt{/g} a...\" {n}Ele balança a cabeça.{/n} \"Um lugar violento. Multidões ansiosas para linchar um estranho por seu sotaque ou aparência. Onde uma única palavra, dita na hora ou lugar errado, pode levar as pessoas à revolta e cidades a queimar.\""
    },
    {
      "Key": "66eacb4b-b1fd-488e-ae15-5d63a1862920",
      "Value": "{n}Um homem de cabelos escuros está curvado diante de você. Ele está na casa dos quarenta, mas, à primeira vista, poderia facilmente ser confundido com muito mais velho. Seu rosto cansado está marcado com inúmeras rugas. Seus olhos fracos apertam os olhos para a luz e move os lábios silenciosamente, como se estivesse conversando com um companheiro invisível. Ele levanta a cabeça quando você se aproxima.{/n}"
    },
    {
      "Key": "d68dd373-7273-4357-9fc4-0cceded24713",
      "Value": "\"Claro!\" {n}O sorriso de Jhod se amplia.{/n} \"Seria um prazer. {g|Erastil}Erastil{/g} é um dos deuses mais velhos de {g|Golarion}Golarion{/g}. Sua fé surgiu quando as primeiras pessoas apareceram na terra. Erastil ajudou nossos ancestrais a cultivar a terra e caçar. Mesmo agora, sua bênção está nos que mantêm as antigas tradições e seguem caminhos mais simples, longe da civilização e do barulho da cidade.\""
    },
    {
      "Key": "a629d301-aa36-4d9d-b36b-7d44d3b8a128",
      "Value": "\"Rebelião e suspeita são os pilares de {g|Galt}Galt{/g}. Liderado por {g|Erastil}Erastil{/g}, tentei guiar meu rebanho a abraçar a tranquilidade e o equilíbrio, e protegê-los de julgamentos precipitados. – Até que eu me apaixonei pela graça. O velho idiota e tolo Jhod!\""
    },
    {
      "Key": "b4866941-20e8-435f-9a0c-7a6d514d68f6",
      "Value": "\"Uma noite, um viajante chegou à nossa taberna – esfarrapado e sujo por dias na estrada – como tantos outros que vagavam {g|Galt}Galt{/g}. Ele estava sentado quieto no canto da taberna, bebendo cerveja barata, e em um instante eu soube que ele era um lobisomem. Senti isso em minha alma – era como se o próprio {g|Erastil} Erastil tivesse sussurrado no meu ouvido.\" {n}Jhod sorri, mas seus olhos estão mortos como pedras.{/n}"
    },
    {
      "Key": "54491498-86f2-4570-98a0-3b92323f903b",
      "Value": "{n}Jhod parece entristecido.{/n} \"Como desejar. Ainda assim, preste atenção às palavras deste velho – não afaste a sabedoria das eras passadas. Vim aqui para espalhar a gentileza da vida simples da aldeia, que muitas vezes é perdido e esquecido no barulho de uma cidade indiferente.\""
    },
    {
      "Key": "8704e1eb-ca02-4295-910c-1581095b044c",
      "Value": "\"Fico feliz em ouvir que você concorda. Atualmente, muitos são surdos à Sabedoria de gerações.\""
    },
    {
      "Key": "0bf87c0b-6c8a-4814-9aaf-ed40b7cf38ad",
      "Value": "\"Fico feliz em ajudar.\""
    },
    {
      "Key": "5f0dc9b4-8bf5-4666-9b82-9ab2f573e5e6",
      "Value": "{n}Um sorriso ilumina o rosto de Jhod.{/n} \"Eu o vejo com mais clareza todos os dias. – {g|Erastil} O próprio Erastil{/g} me levou a conhecê-lo. Seu espírito aguçado irá atendê-lo bem.\""
    },
    {
      "Key": "50dc0fc8-f76c-48a6-8d5b-6a89060029a0",
      "Value": "{n}Jhod tristemente balança a cabeça.{/n} \"Infelizmente, devo ser verdadeiramente um servo inepto, pois falhei mais uma vez em transmitir a sabedoria de {g|Erastil}Erastil{/g}. Só espero que algum dia no futuro, você me permitirá mudar de idéia.\""
    },
    {
      "Key": "6e823bd9-18a3-4d68-a1db-1550a842c085",
      "Value": "\"Confio na verdade deles. Essas visões... elas eram a voz do próprio {g|Erastil}Erastil{/g}, quieto, mas claro.\" {n}Jhod fala com reverência.{/n} \"Antes de tudo isso, eu acreditava que Erastil havia virado as costas para mim. Mas agora eu vejo claramente – ele me mostrou misericórdia divina, pois me levou até você – e me convidou para ajudar na libertação de um sacerdote. Senhora {g|Sarenrae}Sarenrae{/g} e Erastil percorrem os caminhos dos deuses, de mãos dadas, e seus servos também.\""
    },
    {
      "Key": "262606ea-a3d2-4211-8986-1ee08f788a13",
      "Value": "\"Tristian é, sem dúvida, ainda muito jovem, e a juventude é uma época de ingenuidade e confusão.\" {n}Um sorriso amável aparece no rosto de Jhod.{/n} \"Mas vejo bondade e força de espírito nele, traços indispensáveis a um sacerdote. Sinto que tudo o que aconteceu até agora é apenas o começo, e o futuro promete grandes coisas para Tristian – e para você. É por isso que {g|Erastil}Erastil{/g} me levou ao {g|Temple of the Elk}Tempo do Alce{/g}. Dia e noite eu oro por você, e para o meu jovem amigo. Que o Deus dos Cervos o conduza pelo verdadeiro caminho!\""
    },
    {
      "Key": "446a6aae-817a-4011-9390-9a627089783e",
      "Value": "\"Como você diz,\" {n}responde Jhod, com apenas uma pitada de mal-humorado na voz.{/n}"
    },
    {
      "Key": "e61428b3-6ef9-441e-b20c-211697f2956b",
      "Value": "\"Minhas más ações lançam uma sombra sobre minha vida e serviço. Em busca da redenção e um bálsamo para minha alma, fui para a estrada. Eu estava quase desesperado quando {g|Erastil}Erastil{/g} me enviou um visão do {g|Temple of the Elk}Tempo do Alce{/g}. Eu soube naquele exato momento que o Deus dos Cervos me havia mostrado o caminho da redenção.\""
    },
    {
      "Key": "1c3337d0-1943-48bc-a453-86fd82c93ce1",
      "Value": "\"A palavra 'demanda' não condiz com o {g|Erastil}Deus dos Cervos{/g}. Honestidade e amizade, famílias amorosas, casamentos alegres e recém-nascidos nos braços de suas mães – eles trazem um sorriso ao rosto de Erastil. Ele ama seu povo, e os recompensa com caçadas afortunadas e colheitas abundantes. Mas ele não tem temperamento para preguiça e vaidade. Ele nunca concede presentes a seus fiéis sem primeiro avaliar seu valor. Nós mesmos devemos ganhar nosso pão de cada dia. Mas o Deus Cervo vem em nosso auxílio em momentos de necessidade e conflito.\""
    },
    {
      "Key": "57646987-76ae-4c50-bd8c-821f50c0e4ec",
      "Value": "\"O que exatamente você gostaria de saber?\""
    },
    {
      "Key": "459c9e00-f732-471b-b8b6-bd70a12bd5a1",
      "Value": "\"Como quiser!\""
    },
    {
      "Key": "705d76a6-ff4a-48ad-8ad9-cf12ebdbd7c9",
      "Value": "\"Saudações, bom viajante! Meu nome é Jhod Kavken, sou clérigo de {g|Erastil}Erastil{/g}, de {g|Galt}Galt{/g}. Fui levado a essas terras selvagens pelo Stag Deus em uma visão. Ele me levou através da névoa mágica, e me mostrou a localização de um antigo local abandonado, o {g|Temple of the Elk}Tempo do Alce{/g}. Dê-me um momento do seu tempo. Eu falaria com você sobre isso.\""
    },
    {
      "Key": "437b97c5-1f63-4895-9345-256920d23a7a",
      "Value": "{n}Jhod olha para você com descrença.{/n} \"É... Estranho. Talvez {g|Erastil}Erastil{/g} exija minha presença pessoal no Templo... Mas tenho certeza que ele apontou para por um motivo. Por favor, verifique mais uma vez, pelo menos para minha paz de espírito!\""
    },
    {
      "Key": "a197e409-9865-48dc-b08f-4f07eeca315f",
      "Value": "{n}Jhod geme de indignação.{/n} \"Para profanar o antigo santuário de {g|Erastil}Erastil{/g}! E com tanta mágica antinatural! Como é possível que este druida não esteja completamente exausto?\""
    },
    {
      "Key": "64e199fc-ffca-45ef-af19-492aceb28a8c",
      "Value": "{d|Jhod} Jhod{/d} {n}acena com a cabeça calorosamente.{/n} \"Como posso servi-lo?\""
    },
    {
      "Key": "5c959832-f7f7-4c6b-b118-3e29efd901ed",
      "Value": "\"Imagine como minha mente correu, quando aqui, nas {g|Stolen Lands}Terras Roubadas{/g}, ouvi a voz do Deus dos Cervos mais uma vez! Ele me deu outra chance de servir, para expiar minha culpa. Agora recuperei a esperança, e essa mesma esperança é minha possessão mais preciosa.\""
    },
    {
      "Key": "01ed14ea-35e4-4457-97e3-eb9eb366a208",
      "Value": "\"É por isso que estou aqui!\""
    },
    {
      "Key": "4aa61e58-446d-4ee6-b6c6-1909668b0ca3",
      "Value": "\"Como quiser,\" {n}Jhod diz com uma pitada de mal-humorado.{/n}"
    },
    {
      "Key": "8d208905-8781-460a-9018-05d32b17f9e1",
      "Value": "\"O que há para entender? Os deuses não nos enviam visões sem motivo.\" {n}Jhod cruza os braços sobre o peito.{/n} \"Devemos ir ao templo. Então, acredito, descobriremos o verdadeiro significado e sabedoria da vontade de {g|Erastil}Erastil{/g}.\""
    },
    {
      "Key": "36b6d771-b86f-4985-8936-4fcc54f83935",
      "Value": "\"Fico sempre feliz em falar dos ensinamentos do Deus dos Cervos.\""
    },
    {
      "Key": "833c1663-341f-49a6-bf0c-39aec03dfc2b",
      "Value": "\"Ai sim!\" {n}Jhod balança a cabeça em contemplação.{/n} \"Isso me deu muito em que pensar. É outra confirmação de que nossa reunião foi ordenada por {g|Erastil}Erastil{/g}. Sua vitória sobre o bandido O líder só me fortaleceu nessa crença. Pessoas como o Lorde Cervo lamentam meu deus. Devo continuar ajudando você o mais que puder, pelo tempo que puder. Talvez seja por isso que recebi essas visões.\""
    },
    {
      "Key": "f59e1fe6-33e8-4a94-8603-8899e9f3efdf",
      "Value": "\"Sua {mf|Graça|Graça|Alteza|Alteza}, se há uma coisa que eu sei, é questão de fé – se é meu próprio deus ou alguma outra divindade. Se você me escolher como Alto Sacerdote, eu seria capaz de fazer muito bem. Por outro lado, política ou questões comerciais – sei pouco sobre essas coisas.\""
    },
    {
      "Key": "2b0b3f99-852a-4477-8f30-d14dad3ba652",
      "Value": "\"Oh.\" {n}Jhod abre a boca para dizer algo, mas depois muda de idéia e apenas acena com a mão.{/n} \"Está tudo bem, Sua {mf|Graça|Graça|Alteza|Alteza}. Eu continuo esquecendo o que é uma bagunça nas {g|Stolen Lands}Terras Roubadas{/g}, e quão perturbadas são as mentes de seu povo.Às vezes devo ouvir essas bobagens dos meus visitantes... {g|Erastil}Erastil{/g} perdoe eles!\""
    },
    {
      "Key": "310a14f6-2704-427a-8172-6df93be691ac",
      "Value": "{n}Jhod balança a cabeça em câmera lenta.{/n} \"Não, Sua {mf|Graça|Graça|Alteza|Alteza}. Eu não consigo me imaginar como seu conselheiro. Discordamos muitas vezes enquanto eu ainda estava a seu serviço.\""
    },
    {
      "Key": "0007e47c-ec14-411e-a96e-7b4943a0ac59",
      "Value": "\"...foi apenas o truque de alguns feiticeiros perversos do {g|First World}Primeiro Mundo{/g}.\" {n}Por um segundo, Jhod une as sobrancelhas, mas depois suspira e balança a cabeça.{/n} \"Tristian já me disse, Sua Graça. Parecendo um filhote de cachorro vencido o tempo todo. Não posso dizer que essa confissão tardia trouxe muito consolo...\""
    },
    {
      "Key": "91aa4cd4-02c1-4535-bd55-65db1618c787",
      "Value": "{n}Jhod olha direto para você.{/n} \"Droga! E daí se {g|Erastil}Erastil{/g} não me levou aqui? Eu não fiz tudo isso viajando por nada. E sim, perdoei Tristian, não tenho dúvida disso. A última coisa que preciso é guardar rancor contra esse burro.\""
    },
    {
      "Key": "2acf3475-6325-4945-bfdd-4177ced57099",
      "Value": "\"Encontre o {g|Temple of the Elk}Tempo do Alce{/g}!\" {n}Jhod franze a testa.{/n} \"Reuni sua localização a partir do que me lembro de minhas visões. Tenho uma idéia aproximada de onde procurar o santuário – em algum lugar do norte do Brejo Narl. No entanto, não Não tenho forças para trilhar esse caminho. Não rejeite meu pedido, bom viajante, e eu retribuirei o melhor que puder. Nestes tempos sombrios, as pessoas raramente se ajudam sem compensação, podem {g|Erastil}Erastil{/g} perdoa a todos nós. Mas tenho certeza de que minhas habilidades de cura serão úteis para você.\""
    },
    {
      "Key": "72fa4e10-cb4e-43f7-8f76-b34fd6819170",
      "Value": "\"Até onde eu sei, seu próximo alvo parece ser o próprio Lorde Cervo. Com o Tempo do Alce purificado do mal, a névoa ao nosso redor deve se dispersar para revelar o caminho para o covil dos brutamontes. É claro que a magia é tão poderosa. é improvável que desapareça de uma vez. Aguarde seu tempo – acompanhe outras preocupações enquanto espera. Terei prazer em ajudá-lo em sua nobre missão. {g|Erastil} O próprio Erastil{/g} previu a nossa reunião.\" {n}Jhod se inclina piedosamente.{/n}"
    },
    {
      "Key": "a44b28d7-5aad-4876-9a18-fdbb2f5140ce",
      "Value": "\"{g|Erastil}Erastil{/g} seja louvado, você finalmente voltou, meu bom amigo! Tristian me contou como você o ajudou no {g|Temple of the Elk}Tempo do Alce{/g}. Obrigado por atender meu pedido, meu coração está calmo e cheio de confiança por ter seguido a vontade de meu deus. Gostaria de recompensar sua bravura. Não possuo tesouros, mas, por favor, tome isso como um sinal de agradecimento...\""
    },
    {
      "Key": "4c387f25-bf56-465f-8185-df667eada356",
      "Value": "\"Desejo apenas agradecer! Você ajudou Tristian no {g|Temple of the Elk}Tempo do Alce{/g}. {g|Erastil}Erastil{/g} nos ensina a estimar aqueles que se ajudam, hoje essa unidade é tristemente rara – especialmente aqui nas {g|Stolen Lands}Terras Roubadas{/g}.\" {n}Jhod balança a cabeça em desapontamento.{/n} \"Gostaria de recompensar sua bravura. Não possuo tesouros; portanto, meu conhecimento como curador sirva a sua boa causa.\""
    }
  ]
}