{
  "$id": "1",
  "strings": [
    {
      "Key": "e80431b9-b197-4c04-ba67-f05902fe9454",
      "Value": "{g|Culture6_3}[Efeitos de decisão]{/g} \"Não podemos permitir que agitadores desconhecidos minem o respeito do povo pela autoridade. Exijo que este jornal seja fechado e que toda mídia política seja proibida!\""
    },
    {
      "Key": "599cd1ea-88f8-492d-b5eb-f9edb4eebfe7",
      "Value": "{g|Culture6_2}[Efeitos de decisão]{/g} \"As liberdades fluviais garantem sua liberdade de expressão. Não vamos interferir.\""
    },
    {
      "Key": "3dd3d3d0-027e-4b48-bff8-f1018861002a",
      "Value": "\"Você é meu conselheiro. Cabe a você decidir como agir.\""
    },
    {
      "Key": "71fdf21f-7fb7-4a28-80bf-fa6266e5c1f9",
      "Value": "{g|Culture6_1}[Efeitos de decisão]{/g} [Pague 2 PC por semana] \"Vamos encontrar todas as acusações emitindo nosso próprio jornal. É bom que já tenhamos uma prensa de impressão.\""
    },
    {
      "Key": "861661c0-e60e-4eec-9c8f-fefe71c0f36d",
      "Value": "{g|Culture6_4} [Efeitos de decisão]{/g} \"O que há para explicar? Execute os difamadores! Agora!\""
    },
    {
      "Key": "1640f2a2-7686-4c28-9c43-8979b8ba31b1",
      "Value": "{n}As bochechas de Linzi estão queimando, e ela levantou a voz para quase gritar.{/n} \"Eles foram longe demais! Apenas escute! 'Espadas de duas mãos de túnicas douradas e pele de dragão – é aqui que nossos impostos ir?' Que mentira descarada! Além disso, eles estão falando sobre dinheiro que nem é deles!\""
    },
    {
      "Key": "a1c06561-e69c-4153-b0d1-8e717ba58db8",
      "Value": "\"{mf|Sua Graça|Sua Graça|Sua Alteza|Sua Alteza}, fui informado de que vários jornais e folhetos políticos se tornaram muito populares entre seus súditos. Muitos criticam as autoridades e alguns publicam fofocas e boatos que podem ser desagradáveis para você pessoalmente. No entanto, o próprio aparecimento dessas coisas e sua popularidade entre as pessoas são sinais do grande sucesso que conseguimos alcançar na educação!\""
    },
    {
      "Key": "4386bd08-eedc-4722-acbe-4687b845b5ae",
      "Value": "\"Outro dia, outro problema. Jornais e panfletos políticos estão se tornando muito populares entre seus súditos. Eles não passam de rumores e críticas desagradáveis às autoridades.\""
    },
    {
      "Key": "37d5f9b1-cead-449e-a75b-4fe480c4fc52",
      "Value": "{n}Linzi se acalma e se dirige a você mais formalmente.{/n} \"Ufa. Olá, {name}. Estava comprando penas e tinta e vi um garoto distribuindo jornais no mercado. Li uma manchete e quase estourou de indignação! Pensei em comprar um para mostrar a você, mas não gostaria de gastar uma única moeda nos scriveners atrevidos!\""
    },
    {
      "Key": "f5ef689d-a62d-40ef-9426-c5ef3641809e",
      "Value": "\"Acho que não devemos agir. Se tentarmos impedir a disseminação de tais jornais, apenas adicionaremos combustível ao fogo. Deixe tudo como está: deixaremos que eles discutam e permitam que leitores decidam por si mesmos. Minha experiência mostra que apenas uma sociedade livre é capaz de criticar e eliminar idéias absurdas – mais efetivamente do que mil censores poderiam.\""
    },
    {
      "Key": "a0c79ebe-63da-42e3-98f8-bc29fb05c94c",
      "Value": "{n}O elfo é tão calmo quanto um iceberg.{/n} \"Sua reação deve ser rápida e severa. Como seu curador, aconselho que você feche esses jornais, confisque suas máquinas de impressão e prenda todos os envolvidos.\""
    },
    {
      "Key": "9b4e145e-11b7-475c-b2eb-946f1bbfb78f",
      "Value": "\"Você pode estar certo. Afinal, ninguém pode me fazer ler aquelas histórias imundas!\""
    },
    {
      "Key": "3c02022e-4583-4695-8a7a-d7edeae1a4ad",
      "Value": "\"As palavras de um governante sábio e confiante.\""
    },
    {
      "Key": "56a0562f-e2cc-45c7-82c1-f3cf41005d0b",
      "Value": "\"Nós vamos... vamos deixá-los publicar suas fofocas ociosas! Estamos além de reagir a isso!\""
    },
    {
      "Key": "566aeea2-742a-45be-9d9f-661b8cda8100",
      "Value": "\"Nesse caso, não responderemos\". {n}O cego sorri gentilmente.{/n}"
    },
    {
      "Key": "98f905a6-aa43-41c8-b242-dce9cf05102f",
      "Value": "\"Vou informar seu administrador e trazer um esquadrão de guardas. Todos os indivíduos responsáveis sofrerão as consequências.\""
    },
    {
      "Key": "dbbf97f3-2135-42a9-9a51-90c6bcd60a92",
      "Value": "Linzi fica parado por um tempo, batendo no queixo. Ela então continua:{/n} \"Não devemos seguir o exemplo do monarca que fecharia o jornal, demitiria a equipe editorial e queimaria todos os problemas... Esse é exatamente o tipo de resposta que provaria aos seus súditos que toda a fofoca nesses papéis é verdadeira!\""
    },
    {
      "Key": "f479a497-4417-41f2-a6a8-25d5f0d100a7",
      "Value": "{n}Linzi dá um tapa na testa.{/n} \"É claro, como eu poderia esquecer! Essa é a solução perfeita, {name}! Vamos lutar contra suas histórias desagradáveis e desagradáveis com nossa própria verdade e beleza! Eu até conhece um editor decente...\""
    },
    {
      "Key": "04f30e6c-9d77-4735-9752-1eb2a0f7120b",
      "Value": "\"Não é a solução mais simples, mas pode funcionar. Vou encontrar um editor e começarei a imprimir nossas respostas. Nossa circulação será duas vezes maior que a da oposição.\""
    },
    {
      "Key": "8a96bd57-7de3-466c-8176-6c838df61f0a",
      "Value": "{n}Jaethal levanta uma sobrancelha, mas imediatamente concorda.{/n} \"Isso será feito.\""
    }
  ]
}