{
  "$id": "1",
  "strings": [
    {
      "Key": "b95b021f-0e42-4949-898d-1e92ea4010f3",
      "Value": "\"Morto! Você está morto, seu miserável! Há, finalmente!\" {n}Regongar chuta o cadáver de Janush, rindo alegremente.{/n}"
    },
    {
      "Key": "7230f69a-8ba9-40a1-8727-5f4bd6936f61",
      "Value": "\"Sabe, eu pensei que seria feliz, mas... por algum motivo, não sinto nada. Nada. Bem, ele está morto agora. Serve a ele direito.\""
    },
    {
      "Key": "107a4e09-a44e-4209-8c6d-dd02d6af8b6f",
      "Value": "\"Você simplesmente não entrou nisso. Dê uma boa olhada de perto em seu rosto. Lembra como ele nos mandaria ser açoitados? Sorrindo o tempo todo? É claro que sim! Vamos lá, lhe dê um chute nos dentes!\""
    },
    {
      "Key": "0535c200-8b59-4a77-a703-5499168b9c4e",
      "Value": "{n}Octavia chuta o rosto do morto sem entusiasmo. Então, novamente, e um sorriso aparece em seu rosto. Logo Octavia e Regongar estão chutando o cadáver repetidamente, rugindo de tanto rir o tempo todo.{/n}"
    },
    {
      "Key": "3c388255-1214-49b5-92a8-70f4f2115a93",
      "Value": "\"Há! Oh, Reg... Você estava certo. Eu me sinto muito melhor agora... Valeu a pena!\""
    }
  ]
}