{
  "$id": "1",
  "strings": [
    {
      "Key": "b17007e8-1dbb-44e5-a266-70e528adf6ff",
      "Value": "\"Meus amigos! Hoje é o aniversário de quem nos uniu, e de quem nos lidera, de uma vitória para a outra.\""
    },
    {
      "Key": "935a7cf8-5832-4f36-9d74-645dfd18b3e8",
      "Value": "\"Seu caminho sobe sempre para cima, para as alturas da fama e da grandeza. Mas permita-me que esse caminho nunca seja solitário! Que seus amigos leais estejam com você, mesmo no topo do mundo – aqueles que caminharam ao seu lado desde o bem no início!\""
    }
  ]
}