{
  "$id": "1",
  "strings": [
    {
      "Key": "84079eed-cbf1-4494-b9c7-92b40ca93554",
      "Value": "\"Sim, dizer ao público faria mais mal do que bem. Vamos tentar resolver o problema discretamente para evitar mais problemas.\""
    },
    {
      "Key": "07b28bc2-7b89-4c8d-bf50-ce45352f9b36",
      "Value": "\"Esconder isso pode ser desastroso. Melhor avisar as pessoas agora do que descobrir depois por conta própria.\""
    },
    {
      "Key": "49e97054-bc8a-4132-b5f7-8f4a7a554ea5",
      "Value": "\"As pessoas têm o direito de saber o que as ameaça. Espalhe as informações sobre este evento o mais amplamente possível.\""
    },
    {
      "Key": "e924ff77-bc87-4a87-a1c4-d03ce8b85399",
      "Value": "\"Concordo. Meus súditos não precisam saber disso – esses problemas são para os governantes resolverem.\""
    },
    {
      "Key": "ee2112bf-093b-44a6-86bf-364a3e7aaed2",
      "Value": "\"Simplesmente terrível. Vou providenciar para que a família deste pobre homem receba uma pensão... Espere, será que todos os monstros apareceram dessa maneira?\""
    },
    {
      "Key": "a58ccf1f-11e7-4465-9407-fc9e9246e85d",
      "Value": "\"Então é assim que as bestas mágicas estão surgindo. Eu não fazia ideia de que tais magias existissem, muito menos que tivéssemos inimigos poderosos o suficiente para usá-las.\""
    },
    {
      "Key": "c9a9b740-c9e0-49ed-a714-a7b696344f3e",
      "Value": "{n}Lander limpa o sangue da parte de baixo do sapato, franzindo a testa.{/n} \"Nojento! Bem, pelo menos agora sabemos de onde vêm esses monstros.\""
    }
  ]
}