{
  "$id": "1",
  "strings": [
    {
      "Key": "92828486-ae7f-4dc9-aeab-11aa8d0e4a85",
      "Value": "\"Oh, rostos familiares...\" {n}O elfo pálido parece sinistro na semi-escuridão, como um fantasma dado carne.{/n} \"Espero que você não tenha tanto medo de balançar a cada sombra. Sou eu, Jaethal. Não recomendo avançar pelo corredor – supondo que você valorize sua vida, é claro. Havia algumas pessoas comigo e você pode ver o que aconteceu com elas.\""
    },
    {
      "Key": "75a181f8-4eb8-46ba-ace7-71eb42e81044",
      "Value": "\"E como eles acabaram mortos enquanto você não parece ter um arranhão?\" {n}Tartuccio olha para Jaethal desconfiado.{/n}"
    },
    {
      "Key": "8d872d54-5fca-42da-9ae0-b9fb247f4ace",
      "Value": "\"Eu responderei, mas brevemente, e apenas uma vez. Sustos e explicações adicionais esperarão até que não fôssemos caçados por um grupo de assassinos. Combinado? Tudo bem. Estou... morto-vivo. Essas armadilhas são mortais para os vivos, mas eles são inofensivos para mim.\""
    },
    {
      "Key": "2609c6ab-b1e9-43db-81b5-d703e6a2af55",
      "Value": "{n}Jaethal olha para Linzi como se fosse uma mosca irritante.{/n} \"Como eu disse, mais explicações vão esperar até mais tarde! Tudo o que você precisa saber agora é que estamos do mesmo lado e temos para combater um pequeno exército de assassinos contratados. Vamos lá!\""
    },
    {
      "Key": "bfa928a0-21c7-4687-86ca-f8e2666ddae6",
      "Value": "\"O que você quer dizer com 'mortos-vivos'? Sério? Como zumbis, esqueletos ou...\""
    }
  ]
}