{
  "$id": "1",
  "strings": [
    {
      "Key": "9ce79b9f-a49e-49ac-bdb6-ec9feb0e8180",
      "Value": "\"Certo. Mal posso esperar para acabar com esse pesadelo de uma vez por todas.\""
    },
    {
      "Key": "e2e42db4-fd53-4a7a-b263-faccf79d5cfe",
      "Value": "\"O que faz você pensar assim? Você já esteve aqui antes?\""
    },
    {
      "Key": "c6a5b019-cc3c-4269-9cf5-84e807b44a78",
      "Value": "\"Qual é o problema, Tristian? Assustado?\""
    },
    {
      "Key": "b5d8f872-a822-4395-bdd4-5d9cdd7f2eb7",
      "Value": "\"Chega de conversa, precisamos seguir em frente.\""
    },
    {
      "Key": "0df090fc-6688-4b26-a9d0-51029b752a4e",
      "Value": "\"Você tem agido de forma estranha desde que entramos nesta tumba. Qual é o problema?\""
    },
    {
      "Key": "8c804e06-5e7c-45be-92c5-db52ef985daf",
      "Value": "\"Você insistiu em me acompanhar, e agora que está aqui, está agindo de forma estranha – qual é o problema?\""
    },
    {
      "Key": "690990bf-2056-4f9d-ab82-6e5649de4055",
      "Value": "\"Existe algo que você não está me dizendo?\""
    },
    {
      "Key": "bc81a7aa-d73c-4ee9-9aea-7d818b016756",
      "Value": "\"Você está pronta? O que está por vir pode ser o nosso fim.\""
    },
    {
      "Key": "d4e033f0-9d70-49d5-89bc-a7639652e026",
      "Value": "\"Vamos.\""
    },
    {
      "Key": "a89fd5e1-bac7-40fd-babc-fb956d88fb12",
      "Value": "\"Tudo o que nos espera, vamos enfrentá-lo. Não é hora de últimas palavras entre nós.\""
    },
    {
      "Key": "34c48009-c676-4041-a448-e90807e19ee9",
      "Value": "\"Minhas últimas palavras para você? Eu diria que você era minha aliada e minha amiga. Sempre posso contar com seu apoio. E se estivesse ao meu alcance, faria todo o possível para mantê-lo ao meu lado.\""
    },
    {
      "Key": "5faeff4c-2f55-49f9-9aac-b0033091ba70",
      "Value": "\"Eu lamentaria que tivéssemos tão pouco tempo juntos e desejo a você sorte no seu caminho.\""
    },
    {
      "Key": "db4861a6-2ccc-4728-9036-3ea4455e2672",
      "Value": "\"Eu pouparia 'últimas palavras' para um cinzel, um martelo ou qualquer outra ferramenta, por mais útil que seja? Portanto, clérigo, não tenho nada para poupar.\""
    },
    {
      "Key": "5aaa9ac4-7388-4a9a-8f27-602115403a32",
      "Value": "\"Tristian, já chega – preciso que você se recomponha e se concentre.\""
    },
    {
      "Key": "f1843264-a5d4-4e0b-9115-406f62bff036",
      "Value": "{n}A voz de Tristian cai, como se ele estivesse com medo de ser ouvido.{/n} \"O coração da tumba. Vordakai está perto agora.\""
    },
    {
      "Key": "9372180c-7336-4e43-9a59-20ed7086d999",
      "Value": "\"Sim, é hora de terminar isso.\" {n}Tristian ecoa suas palavras.{/n} \"De uma vez por todas.\""
    },
    {
      "Key": "289bd206-768c-48be-8cda-97e23d3fd0e9",
      "Value": "\"O quê? Não, claro que não. Mas como todos os que seguem Sarenrae {Sarenrae}Sarenrae{/g}...\" {n}Tristian estremece, depois estremece, como se estivesse sofrendo.{/n}.\" Eu posso sentir o mal neste lugar, espesso como o cheiro de podridão e decadência.\""
    },
    {
      "Key": "44213a3b-0c0b-4800-9a73-7b93d857545e",
      "Value": "{n}Tristian balança a cabeça.{/n} \"Não, {name}. Embora agora eu pense nisso, suponho que estou com medo. Mas não do que está por trás dessa porta.\""
    },
    {
      "Key": "91374696-2de3-41f7-87d4-ae2bbbb475da",
      "Value": "{n}Tristian balança a cabeça.{/n} \"Não importa, {name}. Este lugar... alimenta-se de dúvidas, medo... perda.\" {n}Tristian levanta a cabeça e olha para você, como se quisesse se equilibrar.{/n} \"Se fôssemos nunca mais nos ver... você teria alguma última palavra para mim?\""
    },
    {
      "Key": "900033f4-3c1d-4d57-a892-0c66c760a56a",
      "Value": "{n}Tristian assente silenciosamente e não diz mais nada.{/n}"
    },
    {
      "Key": "41ca1971-23ff-4752-bde4-44f06e2adae4",
      "Value": "\"Eu compartilhei tudo o que posso.\" {n}Tristian sorri cansadamente.{/n} \"Cada um de nós tem segredos e encargos que devemos carregar sozinhos, pois o peso não diminui em compartilhá-los. Assim, seus segredos são seus para guardar e compartilhar conforme você decide.\""
    },
    {
      "Key": "75c678cc-5d0a-4d06-bc10-baf800dd1e49",
      "Value": "{n}Tristian ainda fica por um momento, depois assente.{/n} \"Sim. Estou pronto. Mesmo que isso signifique o fim de nós.\""
    },
    {
      "Key": "0266e1c6-53bf-41e4-b64b-3ac23567cbf7",
      "Value": "\"Vordakai conquistou essas terras uma vez e pôde fazê-lo novamente, facilmente, com o artefato que ele possui.\" {n}A voz de Tristian é nítida.{/n} \"Eu posso não sobreviver a esse confronto. Se não, eu gostaria de saber quem eu era para você.\" Tristian encontra seu olhar com calma, mas você sente uma súbita sensação de perda, como se estivesse falando com um homem se afogando.{/n} \"Eu preciso saber se eu era importante para você.\""
    },
    {
      "Key": "5c713249-0c26-4896-b09e-eb97456a0b38",
      "Value": "{n}Tristian sorri, mas é tingido de tristeza.{/n} \"Desde que te conheci, me achei abençoado por estar com um{mf| herói|a heroína} como você.\" {n}Tristian faz uma pausa, com o rosto em conflito.{/n} \"Mas essa bênção – não eram os deuses, era a sua força, e por isso...\" {n}Tristian para, então simplesmente assente.{/n} \"Por isso, vamos ter fé um no outro e expurgar o mal deste lugar.\""
    },
    {
      "Key": "62f0065c-3675-4e40-bf78-d7167053c091",
      "Value": "{n}Tristian fica em silêncio por um momento.{/n} \"Cada um de nós tem um caminho e, embora possam se cruzar por um tempo, é apenas uma questão de tempo até que se separem novamente.\" {n}Ele assente.{/n} \"Agradeço. Estou pronto... estamos prontos... para Vordakai.\""
    },
    {
      "Key": "016fb313-4ce6-448e-8818-05c178f3e9da",
      "Value": "{n}Tristian assente tristemente.{/n} \"Agradeço sua honestidade – muitas pessoas não são livres o suficiente para dizer o que pensam, e muito mal nasce por não fazer isso. Admiro sua força – e estou pronto para o que vem.\""
    }
  ]
}