{
  "$id": "1",
  "strings": [
    {
      "Key": "79440e8a-9543-450b-9206-b4d61c82f3a0",
      "Value": "\"É bom que você esteja conosco, Valerie. Você é como um carvalho poderoso, contra o qual podemos apoiar nossas costas... Oh! Mas eu não quis dizer que você é tímido – ou tenso de qualquer outra maneira! Oh não, eu coloquei o pé na boca novamente.\""
    },
    {
      "Key": "f01b6f62-6694-4547-8115-ce2bba6cb228",
      "Value": "\"Está tudo bem – eu entendo suas boas intenções. Estou feliz por estar aqui para meus amigos.\""
    }
  ]
}