{
  "$id": "1",
  "strings": [
    {
      "Key": "16cd397c-4cd2-4ad0-afdb-64bdea4f9b1d",
      "Value": "\"Linzi disse que foi você quem descobriu que o trono estava faltando.\""
    },
    {
      "Key": "0a40ebd7-ed9c-4680-b6b9-f1ca59a18fae",
      "Value": "\"Não me lembro de contratar um capitão de guarda... ou qualquer guarda, por sinal.\""
    },
    {
      "Key": "d2b2ed83-80dd-4b35-80f9-b98bc6ef2fe3",
      "Value": "\"Eu gosto de aprender algo sobre aqueles que me servem.\""
    },
    {
      "Key": "1463ee2c-8c04-4353-b4d4-a2078588ba4a",
      "Value": "\"Hyland, os guardas têm tudo de que precisam?\""
    },
    {
      "Key": "90f4112a-a83c-4e5f-9e03-1a4871dda403",
      "Value": "\"Eu tenho que ir. Tenha uma estadia tranquila!\""
    },
    {
      "Key": "254e0462-a9ae-42a6-bc42-f3414702c3a4",
      "Value": "\"Como seus pais se sentiram sobre a história de Irovetti?\""
    },
    {
      "Key": "b0778a7d-310a-43a1-b9eb-c0a2d75256e9",
      "Value": "{n}O capitão da guarda acena para você.{/n} \"Sua {mf|Graça|Graça|Alteza|Alteza}.\""
    },
    {
      "Key": "b5178659-f1da-40f6-b59f-be2389284596",
      "Value": "{n}O capitão fica sombrio.{/n} \"Sim, Alteza.\" {n}Ele permanece em silêncio por um momento e continua obviamente envergonhado.{/n} \"Na verdade, Alteza... Por favor, não me pense em tolo ou bêbado...\""
    },
    {
      "Key": "4858e7f0-7927-452c-9cf9-44490b0c9f63",
      "Value": "\"Enquanto eu caminhava para a sala do trono... no começo eu pensei que era uma visão, e não pensei muito nisso. Bem, eu pensei ter visto seu trono no corredor. E estava... fugindo.\""
    },
    {
      "Key": "48decaed-013e-4656-a3da-18fac027215e",
      "Value": "\"Não por si só, é claro! Eu simplesmente não conseguia ver quem o carregava. Talvez alguém realmente minúsculo tenha ficado embaixo dele. E meu – como eles corriam! Parecia que o trono virou a esquina por si só. Mas a visão era estranho além da crença, então eu pensei que estava simplesmente muito cansado e comecei a ver as coisas. Um momento depois, quando descobri que estava realmente faltando, corri atrás dela – mas havia desaparecido no ar. Talvez fosse... você sabe... mágica?\""
    },
    {
      "Key": "683234e5-0aaf-4a21-954f-62c3dd2be5d9",
      "Value": "\"Eu vim de {g|Restov}Restov{/g} com uma dúzia dos meus melhores guardas, por ordem de Senhora Jamandi Aldori, {mf|Sua Graça|Sua Graça|Sua Alteza|Sua Alteza}. Contratei o resto entre os habitantes locais.\""
    },
    {
      "Key": "d1378e47-650e-4b16-a34c-6f7646c38cf9",
      "Value": "\"Claro, {mf|Sua Graça|Sua Graça|Sua Alteza|Sua Alteza}. Eu fui um guarda durante toda a minha vida – iniciei um covarde na vigília noturna. {g|Restov}Restov{/g} é famosa por suas escolas de esgrima. Jovens de todos os {g|River Kingdoms}Reinos Fluviais{/g} vêm estudar lá. Parece que todas as outras pessoas têm uma espada... e cada terço pensa que sabe usar Uma palavra falada ou uma briga bêbada pode levar rapidamente a um ataque de esfaqueamento.É por isso que existem tantos guardas na cidade – e eles não aceitam ninguém – Senhora Jamandi anotou minhas realizações e marcou por avanço. É por isso que estou aqui.\""
    },
    {
      "Key": "b529174a-db63-4078-ad03-e11ac541b45e",
      "Value": "\"Existem munições e suprimentos suficientes, {mf|Sua Graça|Sua Graça|Sua Alteza|Sua Alteza}. O salário é justo: temos o suficiente para comprar brinquedos para as crianças e um jarro de cerveja quando a mudança terminar. É claro que a cidade está crescendo – seria bom expandir as fileiras... mas podemos administrar isso sozinhos.\""
    },
    {
      "Key": "277f83e2-5877-42db-b08d-5baa655fd538",
      "Value": "\"Não se preocupe, {mf|Sua Graça|Sua Graça|Sua Alteza|Sua Alteza}! Agora somos os súditos do {mf|baronato|baronato|reino|reino}. Juramos servi-l{mf|o|a} sinceramente e lealmente, e você pode contar conosco! Além disso, tiramos nosso salário de seus cofres...\""
    },
    {
      "Key": "71631c79-bb29-4edb-9c48-aff5051d053f",
      "Value": "{n}O capitão olha para a guarda feminina, erguendo a sobrancelha, depois suspira e olha para você.{/n} \"É claro. Todos nós estamos prontos para morrer para proteger {mf|Sua Graça|Sua Graça|Sua Alteza|Sua Alteza}... mas ainda há trabalho a ser feito quando se trata de disciplina. Você conhece aquele autor anão... Baldric Zebras? Tundras d'Alho? O nome me escapa... Meus companheiros costumavam levar seus livros sobre os deveres e os direito da guarda. Eu vou ter que ensinar uma lição ou duas para eles!\""
    },
    {
      "Key": "5566f1a6-e5b3-40fa-8903-b373c106bc25",
      "Value": "\"Hyland, {mf|Sua Graça|Sua Graça|Sua Alteza|Sua Alteza}. Capitão da guarda da cidade.\""
    },
    {
      "Key": "1ce92aaf-5ba5-4e60-8ef5-f28f792643c9",
      "Value": "{n}Uma jovem anã lhe saúda desajeitadamente.{/n} \"Delia, assistente do capitão. Feliz em servir {mf|Sua Graça|Sua Graça|Sua Alteza|Sua Alteza|Sua Alteza}!\""
    },
    {
      "Key": "5c53f3d9-70c8-405e-8693-959c69efe8be",
      "Value": "{n}Você vê um homem robusto, vestindo uma armadura bem gasta. Seu rosto é emoldurado por restolho prateado, e seu nariz carnudo é vermelho e marcado por marcas. Ele irradia uma calma perfeita. Quando você se aproxima, ele se curva – respeitosamente e com dignidade.{/n}"
    },
    {
      "Key": "8807efa0-af18-4bbb-a3fb-eba238006ca5",
      "Value": "Quanto a Delia, eu a encontrei na rua. Cerca de uma década atrás. Lembro-me vividamente - uma pequenina anã sentada nos degraus do templo. Rosto sujo, descalço, dando um pedaço de pão a um gato de rua. Eu a vi e meu coração parou de bater...\"{n}O capitão desvia o olhar.{/n}\" De onde ela é, quem a deixou sozinha e por quê – apenas {g|Erastil}Erastil{/g} sabe. À medida que crescia, Eu tentei mandá-la para aprender um ofício – mas quem consegue dizer o sentido de um anão?! Ela queria ser guarda, e é isso. Então agora estou ensinando a ela mesma. Sorte que ela tem uma cabeça nos ombros, e um pouco de energia.\""
    },
    {
      "Key": "9161ff52-6a1b-47ac-a9f8-addf7eb6e23c",
      "Value": "\"Oh, tio, quando você vai mudar essa armadura antiga! As bestas mágicas amassaram tanto que me faz chorar de olhar!\""
    },
    {
      "Key": "3b6d574e-a967-4fd2-a140-3a253d9202c4",
      "Value": "\"Oh, você ainda tem muito a aprender. Se você soubesse quantas vezes salvou minha vida naquela batalha...\" {n}Hyland se volta para você.{/n} \"Saudações, {mf|Sua Graça|Sua Graça|Sua Alteza|Sua Alteza}.\""
    },
    {
      "Key": "0f20d64d-2f6a-49ef-bfee-ceaaa2956b14",
      "Value": "\"Como alguém deve se sentir? Ele era um trapaceiro e um trapaceiro, e todos sabiam disso. Ele conseguiu o que merecia e é tudo de bom – para {g|Pitax}Pitax{/g} e para todos os seus vizinhos. Todo mundo dorme melhor agora.\""
    },
    {
      "Key": "8dd9b10e-0e2b-4bb4-8c90-3913707370d1",
      "Value": "\"Nós não acreditamos por um momento em todos os rumores sujos que ele espalhou sobre você!\""
    },
    {
      "Key": "36883b46-29b3-4a4e-af83-8bbd92cc5cf0",
      "Value": "\"...por que você não explica por que está me encarando assim?\""
    }
  ]
}