{
  "$id": "1",
  "strings": [
    {
      "Key": "58ccc080-71e6-47b5-bfc1-da4f3f2198da",
      "Value": "{g|Population8_1}[Efeitos de decisão]{/g} \"Qualquer pessoa que começar a trabalhar para uma vida honesta será perdoada por seus crimes.\""
    },
    {
      "Key": "3d21d5bc-060e-462e-ba4f-a8d9b0bb29e5",
      "Value": "{g|Population8_2}[Efeitos de decisão]{/g} \"Eles devem ser responsabilizados por seus crimes. Eles não terão misericórdia.\""
    },
    {
      "Key": "eabd3169-a5e2-4b1e-b6a3-2ba4108ec706",
      "Value": "\"Você deve encontrar a solução você mesmo.\""
    },
    {
      "Key": "dd93df61-1ded-45c9-821d-0a05cc4237d6",
      "Value": "\"Nossas medidas anti-criminais têm sido um sucesso! Os bandidos se escondem no meio do mato, com medo de enfiar a cabeça. Mas adivinhem. Muitos deles percorreram a estrada escura em primeiro lugar porque não tinham outra maneira de fornecer para suas famílias...\""
    },
    {
      "Key": "6a195443-939e-47fa-bfba-fdc1a8f5aaa0",
      "Value": "\"{name}, seu reino é um refúgio para criminosos. Bandidos se sentem à vontade aqui, seus bolsos cheios de ouro – e eles prestam seus respeitos. De fato, eles o consideram seu chefe, não um executor da lei. Isso é Por que eles deixam seus servos em paz? No entanto, eles gostariam de algo em troca. Deveríamos perdoá-los. Muitos deles estão cansados de serem criminosos, mesmo sendo ricos. Eles querem viver ao ar livre e ser sólidos cidadãos!\""
    },
    {
      "Key": "27785448-508d-4b88-b7e2-186ba9e47bca",
      "Value": "\"{name}, estamos combatendo o crime em nossas terras, e os bandidos estão assustados. De fato, muitos deles estão prontos para se limpar e retornar à vida civil. Eles insistem que foi a fome que os levou ao escorregadio declive, mas agora que o reino está prosperando, eles querem voltar e fazer um trabalho honesto. Suas famílias estão nos inundando com pedidos de perdão.\""
    },
    {
      "Key": "e3bdfe3b-f0ed-4c7c-bd9a-02384a3aa390",
      "Value": "\"O roubo está prosperando em nosso reino. Alguns dos bandidos que fizeram fortuna aqui até atuam como seus vassalos não oficiais. Eles prestam seus respeitos a você e ao seu povo e o consideram o chefe dessas terras.\""
    },
    {
      "Key": "335fd42b-3cd9-4c01-8ac1-0320734f88bd",
      "Value": "\"Agora que as pessoas estão melhor, estão ansiosas para voltar para casa. Mas têm medo das consequências. Suas famílias estão nos inundando com pedidos de perdão. Acho que merecem uma segunda chance.\""
    },
    {
      "Key": "01e97fe1-92aa-4ca7-a3f0-7ce3a3689f00",
      "Value": "\"Eu considero inapropriado. Você não pode perdoar ladrões de estradas e assassinos, e deixá-los viver em paz entre suas vítimas! Cada um deles deve responder por seus crimes.\""
    },
    {
      "Key": "8aff5227-0a00-4738-b144-af8815f44ff6",
      "Value": "\"Isso é misericordioso. Tenho certeza de que eles terão uma vida pacífica melhor que o banditismo. No que diz respeito à consciência deles... talvez eles encontrem uma maneira de esclarecê-la.\""
    },
    {
      "Key": "f43c30cf-37cf-4a69-a244-a5b673803590",
      "Value": "\"Isso é razoável. Estou feliz por ver a situação da mesma maneira.\""
    },
    {
      "Key": "dd752335-004b-4d20-ae92-c6db12bc60c1",
      "Value": "\"Deixe aqueles que procuram uma vida honesta voltar para suas casas. Mas os deuses não os protegerão se traírem nossa confiança!\""
    },
    {
      "Key": "c412ff7e-4cab-4ab3-88e9-e7313236dedf",
      "Value": "\"Deixe-os se entregar e enfrentar um julgamento justo por seus atos. Não haverá perdão geral.\""
    },
    {
      "Key": "f603c34f-e3c1-4215-a793-4a5f9ffc7039",
      "Value": "\"É uma boa idéia, se você me perguntar. Os bandidos são a 'propriedade' mais poderosa de todo o reino. Como não estamos lutando contra eles, vamos tentar fazer amizade com eles.\""
    },
    {
      "Key": "a836773a-befb-472b-87db-37e601c15145",
      "Value": "\"Mas nossos guardas continuam sendo um espinho ao seu lado. Na esperança de um dia viverem abertamente, os bandidos enviaram um pedido de perdão. Eles dizem que se declararão seus servos se você parar de caçá-los. É apenas mais uma evidência de que isso a situação com os criminosos já foi longe demais. Já é hora de caçá-los e levá-los à justiça!\""
    }
  ]
}