{
  "$id": "1",
  "strings": [
    {
      "Key": "23d9328e-e1ff-427d-b640-ba1a67870132",
      "Value": "\"Sou eu quem não consegue adormecer à noite? Estou com medo de que alguns convidados indesejados possam aparecer...\""
    },
    {
      "Key": "c5999a2d-d228-4e87-a5f6-9c53fd60ea27",
      "Value": "\"Parece que hoje à noite pode acontecer algo que valha a pena escrever sobre...\""
    },
    {
      "Key": "ab7b9e69-e303-4006-85fd-20b98d93d241",
      "Value": "\"Devemos tentar evitar compromissos inesperados. Embora às vezes sejam inevitáveis.\""
    },
    {
      "Key": "7eb331ed-e642-4a73-8326-332f528d190c",
      "Value": "\"Eu entendo você! Mas não deixe esses pensamentos mantê-lo acordado.\""
    },
    {
      "Key": "cb2c6f0f-c613-429a-94cf-599d25c42fe3",
      "Value": "\"Quem não teme nada dorme apertado... e quem dorme apertado, não teme nada! Hah, você ouviu? Escreva isso, o que eu acabei de dizer. Antes que esqueçamos!\""
    },
    {
      "Key": "fa99dac0-2a90-4259-b1f2-d85f0724d994",
      "Value": "\"Estou entediado até a morte rastejando por entre arbustos, colhendo galhos e pegando braçadas de folhas. Se alguém estiver interessado, fique à vontade. Mas você pode fazer isso sem mim desta vez.\""
    },
    {
      "Key": "09e05269-925b-43e8-955e-7a7c019acb91",
      "Value": "\"Se Linzee continuar conversando, sentiremos falta de toda a besta!\""
    }
  ]
}