{
  "$id": "1",
  "strings": [
    {
      "Key": "47b87ade-7db5-4a81-9b46-9edd6c518f9e",
      "Value": "\"Eu ainda sonho com a Numéria às vezes... nos lugares em que estive, quando... enquanto eu ainda estava acorrentada. Espero me livrar dessas memórias algum dia.\""
    },
    {
      "Key": "4e26c16b-fbc9-472a-87b7-4fcdec604b58",
      "Value": "\"Levante a cabeça Octavia! Não importa o que perturbe seu coração – ninguém deve vê-la alimentando esse tipo de pensamentos!\""
    },
    {
      "Key": "21656faa-d7b8-42db-97fd-fd74b2a3e754",
      "Value": "\"A memória sempre permanece. Você não pode jogá-la fora. Tudo o que você pode fazer é aprender a viver ao lado dela.\""
    },
    {
      "Key": "748f2660-d270-4c88-a092-a1e07ad777e0",
      "Value": "\"Às vezes eu daria um braço para que essas imagens fossem queimadas da minha mente. Mas então eu acho – é realmente melhor não lembrar de nada?\""
    },
    {
      "Key": "b52583ab-722b-4684-94d7-1794683e7616",
      "Value": "\"Todo pária sonha com sua terra natal. Para alguns, esses são sonhos felizes e, para outros, são pesadelos...\""
    },
    {
      "Key": "e4ac2ad2-e061-49e9-a570-7ae315f5d3c2",
      "Value": "\"Todo pária sonha com sua terra natal. Para alguns, esses são sonhos felizes e, para outros, são pesadelos...\""
    }
  ]
}