{
  "$id": "1",
  "strings": [
    {
      "Key": "e6c9e3ef-7696-45f0-bb86-9f2e14c5c56b",
      "Value": "\"Esse torneio de longa duração foi meh. Férias nos goblins são outra coisa! A última que visitei, eles trouxeram um arauto de Lamashtu, grande besta! Comeram todos os convidados!\""
    },
    {
      "Key": "79f5be17-68c6-417a-b68e-e6e7c22cb420",
      "Value": "\"Gostaria de participar. Preciso treinar meu objetivo.\""
    },
    {
      "Key": "867803c1-e8a2-4fe7-91e2-545b439f5d8e",
      "Value": "\"Pacifique sua fera, {name}. Estou farto dos gritos daqueles bardos sem talento do torneio. Preciso de um pouco de silêncio.\""
    },
    {
      "Key": "90bcb2f0-852a-46a1-b800-fad3e9d19b8a",
      "Value": "\"Vi os planaltos em que esse tipo de\" diversão \"era percebido não como uma barbárie, mas como uma coisa natural. Se eu tivesse a chance de visitar esses lugares novamente... eu passaria com prazer.\""
    },
    {
      "Key": "70484551-9f83-48de-a823-fc1c7fdb6857",
      "Value": "\"Seria interessante testemunhar suas férias! Mas apenas de longe, é claro, e apenas do vento.\""
    },
    {
      "Key": "4b25aaf6-3141-425a-81b6-93a9dbb6cccf",
      "Value": "\"Seria interessante testemunhar suas férias! Mas apenas de longe, é claro, e apenas do vento.\""
    }
  ]
}