{
  "$id": "1",
  "strings": [
    {
      "Key": "0412ba10-0cd1-4298-9e2e-7795a5353468",
      "Value": "\"Eu também sigo o caminho de Abadar. Bem-vindo às minhas terras, colega!\""
    },
    {
      "Key": "d50d2501-5248-4d52-8f8a-8955fc2e626b",
      "Value": "\"Conte-me sobre Abadar.\""
    },
    {
      "Key": "9f7c7b59-d192-4574-b4e6-cf150a531881",
      "Value": "\"Eu tenho que ir.\""
    },
    {
      "Key": "161f1f73-5666-4d0d-9cf3-3e782bfe094f",
      "Value": "\"Você é um aasimar, se não me engano.\""
    },
    {
      "Key": "9f70fa8e-8dec-4745-8e54-86788133de7b",
      "Value": "\"Como você chegou ao meu {mf|Baronato|Baronato|Reino|Reino}?\""
    },
    {
      "Key": "92bd971d-6bc6-4261-a496-439605e153c2",
      "Value": "\"Se você está tão ansioso para ajudar os cidadãos, por que cobra pelos seus serviços?\""
    },
    {
      "Key": "d889686a-ef50-4d65-acc4-4af70852cd80",
      "Value": "{n}Arsinoe olha para você por um momento e depois acrescenta com um calor notável:{/n} \"Estou feliz em conhecer outra pessoa marcada por sangue celestial aqui.\""
    },
    {
      "Key": "defcefd9-b3d5-44e2-8bbe-d02344d03e2e",
      "Value": "{n}Uma mulher com roupas ricas e bordadas a ouro recebe você com um laço educado. Os olhos dela, da cor do ouro derretido, brilham intensamente em seu rosto sombrio.{/n} \"Saudações, nobre governante dessas terras! Meu nome é Arsinoe. Sou um mensageiro do templo de {g|Abadar}Abadar{/g} em {g|Absalom}Absalom{/g}, e eu vim aqui assumindo que os cidadãos de seu jovem {mf|baronato|baronato|reino|reino} poderiam usar os serviços de um sacerdote.\""
    },
    {
      "Key": "765db28f-1ddc-450a-9ec9-21d02322e73a",
      "Value": "{n}Arsinoe deixa escapar um suspiro de alívio ao se aproximar.{/n} \"Elogio {g|Abadar}Abadar{/g}! {mf|O|A} governante voltou para suas terras atormentadas! Espero que você possa pôr fim a todo esse caos. Dói-me ver o que aconteceu com seu jovem reino...\""
    },
    {
      "Key": "bd6ea029-a685-4277-9fff-cccce184b4b4",
      "Value": "\"Como posso ajudá-lo?\""
    },
    {
      "Key": "40155052-2c27-4282-9311-9fd0f50da639",
      "Value": "\"Com prazer! {g|Abadar}Abadar{/g} é o deus das cidades, lei, comerciantes e riqueza. O núcleo de seus ensinamentos é simples: lei e ordem permitem que a civilização se desenvolva, permitindo que as pessoas vivam em paz e prosperidade. Se {g|Erastil}Erastil{/g} favorece costumes antigos, pequenos assentamentos e operações simples como a caça, o Abadar apadrinha o desenvolvimento, negócios complexos, ordem e empreendedorismo.\""
    },
    {
      "Key": "6598fc9b-5e36-4c82-a016-1a3ca933dcdb",
      "Value": "\"Cada sacerdote de {g|Abadar}Abadar{/g} encontra algo pessoal em servi-lo. Alguns acreditam que a lei é o principal aspecto de sua fé, e a guardam zelosamente. Outros colocam o bem-estar de sua sociedade acima de tudo Pessoalmente, sigo os ensinamentos de Abadar que dizem que a civilização deve penetrar nas terras selvagens mais selvagens e ajudar as pessoas a viverem com conforto e segurança.\""
    },
    {
      "Key": "97483dbe-1838-462b-a7a4-3b7fac817106",
      "Value": "\"Essa é uma longa história, e não muito emocionante. Nasci e cresci em {g|Absalom}Absalom{/g}, mas vi pouco sentido em permanecer lá – qual é o objetivo de promover a fé de Abadar em um cidade já tão grande e bem desenvolvida? Não, eu fui atraído para lugares de remanso, onde a civilização estava apenas começando a emergir.É uma alegria ver as primeiras pedras de um novo assentamento sendo colocadas ou ver o deserto que antes abrigava monstros e criminosos se tornam um lar seguro e aconchegante para as pessoas!\""
    },
    {
      "Key": "bd59ac13-4052-45a4-8cda-b050d57db0f5",
      "Value": "\"Suponho que é fácil dizer, não é? Sim, sou um aasimar, embora não tenha certeza de como ou quando o sangue dos celestiais apareceu em minha família. Entre todos os meus parentes e ancestrais conhecidos, estou o único que a herdou. Devo admitir que estou feliz por esse fato ter caído para mim – chama mais atenção para mim, uma característica útil para um sacerdote que deseja reunir uma congregação.\""
    },
    {
      "Key": "94805456-0437-4863-8b62-185f90f38798",
      "Value": "\"Dediquei minha vida a minhas viagens, escolhendo visitar lugares como o seu {mf|baronato|baronato|reino|reino}. Permita-me dizer que é um lugar segundo meu próprio coração. Uma cidade que cresce sobre os restos de um o covil dos bandidos é exatamente o tipo de triunfo da civilização que Abadar prescreve. Espero que minhas habilidades como sacerdote sejam úteis para essas terras e seus habitantes.\""
    },
    {
      "Key": "e97898ae-33f3-4724-87cd-0e703bbcc25a",
      "Value": "\"Faz parte da filosofia de Abadar. As regras de comércio e troca desenvolvidas por uma razão – elas ajudam a trazer ordem ao mundo e não devem ser quebradas sem necessidade. A oportunidade de obter o que se deseja sem nenhum esforço tem um efeito corruptor nas almas.\""
    },
    {
      "Key": "7825c0af-4357-4f2f-9f59-9d5473773840",
      "Value": "Arsinoe se inclina cerimoniosamente. Apesar da natureza impassível do gesto, é fácil ver que ela se alegra com suas palavras.{/n} \"Com {mf|um|uma} governante que segue o caminho de {g|Abadar}Abadar{/g}, esse {mf|Baronato|Baronato|Reino|Reino} certamente prosperará. Que nosso deus possa ajudá-lo em seus esforços!\""
    }
  ]
}