{
  "$id": "1",
  "strings": [
    {
      "Key": "9ce9e21e-4d32-4cad-9042-0b925ce3faf4",
      "Value": "\"Acho que perdi um brinco em todo o tumulto. Alguém viu?\""
    },
    {
      "Key": "b6ec734b-6c82-45e6-b3e4-01ad91d57894",
      "Value": "\"Oh! Acho que arranhei minha bochecha nessa última luta! Espero que não deixe uma cicatriz!\""
    },
    {
      "Key": "5376cae3-77bb-43c6-bee3-f107d9cff9ee",
      "Value": "\"Você mal estava sofrendo, e agora seus pensamentos vão para coisas tão insignificantes? Você pode ser um pouco mais sério!\""
    },
    {
      "Key": "65d78385-502e-49bf-a644-1211eaa3e45a",
      "Value": "\"Ela não pode passar uma hora sem se olhar no espelho. – Um sinal claro de mente débil!\""
    },
    {
      "Key": "c8866f07-2aed-47fc-aca1-0360cf5d79db",
      "Value": "\"Você está falando sério? Ou apenas colocando um rosto corajoso, para não vermos que você mal consegue suportar?\""
    },
    {
      "Key": "733f1fb6-b208-4044-b7a8-5aef2426739d",
      "Value": "\"Há! Você vê isso? Minha Octavia com certeza é difícil!\""
    }
  ]
}