{
  "$id": "1",
  "strings": [
    {
      "Key": "4f6fe7e8-c7bf-40f2-b09d-5a8b634e6410",
      "Value": "\"O que você disse?\""
    },
    {
      "Key": "3092b9af-009d-47f3-9ee3-0456b6a21dd8",
      "Value": "\"Um pássaro falante bem no meio de um assentamento misteriosamente vazio. Você está por trás do que aconteceu aqui?\""
    },
    {
      "Key": "432d0c22-936d-4b62-9119-61f24e6c4c5c",
      "Value": "[Jogue uma pedra no corvo]"
    },
    {
      "Key": "c329cf1e-ff66-4f66-ba50-a6c16a7a8fcd",
      "Value": "\"Eu tenho que ir.\""
    },
    {
      "Key": "8c06f783-9c26-480c-816f-426df5c42ca6",
      "Value": "\"Eles eram ladrões e saqueadores – uma ameaça para os camponeses pacíficos. E se eles tivessem encontrado outra aldeia?\""
    },
    {
      "Key": "92431f60-d735-4029-b728-e667144ceb59",
      "Value": "\"Eles atacaram. Eu respondi.\""
    },
    {
      "Key": "9d303f97-f08a-468f-bbb7-58b414abb20e",
      "Value": "\"Eles violaram a lei e foram punidos por isso.\""
    },
    {
      "Key": "ee1cb4af-049d-4fb9-97aa-2b91e5642f5a",
      "Value": "\"Isso não é verdade. Agai ainda tem uma chance de começar de novo.\""
    },
    {
      "Key": "ba75dae9-c1ec-45d4-9006-b25c8e68e6db",
      "Value": "\"Eu não ligo para onde eles vão ou o que acontece com eles.\""
    },
    {
      "Key": "7ab54bae-b30c-466c-bf5c-6acd57acb89f",
      "Value": "\"É exatamente por isso que eu os deixo ir – para que eles possam sofrer um pouco mais antes que o deserto os leve.\""
    },
    {
      "Key": "d351fd66-ac28-4f0f-9549-15fa3200ee0a",
      "Value": "\"Meu nome é {name}. Agora me diga quem você é.\""
    },
    {
      "Key": "1ba88910-1e86-49cd-9f3d-cdc92266e91f",
      "Value": "\"Acho que você é novo nessas partes, se ainda não sabe quem eu sou! Por que você não vai ao ar e pergunta por aí?\""
    },
    {
      "Key": "d8cdfcc6-6782-4be2-99bb-9a1ae44cf642",
      "Value": "[Deixar] \"A última coisa que preciso é me apresentar a um corvo imundo.\""
    },
    {
      "Key": "7d260377-5474-4cf5-9188-00f058962f57",
      "Value": "\"Eu roubei nada.\""
    },
    {
      "Key": "8f0cb095-ffa7-4b4e-a949-7ddcc8311a61",
      "Value": "\"O que você sabe sobre o desaparecimento de Varnhold?\""
    },
    {
      "Key": "934f61e2-f4f5-45f1-870b-e9cc3e9cf103",
      "Value": "\"Não sou de Varnhold, mas vou descobrir o que aconteceu aqui.\""
    },
    {
      "Key": "2ec6e907-7647-4615-af3a-6ad2797ffe48",
      "Value": "[Ignorar a pergunta] \"Meu, meu, um corvo falante! Agora, se você dissesse algo que valesse a pena ouvir, seria realmente impressionante.\""
    },
    {
      "Key": "f6faaf89-7455-439b-844a-fba19462c9dd",
      "Value": "\"Eu sou {name}, {mf|o barão|a baronesa} do reino vizinho! Insulta-me novamente, corvo insolente, e você vai se arrepender!\""
    },
    {
      "Key": "0f00e1f4-fcc8-49fd-befd-203594c9bf23",
      "Value": "[Segure a mão de Tristian]"
    },
    {
      "Key": "e5f49dc4-a402-4956-bdbf-f9828bc9b190",
      "Value": "\"Tire isso da cabeça. É apenas um pássaro insolente!\""
    },
    {
      "Key": "68a09bfa-59ff-4133-9a80-287f6ae6e76c",
      "Value": "\"Vamos.\""
    },
    {
      "Key": "739cbde8-3f30-4540-857f-5d7b2bcfd426",
      "Value": "{n}Você percebe um enorme pássaro preto parado em uma cerca alta perto da saída, como se estivesse esperando por você. É um corvo – preto brilhante e um dos maiores corvos que você já viu. À medida que você se aproxima, ele inclina a cabeça e o aperta com um olho roxo.{/n}"
    },
    {
      "Key": "bf37265d-43a3-4dc0-8e7d-56dcba6c133b",
      "Value": "{n}Quando você está prestes a sair, ouve uma voz embargada.{/n} \"Hipocrrite!\""
    },
    {
      "Key": "39dae46a-0d8f-4965-80af-4c60fa0ef287",
      "Value": "{n}Ao sair, você ouve uma voz embargada.{/n} \"Butcherrr.\""
    },
    {
      "Key": "5870bbf8-7db3-4fc7-a13c-dca4c44a06db",
      "Value": "\"O que esses tolos miseráveis fizeram para pagar com a própria vida?\" {n}O corvo dá um covarde esfarrapado, depois inclina a cabeça e olha para você, sem piscar.{/n} \"Quem é você para decidir o destino daqueles a quem você não governa? Por que as vítimas desejavam morrer?\""
    },
    {
      "Key": "53e6b137-4227-4629-a1b8-6c127bc417ff",
      "Value": "\"Qual é o sentido da sua falsa pena por esses tolos que você permitiu viver?\" {n}O corvo dá um grito agudo, quase um latido.{/n} Sem abrigo, família e pátria, sempre fugindo... tudo o que você fez foi prolongar o sofrimento deles... e se orgulhar seu...\" {n}O corvo dá outro grito agudo, quase zombando.{/n} \"...'cavalaria'.\""
    },
    {
      "Key": "c5bf0094-5e9c-434a-a1c7-e4515bf260b5",
      "Value": "\"Hyprocrrrites miseráveis. Você procura justificar suas ações?\" {n}O corvo dá uma série de grasnados, como se estivesse rindo.{/n} \"Não há justificativa, não, não, não.\""
    },
    {
      "Key": "77d55d22-e7f9-4bd3-95d2-bbc2bf1714fb",
      "Value": "\"Worrrms se contorcendo na lama. Nada diz respeito a você, a não ser a si mesmo. Você merece desprezo, nada morreu.\""
    },
    {
      "Key": "e8c5e78a-0eeb-4bf7-82e2-77a116be7fe4",
      "Value": "\"O prazer que você sente em seu orgulho! Pelo menos você é honesto, embora no final você seja como o resto de sua raça decrépita, {race}.\""
    },
    {
      "Key": "1fddc860-c294-4c2a-b9c3-e7913dc3bf03",
      "Value": "{n}Seu objetivo é verdadeiro, e a pedra atinge o crânio do pássaro com um estalo agudo. O corvo cai de seu poleiro com um grito agudo. Pouco antes de atingir o chão, desajeitadamente se autodenomina e, gritando e perdendo penas, voa.{/n}"
    },
    {
      "Key": "50fcf92c-1f46-4b3e-afad-bbc09978b8c6",
      "Value": "{n}A pedra sente falta do corvo. Com um barulho estridente, o corvo voa para o ar e voa para longe. Em instantes, nada mais é do que um pontinho no céu, depois desaparece.{/n}"
    },
    {
      "Key": "d626f57e-92a6-44b1-8605-9606e743a635",
      "Value": "{n}O corvo olha para você por um momento. Por fim, bate as asas e, sem emitir som, voa. Momentos depois, nada mais é do que um pontinho no céu, depois desaparece.{/n}"
    },
    {
      "Key": "f1c93da0-9b3b-42f6-8594-b17a24e96813",
      "Value": "{n}O corvo ignora a pergunta, apenas repetindo sua última palavra.{/n} \"Butcherrr.\""
    },
    {
      "Key": "cdd29826-ec73-4f1d-a20b-0e1ae80286fb",
      "Value": "{n}O corvo ignora a pergunta, apenas repetindo sua última palavra.{/n} \"Hipocrrite.\""
    },
    {
      "Key": "41bf34e3-f1f9-4e8a-b410-8e25efab031b",
      "Value": "\"Por que você é herrre? Você é um dos ladrões que viveu neste assentamento miserável?\""
    },
    {
      "Key": "2caafbf0-82f0-405c-9a60-467a1acecbc8",
      "Value": "\"Liarrr. Este assentamento estava cheio de ladrões – eles pagaram por seus crimes. Agora só resta um único – você. Quem é você?\""
    },
    {
      "Key": "d2f6c685-e0de-4de6-b3f0-af92951edab7",
      "Value": "\"Só que as pessoas desta vila empoeirada eram ladrões. Ladrões e bandidos que não respeitavam a lei e não conheciam o seu lugar. Os seres inferiores não se atrevem a tocar o que pertence aos seus chefes. Quem é que te prende?\""
    },
    {
      "Key": "e3d7e954-cc56-49b4-b0d7-66eed2c3425e",
      "Value": "\"Vocês?\" {n}O corvo dá um grito curto e latido.{/n} \"Que arrogância! Que orgulho! Você, escravo? Não siga um crime com outrorr... você sofrerá o mesmo destino. Quem o detém?\""
    },
    {
      "Key": "ad3d723f-2c13-4e49-94f9-770f63d6baab",
      "Value": "{n}O corvo se arrepia, suas asas tremulam.{/n} \"Você faria bem em atender minhas preocupações, escravo – assim como todos vocês das raças lesserrr! Você engolirá suas preocupações quando chegar a hora e o tempo vem para todos vocês!\""
    },
    {
      "Key": "c70ee351-79be-4b3f-bbf8-861030d2fc63",
      "Value": "{n}Tristian segue o pássaro com um olhar de ansiedade e determinação. Ele parece tão absorvido em seus pensamentos que esquece tudo o mais no mundo.{/n}"
    },
    {
      "Key": "438fbb71-9111-4c8e-a75c-5d6af6907659",
      "Value": "{n}Tristian se vira surpreso e sorri fracamente ao vê-lo.{/n} \"Não é o presságio mais agradável, certo?\" {n}Ele aperta levemente seus dedos e os libera.{/n}"
    },
    {
      "Key": "58629780-4611-4953-b799-99e60ad8b3b9",
      "Value": "{n}Tristian engole pesadamente e assente.{/n} \"Vamos lá.\""
    },
    {
      "Key": "8e862f95-728c-4f22-a92f-c69389ba391c",
      "Value": "{n}Tristian encolhe os ombros.{/n} \"Receio que o corvo seja mais do que apenas um pássaro.\""
    },
    {
      "Key": "e2fb6304-8568-4b28-a3a3-4bd99c825392",
      "Value": "\"Vamos. Não vamos perder mais tempo.\""
    },
    {
      "Key": "f0a672d8-4433-4b9b-88c2-fe6e493fb1c0",
      "Value": "\"Olha! Saco de penas gordo e saboroso! Bata com pedra!\""
    },
    {
      "Key": "bd7f18a2-1ebc-4ab6-849a-f737a7df0c4a",
      "Value": "\"Gordo gostoso... saco de penas talky?\""
    },
    {
      "Key": "f0d8cb5c-3ad4-4669-8f4f-1585e05e1929",
      "Value": "\"Pode falar! Talvez seja um feiticeiro transformado em corvo? Ou um príncipe encantado? Oh, não preste atenção em mim. – Eu nunca vi nada parecido...\""
    }
  ]
}