{
  "$id": "1",
  "strings": [
    {
      "Key": "3dd8cc36-aa7a-4ba8-8865-aa630dffcb1a",
      "Value": "\"A terra deve dar frutos e alimentar o povo, não divertir uma multidão de bandidos ricos. Permita que os camponeses lavrem esses novos campos.\""
    },
    {
      "Key": "202cee49-1001-42f9-991c-df2b3258acd9",
      "Value": "\"Eu não quero nenhum problema com os comerciantes. Deixe os camponeses encontrarem outro campo para arar.\""
    },
    {
      "Key": "0c5c0f6f-ea15-4053-94b1-8972dfadb0fe",
      "Value": "\"Eu confio no seu julgamento.\""
    },
    {
      "Key": "c0759ab7-73f3-4880-99dd-7434aa59333b",
      "Value": "\"Pegue o bosque de carvalhos. É meu presente para você.\""
    },
    {
      "Key": "bc45fdb1-5e57-4981-93ef-e691c6f42050",
      "Value": "\"Há cada vez mais trabalhadores no reino, e nossos agricultores exigem lotes de solo frutífero. As pessoas comuns o consideram seu defensor contra a iniquidade dos comerciantes. E eles vieram até você com um pedido.\""
    },
    {
      "Key": "658a60ce-d650-4486-be85-e74130261187",
      "Value": "\"{name}, seus súditos crescem incontáveis, como um enxame de gafanhotos. Eles precisam de comida e não há terras cultiváveis suficientes. A fome os leva até você. Eles pedem sua permissão para arar um antigo bosque de carvalhos. Dizem que os ricos use essa floresta para se divertir, caçando esportes. Eles não vão gostar se você tirar o brinquedo.\""
    },
    {
      "Key": "8643ab64-8116-4e46-a69c-9360ef0fad9e",
      "Value": "\"Você é misericordioso. As pessoas nunca esquecerão quem lhes concedeu terras por seu trabalho honesto.\""
    },
    {
      "Key": "9e86effc-e3b2-428d-b0a2-0317732070c9",
      "Value": "\"Eu gostaria que você tivesse me dado. Mas eu entendo. Você deve pensar em seu próprio bando.\""
    },
    {
      "Key": "5b29c3c9-8998-4e55-95c9-a19ac9d1ff3f",
      "Value": "\"Os carvalhos serão restritos a todos, exceto meu bando. Os filhos de {g|Lamashtu}Lamashtu{/g} finalmente terão um lugar nas {g|Stolen Lands}Terras Roubadas{/g}, onde poderão ser livres?\""
    },
    {
      "Key": "0d6102a4-17c8-4c60-b87f-20a2e4dd0d83",
      "Value": "\"Mas a terra deve dar frutos, não deve servir de playground. Mas eu sei que não é preciso cortar árvores velhas ou deixá-las como brinquedos para os ociosos. Conceda esse território a mim e à minha matilha! Meus pupilos anseiam por um lugar próprio, onde possam escapar da perseguição... e sua matilha pode levar todo o resto. Os filhos de {g|Lamashtu}Lamashtu{/g} ficarão longe de suas outras terras e os deixarão seguros para sua matilha.\""
    },
    {
      "Key": "441ea647-49da-4aba-b0f8-aecaa201732b",
      "Value": "{n}O sorriso de Tsanna é predatório.{/n} \"Eu posso ouvir risos felizes. É minha deusa! Beberemos sangue para o conteúdo de nosso coração. Devemos nos animar em comemoração. Produziremos belos monstros sob o dossel das árvores. Deixaremos para seus súditos todo o jogo e terras agrícolas ao redor da área. Obrigado, {name}! Você não vai se arrepender.\""
    },
    {
      "Key": "7bc0598d-8b71-4f8b-8ffd-7d9350a7f0a4",
      "Value": "\"Seus súditos desejam limpar e arar alguns bosques de carvalho próximos, onde homens ricos, locais e {g|Brevoy} Brevan{/g}, caçam no esporte há muitos anos. Os comerciantes não gostam disso, mas eu tenho certeza de que você pode ver que a comida para crianças e idosos é muito mais importante do que esportes para pessoas ociosas? Você não concorda?\""
    },
    {
      "Key": "2b1422e5-1326-4494-bada-4b0a0dc25ccb",
      "Value": "\"Sua Alteza, sua proteção à multidão deu frutos. Agora os camponeses estão exigindo uma licença para nivelar o bosque de carvalhos perto da capital. Eles querem usar a terra como um campo para plantar. Mas, veja bem, os mercadores ricos têm gostam de caçar lá há anos. Eles não ficarão felizes com outra violação de seus privilégios. Siga meu conselho. Não vire a classe influente contra você.\""
    },
    {
      "Key": "98ded162-a0b7-4dd6-9deb-5e2a0dd1e5db",
      "Value": "\"Perfeito. A floresta ficará. Os camponeses terão que se contentar com a comida que têm. Os comerciantes ficarão gratos por esse gesto.\""
    }
  ]
}