{
  "$id": "1",
  "strings": [
    {
      "Key": "fdb1b613-15b7-4e21-b9ee-e6d75c0b36b1",
      "Value": "Dissemos a palavra que a Irmã Desfigurada nos deu."
    },
    {
      "Key": "3b24957d-c1c5-4b88-bdb4-348bafe36c5a",
      "Value": "Marcamos o local e partimos."
    },
    {
      "Key": "ecffca4a-6367-484d-a458-e9c85300b015",
      "Value": "...examinar o corpo da irmã."
    },
    {
      "Key": "8c539238-9af1-4add-91cd-46b70d3c1010",
      "Value": "...pegar o queimador de incenso e saiu da tumba."
    },
    {
      "Key": "5829e6cf-4b68-41b8-b667-ee07ba1f4e76",
      "Value": "[Continuar]"
    },
    {
      "Key": "ad0e486a-8ebf-49f2-8afe-5ece8fba9ade",
      "Value": "...avançar pelo corredor."
    },
    {
      "Key": "1ec4887d-583f-4d9b-9ea2-bd0e04ce6a31",
      "Value": "...examinar cuidadosamente o molde nas paredes."
    },
    {
      "Key": "ff817a89-d561-4e60-9f71-cfb678ea6e8f",
      "Value": "...checar o corredor por mágica."
    },
    {
      "Key": "037d0456-7d3f-4d4b-b24c-dfcbda09dc3c",
      "Value": "...tentar limpar o molde das paredes."
    },
    {
      "Key": "1fe4eee7-b2e7-4d7b-9b0c-c751c907a0aa",
      "Value": "...revistou cuidadosamente o corredor em busca de armadilhas."
    },
    {
      "Key": "257cec7b-ce51-4fcb-91b7-da7e581e2510",
      "Value": "...leia a inscrição."
    },
    {
      "Key": "ba0cd861-98e7-47d2-8048-db56025810ba",
      "Value": "[Fechar]"
    },
    {
      "Key": "4400f7ac-6ba2-42ad-be43-d474dd874c1b",
      "Value": "...examinar a cripta e o queimador de incenso para tentar entender por que as irmãs precisariam de todas essas coisas assustadoras."
    },
    {
      "Key": "ea53874f-399c-40b7-9db1-2052838f772a",
      "Value": "A tumba, construída dentro das rochas escavadas por ciclopes antigos, foi escondida com segurança de buscas casuais – o caminho para ela foi habilmente escondido por uma vegetação exuberante. Se não soubéssemos exatamente onde procurar, teríamos passado por perto, sem sequer suspeitar que estivesse lá. A entrada estava coberta com uma enorme laje de pedra que parecia se fundir com a parede de pedra, mas arbustos desgrenhados e brotos de hera rasgados implicavam que ela havia sido movida recentemente..."
    },
    {
      "Key": "01cec5aa-f48b-442d-a140-a807e42427c3",
      "Value": "Atrás da porta havia um corredor espaçoso, obviamente construído para criaturas muito maiores que os humanos. O ar cheirava a umidade e as paredes de pedra, decoradas com baixos-relevos e esculturas, estavam completamente cobertas por um molde oleoso e repugnante. Nós..."
    },
    {
      "Key": "e9bd3daf-646f-4d48-b034-daf9bfeeea3f",
      "Value": "O texto dizia: \"O ANIMAL TEM DOIS OLHOS.\nO HOMEM TEM UM.\nA DEIDADE NÃO TEM, PARA VIVER NA ESCURIDÃO.\nA ESCURIDÃO CONTÉM TODAS AS RESPOSTAS, ABRE TODAS AS PORTAS, TERMINA TODOS OS CAMINHOS.\"\nEsses companheiros alegres, esses ciclopes antigos!"
    },
    {
      "Key": "16e533af-431e-4599-ba29-edad5eb2b289",
      "Value": "\"Kheb\" significa \"escuridão\". É uma palavra antiga e esquecida de uma língua antiga e esquecida, como um osso branqueado pelo tempo de algum animal desconhecido no deserto... Depois de falar a palavra, a laje de pedra se moveu suavemente e quase silenciosamente para o lado, abrindo a entrada para o escuridão úmida e bolorenta. Para evitar ficar preso dentro, abrimos a porta com uma pedra grande, o que provou ser uma decisão inteligente – assim que entramos, a porta estremeceu e tentou fechar atrás de nós, mas a pedra a manteve no lugar."
    },
    {
      "Key": "0cad2c99-4d96-4cd7-872a-6ffeaa036dca",
      "Value": "Apesar do molde, as esculturas nas paredes de pedra estavam bem preservadas."
    },
    {
      "Key": "a9af2fd5-293d-4b84-8f1b-09de3d73989f",
      "Value": "Felizmente, o molde nesta tumba – embora grudento, fedorento e nojento – era completamente inofensivo. Armado com esse conhecimento, nós..."
    },
    {
      "Key": "46daa7f6-d5b7-4a3f-bf8f-796c05a11086",
      "Value": "Às vezes, o fungo em uma masmorra se mostra mais perigoso do que qualquer monstro. Tantos aventureiros se sufocaram em esporos venenosos, se queimaram ou foram desintegrados no local, só porque nunca pensaram em abrir um livro de botânica!"
    },
    {
      "Key": "4d707938-7b53-4913-91fc-33382bf4eb69",
      "Value": "Infelizmente, não conseguimos detectar se este espécime era perigoso. Nossa única opção era confiar na sorte. Nós..."
    },
    {
      "Key": "3644c7fa-8c92-43f9-ac2e-cf11a5ad386f",
      "Value": "Escondido sob uma camada de mofo na parede, algo brilhou através da visão mágica, irradiando uma forte aura de Necromancia. Era quase certamente uma armadilha mágica, como um daqueles sinais que você não deveria olhar. Levando isso em conta, nós..."
    },
    {
      "Key": "36283035-b67d-4b6b-8bf0-7adc73c02726",
      "Value": "Esta tumba não foi exceção. Claro, não havia placas de pressão no chão ou feixes de pedras esperando para cair em nossas cabeças, mas sob a camada de mofo havia um sinal mágico oculto – do tipo que você não deveria olhar."
    },
    {
      "Key": "cae07279-80dd-4385-a2bc-7db8169094ae",
      "Value": "Mas parecia que essa tumba era uma exceção. Pelo menos não encontramos armadilhas mecânicas – nem placas de pressão sob nossos pés, nem maços de pedras esperando para cair em nossas cabeças."
    },
    {
      "Key": "cc4b5e82-1629-4019-85c7-f397eb4c214b",
      "Value": "Túmulos e armadilhas sempre vêm como um par – como caneta e tinta, ou bárbaros e raiva, ou oficiais e subornos!"
    },
    {
      "Key": "ef890787-514f-4bed-ac6a-7a61c348341d",
      "Value": "Mas, por mais que tentássemos, não conseguimos entender o que isso significava."
    },
    {
      "Key": "125b0d39-d699-4177-af1c-32c27974875c",
      "Value": "Raspamos cuidadosamente o molde das paredes. Não se importava – era um daqueles tipos de fungos completamente inofensivos, nada como algumas das espécies de fungos venenosas, ácidas ou deuses que sabem o que mais que você encontra às vezes. Sob o molde, encontramos texto esculpido na parede, em letras distintas e claramente visíveis de algum idioma desconhecido."
    },
    {
      "Key": "7084ef30-c504-40af-a9a2-cee5535a9c47",
      "Value": "É claro que ficamos muito longe do patch que descobrimos que estava escondendo um símbolo mágico. Depois de terminar o nosso trabalho, nós..."
    },
    {
      "Key": "51dd0a4c-ba94-483f-90b1-33d09e0ad62a",
      "Value": "O molde provou ser seguro o suficiente, mas a parede a que estava agarrada estava segurando uma surpresa desagradável para nós. Depois de limpar um patch, encontramos um grande símbolo mágico claramente visível – e embora o reconhecêssemos imediatamente pelo que era, já era tarde demais. O símbolo brilhou com uma luz mágica e nossos joelhos dobraram – a magia irradiada pelo sinal nos inundou com uma onda de fraqueza. Depois de algum tempo, nos juntamos – mais ou menos – e..."
    },
    {
      "Key": "5d45459c-905e-4853-b0b0-7d0b3e81341e",
      "Value": "Tendo terminado a nossa pesquisa, nós..."
    },
    {
      "Key": "718405ea-de48-4937-ae2f-04d82542448d",
      "Value": "Um enorme sarcófago foi colocado no meio da câmara funerária, com a tampa no chão próximo. Dentro havia um esqueleto gigantesco – seu crânio olhava oco com sua única órbita ocular enorme, e os dedos ossudos estavam presos em torno de um pequeno queimador de incenso de latão que também parecia um crânio de um olho. Perto do sarcófago estava a figura esbelta de uma mulher envolta em uma capa cinza. Ela não estava respirando, e não demorou muito para descobrir sua causa da morte. Os ciclopes haviam deixado uma surpresa desagradável para quem ousasse vir roubar suas sepulturas – perto da cabeça do esqueleto havia um símbolo mágico de morte, esculpido diretamente na superfície do sarcófago. Deve ter matado a irmã no instante em que ela abriu a tampa. Felizmente para nós, foi uma armadilha de uso único. Nós..."
    },
    {
      "Key": "cd769a6a-04bb-45cf-9d86-36fb06d4ee66",
      "Value": "Quando removemos o pano do rosto da mulher morta, isso arrepiou nossas espinhas – ela literalmente não tinha rosto. Em vez disso, havia uma superfície cinza áspera, parecida com uma máscara de argila rústica – dois buracos em vez de olhos, um buraco em vez de um nariz, uma fenda em vez de uma boca... Que poder poderia ter feito isso?"
    },
    {
      "Key": "43131f81-52fb-4084-ad22-170619a009d1",
      "Value": "Depois de examinar o corpo, descobrimos que a mulher morta não era humana. Ela era feérica – provavelmente uma ninfa, deformada por alguma magia desconhecida."
    },
    {
      "Key": "fa9543cb-9648-475a-85d3-48d4c71d8ded",
      "Value": "Como ela não tinha nada de interessante, pegamos o queimador de incenso e saímos da tumba, que também se tornara a câmara funerária para a mesma pessoa que estávamos procurando."
    },
    {
      "Key": "12b5184d-5011-4fcc-8a07-3584822df454",
      "Value": "A julgar pelas esculturas nas paredes, os construtores deste lugar sombrio devem ter venerado {g|Charon}Caronte{/g} – o arquidônomo divino da morte. Queimadores de incenso semelhantes foram usados nos rituais de seus servos. A fumaça que vinha da órbita ocular pretendia simbolizar uma alma voando para ele... As Irmãs estavam realizando algum ritual? Talvez até tentando Invocar o próprio Caronte? Terrível!"
    },
    {
      "Key": "9ca04134-30e0-49cd-b5ca-2e436b01fd19",
      "Value": "Não importa quanto tempo exploramos o lugar sombrio, só entendemos uma coisa: seus construtores adoravam caveiras."
    },
    {
      "Key": "7bbcb6f5-1427-41b5-a080-c8f742fcbba9",
      "Value": "Depois de explorar a tumba, nós..."
    }
  ]
}