{
  "$id": "1",
  "strings": [
    {
      "Key": "b2014094-53fc-49ab-82c3-15a88ad73d6c",
      "Value": "\"Depois que nossa expedição terminar – por que você não vem comigo a Absalom? Nossos médicos nos inundarão de ouro pelo privilégio de estudar um espécime único de morto-vivo!\""
    },
    {
      "Key": "7c540027-c07f-433c-95e8-a399cabe94a0",
      "Value": "\"Uma proposta lisonjeira, mas acho que vou recusar. Embora se você quiser fornecer aos médicos um espécime de morto-vivo tão mal, eu certamente poderia fazer um de vocês!\""
    }
  ]
}