{
  "$id": "1",
  "strings": [
    {
      "Key": "30b3082d-4d95-4cf4-953e-a9beced84b42",
      "Value": "\"Meus amigos! Tivemos um banquete glorioso após a coroação, mas eu ainda gostaria de propor outro brinde ao nosso amigo! Para você, {name}! Que {kingdomname} permaneça por mil anos!\""
    },
    {
      "Key": "445978de-fc0c-4881-8fe5-ae6b5d858cdd",
      "Value": "\"Para {mf|o Rei|a Rainha}!\""
    },
    {
      "Key": "229acb05-d44c-4e5e-84c1-bb02f742a7f9",
      "Value": "\"Para você, {name}! Você merece!\""
    },
    {
      "Key": "f5943115-272e-4378-8b1d-d9d3a00752a0",
      "Value": "\"Bottoms up!\""
    }
  ]
}