{
  "$id": "1",
  "strings": [
    {
      "Key": "71eec304-67c9-43fc-8df7-be022172352e",
      "Value": "\"Sim. Vou acabar com esse pesadelo muito em breve.\""
    },
    {
      "Key": "8145ecec-ffd2-406f-a903-e349093129fa",
      "Value": "\"Aqui está a verdadeira questão – ele está pronto para morrer? Pois é isso que o espera em minhas mãos.\""
    },
    {
      "Key": "74ed6385-6ad0-4862-b5d9-70c1ca8c57e0",
      "Value": "\"Vá embora daqui, corvo.\""
    },
    {
      "Key": "31916997-cad1-42d9-b88b-86bb578e80e4",
      "Value": "\"Jubilost.\""
    },
    {
      "Key": "fc6cf3e1-c815-4d56-b2e2-629b6729c0e1",
      "Value": "\"Octavia.\""
    },
    {
      "Key": "cbef67bb-2671-4b35-9af2-1e5a80f5bf80",
      "Value": "\"Regongar.\""
    },
    {
      "Key": "902ba4c9-e59f-4431-8718-5fc550236429",
      "Value": "\"Ekundayo.\""
    },
    {
      "Key": "c4891142-700c-4772-91fb-5eb41af388d3",
      "Value": "\"Valerie.\""
    },
    {
      "Key": "7cab5902-e3c8-43ad-92b9-87e180040653",
      "Value": "\"Jaethal.\""
    },
    {
      "Key": "0cbaf777-2c2f-49e3-bf44-c18da091b89d",
      "Value": "\"Nok-Nok. Facilmente.\""
    },
    {
      "Key": "8f954341-e76e-4177-9c9c-a85110aab1a9",
      "Value": "\"Harrim.\""
    },
    {
      "Key": "b2e611e9-8dc7-4e12-a8ac-f67e3edadc89",
      "Value": "\"Amiri.\""
    },
    {
      "Key": "fc52be26-e35d-45ae-98e0-7c90999c75d9",
      "Value": "\"Tristian.\""
    },
    {
      "Key": "7e846077-5a35-4826-9878-2c90ef514837",
      "Value": "\"Linzi.\""
    },
    {
      "Key": "099aba48-fa29-483d-b95f-d43597ac3034",
      "Value": "\"Kaessi.\""
    },
    {
      "Key": "d9bf5695-5893-477a-8fec-ad7a68940db3",
      "Value": "\"Prrrepare-se, {race} – o quarto do trono está próximo. Você está pronto para encontrar o Grrrrande Vordakai? Você está pronto para aceitar o presente de serrrvir meu mestrrrre?\""
    },
    {
      "Key": "d2afb610-9d7e-46e6-b76f-12768a347f44",
      "Value": "\"Meu mestre aguarda. Mas antes que você entre com sua presença...\" {n}O corvo examina seu bando.{/n} \"Vordakai não tem utilidade para os frrrrracos, nem para os que imploram por diversão... mas ele vê valor ao usar essas almas como arrrrrrautos para a sua vinda. A questão...\" {n}O corvo faz um barulho, como se estivesse zombando.{/n}\" Quem é o mais frrrrraco entre vocês? Quem deve ser expulso, desconsiderado – escolha o mais frrraco entre você para voar daqui em medo e serrrvir Vordakai em seu vôo? O grande Vordakai permitirá que eles mantenham suas vidas – mas não faz promessas depois disso.\""
    },
    {
      "Key": "dcb23c31-7a02-46d1-8362-969764c986d2",
      "Value": "{n}Nok-Nok, que está estranhamente quieto... e agora que você percebe, tem um brilho faminto nos olhos enquanto observa o corvo... de repente fala.{/n} \"Esse Vordakai é realmente ótimo? Então, o Nok-Nok permitirá que ele sirva e aprenda a ser verdadeiramente grande. Preço da lição barato, custa apenas Vordakai...\" {n}Ele estuda o corvo, depois lambe os lábios.{/n}\" Um corvo.\""
    },
    {
      "Key": "10a2a88f-1406-4af5-a6e3-1b02ec15368a",
      "Value": "\"O que você está tentando dizer, corvo? Meu nome é Amiri, e eu vou chutá-lo em pó e depois jogá-lo de volta em seu caixão.\""
    },
    {
      "Key": "76f89096-eba4-4b57-b547-8a81a06f45c7",
      "Value": "\"Oh, então este seu Vordakai... ele quer que espalhemos histórias sobre ele?\" {n}Linzi balança a cabeça.{/n} \"Não, não, eu sou Linzi, a cronista d{mf|o barão|a baronesa}, não este Vordakai. Não importa o que o seu' mestre 'ordene, ele não merecerá uma nota de rodapé na minha crônica – ou qualquer outra! \" {n}O rosto de Linzi, franzindo a testa, relaxa subitamente.{/n} \"Mas – se eu fiz, é 'Vordakai' com um 'k' 'a' 'i' ou um 'k' 'i' no o fim? Detalhes, você sabe.\""
    },
    {
      "Key": "766f2a24-377b-428f-9aa7-a562495564de",
      "Value": "\"Ofereci-me para ir com {mf|o barão|a baronesa}, e ficarei com {mf|ele|ela} até o fim. Sou Tristian, e você pode informar seu mestre...\" {n}A voz de Tristian assume uma aresta.{/n} \"A luz de {g|Sarenrae}Sarenrae{/g} logo cortará a escuridão desta tumba.\""
    },
    {
      "Key": "df51edfe-44a7-43d2-8490-5aabfd34a2e4",
      "Value": "\"Se a morte {mf|do barão|da baronesa} estiver próxima, meu dever de Harrim é seguir {mf|ele|ela} pelo mesmo caminho. Essa honra é minha, merecidamente conquistada.\""
    },
    {
      "Key": "b43337ea-3696-4f8d-bb3f-363f3ad0b15e",
      "Value": "{n}O corvo não responde – espreita por um momento, depois grita alto e voa para a escuridão.{/n}"
    }
  ]
}