{
  "$id": "1",
  "strings": [
    {
      "Key": "c554cb0c-f9e8-4a57-97bd-7bc7eeea45d4",
      "Value": "\"Temos uma equipe inteira. Quem receberá exatamente o título do barão?\""
    },
    {
      "Key": "cc2128b2-8ba0-4bb6-b71b-eb43ae2514b9",
      "Value": "\"Você está nos ajudando a encontrar um baronato? O que você ganha com tanta generosidade?\""
    },
    {
      "Key": "b9c65bf3-dcd8-4cad-a0fe-9580b22feacf",
      "Value": "\"Que recompensas podemos esperar, exatamente?\""
    },
    {
      "Key": "54f818f6-5649-4338-9989-1c0d3a6bbf35",
      "Value": "\"Está claro como o dia.\""
    },
    {
      "Key": "968fdc3f-46f4-4652-a369-ecafd9486ae9",
      "Value": "\"Por que não apenas reconhecer esse Lorde Cervo como barão?\""
    },
    {
      "Key": "d5546c72-da6e-44a9-a507-ec81d6554bbb",
      "Value": "{n}O prefeito – um homem de meia idade com costeletas grossas e um monóculo – exibe um sorriso radiante.{/n} \"Agradecemos do fundo do coração por responder ao nosso chamado. Vocês podem ser poucos, mas isso é inevitável – precisamos apenas do melhor dos melhores para esta tarefa! E vejo verdadeiros heróis diante de mim, fortes e destemidos – exatamente o que {g|Restov}Restov{/g} precisa!\""
    },
    {
      "Key": "be9990a8-031f-4a5e-a7de-51d2508eb096",
      "Value": "\"Saudações a todos! Eu sou a {g|Swordlords}Senhor das Espadas{/g} Jamandi Aldori, e este é o Lorde Prefeito Ioseph Sellemius de {g|Restov}Restov{/g}. Bem-vindos ao meu castelo.\""
    },
    {
      "Key": "9a4bc5a6-f6db-436a-ab80-9f80f1c763a3",
      "Value": "\"Obrigado, Lorde Prefeito. Agora, vamos ao ponto. Ao sul daqui, logo além da fronteira de {g|Brevoy}Brevoy{/g}, fica uma região conhecida como {g|Stolen Lands}Terras Roubadas{/g}. Este é um território disputado e, embora tenha sido reivindicado por estados vizinhos, nunca foi realmente tomado. Não vou aborrecê-lo com os aspectos técnicos legais. Basta dizer que qualquer pessoa com coragem e poder suficiente para tomar as Terras Roubadas e nomear a si mesma barão ou baronesa, reivindicando domínio – bem, nenhum dos estados vizinhos seria capaz de contestá-lo. Claro, {g|Restov}Restov{/g} seria o primeiro a reconhecer a legitimidade desse novo estado, bem como o título nobre de seu fundador.\""
    },
    {
      "Key": "dbe9e338-22ae-43bc-b383-f202910c2a01",
      "Value": "\"Infelizmente, existe um sério obstáculo entre você e esse título – uma gangue de bandidos domina as {g|Stolen Lands}Terras Roubadas{/g}. O chefe deles, que eles chamam de Lorde Cervo, se considera o legítimo proprietário dessas terras, e ninguém ainda foi capaz de desafiar seu poder. Traga-me a cabeça e você poderá retornar às Terras Roubadas como seu governante legal. Alguma pergunta?\""
    },
    {
      "Key": "66ddb3ca-691b-4fac-844a-1cd9f309dd51",
      "Value": "\"Eu irei, é claro. Afinal, sou o líder dessa equipe! Não se preocupe, farei com que valha a pena me ajudar!\""
    },
    {
      "Key": "206e8ea7-6901-435b-b958-49fd052671e0",
      "Value": "\"Ainda não começamos, e você já fala em dividir recompensas... O que faz você pensar que teremos sucesso? Há pouco argumento sobre quem ganha o título quando provavelmente perderemos nossas vidas lá...\""
    },
    {
      "Key": "377a2987-5899-471b-b9ba-8f3e95b593f8",
      "Value": "\"Acreditamos que todos vocês são igualmente merecedores de um título nobre, ao longo de sua expedição, caberá a você, como equipe, decidir qual de vocês é o mais adequado para governar.\""
    },
    {
      "Key": "003bc9d2-7ced-4974-a79d-d2af3c1268e5",
      "Value": "\"Não faça perguntas estúpidas! Por que você deveria se importar? O que eles têm a ganhar e por que... Isso é para Senhora Aldori e eu discutirmos! Não é da sua conta. Sua única preocupação é girar a espada ou seja o que for que você faça!\""
    },
    {
      "Key": "c2b3fd32-7056-4250-abb0-bfb2899ac4e6",
      "Value": "\"É claro que devemos nos beneficiar dessa companhia. Mas se você está preocupado com a intenção de governar seu reino de longe, usando você como uma frente, saiba que essas preocupações são infundadas. Digamos apenas que temos um forte interesse pela estabilidade da região. Precisamos de um poder dominante com o qual possamos negociar, não de gangues de bandidos e hordas de monstros.\""
    },
    {
      "Key": "8c6c976a-f4d3-4083-9ed7-762cb877f0dc",
      "Value": "{n}As sobrancelhas do senhor prefeito erguem-se tão longe que ele quase deixa cair o monóculo.{/n} \"E que recompensa você procuraria além de um título nobre e de suas próprias terras?\""
    },
    {
      "Key": "a824fb0e-ba86-4520-98c0-f37b77db9e3c",
      "Value": "\"Vamos absorver os custos de preparar e equipar suas expedições. Depois que você voltar vitorioso, {g|Restov}Restov{/g} também alocará uma quantia significativa para fornecer apoio financeiro para você estabelecer seu reino. Essencialmente, nós ajudarei você a construir seu capital. Espero que essa recompensa seja satisfatória?\""
    },
    {
      "Key": "5e7311fa-330e-4e73-9df9-862b2b45d30a",
      "Value": "\"Palavras, palavras, palavras... 'Significativo', 'financeiro'... Eu não posso encher minha barriga com palavras bonitas!\""
    },
    {
      "Key": "02a7e689-bf44-4667-a226-afa5832011e6",
      "Value": "{n}Jamandi sorri.{/n} \"É claro que também haverá um banquete oficial em sua homenagem. Toda a alta sociedade de {g|Restov}Restov{/g} se reunirá para comemorar seu feito!\""
    },
    {
      "Key": "c6cd1e0a-ca20-475f-8560-1895ede082d7",
      "Value": "\"Agora você está falando!\""
    },
    {
      "Key": "ef4b7180-24ca-4114-9eb7-9aaae40af7dc",
      "Value": "\"Excelente. Vocês se aventuram amanhã. Por enquanto, podem demorar um pouco para se conhecerem melhor ou podem ir direto para os seus quartos para descansar um pouco. Você descobrirá que já preparamos suprimentos para você e obrigado novamente por concordar em participar desta expedição. Desejo-lhe sorte!\""
    },
    {
      "Key": "74c440fd-e2b9-4f76-8b76-509033cf9b2d",
      "Value": "\"Esse é um bom argumento. A meu ver, esse Lorde Cervo já detém o poder sobre a região com confiança. Muitas linhagens nobres foram iniciadas por bandidos que tiveram sorte, não eram?\""
    },
    {
      "Key": "75e74cb1-0d7a-4c1e-9089-80a1f945a9a6",
      "Value": "{n}O olhar do {g|Swordlords}Lorde da Espada{/g} é arrepiante quando ela responde.{/n} \"Talvez porque tenhamos padrões a serem mantidos. Essa sala já viu muitas celebrações de aventureiros e até mesmo aqueles que 'apenas teve sorte.' Mas dar um título nobre a um bandido – isso é algo que nunca aconteceu aqui e não acontece enquanto eu ainda respiro.\""
    },
    {
      "Key": "12e1248c-0ae7-47dd-8a94-5732336b62f6",
      "Value": "{n}Jamandi limpa a garganta alto, interrompendo a discussão.{/n} \"Se eu puder responder à pergunta...\" {n}Ela faz uma longa pausa, esperando que as vozes diminuam enquanto todos dirigem sua atenção em direção a ela.{/n}"
    },
    {
      "Key": "b6b47c65-83d0-4c9e-9613-7b0d193bba26",
      "Value": "\"Obrigado novamente, com todo o meu coração, por responder a esta chamada! O brilho nos seus olhos revela sua coragem, a vontade inabalável que distingue os verdadeiros heróis! Eu olho para você, ó defensor de {g|Restov}Restov{/g} e não duvide nem por um segundo que você será vitorioso. Então aventure-se em direção ao seu feito – vá e volte em triunfo!\""
    },
    {
      "Key": "0d5cd393-4ba9-411c-a4fd-2c77c68f0473",
      "Value": "{n}Uma garota tiefling está parada ali perto, falando em voz baixa.{/n} \"Que cheiro é esse no ar? É o cheiro de palavras não ditas e intrigas políticas?\" {n}Percebendo que você a ouviu comentar, ela pisca para você timidamente.{/n}"
    }
  ]
}