{
  "$id": "1",
  "strings": [
    {
      "Key": "50660ba4-8e56-4a0e-ac7b-84b7ae456ae5",
      "Value": "\"Sobre o que você estava discutindo?\""
    },
    {
      "Key": "892e6ece-0f18-4df3-a9c4-4013874678c1",
      "Value": "\"Eu acho que você pode encontrar pelo menos mais um objeto merecedor de seus flertes por aqui...\""
    },
    {
      "Key": "413b5671-d4c2-49b0-9d79-594cf9d627c3",
      "Value": "\"Você vai dar uma volta comigo?\""
    },
    {
      "Key": "79b95ce5-29bc-458c-a51e-5ec3d0d5a2d7",
      "Value": "\"Me desculpe, eu não posso fazer sua companhia. Adeus!\""
    },
    {
      "Key": "27f74f9d-04e4-46e4-a14d-7d40123753f2",
      "Value": "\"Definitivamente não conto modéstia entre minhas falhas.\""
    },
    {
      "Key": "415abd51-357e-47ae-946e-1f9b661d3dee",
      "Value": "\"Prefiro chamar as coisas do que são.\""
    },
    {
      "Key": "d156cb2e-72aa-4360-a1f4-1e7238b4f35b",
      "Value": "\"Você me entendeu mal. Vamos terminar essa conversa.\""
    },
    {
      "Key": "a885621d-df5e-41ab-853f-fd2ac3ae9736",
      "Value": "\"Eu aceitaria com prazer o convite. Vamos.\""
    },
    {
      "Key": "766358c5-e143-489f-9309-3b3163615b35",
      "Value": "\"Mas por quê? Eu gosto de você. Não quero guardar segredo.\""
    },
    {
      "Key": "ddc17cb2-8f5e-42d1-ba3c-91257aed670d",
      "Value": "\"Tudo bem. Um segredo é então.\""
    },
    {
      "Key": "6b67e1d6-182b-4660-86a2-782fac44be44",
      "Value": "\"Eu não posso ter isso.\""
    },
    {
      "Key": "74ed8dc8-d5b7-449a-a924-8207f598ff69",
      "Value": "\"É tudo por causa de uma certa tiefling bonita. Por ela, estou pronta para andar dia e noite!\""
    },
    {
      "Key": "9792dbb0-9cf5-45dd-bcd3-af3fb85cc467",
      "Value": "\"Oito moedas?! Oito?! Olhe nos meus olhos, honroso Hassuf. Como nuvens negras escondem o sol brilhante, esse preço rouba a alegria da minha alma e o sorriso do meu rosto.\""
    },
    {
      "Key": "cebdad08-34fe-4e41-b4f6-7dcfd9af76df",
      "Value": "\"Eu arrancaria a lua do céu por seu sorriso, ó linda filha do deserto. Mas enquanto eu estiver deste lado do balcão, o encanto de ninguém vai nublar meu julgamento. Oito moedas de ouro e nenhuma moeda Menos.\""
    },
    {
      "Key": "fb55a1b6-4b2b-4987-a4ac-584b9afb966a",
      "Value": "\"Você é tão cruel...\" {n}Kanerah percebe e sorri calorosamente.{/n} \"Agora vou deixar você em paz com a sua falta de coração!\""
    },
    {
      "Key": "33c4dea0-6390-4f84-a875-281848b571a5",
      "Value": "\"Oh Hassuf, astuto comerciante! Mas eu gosto. Gosto de pessoas que sabem que lado do pão está amanteigado.\" {n}Kanerah quase ronrona de prazer, olhando em volta de brincadeira.{/n}"
    },
    {
      "Key": "61f082ac-18ef-4e3d-a68f-0c5adbf94292",
      "Value": "\"Alguma bugiganga – eu nem me lembro como é! Eu só gosto de pechinchar com Hassuf. É como um joguinho... e um pouco como flertar.\""
    },
    {
      "Key": "4486e036-bb41-46a4-ab89-de43a9e56215",
      "Value": "{n}Kanerah olha para você timidamente por baixo dos cílios dela.{/n} \"E quem pode ser isso? Estou bastante perplexo... Certamente você não consegue se entender? Isso não seria modesto!\""
    },
    {
      "Key": "eeca87c3-e204-43ff-aaa6-c5e464b0135f",
      "Value": "{n}Kanerah nem tenta esconder sua decepção.{/n} \"Noss{mf|o barão|a baronesa|o rei|a rainha} está sempre tão ocupado... Bem, vou procurar outra pessoa para provocar?\""
    },
    {
      "Key": "70023dda-f421-4627-806b-d59cd8ceb371",
      "Value": "\"Você não está cansado de andar o tempo todo? Depois de perseguir todos aqueles monstros e bandidos pelos pântanos próximos...\""
    },
    {
      "Key": "8fa4b7ec-066c-4b9c-99cd-82b10373dd91",
      "Value": "\"Uma pena.\" {n}Você vê sincero arrependimento nos olhos de Kanerah.{/n} \"Até logo, e me perdoe por incomodá-lo.\""
    },
    {
      "Key": "c8a161e1-9c64-4385-9e00-fb42eb8e8de1",
      "Value": "\"Você não sente vergonha? Por que, que maravilhoso!\""
    },
    {
      "Key": "4d2e9a7d-3299-4ef4-955b-0135b6d2e8eb",
      "Value": "\"Por que não? Honestidade e franqueza são adornos mais finos do que rendas, para quem sabe perseguir seus objetivos.\""
    },
    {
      "Key": "4f0922d1-244b-4784-afe7-65d069cf8aaf",
      "Value": "\"Mas não devemos congelar ao vento aqui. Esse clima do norte pode causar uma tempestade a qualquer momento! Há uma lareira em minha casa – e podemos fazê-la queimar ainda mais quente...\""
    },
    {
      "Key": "4bfc3297-481d-4d56-87bb-e3c931130ce7",
      "Value": "Kanerah para e olha para o fogo. Suas sombras e chamas dançando em seu rosto. De repente, ela parece mais séria do que era há pouco na praça.{/n} \"Quero lhe pedir um favor.\""
    },
    {
      "Key": "44bdc267-a170-44c1-a454-8aa1140f49c7",
      "Value": "\"Não acredito que vou arruinar um momento maravilhoso com uma conversa séria! Mas ainda assim... acho que você está interessado em mim do jeito que estou interessado em você. E se isso for verdade, continue tudo o que acontece entre nós é um segredo. De todos – até dos seus companheiros.\""
    },
    {
      "Key": "e83da667-c80b-4c6b-a5dd-d02bebdbd9d0",
      "Value": "\"Eu não quero chamar muita atenção do público. Minha irmã e eu já criamos muita agitação em suas terras! Além disso... é difícil de explicar, mas é melhor ficar nas sombras. Segredos escondem e protegem e impedir que você se machuque. Kalikke poderia explicar melhor – talvez até escrever um poema sobre isso. Eu apenas digo o melhor que posso.\""
    },
    {
      "Key": "1999d980-a722-4d8e-8ae3-e28b61048250",
      "Value": "\"Por um lado, não quero chamar muita atenção, pelo menos por enquanto. Ter muitos olhos em mim – é... um pouco desconfortável. Além disso, ainda estou vinculado às condições do Herald of Nethys, e deve tentar manter em segredo minha dupla identidade. Se todo mundo começar a sussurrar que 'Kaessi' cresceu perto d{mf|o barão|a baronesa|o rei|a rainha}, eles esperam que ela 'se comporte' de uma certa maneira. E eu conheço minha irmã. – Ela não será capaz de brincar junto, e o segredo não ficará escondido por muito tempo.\""
    },
    {
      "Key": "399b7b28-bd79-4723-8702-542e33e78d94",
      "Value": "\"Sinto muito. Então me perdoe por desperdiçar seu tempo.\""
    },
    {
      "Key": "60e3ab5f-ad4a-44c3-af51-e68506440049",
      "Value": "{n}O sorriso de Kanerah parece sincero e agradecido.{/n} \"Isso é perfeito.\""
    },
    {
      "Key": "f266e611-fc6b-4676-b6f3-a73b6464bf51",
      "Value": "{n}Ela dá um passo mais perto, quase se apegando a você, e acende uma pequena fogueira na mão.{/n} \"A terra de onde eu venho está cheia de opostos. Às vezes é tão quente durante o dia que as rochas derretem sob o sol como a neve, mas depois chega a noite e o frio congela você até os ossos. A noite é a hora em que as famílias se reúnem em uma lareira, quando os pais seguram seus filhos – e quando os amantes compartilham o calor de seus corpos e enchem seus corpos, e preenche corações com o calor um do outro enquanto eles dormem.\""
    },
    {
      "Key": "3ab3d5c5-3048-431c-bf56-6b304bd3f1c7",
      "Value": "\"Quero mostrar como é feito.\" {n}Ela apaga o fogo rapidamente e dá o passo final em sua direção, passando os braços em volta do seu pescoço e beijando-o apaixonadamente.{/n}"
    },
    {
      "Key": "a6b2fd82-6d9e-4d71-9fca-9cbd2239aead",
      "Value": "{n}Kanerah estremece de rir.{/n} \"Gostei especialmente da parte sobre 'noite'! E você sabe o que eu acho?\""
    }
  ]
}