{
  "$id": "1",
  "strings": [
    {
      "Key": "939f39c9-667a-4c8e-9320-27ebdeefda5e",
      "Value": "\"Eu tenho que ir.\""
    },
    {
      "Key": "c38ad5a1-2e11-43a7-8545-f80d251a79b6",
      "Value": "\"Sua {mf|Graça|Graça|Alteza|Alteza}! Obrigado por encontrar tempo para visitar este canto humilde do seu abençoado por deuses {mf|baronato|baronato|reino|reino}! Como posso ser útil?\""
    },
    {
      "Key": "9dca56d1-5a0c-40ac-91bd-135a06eeafa0",
      "Value": "\"Que os deuses nunca te abandonem à mercê deles!\""
    }
  ]
}