{
  "$id": "1",
  "strings": [
    {
      "Key": "bf93530c-4b66-41c4-8704-b0cc1d331024",
      "Value": "\"Tenho más notícias, Alteza. Os ídolos que você encomendou protegidos tornaram-se cenas de crime repetidas vezes. Traços sangrentos são frequentemente descobertos. Encontramos uma nova cova recentemente, e eu não podia acreditar nos meus olhos. Parece que alguém está fazendo sacrifícios aos ídolos!\""
    },
    {
      "Key": "36de6963-4614-43aa-9e3a-905d4e62ae21",
      "Value": "\"Tenho más notícias, {name}. Alguém tem feito sacrifícios sangrentos aos ídolos que você misericordiosamente concedeu sua proteção. Descobrimos sangue e cadáveres. Os guardas tentaram erradicar os cultistas, mas as pessoas estão assustadas, e todas as tentativas falharam.\""
    },
    {
      "Key": "fa6b103c-c35d-401c-bb0e-b4e9d5376c03",
      "Value": "\"{name}, os ídolos que você concedeu à sua proteção estão atraindo cultistas perigosos mais uma vez. Continuamos descobrindo sangue e cadáveres. Os guardas tentaram erradicar os cultistas, mas as pessoas têm medo de falar.\""
    },
    {
      "Key": "e71daf00-556b-4176-bf0a-34cfa5978b2a",
      "Value": "\"Devemos ordenar ao ministro que mande assassinos atrás dos cultistas sangrentos! Não, não assassinos... Devemos convidar inquisidores que honrem os bons deuses! Eles rapidamente se afastam e acabam com os malandros. Deixe o diplomata escrever convites para Se esses ídolos são tão queridos por seus adoradores pagãos, eles poderiam ter me procurado para negociar. Infelizmente, agora que o sangue está derramado, o tempo das palavras se foi!\""
    },
    {
      "Key": "17d0c4e1-2aa8-4462-bc3d-e51df73977f2",
      "Value": "\"Poderíamos ordenar que o ministro enviasse nossos melhores assassinos atrás deles. Nosso Grande Diplomata poderia envolver inquisidores, que são muito parecidos com assassinos, exceto que eles servem à divindade em vez de às próprias bolsas. Mas acho que posso chegar a um acordo com quem quer que seja realizar esses ritos. Permitir que eles sejam executados em silêncio, sem alarmar a comunidade. E se servirem a um propósito maior?\""
    },
    {
      "Key": "f6a86e78-97f9-4fbe-81da-28c819ba6933",
      "Value": "\"Eles estão fazendo um bom trabalho, eu darei a eles. Acho que não poderíamos convencê-los a trabalhar para nós – então por que você não diz ao ministro para enviar assassinos atrás deles e apreender todos os seus diários?\" Também aconselho a não ordenar que o Grande Diplomata convoque os inquisidores de deuses benevolentes. A investigação deles pode trazer à luz... outros cultos ameaçadores que operam em suas terras. E não gostaríamos disso, agora?\""
    }
  ]
}