{
  "$id": "1",
  "strings": [
    {
      "Key": "38defca9-8eb5-4607-95ea-f564616c6728",
      "Value": "[Junte-se a Amiri] \"Claro. Vamos.\""
    },
    {
      "Key": "3a3c0390-23a7-4fe2-86d2-c62ed5ed9381",
      "Value": "[Deixar o acampamento dos Seis Ursos] \"Espere, eu preciso fazer outra coisa primeiro.\""
    },
    {
      "Key": "b1922db9-2fbc-4be9-80f7-3c9298732f04",
      "Value": "\"Eles estão esperando por nós. Você está pronta?\""
    },
    {
      "Key": "20de3695-dc86-496c-893b-04b437502758",
      "Value": "\"Tudo bem, apenas se apresse!\""
    },
    {
      "Key": "6ea53b8d-852d-45ac-ab82-c8b00abe00fc",
      "Value": "{n}Amiri enche o peito de ar e exala bruscamente.{/n} \"Vamos lá!\""
    }
  ]
}