{
  "$id": "1",
  "strings": [
    {
      "Key": "c03ef5b9-55f2-463b-8c93-8b6ee2b422b6",
      "Value": "[Usar a corda]"
    },
    {
      "Key": "d0b73580-4156-4fad-860d-f764f05905f4",
      "Value": "[Comece a escalar] \"Vamos! Ao nosso objetivo!\""
    },
    {
      "Key": "21d63287-88bc-49b2-a70e-eb5f5546723c",
      "Value": "[Sair] \"Talvez mais tarde.\""
    },
    {
      "Key": "991eecee-8393-4698-aed5-7190025f6574",
      "Value": "{n}Kalikke joga a cabeça para trás e olha para cima.{/n} \"Lá em cima! Há uma torre ali, no penhasco. Mas será difícil escalar uma ladeira tão íngreme.\" {n}Kalikke dá um sorriso pensativo e triste.{/n} \"Minha irmã e eu costumávamos escalar penhascos juntos. Ela ficou tão brava quando eu era mais rápido! Mas ela sempre me ajudou quando chegou à frente...\""
    },
    {
      "Key": "3d0aa143-1741-4aab-bfac-5f6d966bb4a0",
      "Value": "{n}Kalikke sobe o penhasco com a destreza de um lagarto, mas você dá passos largos com ela, mantendo-se facilmente. Em breve o topo do penhasco estará diante de você...{/n}"
    },
    {
      "Key": "2190471c-28e1-4dbc-89b1-898129c36020",
      "Value": "{n}Você começa a subir. Em um ponto, você descobre que uma borda que você queria pisar não é segura. Você tenta voltar atrás, mas perde o equilíbrio.{/n}"
    },
    {
      "Key": "437e9853-7932-4883-9b85-55c1712e1f91",
      "Value": "{n}Felizmente, Kalikke, que está subindo com a destreza de um lagarto, pega sua mão bem a tempo e ajuda você a se segurar.{/n} \"Olha, estamos perto do topo! Quase lá...\""
    },
    {
      "Key": "ad6f806c-3c6e-4ea7-8b8f-d6e9c52c28f3",
      "Value": "\"Você está pronto para a escalada?\""
    }
  ]
}