{
  "$id": "1",
  "strings": [
    {
      "Key": "1777584f-a6fc-4c51-90bd-14d37408e700",
      "Value": "\"Eu estava pensando, Linzi... Talvez, quando nossa jornada terminar, precisarei, digamos, de uma secretária. Alguém inteligente que possa anotar meus pensamentos inestimáveis!\""
    },
    {
      "Key": "4591bd39-f8c5-4577-8bb2-7070bbd9e52a",
      "Value": "\"Você quer dizer eu? Ah, eu não sei... Claro, você é um bastião da ciência, mestre da pena e assim por diante, mas eu estou acostumado a escrever o que eu quiser.\""
    }
  ]
}