{
  "$id": "1",
  "strings": [
    {
      "Key": "17cb893d-c0ce-4b90-8920-e2feb542a5da",
      "Value": "\"Há um entalhe na minha espada novamente. Onde está minha pedra de amolar...\""
    },
    {
      "Key": "7afc08c9-9e60-4e3d-bc5d-ea553816eac7",
      "Value": "\"Nããão, esse som não está de novo, por favor! Me olhe nos olhos, nobre Valerie. Você está preparado para assassinar seu companheiro com seu 'Shink! Shink! Shink! Shink!'?\""
    },
    {
      "Key": "e54df55a-daf8-4269-93fc-25ac0c2c0e86",
      "Value": "\"Nããão, esse som não está de novo, por favor! Me olhe nos olhos, nobre Valerie. Você está preparado para assassinar seu companheiro com seu 'Shink! Shink! Shink! Shink!'?\""
    }
  ]
}