{
  "$id": "1",
  "strings": [
    {
      "Key": "fd8c9d1b-c079-42f4-af3a-34a171062dde",
      "Value": "{g|Espionage6_1}[Efeitos de decisão]{/g} \"Passe as informações sobre os Jardineiros ao líder do Conselho Revolucionário de Galt.\""
    },
    {
      "Key": "76e040ee-8784-468e-8d80-a6fe53c7a04e",
      "Value": "{g|Espionage6_2}[Efeitos de decisão]{/g} \"Ajude a Ordem da Vingança a alcançar sua vingança.\""
    },
    {
      "Key": "e4f73933-5004-4a53-a41d-90b4193f9717",
      "Value": "{g|Espionage6_3}[Efeitos de decisão]{/g} \"Organize negociações de paz com Litran.\""
    },
    {
      "Key": "ef29183e-1f8a-493b-a357-da5a9aa97a5a",
      "Value": "\"Eu vou confiar no seu julgamento.\""
    },
    {
      "Key": "f751c448-14b1-49a6-91e4-968e882f121b",
      "Value": "\"Estamos lutando na guerra de outra pessoa. Não somos Gralton. Não somos Litran. Não temos interesse nessa luta. Vamos escapar antes que aPunhalemos pelas costas. Pedir paz é uma opção, embora pouco confiável. Vamos distraí-los primeiro.\""
    },
    {
      "Key": "4dfda269-101d-45ce-9c1b-bcb17a9f322d",
      "Value": "\"Olha, {name}, nós de repente tropeçamos no meio de uma briga entre Litran e Gralton. Eu não sei quem pode se beneficiar disso, mas certamente não somos nós. É hora de descobrir uma maneira de nos libertarmos da situação. Sugiro que negociquemos um tratado de paz. No entanto, se você estiver orgulhoso demais por essa medida, eu lhe darei algumas outras opções.\""
    },
    {
      "Key": "340c47ed-e221-4b71-882e-462e422a9a65",
      "Value": "\"Estamos cada vez mais envolvidos na luta de Litran e Gralton. Isso já drena nossas forças e não pode terminar bem. É hora de planejarmos nossa fuga dessa situação – de preferência algo que nos atinja uma luz positiva. Posso ver duas opções.\"\""
    },
    {
      "Key": "727a369e-5b7b-4737-8554-e8c97261110e",
      "Value": "\"Muito bem. Vou enviar a Goss tudo o que ele precisa saber sobre as máscaras cinza.\""
    },
    {
      "Key": "6b0c98a7-1dca-4ede-a41e-4118040aac27",
      "Value": "\"Ele ficará mais do que feliz em sangrar um pouco os Jardineiros Cinzentos. E temos todas as informações de que precisamos para começar a sangrar. O tolo ignorante nem pára para pensar por que compartilhamos nosso conhecimento com ele.\""
    },
    {
      "Key": "0d19e677-2ff0-4f3f-b03f-0a042f2ec8d7",
      "Value": "\"Essa guerra insana entre os dois reinos acabaria por acontecer. Pelo menos poderíamos lucrar com isso. Isso terá que ser bom o suficiente por enquanto.\""
    },
    {
      "Key": "392c9dd4-9a52-44fb-a44a-5e005bf01139",
      "Value": "\"Litran esquecerá tudo de nós, quando os guerrilheiros tomarem as fronteiras de {g|Galt}Galt{/g}. Os Jardineiros Cinzentos nunca deveriam ter nos cruzado.\""
    },
    {
      "Key": "7aba993b-9db8-40ca-be99-e7f4daa30819",
      "Value": "{n}Ekun estica o ombro.{/n} \"Pode funcionar. Litran é perigoso, mas eles não são tolos. Nós não somos seus inimigos.\""
    },
    {
      "Key": "c4ad9d41-d6e7-4e71-8ac6-14b7782d1d55",
      "Value": "\"Isso é muito sábio. Vou enviar um embaixador para Litran. Espero que não o decapitem... Não, não, não devem.\""
    },
    {
      "Key": "95ea2bcd-bfa3-4b44-a528-81da99c3ec9e",
      "Value": "\"Poderíamos convencer os Jardineiros Cinzentos simplesmente a nos esquecer. Tudo o que precisamos fazer é entregar seus nomes a Korran Goss, chefe do Conselho Revolucionário de {g|Galt}Galt{/g}. Ele tem medo do andaime que acabou com a vida de seus precursores, assim ele terá a chance de minar os guardiões da revolução. Os Jardineiros estarão subitamente lutando pela sobrevivência e, em qualquer caso, terão necessidades mais prementes do que se preocupar conosco.\""
    },
    {
      "Key": "d037c71c-dede-4bd8-a7e9-02573dfa6e04",
      "Value": "\"Outro inimigo, também sedento pelo sangue dos jardineiros, é uma sociedade secreta de Gralton – a Ordem da Vingança. Eles juraram lealdade a {g|Calistria}Calistria{/g}, na esperança de que ela os ajude a vingar suas perdas. Podemos ajudá-los a formar uma aliança com Gralton. Eles começariam a assediar a fronteira de {g|Galt}Galt{/g}, que ocupará toda a atenção dos Jardineiros. Vou gostar de ver meus inimigos sangrando até a morte na batalha que eu causei.\""
    },
    {
      "Key": "4403c990-4e8a-421f-ad67-236e8ab8f4d0",
      "Value": "\"Os Jardineiros Cinzentos têm um inimigo mais atraente do que nós – e também estão mais próximos! É claro que estou falando do Conselho Revolucionário de {g|Galt}Galt{/g}, liderado por Goss. Afinal,, o passatempo favorito dos jardineiros é decapitar os membros do conselho \"para o benefício da revolução\" – então Goss prefere manter um perfil discreto. Ele teme que seu governo possa ser decapitado, em todos os sentidos da palavra. Mas se dermos a ele algo em que cravar os dentes, ele pode decidir ir atrás dos Gardeners, afinal. No entanto, eu evitaria esse curso. Se Goss vencer, ele pode se tornar ainda pior do que os Gardeners.\""
    },
    {
      "Key": "8b272da0-34d0-47bc-abad-84eeb35040e0",
      "Value": "\"Outra maneira de distrair a atenção de Litran é a Ordem da Vingança, uma sociedade secreta em Gralton. Eles são vingadores, que procuram retribuir os ferimentos sofridos durante a revolução. Se os ajudarmos a formar uma aliança com Gralton, a Ordem poderá se envolver em guerrilhas nas fronteiras. É uma pena que essa bagunça esteja ocorrendo logo ao lado.\""
    },
    {
      "Key": "61f70cd5-2b6b-4aa8-a29a-8b881b96cdd5",
      "Value": "\"Você não pode lidar com os Jardineiros Cinzentos, mas a morte já os persegue de perto. Korran Goss governa {g|Galt}Galt{/g}, e ele é cauteloso com os Jardineiros. Eles decapitaram mais de um de seus antecessores, e ele vai atacar se lhe dermos um alvo. Ele encontrará um bom motivo – uma traição. Podemos esperar ser deixados em paz depois disso.\""
    },
    {
      "Key": "8fcfca47-9d05-4bfb-b67b-625b4c49abad",
      "Value": "\"Temos outra opção, mas isso nos leva a um caminho perigoso. Há uma Ordem de Vingança em Gralton, vingadores selvagens com corações profundamente feridos. Eles procuram acertar as contas, mas seus números são muito poucos. Poderíamos atraí-los para uma aliança com Gralton, e seu número aumentará. Eles voltariam a {g|Galt}Galt{/g} para exigir sua vingança, e os Jardineiros ficariam ocupados demais para se incomodar conosco, mas o sangue fluirá. E eles vão se lembrar do que fizemos!\""
    }
  ]
}