{
  "$id": "1",
  "strings": [
    {
      "Key": "d6d71617-a4e1-45a6-b7f0-e0423aeceac1",
      "Value": "\"Quem é você?\""
    },
    {
      "Key": "2f14a49c-aa8b-4a8b-91d0-7b02405e946e",
      "Value": "\"Eu sou {mf|o barão|a baronesa|o rei|a rainha} dessas terras. Peça desculpas imediatamente!\""
    },
    {
      "Key": "b11f0408-4ac7-4295-9020-5f398eb26534",
      "Value": "[Atacar] \"Você deve prestar atenção ao seu idioma.\""
    },
    {
      "Key": "eaa429da-6af7-43eb-83a0-4ae2c03ce21b",
      "Value": "\"Eu sei quem você é, Kaleena. Estou aqui para matá-lo e relatar sua morte a Areena Korvosh.\""
    },
    {
      "Key": "b4f2d2f3-7c8f-4ffd-9c67-3dd78e821068",
      "Value": "\"Eu sei quem você é. Sua cabeça vale muito dinheiro. Quer fazer uma contraproposta?\""
    },
    {
      "Key": "11343a82-464b-4e9e-99fc-cabdf83ae1a6",
      "Value": "[Atacar] \"Chega desse drama!\""
    },
    {
      "Key": "c495d7f6-8bf6-432a-98ec-34bd73c5471c",
      "Value": "\"Eu estou indo do meu jeito.\""
    },
    {
      "Key": "627a8d67-f98a-4c52-a34c-3216b96957d9",
      "Value": "\"Jadwiga? As Bruxas Brancas? Eu não entendo metade do que você está dizendo.\""
    },
    {
      "Key": "38af7412-fcba-4972-86f9-419b37112e7f",
      "Value": "\"Estou deixando você ir, mas não vou ajudá-lo a conspirar contra sua irmã.\""
    },
    {
      "Key": "1f460dcd-8a2a-4e9b-b5f6-b90b829f259d",
      "Value": "\"Eu vou ajudá-lo a se livrar de sua irmã. O que devo fazer?\""
    },
    {
      "Key": "a6d0473b-64aa-4d87-944f-00287f6e8c0f",
      "Value": "\"Eu não ligo para o feudo da sua família. No entanto, ligo para o contrato comercial que Areena me ofereceu.\""
    },
    {
      "Key": "5d5ffd8d-3479-47c0-ab3d-3f1a24ee780d",
      "Value": "\"Prometi ajudar Areena e não voltarei atrás na minha palavra.\""
    },
    {
      "Key": "d7d8e23b-49e4-4f75-93f4-ac4a5745f0df",
      "Value": "\"Estamos falando da sua vida, lembra? Que tal uma oferta melhor em troca da minha cooperação?\""
    },
    {
      "Key": "3279cfcc-3537-4323-bd2c-ad9f42b2bfe6",
      "Value": "\"Mudei de idéia. Sem acordo.\""
    },
    {
      "Key": "fcd16778-feac-4e17-b305-8d0612cff399",
      "Value": "\"Você percebe que, se tentar me enganar, entrarei em contato com os amigos de luto de sua amada irmã?\""
    },
    {
      "Key": "f6de69ae-71f0-4bef-80d1-a83ad28e839f",
      "Value": "\"O que você está fazendo aqui? Vá embora antes que eu perca a paciência!\""
    },
    {
      "Key": "2a5847e5-6bd4-449c-ab08-e9087a3048e7",
      "Value": "{n}Uma mulher magra e pálida com uma postura ereta olha para você com os olhos de um puma zangado, azul como gelo. Seu brilhante cabelo ruivo sussurra como fogo silencioso sobre sua pele branca.{/n}"
    },
    {
      "Key": "fb2d6c18-cee1-4d81-90cb-cc510a68f9c7",
      "Value": "{n}Suas palavras fazem a mulher se encolher. Ela encolhe, o medo nos olhos.{/n} \"Peço perdão, {mf|Sua Graça|Sua Graça|Sua Alteza|Sua Alteza}. Ficamos perturbados muito tarde. Isso me deixou um pouco... nervoso. Devemos descansar e recuperar nossas forças antes de seguir para o sul. Temos um longo caminho pela frente, mas não se preocupe, estaremos a caminho em breve.\""
    },
    {
      "Key": "affe2c84-f2f9-48dc-bc23-6a414fe908e7",
      "Value": "\"Por quê você se importa?\" {n}A mulher olha para você de cima a baixo e continua com um tom mais calmo.{/n} \"Apenas viajantes, {race}. Temos estado muito preocupados ultimamente. Eu só quero ficar sozinha. Precisamos descansar. Precisamos descansar e recuperar nossas forças antes de seguirmos para o sul.\""
    },
    {
      "Key": "5e196d1b-6b75-436a-9afc-4f7f92a9d063",
      "Value": "\"O que é isso?\""
    },
    {
      "Key": "6f7578c8-096f-4dac-bf8b-73109ce572c5",
      "Value": "{n}Kaleena lambe os lábios.{/n} \"Ah, sério? Então, por que você não está me atacando? Parece que você não tem pressa em obedecer às ordens dos vagabundos. Muito bom – é a coisa certa a fazer!\""
    },
    {
      "Key": "d26a5ea9-67e7-4ea6-833d-9b5498cbdc4a",
      "Value": "{n}Kaleena pisca, depois aperta os olhos.{/n} \"Então é assim que as coisas são. Vejo que você tem uma boa cabeça para os negócios! Direto ao ponto. É uma coisa boa que decidi me esconder nas {g|Stolen Lands}Terras Roubadas{/g}!\""
    },
    {
      "Key": "983a3501-7a6a-480f-9ac0-2682b86ca9ba",
      "Value": "\"Eu não sei o que mentiras Areena te contou, mas aposto que ela não te disse que eu sou Jadwiga também. Vou te contar mais – eu sou Korvosh. Somos irmãs, desabafando sobre nossa linhagem\". Uma história antiga, sim? Assim que nossa querida mãe partiu, minha irmã enganadora anunciou que eu havia me juntado aos Arautos do Retorno de Verão – traidores que procuram derrubar não apenas a própria rainha, mas também as bruxas brancas!\""
    },
    {
      "Key": "b9a621f8-34d7-47fe-be9b-927df3d8763d",
      "Value": "\"Não me importo com esses loucos, mas em Irrisen Irrisen, a acusação de estar envolvido com os Arautos é a morte certa. Eles deixaram os lobos do inverno caírem sobre mim. Felizmente, eu tinha dinheiro, então Comprei a lealdade de alguns mercenários.\" {n}Kaleena olha para você de cima a baixo.{/n} \"Tenho certeza de que posso retribuir sua ajuda. Mas será necessário mais do que simplesmente me liberar.\""
    },
    {
      "Key": "732f1f29-61ca-4008-8b5e-5e9baa10f944",
      "Value": "\"Não sou mais rico que um mendigo agora, mas se você me ajudar a me livrar de Areena... posso lhe dizer: vou superar sua oferta pela metade. Tudo o que ela ofereceu, dinheiro, escravos, interesses comerciais... você vai ter tudo, mais outra metade. Vou precisar de muitos recursos. Areena tem muitos amigos, que ficarão furiosos se ela morrer. Eu devo estar preparado.\""
    },
    {
      "Key": "e26a56e6-425e-463e-aafe-4b0ea9ffb60c",
      "Value": "\"Aposto que é pelo grão... Seu solo é mais fértil aqui do que em casa.\" {n}O tom dela muda de reflexo para apelo.{/n} \"Não se apresse. Prometo o mesmo contrato se você me ajudar. – Não, um contrato ainda melhor. Estou negociando minha vida, você sabe.\""
    },
    {
      "Key": "0af23165-9436-4cac-a1e8-c4f7a9c307fa",
      "Value": "\"Devo explicar tudo? Os Jadwiga são os nobres de Irrisen Irrisen, a nata de sua sociedade, os sangues azuis. As Bruxas Brancas são os supremos de Jadwiga: eles estão no trono de Rainha Elvanna, eles aplicam a lei em Irrisen e são as vadias mais vis em todas as terras, desde a Coroa do Mundo até as Montanhas Kodar!\""
    },
    {
      "Key": "077ccf92-2e12-495d-81a6-c8f9e0daf441",
      "Value": "\"Ufa... Tudo bem, obrigada por isso, pelo menos! Eu não vou tentar mais o seu temperamento. Adeus!\""
    },
    {
      "Key": "19b429e8-8064-479c-805a-0c54903bd169",
      "Value": "\"Oh, sua criatura vil... Morra!\""
    },
    {
      "Key": "373f5106-edfd-48bc-9add-71dd36f8a430",
      "Value": "{n}Kaleena torce os lábios em um sorriso frio.{/n} \"Maravilhoso. Só preciso de você. Escreva uma carta para Areena – diga a ela que estou morta. Diga a ela que você enviou meu corpo com um sentinela, mas houve um atraso ao longo do caminho. Ela é uma tola arrogante. Ela assumirá que tudo acabou e chamará seus cães. Enquanto isso, voltarei a {g|Irrisen}Irrisen{/g} e revidar!\""
    },
    {
      "Key": "b180a4d6-ab31-4abe-bdd7-cd286b4d9280",
      "Value": "{n}Kaleena range os dentes.{/n} \"Muito bem. Dobro a oferta de Areena. Só espero que ela não tenha oferecido metade do reino de nossa família...\""
    },
    {
      "Key": "5ddfddb1-dd44-4091-88d0-0016f811182c",
      "Value": "{n}Kaleena o encara com firmeza.{/n} \"Eu lhe dei minha oferta. Não estou mudando.\""
    },
    {
      "Key": "a57aee6b-14e7-41dd-bbb6-0e9ce03d1733",
      "Value": "{n}Kaleena esfrega as mãos.{/n} \"Então eu deveria me mexer. Minha amada irmã deve estar sentindo minha falta terrivelmente. Oh, ela ficará tão surpresa em me ver!\" {n}A mulher o saúda e chama os outros.{/n} \"Vamos arrumar as malas. Estamos indo para casa.\""
    },
    {
      "Key": "5f2321aa-9745-4302-a55a-85781703ac91",
      "Value": "{n}Kaleena geme, irritada.{/n} \"Claro, eu entendo. Mas eu colocaria mais confiança em estranhos do que meu próprio povo. Pelo menos eu sei que você não estará falando. Minha morte não lhe servirá de nada.\""
    }
  ]
}