{
  "$id": "1",
  "strings": [
    {
      "Key": "62495653-7a38-4a40-baea-07be363f3d74",
      "Value": "\"Como você vive assim, hunh? Faça algo estúpido pela primeira vez na vida! Fique bêbado, durma com um estranho, entre em uma briga – e não por honra, só porque você sente vontade! Mostre-nos que você é uma pessoa viva!\""
    },
    {
      "Key": "bf19484a-6883-41cb-aa35-2f59f67abd23",
      "Value": "\"Eu vivo como uma pessoa. O que você descreve soa mais como viver como um animal. Obrigado pela sua preocupação, mas eu posso viver sem esses 'prazeres'.\""
    }
  ]
}