{
  "$id": "1",
  "strings": [
    {
      "Key": "627296b1-3d54-443f-aac6-161885181a51",
      "Value": "{g|Stability5_2} [Efeitos de decisão]{/g} \"Tais animais não têm lugar em minhas terras. Eles devem ser erradicados.\""
    },
    {
      "Key": "bf6078b0-deeb-4f55-8eae-93dc18aa45a6",
      "Value": "{g|Stability5_1}[Efeitos de decisão]{/g} \"Devemos nos esforçar para viver em harmonia com a natureza – tanto quanto for razoável. A partir de agora, essas terras são protegidas por meu decreto.\""
    },
    {
      "Key": "8d90e4aa-c67c-43af-ba0b-ad118e7919d4",
      "Value": "\"Você é o administrador dessas terras. Confio no seu julgamento.\""
    },
    {
      "Key": "c30031f0-d3dc-4d67-9471-52c040f21962",
      "Value": "{g|Stability5_3} [Efeitos de decisão]{/g} \"Uma caça aos Bulette? Parece interessante. Faça o que quiser, Regongar.\""
    },
    {
      "Key": "5db5eb46-f338-4822-b08d-be88b69352f1",
      "Value": "\"Uma briga estranha. Eu não entendo. Há uma região onde vivem Bulettes. Guardas e caçadores os matam, para que seja seguro. Mas alguns estão descontentes.\""
    },
    {
      "Key": "51149e11-6653-4c5f-8796-84d9053d7f29",
      "Value": "\"Sua {mf|Graça|Graça|Alteza|Alteza}, uma decisão deve ser tomada com relação aos Bulettes que habitam uma de suas regiões. O guarda e uma clava de caça local os procuram e matam, como deveriam, uhhh... a comunidade acadêmica do {mf|baronato|baronato|reino|reino} se opôs a isso.\""
    },
    {
      "Key": "f559bba5-9f46-4123-889d-5a0c6c69d617",
      "Value": "{n}Regongar fala rápido, com o rosto radiante de excitação.{/n} \"Espere até ouvir isso, {name}! Um tipo raro e exótico de Bulette vive em uma de nossas províncias. No entanto, elas estão quase extintas, portanto, os devoradores de livros do outro lado do {mf|baronato|baronato|reino|reino} querem que declaremos suas terras uma reserva natural. Os habitantes locais, como você pode imaginar, querem rasgá-los todos em pedaços – os paisagistas e o know-it -também, ha! Todo mundo está nos procurando por uma solução, e eu fiquei pensando – o que diabos devemos fazer sobre isso? E então isso me atingiu!\""
    },
    {
      "Key": "7c0afd84-3510-417a-9e65-5091807e73ae",
      "Value": "\"Acadêmicos de algum tipo. Eles dizem que um tipo raro de Bulette mora lá, que está quase extinto. Eles querem que proibamos a caça nessas partes. {n}Ekun balança a cabeça.{/n}\" É uma briga estranha . Você sabe o que vou dizer. Os monstros devem morrer.\""
    },
    {
      "Key": "19ea1857-b4b5-4fcb-b6e4-94df7a6f11ee",
      "Value": "\"Algum zoólogo declarou que essas buletas são uma espécie rara... ou subespécie... Resumindo, eles vivem apenas nessas partes e em nenhum outro lugar. Sua {mf|Graça|Graça|Alteza|Alteza}, os estudiosos pedem que tomemos essas terras sob nossa proteção e proíbem a matança desses Bulettes. No entanto, acredito firmemente que os animais devem ser erradicados. A segurança dos camponeses locais supera outras preocupações.\""
    },
    {
      "Key": "d83ac398-c5a6-41b3-b4be-73b0fd03899c",
      "Value": "\"Devemos declarar a área um campo de caça real! Depois esperamos alguns meses, deixamos esses meninos maus engordarem e criamos alguns jovens... e vamos caçar alguns Bulettes! Imagine, suas peles penduradas ao longo da parede da sala do trono! Ou são você deveria fazer algo com as garras e os dentes ou algo assim? Tanto faz. Então, quem é o seu conselheiro mais astuto e insubstituível? Há hmmmm! \" {n}O riso de Regongar explode e faíscas saltam sobre seus dedos.{/n}"
    },
    {
      "Key": "af75f6d8-0fc5-491e-a848-03a125fe8d2d",
      "Value": "\"Há. Vamos ver o que você diz quando um daqueles bichinhos fofinhos vem dizer 'oi' enquanto você dorme em sua barraca... eu sei que vamos encontrar um deles mais cedo ou mais tarde – e então Vou fazer minha caçada. Mas tanto faz. O principal é que não estamos deixando ninguém mais matá-los."
    },
    {
      "Key": "87c38c69-28c3-4a2a-9b8b-7968a7a15a71",
      "Value": "\"Bom. Vou ordenar aos guardas que cuidem dos Bulettes e oferecer uma recompensa a qualquer outro caçador.\""
    },
    {
      "Key": "5594f212-7c1d-4112-acbc-b4bd08b19850",
      "Value": "{n}Kesten faz um breve aceno de cabeça.{/n} \"O guarda os caçará. Qualquer um que se voluntariar para ajudar será recompensado.\""
    },
    {
      "Key": "ea4ea259-4fcc-4698-9cf7-a55a461850a3",
      "Value": "\"Ótimo!\" {n}Sorrindo, Regongar bate palmas e esfrega as mãos.{/n} \"Isso vai ser divertido!\""
    },
    {
      "Key": "4c1dd42b-7c4f-4a2b-9471-5d03daf749c0",
      "Value": "\"Perfeito! Mal posso esperar para atirar em uma dessas coisas! Você deveria atirar nelas, certo? Ou você usa uma lança? Seja como for, nós improvisaremos!\""
    }
  ]
}