{
  "$id": "1",
  "strings": [
    {
      "Key": "6347f522-e094-4cc5-be59-3a00a6775d4e",
      "Value": "\"Trolls não comem mais pessoas?\""
    },
    {
      "Key": "23f83078-f8a9-4b5e-8292-6b3c99f9dbae",
      "Value": "\"O que você está fazendo agora?\""
    },
    {
      "Key": "e2c7484c-9d7a-4d42-955c-d61871f27c91",
      "Value": "[Atacar] \"Foi um erro deixar você viver.\""
    },
    {
      "Key": "6908ac0b-1d6c-4c0f-9087-89be6c3ee98e",
      "Value": "\"Eu tenho que ir. Tenha uma boa vida aqui em Trobold!\""
    },
    {
      "Key": "492442f4-b5f4-4b33-a6e5-18431ec53af4",
      "Value": "\"Como estão as coisas em Trobold?\""
    },
    {
      "Key": "824b50f5-3709-44a4-8c33-4e8b6444ab81",
      "Value": "\"Fale-me sobre você.\""
    },
    {
      "Key": "b1841c9b-4618-48dc-a9b2-6768834ce2ff",
      "Value": "\"Você não come pessoas?\""
    },
    {
      "Key": "4f9a9b2c-c48e-4b17-8c86-2f81bce47444",
      "Value": "{n}Jazon faz uma reverência desajeitada.{/n} \"Olá, {mf|rei|rainha} dos homens. Jazon está feliz que os governantes tenham um acordo. Chega de guerra, ninguém come mais ninguém.\""
    },
    {
      "Key": "f72698ba-8fcc-4d49-9f1b-8815c29bcd23",
      "Value": "\"{g|Trobold}Trobold{/g} é uma bagunça, lixo em todos os lugares. Trolls limpam, retocam, tentam ser como borba- humanos! Quero dizer, tentamos ser como humanos. Temos uma cidade real em breve, assim como a sua?\""
    },
    {
      "Key": "a65264ab-ab5e-492d-b948-18c742f5425b",
      "Value": "\"Não! O Rei Hargulka proíbe com força! Um troll trouxe um humano morto recentemente, e o rei arrancou os braços e as pernas do troll – o troll ainda está tentando devolvê-lo! Rei mantém suas promessas!\""
    },
    {
      "Key": "8c08f118-1022-4a8c-928f-c9ff4348c110",
      "Value": "\"Por quê?!\""
    },
    {
      "Key": "7e59f99e-bb0b-4175-a0c8-fc53df4e7a75",
      "Value": "\"Sem Tartuk, os kobolds se espalharam. Não há imortalidade agora, comer borba proibido... muitos trolls não gostaram e também partiram. Se alguns trolls o atacam, não se zangue com nós, eles não são nossos! Não restam muitos de nós, mas temos bastante borba por aí – veados, javalis, às vezes povo lagarto... Mas nunca humanos, ninguém come humanos! Isso é verdade! Jazon não conta mentiras!\""
    },
    {
      "Key": "17b524c9-bd3d-473e-9d29-92e96385c558",
      "Value": "{n}O troll acena para o adeus.{/n}"
    },
    {
      "Key": "b9c2ba05-e3cf-4f5d-ba27-4ac26591396b",
      "Value": "\"Eu Jazon. Já tinha outro nome. Como outros trolls, caçamos, comemos borba. Então Tartuk veio, conversou com trolls. Explicou como os humanos vivem. Jazon não é tão inteligente quanto Tartuk, mas Jazon viu... os humanos vivem melhor. Jazon pare de comer humanos, começou a lavar o pelo e escovar as presas.\""
    },
    {
      "Key": "f1f184f0-1fdd-4291-acef-07146f14156e",
      "Value": "\"Outros trolls disseram que Jazon era louco. Agora outros trolls também lavam seus pêlos! Bom quando não há guerra. Jazon está feliz.\""
    },
    {
      "Key": "bcbbf379-c152-41d8-8d59-cfbf487da4ec",
      "Value": "\"Outros trolls disseram que Jazon estava louco. Agora eles morreram ou fugiram. Jazon ficou, vive com kobolds. Bom quando há paz."
    },
    {
      "Key": "dacde47d-44bc-46e1-911a-67251dd48492",
      "Value": "\"Sem Hargulka, os trolls se espalharam. Tornaram-se selvagens, como antes – eles correm pela floresta, matam borba. Jazon vive com kobolds. Eles são pequenos, comida é demais. Tartuk conta coisas interessantes. Jazon escuta. Ajuda com coisas pesadas. Todos felizes. Todos estão felizes.\""
    },
    {
      "Key": "30e32a68-19b5-4b32-ac05-876bdadd261a",
      "Value": "\"{g|Trobold}Trobold{/g} é uma bagunça, lixo em todos os lugares. Kobolds limpa, escova, tenta ser como borba-humanos! Quero dizer, tente ser como humanos. Jazon os ajuda. Levanta pedras pesadas. Nós trabalhe duro. Em breve teremos uma cidade real, como a sua!\""
    },
    {
      "Key": "c247044e-2855-4628-85ec-588302d41caa",
      "Value": "\"Além disso, Tartuk diz que os humanos são inteligentes porque olham para papéis mágicos. Jazon encontrou um! Logo Jazon se tornou inteligente, assim como os humanos!\" {n}O troll mostra orgulhosamente um livro meio rasgado de contos de fadas infantis, densamente manchado de sangue.{/n}"
    },
    {
      "Key": "ddc66b74-55e9-4930-99b4-1c833b73407e",
      "Value": "\"Não. Jazon decidiu – Jazon faz como decidido. Veados e javalis são borba. Anões e humanos não são borba. Tartuk diz: 'Bom para você, Jazon, você acertou!'\""
    }
  ]
}