{
  "$id": "1",
  "strings": [
    {
      "Key": "bddf0a1f-3688-46ad-ab6d-6c18b6804c7a",
      "Value": "\"O que está acontecendo, Lander? Decidiu participar da batalha? Receio que você esteja um pouco atrasado!\""
    },
    {
      "Key": "aa0894b8-ca98-4b6f-8042-67c8d3cbac7e",
      "Value": "\"Oh, uma bela frase de efeito! E por quanto tempo você ensaiou isso na frente do seu espelho?\""
    },
    {
      "Key": "0efde3e7-1627-40bd-b309-a217cdbbabae",
      "Value": "\"Seu imbecil! Decidiu me esfaquear pelas costas, não é?\""
    },
    {
      "Key": "4238ad14-b736-402c-a372-c7e3eae82232",
      "Value": "\"O que é que você quer?\""
    },
    {
      "Key": "c6a81b9c-f247-4925-b4e3-fd0dbe7c8e63",
      "Value": "\"Mesmo se você conseguir me matar, você realmente acha que minhas terras serão suas?\""
    },
    {
      "Key": "702f8aaa-ec69-4dfb-baca-9281aa992dea",
      "Value": "\"Então você acha que pode me controlar, seu ranhozinho?\""
    },
    {
      "Key": "16555d2e-c838-48ef-915a-4d3717814977",
      "Value": "\"Então é assim que funciona entre os nobres? Estou começando a me arrepender de receber o título de {mf|barão|baronesa}.\""
    },
    {
      "Key": "17870ef5-6f23-4fa2-860d-62b4f32e5c02",
      "Value": "\"Se você é tão esperto, por que veio me matar pessoalmente? Por que me contar seus planos?\""
    },
    {
      "Key": "207c8b54-a9d1-4c22-b78d-a256e13693ce",
      "Value": "\"Chega de conversa fiada. Você quer a minha vida? Venha, pegue!\""
    },
    {
      "Key": "9fa57d76-845e-4a45-a9b8-b3a7704b94fe",
      "Value": "\"Lander, Lander... E aqui eu pensei que éramos amigos!\""
    },
    {
      "Key": "2dd9935f-1aa8-4996-9bd8-9268145847ae",
      "Value": "{n}Lander {g|House Lebeda}Lebeda{/g} sorri para você por trás de seu grupo de bandidos. Ele levanta a mão em uma zombaria de saudação.{/n} \"Saudações, corajoso conquistador das {g|Stolen Lands}Terras Roubadas{/g}! Permita-me parabenizá-lo – hoje é o dia em que seu nome entra nos livros de história!\""
    },
    {
      "Key": "2d29e99b-58f6-455a-aa11-c06f0f40e9ac",
      "Value": "\"Eu diria que apareci bem a tempo – na verdade, tempo suficiente para informar Senhora Aldori de sua morte heróica lutando contra os bárbaros!\""
    },
    {
      "Key": "34aeeb43-6b0d-4f36-8633-08950f8e9bd8",
      "Value": "\"Oh, você não tem idéia. Eu pratico desde o primeiro dia em que nós dois cruzamos a fronteira das minhas futuras terras!\""
    },
    {
      "Key": "4eba91bc-3cf6-4d13-a476-327c152ba74b",
      "Value": "\"Que rude! Você realmente quer que suas últimas palavras sejam uma maldição desagradável? Bem, quando eu escrever minhas memórias, suponho que precisarei contratar um escriba para escrever um discurso final mais adequado em seu nome!\""
    },
    {
      "Key": "a71c73fd-ae84-4555-8dd8-96ff076e35be",
      "Value": "\"Não é óbvio? Suas terras, é claro. Estou prestes a reivindicar os direitos de Linhagem Da {g|House Lebeda} Casa Lebeda{/g}. É hora de pensar em expandir nossas terras, aumentar nossa glória! Dez anos a partir de agora, todos saberão que foi Lander Lebeda quem domaram heroicamente as {g|Stolen Lands}Terras Roubadas{/g}. Somente os historiadores saberão alguma coisa sobre {Name}, o general de Lander que morreu lutando com os bárbaros. – Certificarei que eles escrevem sobre você nos termos mais lisonjeiros. Talvez eu até contrate um bardo para escrever uma balada de sua morte heróica!\""
    },
    {
      "Key": "fb3dff66-122d-495a-9f12-6210a9b6e6f4",
      "Value": "\"Quem mais é? Até onde eu sei, {mf|o barão|a baronesa} de {kingdomname} não tem herdeiros. Vou pegar a bandeira quando ela cair das suas mãos. E se algum dos meus súditos tentar reclamar... Bem, eu não estive exatamente ocioso esse tempo todo. Quantos de seu povo ainda são leais a você, eu me pergunto. E quantos você acha que já estão ao meu serviço?\""
    },
    {
      "Key": "4a38c4e6-d09a-40f1-ab97-58974bfb7644",
      "Value": "\"Você realmente não deveria me subestimar. Você acha que minha idade de alguma forma me torna inferior a você? Apenas plebeus sem raízes – como você! – se incomodam em medir o valor apenas em seus próprios anos de vida. O valor de um nobre deve contar os séculos que suas famílias têm viveu também!\""
    },
    {
      "Key": "13440604-defc-4193-91aa-d817fef2232c",
      "Value": "\"'Entre'?\" {n}Lander ri alto.{/n} \"Você realmente se considera nobre? Você acredita que seu chamado título tem algum peso? Talvez seus trinetos netos pudessem ter merecido o direito de entrar além das cozinhas da minha casa... se você tivesse vivido o suficiente para deixar herdeiros!\""
    },
    {
      "Key": "2b655598-35b2-4a5c-a2ad-e0f9319d802f",
      "Value": "\"Você conhece o lema da minha casa? 'Sucesso através da Graça.' Uma faca nas costas, veneno em um copo, bandidos em um beco escuro... é assim que os {g|House Surtova}Surtovas{/g} lidam com os problemas deles. Não, esta é minha primeira grande vitória. Eu queria ver tudo pessoalmente, ver seus olhos enquanto você dá o seu último suspiro, sabendo que serei eu quem se beneficia de tudo que você conquistou!\""
    },
    {
      "Key": "060a5275-1e0e-41aa-9352-df79ae91b09a",
      "Value": "\"Tal espírito! Falando francamente, sentirei sua falta – de verdade. Quando contratar novos comandantes, espero encontrar candidatos como você – corajosos como você e ingênuos como você!\""
    },
    {
      "Key": "b176d039-0f3f-418c-83e7-0015e409d79f",
      "Value": "{n}Lander dá um sorriso triste.{/n} \"Nós realmente éramos amigos. Mas, veja bem, amigos são a primeira coisa que você sacrifica quando se trata de poder. Eu gosto de você, realmente gosto. Mas você não teria mantido o trono por muito tempo, você manteve o trono por muito tempo, com seu amor por aventuras perigosas! E assim, pelo menos, suas terras servirão aos interesses da {g|House Lebeda} Casa Lebeda{/g}... Acredite, eu sentirei falta você profundamente.\""
    },
    {
      "Key": "0cdf4892-0947-46bc-b3f6-47991b20d5f2",
      "Value": "\"Você acha que Linzi deveria ter um capítulo em seu livro intitulado 'Idiotas e o processo de convertê-los em idiotas mortos'? Quero dizer, basta olhar para todo o material que ela possui!\""
    },
    {
      "Key": "72e38025-3024-4fde-89c5-525af7e261c3",
      "Value": "\"Pergunta! O que soa melhor – 'um saco de vento estúpido' ou 'um idiota convencido'?\""
    },
    {
      "Key": "691597e5-c057-4afc-b683-6be12fbc4d49",
      "Value": "\"Se você soubesse, jovem Lander, o quanto sentirei sua falta quando você inesperadamente perder a cabeça por causa dessa brincadeira estúpida. Em todo o baronato, você era a única pessoa que despertou mais irritação do que eu!\""
    },
    {
      "Key": "54cbfbb7-4458-45ec-9b1c-e54326e2838c",
      "Value": "\"Heh. Gostei de você, rapaz... quase sinto muito por matá-lo, mas tenho que fazê-lo.\""
    },
    {
      "Key": "765af15b-8f1d-4444-8488-f7846ef88dc5",
      "Value": "\"Nobreza tão triste e profundamente mal interpretada. Você deveria ter buscado glória e honra com suas ações, Lander – não desfilar sua linhagem antiga, desonrando sua reputação.\""
    },
    {
      "Key": "290a8848-ffef-43cc-98db-72452029df0a",
      "Value": "\"O que?\" {n}Nok-Nok vira a cabeça e olha para você, com uma perda total.{/n} \"Mas você está vivo! E ele diz você...\" {n}O goblin fica em silêncio quando a realização tardia aparece em seu rosto. .{/n} \"Ohhh...\""
    }
  ]
}