{
  "$id": "1",
  "strings": [
    {
      "Key": "1cb064cf-9d44-43c9-bd4f-50af290c42a5",
      "Value": "\"Você é uma raridade. Um anão que rejeita Torag, um anão incapaz de forjar uma unha... Eu não ficaria surpreso em saber que você não gosta de cerveja!\""
    },
    {
      "Key": "c83270dd-7f47-4a71-b330-7847b46464d3",
      "Value": "\"Eu... Não, às vezes dobrei o cotovelo. Mas muito menos agora do que nos meus dias ruins, depois que fugi de casa, sem saber o propósito ou para onde deveria ir. Se eu tivesse uma vontade mais forte, talvez Eu renunciaria a beber completamente.\""
    }
  ]
}