{
  "$id": "1",
  "strings": [
    {
      "Key": "f4533e14-d937-4c86-b8a1-9cc452cc0401",
      "Value": "\"Este é o clã Skjegge! Eles são os legítimos herdeiros dos construtores desta fortaleza!\""
    },
    {
      "Key": "2e48ef71-d05d-4ed0-9973-2f291602ddf8",
      "Value": "\"Existe apenas um verdadeiro direito. O direito da força!\""
    },
    {
      "Key": "7cd1be40-25d8-4008-a9da-8d6d807a2abe",
      "Value": "\"É verdade, não temos negócios aqui. Provavelmente devemos ir.\""
    },
    {
      "Key": "d544a818-9882-4787-a528-f100fecaaf48",
      "Value": "Além do portão aberto, você encontra uma sala estranha que parece mais uma oficina do que a entrada de uma fortaleza. Do outro lado da sala, pela parede oposta, há um trono de metal.{/n}"
    },
    {
      "Key": "50f91683-8ee2-4d11-8849-0ca907d1db53",
      "Value": "{n}À sua frente está {d|Jarmuld} Jarmuld{/d} Skjegge, que você conhece bem. Por um lado, ele segura um cetro de aço e, por outro, um símbolo sagrado de {g|Torag}Torag{/g}. O rosto do paladino é medonho e ele mal respira.{/n}"
    },
    {
      "Key": "3ee84b2d-4d89-4336-922f-4018794a0b26",
      "Value": "{n}À sua frente está {d|Jarmuld} Jarmuld{/d} Skjegge, que você conhece bem. Por um lado, ele segura um cetro de aço e, por outro, um símbolo sagrado de {g|Torag}Torag{/g}, inserido com uma jóia cintilante, que você reconhece como o coração do golem adamantina. O paladino está pálido e ele mal abre a boca.{/n}"
    },
    {
      "Key": "6c4fe074-b80c-4aaf-86d6-bca6ec127365",
      "Value": "{n}À sua frente está {d|Jarmuld} Jarmuld{/d} Skjegge, que você conhece bem. Por um lado, ele segura um cetro de aço e, por outro, um símbolo sagrado de {g|Torag}Torag{/g}, inserido com duas jóias cintilantes, que você reconhece como o coração da bigorna e do golem adamantina. O rosto do paladino é torcido por uma careta de dor e tensão.{/n}"
    },
    {
      "Key": "423bf595-f6de-486b-b946-8536f41d430c",
      "Value": "\"Você... você está aqui! Ajuda... Ajude-me a superar esses golens! Peguei o cetro do trono vazio por lá – mas parece que meu comando sobre os golens está faltando. Se perder o controle sobre os golens... Todos nós vamos morrer!\""
    },
    {
      "Key": "3971dd69-15c4-453e-a0ea-11cd07008930",
      "Value": "{n}Um dos golens vira sua face de metal para você e fala em harmonia:{/n} \"Todos vocês merecem morrer! Ladrões e impostores! Com que direito você vem a esta fortaleza?\""
    },
    {
      "Key": "6225aa01-89ce-4f1f-bf61-b3ed02f0d83f",
      "Value": "\"Cúmplices de ladrões! Você não vai a lugar nenhum até responder por seus crimes – para mim, Offeld Skjegge, o último anão digno de levar o nome de seu clã!\""
    },
    {
      "Key": "69e7e82b-bb1f-4c0b-932b-649c7f9a5f43",
      "Value": "\"Eles não são Skjegge! Eles são covardes sem nome! Só eu, Offeld Skjegge, sou digno de carregar o nome desse clã.\""
    },
    {
      "Key": "62416196-bef0-4eaf-b598-beead24f97c0",
      "Value": "\"Skjegge ofendido? Mas você é meu tio-avô! Quando nosso clã deixou essa fortaleza, você e seus golens ficaram para protegê-la! Recupere seus sentidos, fantasma! Somos seus descendentes!\""
    },
    {
      "Key": "df0a45ec-159b-44f0-b11a-a05fedf0f1e3",
      "Value": "\"Ah, o direito da força! Sim, sim – você pode tentar! Vamos ver o que vale contra os golens criados por Offeld Skjegge! O último digno de levar o nome de seu clã!\""
    },
    {
      "Key": "d146075b-2716-4e3e-a299-e93f5b9ccbca",
      "Value": "\"Você não é ninguém! O verdadeiro Skjegge nunca teria abandonado a sua criação! Aqueles que partiram para sempre perderam o direito de ostentar este nome orgulhoso! E você tem a coragem de vir aqui – a esta fortaleza, que foi construída a partir do sangue e do suor de seus avós e abandonado por seus pais indignos? Há! Você vai morrer aqui junto com todos os seus capangas! Golens, ataque!\""
    },
    {
      "Key": "3405b04d-b356-4bf4-90d0-f41d4ff74f15",
      "Value": "{n}Cerrando os dentes, Jarmuld levanta o cetro de aço acima da cabeça.{/n} \"Estou fazendo tudo o que posso... Mas a vontade dele é muito forte! Destrua os golens! Harrim, você deve desfazer o trono!\""
    },
    {
      "Key": "bff8b6b4-d487-4836-bec8-f8bc5ffbc5e6",
      "Value": "{n}Harrim encolhe os ombros.{/n} \"Eu disse a você que terminaria assim. Mas você estava morrendo de vontade de um legado! E quanto vale esse legado? Um exército de golens... Valeu a pena vir tudo isso maneira apenas de encontrar sua morte? Não teria sido mais fácil sufocar até a morte em suas montanhas em casa?\""
    },
    {
      "Key": "9fb9ff06-d0a7-4b8b-aeff-c09dc1fc4fc4",
      "Value": "\"Não te devo nada! Nem você nem Torag!\""
    },
    {
      "Key": "b5cf056e-1a17-4393-8634-7f5324c96937",
      "Value": "{n}O portão atrás de você se fecha com um som estridente.{/n} \"Vocês todos morrerão! Vocês morrerão, vocês morrerão!\""
    },
    {
      "Key": "9649077f-8011-44b0-b76b-4a3246482e5b",
      "Value": "{n}Ekun pega sua arma.{/n} \"Tem que ajudar!\""
    },
    {
      "Key": "17fd2a06-5bc0-423e-9c8b-6885613e7ca5",
      "Value": "\"É claro. Ele vai pedir desculpas, remover os golens e abraçar o neto. Porque a família é o mais importante, certo?\""
    },
    {
      "Key": "a3122e43-e076-4a02-b886-23b5d94e47ae",
      "Value": "\"Sim, este é o momento perfeito para discutir sobre teologia...\""
    }
  ]
}