{
  "$id": "1",
  "strings": [
    {
      "Key": "cfbe3dc6-3c3c-4d36-92ee-b348f8b4adf7",
      "Value": "\"Agora mesmo?\""
    },
    {
      "Key": "502ed7ff-4e73-422b-82e2-91aa50307a24",
      "Value": "\"Então não vamos perder tempo!\""
    },
    {
      "Key": "52d5b4a3-b14a-4480-bded-e50582f62805",
      "Value": "\"Espere um pouco. Eu tenho um assunto urgente para tratar.\""
    },
    {
      "Key": "3c5bc217-59ca-46e1-b950-3233d819cfc0",
      "Value": "{n}Na capital, Octavia se aproxima, abraça você e sussurra:{/n} \"eu quero você.\""
    },
    {
      "Key": "878027d3-e99d-4f92-a010-20ddb5942f99",
      "Value": "\"Agora, amanhã e sempre... Mas principalmente agora!\""
    },
    {
      "Key": "c4395a3c-f5ca-4154-9cca-18957d47b006",
      "Value": "{n}Ela agarra sua mão e quase corre com você para o castelo.{/n}"
    },
    {
      "Key": "82ea31d9-3dc0-4cfa-b722-b418779f6b74",
      "Value": "\"Ah, Alteza... Desde quando o amor não é uma questão de importância nacional?\""
    }
  ]
}