{
  "$id": "1",
  "strings": [
    {
      "Key": "0497fe90-5593-4d63-b94d-c5aac9881554",
      "Value": "\"Lembra daquele dia em Estrela Cadente? Eu estava deitado lá com as costelas quebradas e meu rosto todo esmagado, e você balançou minha cabeça em seus joelhos e limpou o sangue do meu rosto...\""
    },
    {
      "Key": "f5ff5a1e-f73c-4e3d-ae5c-0f4ecdac60a9",
      "Value": "\"Eu lembro, Reg. Eu lembro, e nunca esquecerei. Mas está tudo acabado, para sempre.\""
    }
  ]
}