{
  "$id": "1",
  "strings": [
    {
      "Key": "d8b9194a-10e8-4806-be60-3ad18539546d",
      "Value": "\"Olha o que Fredero fez com ela! Ele estragou Valerie! Quem poderia ficar com a mão deles e não dar um golpe fatal depois disso?\""
    },
    {
      "Key": "cf1d9e5b-bece-4840-aeb4-e2047b460b7a",
      "Value": "\"Eu ordenei que ela desse um golpe fatal – o final adequado para qualquer duelo adequado. Mas se Valerie não concordasse comigo, ela não teria feito.\""
    },
    {
      "Key": "957f7c7a-c7df-41b3-a8ab-49e218fd1edd",
      "Value": "\"E, no entanto, Valerie observou todas as regras. Ela veio quando Fredero ligou para ela. Ela aceitou o desafio. Nada disso será levado em consideração?\""
    },
    {
      "Key": "e036c556-8510-421c-a2d7-5884e38c3518",
      "Value": "\"Valerie despreza {g|Shelyn}Shelyn{/g} e tudo o que ela toca. Não confunda suas boas maneiras com obediência à deusa!\""
    },
    {
      "Key": "d9a26683-19a1-4a18-8870-e661e763f31d",
      "Value": "\"A única culpa de Valerie é que ela obedeceu a minha ordem.\""
    },
    {
      "Key": "86114802-a5dd-42e2-acbf-de12b77d11f5",
      "Value": "\"Você julga Valerie severamente por obedecer às ordens? Então, por que você é tão persistente em tentar julgá-la por violá-las?\""
    },
    {
      "Key": "406283c6-99b7-490a-b070-35b4aa57fa28",
      "Value": "\"Eu não concordo com Valerie. Ela pode ser dura, mas seu coração está cheio de dor e amargura. Julgue suas ações, não suas palavras.\""
    },
    {
      "Key": "6e12402a-6a78-4f0a-8ebd-9e4dd622e8eb",
      "Value": "\"O que você diria sobre todos aqueles que matou desde então? Seja honesto consigo mesmo, Valerie. Você é uma guerreira, não uma enfermeira!\""
    },
    {
      "Key": "1267d5ec-55f0-4165-926c-d88d9f602dc1",
      "Value": "\"Há! Que criatura covarde! Como você pode levá-lo a sério? Valerie, você deve se sentir um hipócrita certo, trocando laços com essa escória.\""
    },
    {
      "Key": "6d5f55ec-32b6-4aab-b718-f5f78156a4b1",
      "Value": "\"Você a provocou! A culpa é sua, Eveld!\""
    },
    {
      "Key": "3a3746b7-ce1d-4316-9f37-e57d6ae600a5",
      "Value": "[Sussurre para Valerie] \"Não deixe que ele a deixe com raiva. É o que ele quer!\""
    },
    {
      "Key": "d12b0d0b-64e1-4ef9-bcf2-3c067c73a46e",
      "Value": "\"Valerie derrotou Fredero em um duelo e matou-o por minhas ordens. Deixe-a em paz!\""
    },
    {
      "Key": "b6d4ba9b-21d0-4033-ac70-ff3aaed976ce",
      "Value": "[Mentir] \"Não conhecemos ninguém chamado Fredero Sinnet.\""
    },
    {
      "Key": "0ca0d9b6-93e6-4c04-9255-74f542f4d040",
      "Value": "\"Viemos nos encontrar com Fredero Sinnet por apenas uma razão: nos livrarmos dele.\""
    },
    {
      "Key": "746f1202-f9fb-4533-ac68-2262703801cf",
      "Value": "\"Todos podem escolher seu próprio caminho. Você e Fredero seguem a fé de Shelyn, e Valerie se afastou. Isso não significa que você possa interferir na vida dela!\""
    },
    {
      "Key": "404e57f1-6377-407c-9e40-d9f1957d95d4",
      "Value": "[Sussurre para Eveld] \"Se eu fosse você, não acusaria quem serve ao {mf|barão|baronesa|Rei|Rainha} das Terras Roubadas. Tudo pode acontecer nessas partes.\""
    },
    {
      "Key": "9f4720f3-d3ad-4403-9238-ea72da1eeeb7",
      "Value": "\"Estou cansado de perder meu tempo. Valerie, vamos embora!\""
    },
    {
      "Key": "60fa1133-f159-4560-8f96-db0346138ada",
      "Value": "[Mentir] \"Não conhecemos ninguém chamado Fredero Sinnet.\""
    },
    {
      "Key": "c2595028-f209-4d6d-929a-eb7bae4f5f96",
      "Value": "\"{g|Shelyn} O julgamento divino de Shelyn começou! Que ela seja misericordiosa com os perdidos e confusos. É hora de ouvir todos os lados e decidir qual destino espera Valerie.\""
    },
    {
      "Key": "e37ec26b-2491-4ed0-9ae2-ee8fbed67385",
      "Value": "\"Hoje, sob a abóbada do Templo de Prismas, nós, seguidores da deusa, daremos a você, Valerie, uma chance de se redimir aos olhos de {g|Shelyn}Shelyn{/g} e...\""
    },
    {
      "Key": "68ddb3a0-8577-48bd-ba26-851e86e10954",
      "Value": "\"Chega, Laryen. Todo mundo presente sabe que ela não merece redenção. Ela perdeu o direito ao perdão no dia em que rejeitou a graça de {g|Shelyn}Shelyn{/g}!\""
    },
    {
      "Key": "ff5ccd7c-bbad-4d3c-8508-1a84f97513c7",
      "Value": "Fredero Sinnet limpa a garganta para atrair a atenção de todos.{/n} \"Não vim aqui para ficar em silêncio como um ídolo. Quando desafiei Valerie a um duelo, ela concordou. Lutamos de acordo com todas as regras, e nosso argumento foi resolvido. Pense no que quiser de Valerie, mas pelo menos ela me mostrou um pouco de {d|Valerie Fredero Lives}respeito{/d}!\""
    },
    {
      "Key": "48d9c4eb-1c47-4806-b505-6716c4081df6",
      "Value": "\"Mas as transgressões dela contra a igreja não terminam com essa ação! Valerie, o que você tem a dizer sobre seu ex-mentor, o respeitado Fredero Sinnet? O nobre paladino estava seguindo seu rastro quando ele misteriosamente {d|Valerie Fredero Killed} desapareceu Revele a verdade, Valerie – onde ele está? Onde está aquele que acreditou em você até o fim e, aparentemente, pagou caro por sua disposição de perdoar?\""
    },
    {
      "Key": "2f0f6292-32e8-4bf5-9653-886415d2aa43",
      "Value": "\"Eu não deixei a ordem de procurar paladinos perdidos. Se os seguidores de {g|Shelyn}Shelyn{/g} acham que é meu trabalho ficar de olho em todos os seus capangas, eles estão profundamente enganados!\""
    },
    {
      "Key": "2a33dff4-a53b-4c7e-9fe9-07c252aeecca",
      "Value": "{n}Valerie olha para baixo. Ela tenta dizer algo, mas não consegue forçar uma única palavra.{/n}"
    },
    {
      "Key": "3173e2b4-82a9-4c1b-bfc8-dc7db827e941",
      "Value": "{n}Valerie zomba.{/n} \"Eu não me importo com você, muito menos respeitá-lo! Eu só queria lhe ensinar uma lição e fazer você me deixar em paz!\""
    },
    {
      "Key": "a24fa118-ea56-45ae-8433-7bba9d5b9504",
      "Value": "\"Eu nunca quis insultar ninguém. Tudo o que eu queria – tudo o que eu sonhava – era escolher meu próprio caminho!\""
    },
    {
      "Key": "106688b2-33a6-458d-b636-446edc88f5da",
      "Value": "{n}Valerie fecha os punhos.{/n} \"Sim! O paladino me desafiou. Por que devo salvá-lo das consequências de suas próprias ações? Fiz o que achava certo, não o deusa – a quem eu nem me importo – pode querer que eu faça!\""
    },
    {
      "Key": "1c4eb462-c5e6-490f-829b-e257fb4d4760",
      "Value": "\"Há verdade nas palavras d{mf|o barão|a baronesa|o rei|a rainha}. Você dificilmente pode culpar Valerie por perder a paciência, depois de ter sido despojada de sua beleza com tanta crueldade.\""
    },
    {
      "Key": "e8544544-2f4a-472c-baa2-eebeba3a74eb",
      "Value": "\"Claro! Você não pode ignorar os atos de uma pessoa, mesmo quando suas palavras são amargas!\""
    },
    {
      "Key": "4b3e212b-16b7-4666-8979-41c72050ef1d",
      "Value": "\"Palavras sinceras. Acredite, {mf|Sua Graça|Sua Graça|Sua Alteza|Sua Alteza}, nenhum dos presentes tem ilusões sobre Valerie!\""
    },
    {
      "Key": "5d096130-f2d4-4362-b6eb-1ecbd5c874bb",
      "Value": "\"Chega de Fredero. Não temos muito tempo, e Valerie nos dá muito o que considerar. De acordo com seus mestres da {g|Shelyn}Ordem da Rosa Eterna{/g}, ela sempre foi nobre e misericordiosa.\""
    },
    {
      "Key": "8adf9d7e-ab09-4532-9c30-a555d5951a03",
      "Value": "\"Sério? Os boatos de {g|Brevoy}Brevoy{/g} dizem o contrário! Valerie {d|c0 Let People Burn}abandonou{/d} pessoas inocentes para morrer no Inferno ardente da casa de Jamandi Aldori! E por quê? Simplesmente porque ela foi ordenada!\""
    },
    {
      "Key": "b6797dd7-9395-4d1c-9050-494ae1f85940",
      "Value": "\"Histórias sobre o valor que ela mostrou em {g|Brevoy}Brevoy{/g} se espalharam muito além de suas fronteiras. Quantas guerreiras destemidas {d|c0 Salved People}salvaram{/d} do incêndio na casa de Jamandi Aldori? Eles e muitos outros devem suas vidas a ela.\""
    },
    {
      "Key": "ff88e36a-2009-4069-a018-524d77b3ea9c",
      "Value": "{n}Valerie fala rapidamente, com o rosto corando.{/n} \"Não tive tempo de olhar! Para avaliar a situação! Aquele ataque... Os assassinos...\""
    },
    {
      "Key": "a8ad8660-a8cd-4f5b-9f6c-3886113b1bee",
      "Value": "\"O que, mas...\""
    },
    {
      "Key": "3a0e0791-7689-48b4-b60a-8fb5f25872df",
      "Value": "{n}Valerie abre a boca, mas suspira e abaixa a cabeça sem dizer nada.{/n}"
    },
    {
      "Key": "c5f1ba5a-ad4d-4057-9092-973898ba7202",
      "Value": "{n}Valerie joga uma mecha de cabelo do rosto, pensativa, mas então seus lábios formam um sorriso zangado.{/n} \"Certo. Não há como comparar números tão dramaticamente diferentes.\""
    },
    {
      "Key": "c5a68396-4b36-4afd-a530-361312a4b3db",
      "Value": "\"Jamandi Aldori estava em perigo! Como eu poderia arriscar a vida de um senhor das espadas?!\""
    },
    {
      "Key": "aa7f2104-7b8f-42e4-9b53-b1976cbd0d6d",
      "Value": "\"Eu me lembro bem. Aquele que pude salvar das chamas. Os outros...\" {n}Valerie para.{/n} \"Sinto muito.\""
    },
    {
      "Key": "3b460d53-f65e-4ca3-8ed3-fefe40edc851",
      "Value": "\"Oh, não atribua misericórdia às minhas ações – e não arraste seu {g|Shelyn}Shelyn{/g} para isso! Obedeci a uma ordem – isso é tudo!\""
    },
    {
      "Key": "5b60e698-f1ba-4e44-9819-d3eb5585dcbd",
      "Value": "\"Eu apenas fiz o que precisava. Nem mais nem menos.\""
    },
    {
      "Key": "a176a2a9-63a6-4190-b824-4f5c2196acda",
      "Value": "\"Chega! Estou cansado dessa tagarelice interminável. Vou provar que Valerie é uma mulher caprichosa e desonrosa que torceu a vida para perseguir um único objetivo: prejudicar tudo que é precioso para {g|Shelyn}Shelyn{/g}!\""
    },
    {
      "Key": "14823637-884e-441b-9196-7ab2ad2a44e7",
      "Value": "Tenho uma testemunha de confiança que pode confirmar minha afirmação. Apresento – Sir Eveld!"
    },
    {
      "Key": "7740fec9-499d-4649-a3bc-33f63b25612e",
      "Value": "{n}Eveld estufa o peito e levanta o queixo.{/n} \"Esta senhora me insultou na frente da minha platéia – sem nenhuma razão! Prendeu-me com força brutal! E a pior parte é – quando a poeira baixou e nosso sangue esfriou, Valerie nem sequer pensou em {d|Valerie Support Valerie} se desculpar{/d} por seu comportamento. Eu diria que isso apenas confirma sua maldade!\""
    },
    {
      "Key": "628635a2-bd20-4113-a745-bbef11b6bce2",
      "Value": "{n}Eveld balança nos calcanhares, pensativa.{/n} \"Bem, Sir Hegend, na verdade Valerie expressou suas {d|Valerie Support Eveld}desculpas{/d} por todo o inconveniente que ela causou. Quem eu seria se eu começou a desenterrar o passado?\""
    },
    {
      "Key": "62567604-a2a5-423d-b21e-8078d1c622f5",
      "Value": "{n}Laryen levanta uma sobrancelha e olha para Eveld por cima dos óculos.{/n} \"Oh? A arte deste homem deveria fazer mal?\""
    },
    {
      "Key": "3588dbba-5997-4ec7-9f41-1b09249ae7b8",
      "Value": "{n}Eveld descarta a noção.{/n} \"Impertinente. A arte é destinada a despertar mentes, não a gerar violência!\""
    },
    {
      "Key": "1355715c-0bc3-4cbf-92cf-b8980cc301d2",
      "Value": "{n}Valerie se permite uma sombra de um sorriso.{/n} \"É verdade. Mas se eu não tivesse me desculpado, ele poderia ter morrido de tristeza.\""
    },
    {
      "Key": "d7f909db-0735-4c2e-8da0-6c7b3045c2c9",
      "Value": "{n}Valerie lança um olhar cansado para você.{/n}"
    },
    {
      "Key": "ef9bed19-f835-48f3-b4d1-fbd0256e5fd4",
      "Value": "{n}Valerie levanta a cabeça e respira fundo – como se estivesse acordando de um sono profundo. Ela olha as decorações do templo e levanta a mão.{/n} \"Fiquei aqui ouvindo seus argumentos por tempo suficiente. Agora é a minha vez de falar.\""
    },
    {
      "Key": "c07aa46f-cd71-460f-92dd-fc5eb990f74a",
      "Value": "\"Por vários meses, os seguidores de {g|Shelyn}Shelyn{/g} tornaram minha vida uma tortura. Por quê? Porque eu me recusei a obedecer à vontade de outra pessoa. Nem uma única vez me perguntaram o que eu queria. Os únicos desejos que importavam eram os caprichos obscuros de uma deusa que se expressava através de seus fanáticos!\""
    },
    {
      "Key": "9f8082e9-416e-40f3-b040-b7ddb68d787c",
      "Value": "\"Minha saída da Ordem da {g|Shelyn}Rosa Eterna{/g} não foi um insulto a {g|Shelyn}Shelyn{/g} ou a seus seguidores. Tudo o que eu queria era dedicar minha vida ao que é importante para nós. Os seguidores da deusa nunca me deram uma única chance de seguir o caminho da minha própria vida.\""
    },
    {
      "Key": "566c45d9-9f5f-4391-a710-527b2f8c3d67",
      "Value": "\"Você traz aflição, traz tristeza, traz sofrimento para aqueles ao seu redor. Por quê? Sua deusa quer isso? Ou é apenas sua própria ambição falando, envolvida no pano da fé infalível?!\""
    },
    {
      "Key": "a8a41904-224e-41a2-a498-55af8630ab50",
      "Value": "\"Eu sempre fiquei chocado com o seu fanatismo. Estou enojado com a estupidez brusca que impede você de ver a pessoa por trás da minha beleza. E você sabe o quê? Agora que perdi esse 'presente' de {g|Shelyn}Shelyn{/g}, essa máscara que impedia todos de me verem de verdade – agora estou finalmente livre. E se alguém quiser...\""
    },
    {
      "Key": "f52d5c7d-956a-49db-ac0a-77d6a00c6c91",
      "Value": "\"Eu valorizo a arte? Não. Estou pronto para servi-la? Não. Respeito aqueles que trouxeram tantos problemas para mim e para {mf|o barão|a baronesa|o rei|a rainha}? Não. Mas existem alguns você gosta de mim, que sonha com apenas uma coisa: cumprir seu dever escolhido. {n}Valerie vira-se para Laryen e abaixa a cabeça.{/n} \"Se todos os servos de {g|Shelyn}Shelyn{/g} fossem como você, minha saída da Ordem poderia ter sido muito mais pacífica.\""
    },
    {
      "Key": "608695ed-cd57-4be6-ae6e-d20cb01341b4",
      "Value": "\"Talvez eu não mereça perdão aos olhos de {g|Shelyn}Shelyn{/g}. Talvez fanáticos como Sir Hegend ficariam mais felizes em me ver no laço. Mas vejo agora que não se deve rir do jeito do outro só porque não o entende ou não compartilha. Mas agora, falando abertamente diante de você, minha consciência está definitivamente clara. E se você deseja me julgar pelo fato de que minha opinião é diferente da sua...\""
    },
    {
      "Key": "6629b400-c86e-40e6-89aa-23d59d2d35c6",
      "Value": "\"O julgamento divino acabou. {g|Shelyn}Shelyn{/g} tomou sua decisão.\""
    },
    {
      "Key": "642e73ed-b2ac-43f9-8b96-689dcec00446",
      "Value": "\"Sobre o que... como?\" {n}Valerie toca seu rosto.{/n} \"A cicatriz! Acabou... se foi!\""
    },
    {
      "Key": "85561a9f-2444-4980-8f13-d61dfbdb2428",
      "Value": "{n}Hegend, branco como um lençol, aponta para Valerie com a mão trêmula.{/n} \"Mas... mas por quê?!\""
    },
    {
      "Key": "ae437171-0d7f-4947-ae26-00e3d593db7d",
      "Value": "{n}Laryen olha tristemente para Valerie.{/n} \"Você está cheio de ira e ressentimento contra {g|Shelyn}Shelyn{/g}, e esses sentimentos nunca permitirão que você retorne à luz dela. Shelyn não é vingativo, ela só queria lhe ensinar uma lição. Mas, como você rejeita a luz dela, ela agora recua e retorna o que sempre foi apenas seu, nunca dela. Sua beleza.\""
    },
    {
      "Key": "eee7c3d4-9bfd-4dbe-9951-2c3005437436",
      "Value": "{n}Laryen sorri suavemente, olhando para Valerie.{/n} \"Olhe para ela, minha amiga. Ela está orgulhosa, mas quem poderia esperar de uma criatura de tão incrível beleza? Agora, como a de {g|Shelyn}Shelyn{/g} a luz enche a alma de Valerie, a criança é preenchida com um renovado esplendor. O espinho que foi picado foi queimado. A deusa mostra a Valerie um caminho para a fonte de luz e beleza.\""
    },
    {
      "Key": "c0bec21a-38f0-4ebd-8ee2-7171af881f07",
      "Value": "\"NÃO!\" {n}Hegend pega sua arma e a sacode no ar, revirando os olhos injetados de sangue.{/n} \"A bruxa enganou {g|Shelyn}Shelyn{/g}! Só eu sei a vontade da minha deusa? Morte a Valerie!\""
    },
    {
      "Key": "bd652d2e-31c2-4bf7-a849-f180b0548bf3",
      "Value": "\"A expressão de Valerie proclama sua culpa mais alto do que qualquer palavra! Pode haver mais alguma dúvida sobre o que aconteceu com Sir Sinnet, cuja única falha foi ter fé na virtude dessa mulher?\""
    },
    {
      "Key": "980fedf6-4de7-44be-bf3e-0289f0eaacc5",
      "Value": "\"Você pode se libertar – purificar sua alma e admitir sua culpa – mas não a ouço chorando ou implorando por misericórdia. Diga-me, Valerie, o que a leva? Orgulho perverso ou teimosia pedregosa?"
    },
    {
      "Key": "d38c3c45-158f-48b6-a0d4-887f80b11fb5",
      "Value": "{n}Valerie aperta os olhos e franze os lábios. O pescoço dela parece estar coberto de suor.{/n}"
    },
    {
      "Key": "ff88e713-693b-4b25-aeb1-d14d991a9dda",
      "Value": "{n}Valerie não indica que ela ouviu você, mas você vê os ombros dela relaxarem.{/n}"
    },
    {
      "Key": "fbede796-c5bb-45f4-8d86-6148a02c966e",
      "Value": "\"Hum... não tenho motivos para desconfiar de você, {mf|Sua Graça|Sua Graça|Sua Alteza|Sua Alteza}. Portanto, o desaparecimento de Fredero Sinnet não está na consciência de Valerie.\""
    },
    {
      "Key": "c9d6ee1a-0544-4156-a162-34b439bef26e",
      "Value": "{n}Valerie encontra um momento para girar e queimar você com um olhar furioso. Sua mentira descalça não pareceu agradá-la.{/n}"
    },
    {
      "Key": "74cee83a-dc4d-45df-a662-f12b900c51da",
      "Value": "\"É isso mesmo? Então, depois que o julgamento terminar, talvez discutiremos as consequências de tal imprudência!\""
    },
    {
      "Key": "6d010e7f-6bb7-4f03-a11b-5c2b802ab1a5",
      "Value": "\"{mf|O barão|A baronesa|O rei|A rainha} estava em {mf|dele|dela}. Até os paladinos de {g|Shelyn}Shelyn{/g} devem respeitar as leis das terras em que estão.\""
    },
    {
      "Key": "51b46c18-29b8-48ac-a811-71150352afab",
      "Value": "\"Meu filho...\" {n}O sacerdote não continua, mas suspira profundamente.{/n}"
    },
    {
      "Key": "bd826cca-6f39-41a7-ab8f-52d6763c6105",
      "Value": "\"Eu posso entender os desejos de uma jovem garota que deseja absorver o mundo. É uma pena que Valerie não tenha encontrado outra maneira de expressá-lo, e fugiu da Ordem como uma criança errante...\""
    },
    {
      "Key": "f645136a-6153-422f-b0b6-cd3efe910df3",
      "Value": "\"Essa mulher tem coragem de desafiar abertamente os criados de Shelyn}Shelyn{/g}! Oh, não há limite para sua insolência, Valerie?\""
    },
    {
      "Key": "5569e331-b9f9-4478-bc92-dcb2717b6861",
      "Value": "\"Isso pode surpreendê-lo, mas eu concordo com você. Depois que meu sangue esfriou, comecei a perceber que minhas queixas sobre Valerie eram um pouco... excessivas.\""
    },
    {
      "Key": "f7c598d9-3213-418b-a0e6-7fadf9abcdf8",
      "Value": "\"E nós fizemos – apenas para você seguir os passos dele!\""
    },
    {
      "Key": "cc46c961-c9ea-44d5-a8ef-b618e7f2bd8d",
      "Value": "\"Um crime imperdoável, sem desculpa – é o que vejo nas ações de Valerie.\""
    },
    {
      "Key": "36d987a8-773d-4a7c-b5db-3c674c3055ee",
      "Value": "{n}Valerie fecha os olhos irritada e engole em seco. Você sente que ela está prestes a gritar.{/n}"
    },
    {
      "Key": "97671085-daa2-4a8f-b85d-c9f9081335cd",
      "Value": "\"Mas a vida daqueles que guardam a paz de Jamandi é menos importante que a vida de um senhor das espadas? Você cometeu um erro terrível, meu filho.\""
    },
    {
      "Key": "7b104472-20fb-4032-a7d9-41130799fb26",
      "Value": "\"Sério? Bem, mal podemos julgar as ações de Valerie se elas acontecerem apenas na imaginação dos caluniadores...\""
    },
    {
      "Key": "06f71b98-7ca8-4ce5-8360-3417e430871a",
      "Value": "{n}Valerie fica de pé, como se estivesse virando pedra, apertando os dedos na barra da manga. Ela evita seus olhos como se tivesse vergonha de você.{/n}"
    },
    {
      "Key": "870dcd8a-677f-4e71-a8a3-99ccd1ef3678",
      "Value": "{n}A voz de Laryen soa reconfortante.{/n} \"Eu entendo, meu filho. Você não tem culpa. Vamos deixar esse assunto triste.\""
    },
    {
      "Key": "49eab897-b977-45e9-9d5f-4441f4e2053f",
      "Value": "{n}O rosto de Valerie é iluminado por um leve sorriso.{/n} \"Verdadeiramente. Esqueci o que são os hipócritas. {g|Shelyn} Os servos de Shelyn{/g} são! Você só se importa com uma liberdade de vontade – aquela que serve a você interesses próprios!\""
    },
    {
      "Key": "2831541c-cfb3-4127-b2f9-99820917d9f0",
      "Value": "{n}O sacerdote levanta os braços se desculpando.{/n} \"Estamos apenas esclarecendo algumas nuances, {mf|barão|baronesa|rei|rainha}. Embora eu não possa deixar de notar sua prontidão para assumir parte da culpa. Verdadeiramente, Valerie escolheu um governante digno para servir...\""
    },
    {
      "Key": "157cf13c-4c3e-4bfb-a792-fc4f38b62cde",
      "Value": "\"BASTA!\" {n}A voz de Valerie soa sob o cofre do templo. As próprias pedras parecem tremer.{/n} \"Estou cansado desse balbucio inútil! Você fica aqui e me discute como se eu fosse uma de suas imagens estúpidas ou ídolos de pedra! Julgando, acusando, falando por mim, como se... COMO SE EU NÃO EXISTIR! Vocês todos podem ir para o {g|Abyss}Abismo{/g} com o seu {g|Shelyn}Shelyn{/g}!\""
    },
    {
      "Key": "5dbd0b4a-795e-421c-b235-1f5ad519f0b6",
      "Value": "\"Insultar a deusa em seu próprio templo! Morte a Valerie!\""
    },
    {
      "Key": "ba38fc09-b449-44f8-ad96-c1727a30afe9",
      "Value": "\"Muita presunção em suas palavras! Tanto orgulho!\""
    },
    {
      "Key": "ebffac0d-47f2-4090-9a25-a80cdd1d843f",
      "Value": "\"Tenho certeza de que o coração de Valerie está cheio de coisas boas. Afinal, sua aparência agradável é apenas um reflexo de uma alma perfeita, escondida dos olhos curiosos.\""
    },
    {
      "Key": "6eb05343-44dd-4434-8c93-013155d28a04",
      "Value": "\"Claro, {mf|barão|baronesa|rei|rainha}. Estamos julgando Valerie apenas por suas ações.\""
    },
    {
      "Key": "405eb0d8-31ad-4cd7-81d4-8176fe4c3366",
      "Value": "\"O-quê? Me desculpe, estou confuso... Não tenho queixas sobre Valerie. Nenhuma! Seja o que for! Tenho que ir!\""
    },
    {
      "Key": "6b846a4f-b51c-4b47-9445-560772ff29a5",
      "Value": "\"Há! Você não pode me assustar com suas ameaças ociosas! Tudo o que você conseguiu, {mf|Sua Graça|Sua Graça|Sua Alteza|Sua Alteza}, está confirmando os rumores que se multiplicam em torno de suas terras!\""
    },
    {
      "Key": "05f38114-58e6-405b-a6cb-ac425091f57f",
      "Value": "\"Mas... o julgamento ainda não acabou! Você não pode insultar a corte divina de {g|Shelyn}Shelyn{/g}!\""
    },
    {
      "Key": "11ecd131-56ec-4ba4-bcaa-0bd9c556fa1a",
      "Value": "\"Chega... servos de {g|Shelyn}Shelyn{/g} – venham! Vamos lavar o sangue dos insultos desses ladinos!\""
    },
    {
      "Key": "9f38cc04-c67f-4e9d-8726-cbc46cda553a",
      "Value": "\"Não, eu... bem, possivelmente – apenas possivelmente – eu poderia ter inspirado alguma punição poética... ahem...\""
    },
    {
      "Key": "454a8a08-a950-494f-bb82-547b971b5af0",
      "Value": "\"Então não posso aceitar sua declaração. Deixe este templo.\""
    },
    {
      "Key": "c9615782-7f81-4735-815f-24c6e82f5100",
      "Value": "{n}Valerie fala baixinho.{/n} \"Por favor, deixe isso comigo.\""
    },
    {
      "Key": "97216686-7347-4d05-a3a3-d872436c28e7",
      "Value": "\"E, no entanto, isso não impediu Valerie de fazer a coisa nobre. Foi exatamente assim que seu pai... e Fredero a criaram.\""
    },
    {
      "Key": "76a4bf8b-69cd-4afc-9af9-4caa300a8ee5",
      "Value": "\"Por favor, não levante seu sangue. Há verdade em suas palavras, eu admito.\""
    },
    {
      "Key": "4234ceec-aae9-40d5-a661-7ba276ea5514",
      "Value": "\"Por favor, {name}! Eu nunca seguiria uma ordem desonrosa. – O que significa que só eu posso responder por minhas ações.\""
    },
    {
      "Key": "234fa7ed-2ed2-41b4-b3c9-d0da1044c10f",
      "Value": "{n}Valerie não mostra que ela ouviu você.{/n}"
    },
    {
      "Key": "88d3a2ea-3c7c-4b81-9ae8-c57459f152ec",
      "Value": "\"Ahem... justo... Bem, então vamos deixar esse assunto de lado.\""
    },
    {
      "Key": "e3a0b829-8422-44bf-a545-abc6b442cd4e",
      "Value": "{n}Valerie range os dentes com tanta suavidade.{/n}"
    },
    {
      "Key": "18ab112e-2fc8-4440-aa15-d2dd47ffdfd7",
      "Value": "\"Talvez você possa me dar uma chance de falar por mim?!\""
    },
    {
      "Key": "b0203c51-dbc7-440e-930a-1e751e1c7d40",
      "Value": "\"Sério? Bem, mal podemos julgar as ações de Valerie se elas acontecerem apenas na imaginação dos caluniadores...\""
    },
    {
      "Key": "f232d02f-3c06-4360-bc9c-c52f1a91c505",
      "Value": "\"Obrigado, Eveld. Não estou surpreso com esta notícia – Valerie nunca se curvaria a se comportar como um estúpido estagiário...\""
    },
    {
      "Key": "29925687-9b73-4602-906e-6f3a0211c511",
      "Value": "\"Obrigado, Eveld! Espero que esta afirmação sobre o ato injusto de Valerie não seja ignorada...\""
    },
    {
      "Key": "6e6a7ded-e88d-4170-979c-2cd53c79bcb9",
      "Value": "{n}Valerie observa o bardo com um olhar espantado e depois se vira para você.{/n} \"O que você fez? Por que?!\""
    },
    {
      "Key": "0c5807a3-21aa-4d06-b88e-72fcba1e651d",
      "Value": "\"Há! Você lhes deu calor, amigo! Serve certo!\""
    },
    {
      "Key": "bc17c3e8-ddd7-4e8e-9e67-0d542b0c2407",
      "Value": "\"Mesmo eu não poderia ter dito melhor.\""
    },
    {
      "Key": "70f0c6b7-fff1-480b-b678-64d826649794",
      "Value": "\"É a verdade inegável, você sabe! E como vítima de seus ataques, eu quero dizer isso... Ah, me desculpe. Continue, Sir Hegend.\""
    },
    {
      "Key": "3e7a8380-5a93-48e3-8fc6-b617d9b5e956",
      "Value": "{n}Linzi se vira para você, com o rosto preocupado.{/n} \"Eu sei que você está preocupada com Valerie... mas, honestamente, essa acusação é completamente justa! Você não acha?\""
    },
    {
      "Key": "c6624abd-b126-4926-900c-ec18c839caa5",
      "Value": "\"Oh. Ela costumava se desculpar comigo também. Como eu poderia esquecer?\""
    },
    {
      "Key": "478137c7-9c12-49ed-b3ea-6b5f15e3c9f1",
      "Value": "\"Desculpas? De Valerie? Esta é a primeira vez que eu ouvi falar de um milagre tão incrível!\""
    },
    {
      "Key": "7f460fce-b5d5-4087-be75-3d577672272e",
      "Value": "\"Oh. Quando? Eu nem percebi!\""
    },
    {
      "Key": "d8367b64-8d23-479f-a900-a6772fa6d5cf",
      "Value": "\"Bruxaria!\""
    }
  ]
}