{
  "$id": "1",
  "strings": [
    {
      "Key": "972b34ac-8134-4139-89f7-3b34c4eaf927",
      "Value": "\"Guardas! Leve-a. Envie a cabeça para Irovetti como nossa resposta!\""
    },
    {
      "Key": "35e1dbb5-36ee-4056-838b-6672e387c349",
      "Value": "{n}O emblema de {g|Pitax}Pitax{/g} brilha no peito do mensageiro. Ela se levanta com orgulho e fala suas palavras em negrito e clara:{/n} \"Sua Alteza, {Name} o Primeiro! Tenho uma mensagem para você de Irovetti, rei de Pitax.\""
    },
    {
      "Key": "b55cb268-3e6a-47d9-9900-ae48eb707e6b",
      "Value": "{n}Seus guardas desarmam o mensageiro que grita e a arrastam para longe.{/n}"
    },
    {
      "Key": "c7640827-a023-497b-8e90-9067b6c5abc2",
      "Value": "\"Sinto muito, Alteza, mas não tenho autoridade para negociar. Só estava investido na tarefa de entregar a mensagem do meu rei e receber sua resposta.\""
    },
    {
      "Key": "51504f61-224b-438b-842d-b342b8f2a9ce",
      "Value": "\"Vou passar suas palavras para Sua Alteza.\""
    },
    {
      "Key": "bff25da6-9517-4eed-b3fb-01ee6a5a5543",
      "Value": "{n}Após uma reverência, o mensageiro sai da sala do trono.{/n}"
    }
  ]
}