{
  "$id": "1",
  "strings": [
    {
      "Key": "e2fcc447-679b-4a07-a472-c42bda0dd1bf",
      "Value": "\"Conte-me mais sobre cada candidato.\""
    },
    {
      "Key": "65dc9658-6c28-4687-8011-30347eccaf10",
      "Value": "\"Entendo. Vou escolher um conselheiro para resolver esse problema.\""
    },
    {
      "Key": "96cbd032-2442-4745-a910-2400cc4539b1",
      "Value": "{n}Ekun parece envergonhado, e seus olhos não se levantam do chão.{/n} \"Más notícias, {name}. Fomos enganados. O agente duplo, o escrivão de Gralton, toda a história... Fomos deliberadamente puxados para a guerra de outra pessoa por um terceiro desconhecido.\""
    },
    {
      "Key": "a17d7f9a-e701-42c0-a98a-673c44a9d600",
      "Value": "\"Houve um erro, {name}. Alguém – eu ainda não sei exatamente quem – nos interpretou. O agente duplo que veio até nós, o espião de Marcadaga, o escriba... Era tudo um esquema para nos levar a um brigue com nossos vizinhos! Fomos manipulados e presos!\""
    },
    {
      "Key": "0937903a-5d67-4689-a457-459aa97b2721",
      "Value": "\"{name}, acho que você não vai gostar das notícias que trago. Fomos deliberadamente envolvidos no conflito entre Gralton e Litran. Um terceiro jogador, até agora desconhecido, nos enviou esse mercenário e traçou seu Eles providenciaram que descobríssemos o espião Litran, e então nossas ações foram reveladas ao inimigo.\""
    },
    {
      "Key": "413b939c-3fcc-4135-837f-84441fcc5098",
      "Value": "\"As garras de Crepúsculo de Andoran são mestres da guerra secreta. Eles são tão perigosos quanto leais. É só que... eles se importam mais com a aparência do que com o valor.\" {n}Ekun franze a testa.{/n} \"Eles servem seu próprio reino, mas seria bom se o Grande Diplomata os convencesse a nos ajudar. A Agência Insônia são caçadores urbanos. Investigadores particulares. E eles não são baratos. O Tesoureiro terá que negociar muito com eles. Mas eles valem o dinheiro.\""
    },
    {
      "Key": "7ca1f9ca-776e-4970-81f2-f2dbf5ef72d3",
      "Value": "\"As Garras do Crepúsculo são um esquadrão dos melhores guerreiros de Andoran. O Grande Diplomata terá que fazer um esforço heróico se houver alguma esperança de trazê-los para cá. Mas seus punhais e capas são tão famosos quanto suas atitudes esnobes. A Agência Insônia é uma companhia privada que fornece serviços de segurança e de investigação. Seus funcionários são mercenários experientes e caros. Não sei se o Tesoureiro pode convencê-los.\""
    },
    {
      "Key": "a06d8832-dcb6-402e-9540-57c71f6f409f",
      "Value": "\"As Garras do Crepúsculo e a Agência Insônia usam métodos semelhantes. Ambos são espiões e assassinos experientes. Os primeiros são o ramo de espiões do regimento dos Cavaleiros-Águia. O Grande Diplomata terá que lidar com eles. Os segundos são investigadores particulares de Ustalav. Eles trabalham para quem estiver disposto a pagar. O Tesoureiro terá que liberar mais fundos do que estamos acostumados.\""
    },
    {
      "Key": "e186bf2f-571d-4c64-b698-a45f89fc7c1d",
      "Value": "\"Devemos limpar as fileiras. Eu não sei em qual deles podemos confiar, então eu traria pessoas completamente novas. - Pessoas que não podem ser subornadas pelo inimigo, de preferência de terras distantes. Poderíamos contratar os cães de caça da Agência Insônia ... ou é claro, poderíamos recorrer aos oráculos de Irori. Mas os Twilight Talons de Andoran são os únicos em quem eu confiaria minha vida. Você pode confiar na palavra deles.\""
    },
    {
      "Key": "c5473347-6b99-4516-aa57-ecb307aa88dc",
      "Value": "\"Devemos limpar a infestação de nossas fileiras ao mesmo tempo! Isso deve ser feito por alguém de fora, alguém não envolvido com a trama. Devemos entrar em contato com os investigadores da Agência Insônia ou os cavalheiros da Garra do Crepúsculo. Ou podemos pedir ajuda aos oráculos Irori ... se chegarmos a um acordo com eles.\""
    },
    {
      "Key": "e275894c-5af6-48b9-a93d-10298cfcd16d",
      "Value": "\"É hora de caçar ratos. Devemos trazer extraplanares, cujas mãos estão limpas. Tenho vários candidatos a oferecer. Mas eu não me incomodaria em entrar em contato com as Garras do Crepúsculo, cavaleiros de Andoran. Eles são experientes, mas nunca nos servem. Eles servem ao seu próprio povo. No entanto, os investigadores da Agência Insônia podem servir. Os oráculos de Irori também são bons.\""
    },
    {
      "Key": "9b1dd865-8626-4704-bc9e-fbd3383b2548",
      "Value": "\"Os oráculos de Irori são videntes que servem ao deus do conhecimento. Eles são honestos. E raros. Mas ouvi dizer que eles podem ser encontrados no Oriente. Se oferecermos a eles o conhecimento de nossos sacerdotes, eles poderão olhar para a escuridão para nós, e encontre os rostos dos nossos inimigos.\""
    },
    {
      "Key": "7c5e60bf-2666-488c-a24d-a50d3201262b",
      "Value": "\"Os oráculos receberam o dom da adivinhação por seus Irori, o deus do conhecimento e da perfeição pessoal. Ouvi dizer que há um clã isolado dos oráculos de Irori em Dunsward. Poderíamos convencê-los a descobrir o rosto de nossos inimigos – em troca de generosamente compartilhando o conhecimento de nossos sacerdotes.\""
    },
    {
      "Key": "2193649d-d459-437e-9d7c-cf765c142da9",
      "Value": "\"Oráculos são servos de deuses que podem ver o que os outros escondem. Ouvi dizer que um pequeno grupo de oráculos de Irori vive em uma comunidade isolada em algum lugar nos arredores de Dunsward. Eles certamente poderiam nos ajudar se prometêssemos compartilhar com eles o conhecimento dos nossos sacerdotes.\""
    },
    {
      "Key": "da51d87b-a6be-43ff-b907-2e7f55539ea5",
      "Value": "\"Durante todo esse tempo, enquanto gastávamos energia em uma guerra inútil, nossa inteligência estava sendo infiltrada pelos espiões de um partido desconhecido! Eu não confio mais em nenhum dos meus subordinados. Eu nunca confiei neles de qualquer maneira. Mas talvez seja isso mantendo-nos vivos.\""
    },
    {
      "Key": "8c528440-f42c-45c1-92f4-5c798b85eff8",
      "Value": "\"Então, enquanto estávamos lutando na guerra de outra pessoa, nosso verdadeiro inimigo enviou espiões para se infiltrar em nossas fileiras! Eu conduzi uma investigação e encontrei provas de que todo o nosso aparato de inteligência foi comprometido!\""
    },
    {
      "Key": "a2d601a3-ab07-4cff-8133-09752c5578e9",
      "Value": "\"Enquanto estávamos ocupados brigando, eles enviaram seus espiões. Fomos distraídos por nossos vizinhos e negligenciamos nossa própria casa. Agora está cheio de ratos.\""
    }
  ]
}