{
  "$id": "1",
  "strings": [
    {
      "Key": "c623015f-8a44-42ae-9e24-8bc74341a9f9",
      "Value": "\"Mostre-me o que você tem.\""
    },
    {
      "Key": "caeb7adb-55e7-4c20-afc7-2cb2e21dea24",
      "Value": "\"Despedida.\""
    },
    {
      "Key": "a1b924c5-82aa-4272-95af-355e349c9475",
      "Value": "\"Como está indo o comércio?\""
    },
    {
      "Key": "3a928820-515d-4853-a997-17b3dab767db",
      "Value": "\"Bem-vindo à Coração de Salmoura! Gostaria de dar uma olhada nas minhas mercadorias?\""
    },
    {
      "Key": "8b125fe5-272d-4de2-b10f-583bd8ede7a3",
      "Value": "\"Tudo está excelente! Darven é um governante sábio. Caravanas comerciais vêm todos os dias, os impostos são baixos. – Nossa cidade prospera!\""
    }
  ]
}