{
  "$id": "1",
  "strings": [
    {
      "Key": "e1db2329-dfd2-46b1-b9d1-27165560b6f3",
      "Value": "\"Linzi, por que você não escreve um conto de fadas sobre todos nós, hein? Como 'eles viveram felizes para sempre e morreram juntos no mesmo dia...'\""
    },
    {
      "Key": "c5955211-4d96-4b87-bc8f-866cd0a6a251",
      "Value": "\"'... no campo de batalha, entre numerosos cadáveres de seus inimigos!' Sinto muito, Octavia, mas não consigo imaginar alguém do nosso velho bando, sentado perto de uma fogueira e cercado por bisnetos!\""
    }
  ]
}