{
  "$id": "1",
  "strings": [
    {
      "Key": "f7190827-1783-4090-a495-ae71b4898a78",
      "Value": "\"Tempere seu tom. Você realmente esperava que eu sempre colocasse seus interesses antes dos meus?\""
    },
    {
      "Key": "4be5f6b0-24eb-4a35-9610-f95d72d148e4",
      "Value": "\"Parece imprudente emitir ameaças em sua posição.\""
    },
    {
      "Key": "8ebde4c6-0947-4295-b1fa-6c263946299b",
      "Value": "\"Você não pode me culpar por sua derrota. Cheguei o mais rápido que pude.\""
    },
    {
      "Key": "35acce2f-59d4-404c-a48a-3f388b4600a9",
      "Value": "[Beijar a mão de Natala] \"Eu ficaria honrado em tirar a coroa de suas mãos. Permita-me prometer minha eterna lealdade. Não tenho dúvida de que nossa aliança produzirá belos frutos!\""
    },
    {
      "Key": "c0e1a5e9-df57-4c6d-b4f7-6a3bd62c248a",
      "Value": "\"Você pensa em me honrar propondo que eu pego a coroa de suas mãos? Eu não exijo seu reconhecimento ou ninguém mais será coroado!\""
    },
    {
      "Key": "ccf48926-60d2-436d-913a-747b941535cd",
      "Value": "[Curve-se levemente para as duas senhoras] \"Brevoy está passando por momentos difíceis no momento. Brigas internas ameaçam trazer um verdadeiro desastre. Meu reino e eu estamos prontos para agir como garantidores da paz.\""
    },
    {
      "Key": "4237c60f-d88c-4b6f-b04e-8a6332986fcd",
      "Value": "[Estenda sua mão para Jamandi] \"Vamos deixar nossas brigas no passado. Hoje, Restov e os Senhores das Espadas precisam de aliados mais do que nunca!\""
    },
    {
      "Key": "c99ecac6-a248-4f9a-a790-8e48e5fe5c15",
      "Value": "\"Não diga isso. Eu simplesmente cumpri meu dever como seu aliado.\""
    },
    {
      "Key": "4d97871f-1df4-4e9c-b1b3-fd0f61456156",
      "Value": "\"Eu não luto pela glória. Minhas razões são muito mais substanciais do que isso.\""
    },
    {
      "Key": "44cec2f0-60f6-44fe-ad5b-e52af1ab07f7",
      "Value": "\"Com o tempo? Stag, Hargulka, Vordakai... Eu já ganhei mais glória do que várias gerações de algumas famílias!\""
    },
    {
      "Key": "a2a74afb-95bb-4ad8-a57a-fcbdc8444cea",
      "Value": "[Apertar a mão de Jamandi] \"Ser seu aliado é uma grande honra para mim. Confie em mim quando digo que não esquecerei tudo o que você fez por mim.\""
    },
    {
      "Key": "206c64b5-1e77-4914-8fde-55ce38753e05",
      "Value": "[Curve-se diante de Natala] \"Eu ficaria honrado em tirar a coroa de suas mãos. Permita-me prometer minha lealdade eterna.\""
    },
    {
      "Key": "69388c3c-1499-4122-a208-0031502aac5e",
      "Value": "\"Você pensa em me honrar propondo que eu pego a coroa de suas mãos? Eu não exijo seu reconhecimento ou ninguém mais será coroado!\""
    },
    {
      "Key": "e4850904-c996-41c1-a18f-f5bf407d485d",
      "Value": "[Curve-se levemente para as duas senhoras] \"Brevoy está passando por momentos difíceis no momento. Brigas internas ameaçam trazer um verdadeiro desastre. Meu reino e eu estamos prontos para agir como garantidores da paz.\""
    },
    {
      "Key": "3504aa18-6d3c-4cfd-aae8-2f4c1aa1a82f",
      "Value": "[Beijar a mão de Natala] \"Coroado ou não, sempre serei seu aliado leal. E se os Senhores das Espadas de Restovic não protegerem as fronteiras de Brevoy, meu exército e eu estaremos dispostos e prontos para defender suas terras.\""
    },
    {
      "Key": "8a018731-77f3-4114-90fc-4c39a948bc2c",
      "Value": "\"Bem, Alteza, é hora de se preparar para a coroação. Você provavelmente desejará restaurar a ordem dentro de suas terras primeiro. Como tenho certeza de que concorda, certamente seria estranho celebrar com monstros vagando a terra e um chefe bárbaro enlouquecido ainda em geral. Uma vez resolvidos esses problemas, ficarei feliz em ver a região conhecida como {g|Stolen Lands}Terras Roubadas{/g} se tornar um reino de pleno direito, liderado por um soberano verdadeiramente nobre!\""
    },
    {
      "Key": "41ad9fa6-babb-4df6-aa0f-5751255e417b",
      "Value": "\"Só mais uma coisa. Fui informado da escapada do jovem {g|House Lebeda}Lebeda{/g}. Se desejar, posso tentar evitar um escândalo, devolvendo discretamente seu corpo à família para uma ressurreição. Seu nome nunca vai aparecer.\""
    },
    {
      "Key": "a457a3e2-db32-408b-801a-d39694a798f8",
      "Value": "\"Não diga isso. E agora, devo retornar ao meu exército.\""
    },
    {
      "Key": "d5b433fe-f037-483a-85b6-bd66c781cdf2",
      "Value": "\"Agora isso é ousado! Bem, se você é corajoso o suficiente para enfurecer {g|House Lebeda}Casa Lebeda{/g}, tudo o que posso fazer é lhe desejar boa sorte.\""
    },
    {
      "Key": "fc972106-05fc-4ef7-b071-b3bf6bb148b0",
      "Value": "\"Bem, você tem todo o direito de se sentir assim. Mas se {g|House Lebeda}Casa Lebeda{/g} souber disso... Bem, você pode imaginar a reação deles.\""
    },
    {
      "Key": "4964ef64-7048-4fa6-b18e-0a44430dcb8b",
      "Value": "\"Até nos encontrarmos novamente na sua coroação!\""
    },
    {
      "Key": "7150b20b-db0f-4832-9908-9ca076b5078a",
      "Value": "\"Ah, sim, tem mais uma coisa. Fui informado do truque que o jovem Lander Lebeda fez com você. Eu diria que você não quer uma briga com a grande casa de {g|House Lebeda}Lebeda{/g}. Estou disposto a organizar o processo de devolver o corpo dele à família para ressuscitar – sem revelar seu papel no assunto, é claro. Quanto ao próprio Lander, não me preocuparia se ele mencionasse você. Tenho certeza de que ele.\" Vou tentar se vingar de você um dia, mas ele nunca contará a história de seu fracasso a ninguém.\""
    },
    {
      "Key": "33f59a0a-151c-4b0b-af53-10ed39a24173",
      "Value": "\"Realmente não é problema para mim.\""
    },
    {
      "Key": "57193c31-2bdd-4fb5-ac8c-4ec13cc6dd68",
      "Value": "\"Bem, deixe-me dizer adeus por enquanto. Vamos nos encontrar novamente na celebração da sua tão esperada – e bastante merecida – coroação!\""
    },
    {
      "Key": "44ff83f9-185e-4123-a453-455c3001e2a7",
      "Value": "\"Você continua me surpreendendo! Bem, se você deseja brincar com fogo, é seu direito. Você sabe as apostas.\""
    },
    {
      "Key": "baeb93da-9471-4eb7-a7fe-51277fa83f0e",
      "Value": "{n}Natala balança a cabeça, os lábios contraídos.{/n} \"Se essa é sua decisão, não vou intervir.\""
    },
    {
      "Key": "493a21c7-4357-42bf-86fe-7e0f1c2989a5",
      "Value": "{n}{d|Natala}Natala{/d} {g|House Surtova}Surtova{/g} recebe você com o sorriso satisfeito de uma cobra que acabou de engolir uma refeição viva e resolveu se divertir.{/n} \"Aqui está o nosso salvador! Os bárbaros são derrotados. Parabéns pela sua gloriosa vitória!\""
    },
    {
      "Key": "601d2b28-7a04-4e97-813f-7d097483bba0",
      "Value": "Jamandi Aldori olha para você de mau humor. Sua voz é embotada enquanto ela fala.{/n} \"Sim, uma ação verdadeiramente heróica. Acredite em mim, não vou esquecer.\""
    },
    {
      "Key": "43cf8377-9e09-43f3-9031-787e4ce4e640",
      "Value": "\"Estou bem ciente da minha posição, obrigado.\""
    },
    {
      "Key": "85085f3e-fe3e-4134-a434-18e6c2f33001",
      "Value": "\"Então essa é a razão! Sim, eu tenho certeza que seus interesses pessoais são mais sagrados para você. Então, quanto você foi oferecido pela ação?\""
    },
    {
      "Key": "76dd9eb9-c215-44aa-9e54-066a4b4e7db4",
      "Value": "\"O que foi que te manteve, então?\""
    },
    {
      "Key": "b7814c5e-bb8d-4c49-bda4-3af0f68e0ba7",
      "Value": "\"Pelo amor de Deus! Você pode estar acostumado a lidar com mercenários, mas a ganância não é a única coisa que motiva as pessoas. Ninguém ofereceu nada {mf|ao barão|à baronesa}, {mf|ele|ela} agiu de acordo com seus interesses de estado – como qualquer verdadeiro governante deveria.\""
    },
    {
      "Key": "f09a001b-de30-4e74-a2c2-8499eef57d2a",
      "Value": "\"Isso é o suficiente. Não é hora de discutir. Nós vencemos – isso é importante! Hoje, {mf|o barão|a baronesa} provou que {mf|ele|ela} não é apenas um general capaz, mas também um governante sábio.\""
    },
    {
      "Key": "dbc5ceed-1259-4154-9993-76d286b31966",
      "Value": "\"Eu chegaria ao ponto de dizer que {name} mostrou sabedoria além da posição {mf|dele|dela} – não apenas a de um {mf|barão|baronesa}, mas a de uma verdadeir{mf|o rei|a rainha}!\""
    },
    {
      "Key": "1af02625-16a1-41b0-a314-7c97cdfd0dc1",
      "Value": "\"Estou tão feliz que você ouviu a voz da razão.\""
    },
    {
      "Key": "70ef6ad8-16c0-4a9e-b975-94cedbcb5132",
      "Value": "\"Estou ouvindo você certo? Você está pronto para reconhecer {mf|ele|ela} como seu igual?\""
    },
    {
      "Key": "3b8503d4-c663-4313-876c-06b90194d76f",
      "Value": "\"Bem, como SEU igual, pelo menos, {g|Swordlords}Senhores das Espadas{/g}...\" {n}Natala {g|House Surtova}Surtova{/g} se vira para você e olha nos seus olhos.{/n} \"Então, o que você diz? Você pode suportar o peso da coroa?\" {n}Ela levanta a mão pálida em sua direção levemente, palma para baixo.{/n}"
    },
    {
      "Key": "ec0ae5ea-796d-40c9-bf15-f43a6f5ddb97",
      "Value": "\"Ah, você pode ter certeza disso. As alianças com {g|House Surtova}Casa Surtova{/g} sempre produzem frutos abundantes. A única questão é quem trabalha para cultivar o fruto e quem pode provar isso!\""
    },
    {
      "Key": "ce8d2d5b-7c65-45be-89da-2234986c2c8c",
      "Value": "{n}Natala levanta as sobrancelhas, mas se contém. Um sorriso retorna ao seu rosto.{/n} \"Agora, essas são as palavras de uma {mf|verdadeiro Rei|verdadeira Rainha}, não de um vagabundo! Com uma abordagem como essa, não tenho dúvida de que você conseguirá muito!\""
    },
    {
      "Key": "6054fae8-9a20-4967-bc9f-07db8ab44337",
      "Value": "{n}Natala olha para você de cima a baixo com um olhar gelado. Ela está claramente surpresa, sua expressão é uma mistura de partes iguais de desdém e surpresa. Mas então ela simplesmente concorda.{/n} \"Suponho que seria melhor para todos nós.\""
    },
    {
      "Key": "038aef30-cffd-4842-84e8-a4073bf11c43",
      "Value": "\"Bem, está na hora de voltar ao que resta do meu exército. Desejo-lhe boa sorte, Alteza. Há um velho provérbio em nossas terras – antes de dar ordens, é preciso aprender a aceitá-las. Você provou ser muito hábil Vamos ver como você se sai! \" {n}Jamandi Aldori se vira e sai.{/n}"
    },
    {
      "Key": "ef664850-e5ae-446a-8be6-e5d6de7c8b76",
      "Value": "\"Parabéns, Alteza! Suas ações anteriores provaram que você era capaz de tomar o poder, mas hoje é o dia em que você se mostrou capaz de mantê-lo. Vá em frente e peça as vestimentas cerimoniais para sua coroação! E enquanto elas estão sendo preparadas, você deve termine o que começou – encontre o chefe bárbaro e expulse os bárbaros de suas terras. Estabeleça a paz na região. E tome medidas para garantir que nenhuma fera mágica apareça aleatoriamente em suas terras novamente!\""
    },
    {
      "Key": "1d71b376-33cf-403f-954c-c82e4e742011",
      "Value": "{n}Sua mão paira no ar – parece que Jamandi não vai sacudi-la.{/n} \"{g|Abadar}Abadar{/g} me salve de tais aliados – lidarei com meus inimigos meu próprio.\""
    },
    {
      "Key": "900b062e-8562-42c5-afcc-56029790de7f",
      "Value": "{n}O sorriso venenoso de Natala se amplia.{/n}"
    },
    {
      "Key": "a1745165-72d1-435c-9c2e-0a7875f8d25d",
      "Value": "\"Bem... Sua Alteza... Deixe-me dizer adeus. Aproveite a sua coroação o máximo que puder – a vida de um governante dá tão poucas ocasiões para tanta alegria!\""
    },
    {
      "Key": "943b5bf1-aa44-4f3c-8f00-2d3e3a2dbf4e",
      "Value": "\"Estou inclinado a concordar. Você está assumindo um fardo pesado – mas já provou ser uma pessoa altamente capaz.\""
    },
    {
      "Key": "e702ea1c-5064-413d-bed9-6fc83d3bdab9",
      "Value": "{n}Com um leve sorriso de despedida, Natala {g|House Surtova}Surtova{/g} sai cerimoniosamente.{/n}"
    },
    {
      "Key": "016af040-dbc8-4a11-aff6-d05c3a827e27",
      "Value": "{n}Jamandi Aldori cumprimenta-o com um aperto de mão firme.{/n} \"Os bárbaros recuaram! Parabéns, meu amigo, você conseguiu o melhor tipo de vitória – sem sangue!\""
    },
    {
      "Key": "764b56de-590f-4ef1-8a4d-7891a59313c1",
      "Value": "{n}Kassil Aldori se inclina diante de você.{/n} \"Você salvou muitas vidas hoje, Sua Graça. Agradeço em nome de todo o exército.\""
    },
    {
      "Key": "5fe984c7-e414-4f73-b029-5ff83862be33",
      "Value": "\"Você tomou uma decisão ousada, {mf|barão|baronesa}! Somente o tempo dirá se foi uma boa decisão...\""
    },
    {
      "Key": "3d51de1c-f969-44d1-a30c-2ea3bdcb0826",
      "Value": "\"Uma vitória brilhante , {mf|barão|baronesa}. {d|Natala}Eu{/d} não tinha dúvidas de que a nobre casa que você encontrou, com o tempo ganhará grande glória, e os bardos cantarão seus louvores em cada taberna!\""
    },
    {
      "Key": "60f13355-12f9-4fbb-88ec-be14151e87d2",
      "Value": "\"Ah, não tenho a menor dúvida disso! Gostaria de saber quanto custou aos Aldori receber esses serviços...\""
    },
    {
      "Key": "a0008f21-3e2e-4d93-8aa0-9e0cd0237491",
      "Value": "\"O dever de um aliado é uma coisa tão engraçada. Alguém que parecia ser seu aliado ontem, pode facilmente se recusar a honrar tais dívidas amanhã. E às vezes os aliados podem se tornar inimigos devido à menor das discordâncias...\""
    },
    {
      "Key": "cb0b4ee0-d82e-4b12-aa11-d5e55768f93b",
      "Value": "\"Então você acredita em si mesmo como um cavaleiro da lenda, ou talvez um heróico assassino de monstros? Isso é adorável! Seria insensato da minha parte dissuadi-lo.\""
    },
    {
      "Key": "908f2317-2ac9-4015-8723-17157377a55f",
      "Value": "\"Talvez para aqueles que consideram 'honra' uma palavra vazia e confundam nobreza real com o comprimento de sua história familiar. Algumas pessoas estão dispostas a se curvar diante de qualquer canalha, desde que a linhagem desse canalha seja longa o suficiente. Mas as ações de uma pessoa são o que mostram se alguém é verdadeiramente nobre.\""
    },
    {
      "Key": "a9f4f354-0138-4c79-9efc-6a631f67585c",
      "Value": "\"Não acredito que você ouve moedas tilintando por trás de cada interação, como um patético lojista. Você é governante há tanto tempo que só vê os outros como criados? Talvez tente ler as crônicas de sua família em algum momento – o conceito de honra já significou algo para seus antepassados!\""
    },
    {
      "Key": "2bfc7722-f3d8-4d1c-a7aa-3636ca1ab072",
      "Value": "\"A única diferença entre heróis lendários e nós é o tempo em que vivemos. As ações d{mf|o barão|a baronesa} falam por si. Mas todos os heróis lendários tiveram que lidar com o ciúme dos outros – a história simplesmente nunca registra os tolos avarentos.\""
    },
    {
      "Key": "ef2e1b7f-3c42-482d-961f-5918b3d64f71",
      "Value": "\"As ações d{mf|o barão|a baronesa} nas terras {mf|dele|dela} já são dignas de lenda. {mf|Ele|Ela} provou que {mf|ele|ela} tem as virtudes necessárias para não apenas um {mf|barão|baronesa}, mas para ser uma {mf|verdadeiro Rei|verdadeira Rainha}!\""
    },
    {
      "Key": "930318ef-1c7a-42bd-a625-3e1a85f82d18",
      "Value": "\"As coisas ficam cada vez mais interessantes com você. Então, perto da fronteira de {g|Restov}Restov{/g}, onde antes eram encontradas madeiras impenetráveis, covis de monstros e tocas de bandidos, um reino real está emergindo? Confesso, você me surpreendeu... Bem, não vou me opor. Será divertido ver como isso acaba.\""
    },
    {
      "Key": "943d96d2-f13d-404f-81af-eb4ba4f57e84",
      "Value": "{n}Natala dá um sorriso desdenhoso.{/n} \"Não se preocupe. Você já demonstrou sua verdadeira lealdade. Nenhuma palavra pode desmentir suas ações.\""
    },
    {
      "Key": "6e732969-0d6e-4379-9de5-f66338ad2034",
      "Value": "{n}Jamandi balança a cabeça, sorrindo.{/n}"
    },
    {
      "Key": "a2abb9e6-cab4-43eb-936b-d902a1f91db1",
      "Value": "{n}Jamandi levanta a sobrancelha.{/n} \"É mesmo? Eu não esperava tanta ousadia de você. Mas a escolha é sua. Com uma abordagem como essa, você certamente será um ótimo complemento para o que quer que seja considerado alta sociedade nos {g|River Kingdoms}Reinos Fluviais{/g}.\""
    },
    {
      "Key": "feffe3b3-c3f8-4737-83aa-cc3a9c2b6eea",
      "Value": "Jamandi aperta firmemente sua mão.{/n} \"O sentimento é mútuo!\""
    },
    {
      "Key": "d9c51ed0-ad22-4d91-a41b-388776532d6b",
      "Value": "{n}Jamandi pensa por um longo momento, seus olhos procurando seu rosto, depois ela assente.{/n} \"Você assume um fardo pesado e ingrato, mas acredito que você está pronto para o desafio.\""
    },
    {
      "Key": "be16db66-3c1e-429b-8564-686ff84844a7",
      "Value": "\"Eu concordo. Suponho que seria melhor para todos nós.\""
    },
    {
      "Key": "cfe1decf-afe5-4a7f-8b0d-5041304996d8",
      "Value": "\"E agora deixe-me dizer adeus. Fiquei verdadeiramente feliz em conhecê-lo pessoalmente mais uma vez. De todo o coração, desejo a seu jovem reino grande prosperidade, e espero que sua recém-criada nobre família tenha uma longa e história gloriosa! \" {n}Natala {g|House Surtova}Surtova{/g} vira e sai.{/n}"
    },
    {
      "Key": "1f1c6a2a-4f3e-4a01-9da0-fb568a1c5c94",
      "Value": "\"Espero que você saiba o que está fazendo.\""
    },
    {
      "Key": "7935d438-17b4-459c-a0a1-a0fb5a0e45bc",
      "Value": "{n}Após um aperto de mão de despedida, Jamandi sai, seus guerreiros seguindo logo atrás.{/n}"
    },
    {
      "Key": "2902ef47-d4fe-4bbb-aa1c-2006fbf19f43",
      "Value": "\"Você levanta um ponto excelente. Com o exército de {g|Restov} de Restov derrotado, {g|Brevoy}Brevoy{/g} resta pouco para protegê-lo de seus numerosos inimigos. Sim, acredito que você prestar um serviço inestimável a Brevoy se você posicionar seu exército... digamos, na {g|Nivakta's Crossing}Travessia de Nivakta{/g}. O que você diz, {g|Swordlords}Senhores das Espadas{/g}? Ou você prefere Eu guardo soldados da {g|House Surtova}Casa Surtova{/g} lá? Eu estou bem com qualquer uma das soluções, realmente.\" {n}A expressão de Jamandi de Natala saborear como se fosse um vinho requintado.{/n}"
    },
    {
      "Key": "fb1008f6-b75d-40ef-a780-7742e77bf9af",
      "Value": "Jamandi empalidece de raiva e humilhação. Sua mão alcança sua lâmina, mas ela se contém enquanto assobia por dentes cerrados:{/n} \"Como desejar. Suas tropas serão suficientes.\""
    },
    {
      "Key": "39cd9291-381d-42f6-b6a2-fd70a589b09f",
      "Value": "\"Não tenho a menor dúvida de que {name} se tornará {mf|um dos melhores reis|uma das melhores rainhas} dos {g|River Kingdoms}Reinos Fluviais{/g} que já conhecemos!\" {n}Jamandi estende a palma da mão aberta para você.{/n}"
    }
  ]
}