{
  "$id": "1",
  "strings": [
    {
      "Key": "ef519d19-e1b9-489b-ac0d-9a87bc3e4998",
      "Value": "\"Eu preciso entender o que aconteceu. Essa criatura era...\""
    },
    {
      "Key": "128cbcd3-9e58-447c-b268-8ccd17985ac9",
      "Value": "\"Se não houver outro caminho, vamos ao portal.\""
    },
    {
      "Key": "0687dec3-afc6-4e47-8789-7197384f06f9",
      "Value": "\"Estudei maldições por um longo tempo. O maior poder deles não é mágico, mas palavras. E o que é criado com palavras pode ser derrotado com elas.\""
    },
    {
      "Key": "ac4e4855-985b-4a9f-ab35-5fdd327d46ff",
      "Value": "\"Você já ouviu falar do gnomo Tartuccio? Ele foi amaldiçoado e, depois que sua morte se transformou em um kobold chamado Tartuk. Mais tarde, ele me disse algo incrível: o que significava humilhá-lo e destruí-lo, ao invés disso, deixara que ele aumentasse suas forças e encontrasse seu poder.\" Na maldição, ele encontrou uma espécie de poder.\""
    },
    {
      "Key": "9f6a8280-e232-4821-95d4-1ed5118352a6",
      "Value": "\"Lembra-se de Armag, seu filhote de lobo? Você o alimentou com mentiras e o usou como arma, mas ele ainda encontrou em si mesmo aproveitar as rédeas de seu próprio destino. Por milhares de anos, você foi a mão do destino no Roubo. Você não vê quanta força existe naqueles que estão prontos para lutar até o fim?\""
    },
    {
      "Key": "1674a1e2-f4b8-4169-980e-73bbd06e651f",
      "Value": "\"Confie em mim, Nyrissa. Encontraremos uma maneira de libertá-lo da maldição e derrotar quem o amaldiçoou.\""
    },
    {
      "Key": "ab27e1f3-40ae-48a1-a0e2-4aa455725b8d",
      "Value": "\"Eu já contei tudo o que sei sobre maldições. Mas espere, há mais uma coisa... Lembre-se de que você amaldiçoou Vordakai, favorito dos senhores de Abaddon. Ele era impotente contra a maldição, porque usava um pedaço de sua essência contra ele. Isso pode nos ajudar?\""
    },
    {
      "Key": "852d2b6e-c372-4b51-b420-5575b945bbae",
      "Value": "\"Para onde o portal leva?\""
    },
    {
      "Key": "41fb7aba-9f98-4c71-84e2-d6f218f7ef1c",
      "Value": "\"Eu preciso olhar em volta. Voltarei para você.\""
    },
    {
      "Key": "c8823fe4-a921-4396-9627-92f8e77e63ad",
      "Value": "\"Deixe seu amor não correspondido guiá-lo. Foi assim que foi dito? Pense nas palavras da maldição. As palavras são a chave de tudo.\""
    },
    {
      "Key": "95a1fb2b-56f7-4e86-b04d-9ecf4dc69b91",
      "Value": "\"Eu não sei mais o que posso fazer para ajudar. Não há como libertar você da maldição?\""
    },
    {
      "Key": "f41972fb-1bac-44a7-a57d-dd646687907a",
      "Value": "\"A maldição não pode ser onipotente. Não mudou Evindra do jeito que mudou você e suas Irmãs Desfiguradas.\""
    },
    {
      "Key": "b0d1dbe9-79f2-4a23-a036-e25166904363",
      "Value": "\"Eu te disse isso por uma razão. Uma maldição não é uma magia. Você está tentando seguir as regras dele, mas precisa lutar! – Ou procure uma maneira de transformar seu poder maligno em seu benefício.\""
    },
    {
      "Key": "37ae6087-defb-473d-8bd9-069b832a6f9d",
      "Value": "\"Apenas lute. De um jeito ou de outro, encontraremos uma solução.\""
    },
    {
      "Key": "fa3e7c6b-90aa-4e6c-809b-903f2712005b",
      "Value": "\"Se não está claro como libertá-lo da magia, vamos lutar contra o Rei Lantern e fazê-lo nos dizer. Juntos seremos capazes de derrotá-lo, eu sei disso.\""
    },
    {
      "Key": "8c9b0ee8-a103-4be9-a946-c7837f699b17",
      "Value": "\"Como o destino pode ser estranho... Um momento atrás éramos inimigos, e agora estamos lado a lado contra um semideus. Meu reino está em ruínas, minha jornada de mil anos está em um beco sem saída. – Então, por que me sinto tão vivo?\""
    },
    {
      "Key": "3a3a009f-467a-4e96-b292-02e670e0f765",
      "Value": "\"O vento quente traz uma nova estação e nossa vida pode mudar da mesma maneira.\" {n}Nyrissa olha para você com tristeza.{/n} \"Você devolveu minha alma para mim, {name}. Enquanto eu receio ter levado você à sua morte. Nenhum de nós pode derrotar esse inimigo...\""
    },
    {
      "Key": "75538a90-96d2-4ff2-a017-6af2a67c843b",
      "Value": "\"O {g|LanternKing}Rei das Lanternas{/g}. Aquele que me amaldiçoou no passado. Você está perplexo? Isso é perfeitamente natural – poucos conseguem entender os jogos do {g|Eldest}Ancião{/g}. Até eu mal posso.\" {n}Nyrissa acena com as mãos, como se estivesse ensaiando um movimento de dança.{/n} \"Nossas vidas são brinquedos para eles, nossos destinos, um novelo de lã. Tricotar ou cortar, amarrar nós ou fazer laços – existe um diferença?\""
    },
    {
      "Key": "d4ef2382-f7d9-4286-b05d-96f07ca9e517",
      "Value": "\"Se ao menos fosse tão fácil! Para dizer: 'Nyrissa, {d|CursesTE}você não é mais amaldiçoado.{/d}. Você pode rir e amar de novo! Sua conexão com {g|First World}Primeiro Mundo{/g} está vivo e bem, e aqueles que são preciosos para você nunca enfrentaram a morte...\" {n}A ninfa permanece em silêncio por algum tempo, olhando para longe.{/n}\" Mas o {g|Eldest}Ancião{/g} não conseguiu destruir Briar, apenas a escondeu de mim. E agora minhas risadas e meu amor estão comigo novamente. Isso significa que o todo-poderoso {g|LanternKing}Rei das Lanternas{/g} talvez não seja tão Todo-Poderoso?\""
    },
    {
      "Key": "929509c6-7dee-47d5-b55a-7cdc1962e121",
      "Value": "\"Oh, reconheço a mão do {g|LanternKing}Rei das Lanternas{/g}. Se alguém pudesse fazer uma piada dessas em um pobre gnomo, seria ele. Então você disse que Tartuccio {d|Tartuk TE}não foi quebrado{/d} pelo peso da maldição? Quão frustrante isso deve ser para quem queria vê-lo esmagado.\""
    },
    {
      "Key": "52b91051-31e7-4bca-9b78-61eec9dd6648",
      "Value": "\"Ah, sim, meu filhote de lobo era {d|Armag TE}forte{/d}. Eu não escolheria um fraco. Então, o que você está sugerindo? Para aprender com os exemplos de divertidas bestas selvagens?\""
    },
    {
      "Key": "6b4dd9b0-65fe-4a08-93c7-9d5abe5f9009",
      "Value": "\"Você já fez coisas incríveis para mim, minha primavera. Mesmo que eu morra, vou morrer como antes, antes que a maldição me destrua. Mas tudo tem seus limites e nosso poder também. A maldição e quem me amaldiçoou... são mais fortes que nós.\""
    },
    {
      "Key": "773079e3-0f50-4828-9176-954dbf185012",
      "Value": "\"Eu fui capaz de amaldiçoar uma antiga criatura onipotente... talvez essa seja a dica? Vordakai imbuiu seu próprio nome com um pedaço de {d|Vordakai TE}si mesmo{/d}. Se apenas nós pudéssemos encontrar qualquer coisa ligada ao {g|LanternKing}Rei das Lanternas{/g} do mesmo modo, algo que o representa...\" {n}Os olhos de Nyrissa acendem.{/n}\" Você me deu conhecimento e, com ela, esperança. Vou encontrar um maneira de transformá-los em uma arma contra nosso inimigo. Há uma terrível batalha pela frente, mas minha fé foi reacendida.\""
    },
    {
      "Key": "423376d4-1cd7-4fd8-a7ba-4ea3228e098c",
      "Value": "\"Posso colocar esse vasto abismo de sentido em palavras? Vou tentar. O {g|LanternKing}Rei das Lanternas{/g} gosta de performances. Em um deles, você e eu acabamos sendo os personagens principais. É pouco surpresa que ele estivesse observando você. Ele gosta de máscaras, dicas e palavras vagas, cujo significado é revelado apenas mais tarde. Mas ele não gostou do fim da história e quer reescrevê-la.\""
    },
    {
      "Key": "85bf7911-b8a8-413e-b3b4-1ea7d0ee6515",
      "Value": "\"Você não consegue adivinhar? Para o seu reino. O {g|Eldest}Ancião{/g} já está lá... com toda a sua ira.\""
    },
    {
      "Key": "aa5118b9-1d56-4cde-915a-0981fac0529f",
      "Value": "\"Não existe. Mas lembre-se – do outro lado está o seu mundo, não o do {g|Eldest}Ancião{/g}. Cada rei é mais forte em sua própria terra. Então vamos lá. Se tivermos alguma chance conquistar o invencível – está lá, além do portal.\""
    },
    {
      "Key": "ab8708ee-00fc-4d27-a6fe-a0e86aa62dfb",
      "Value": "\"Vou esperar por você aqui. Agora não perca tempo precioso!\""
    },
    {
      "Key": "979b1f85-f714-4a3c-b979-0462bc2b3537",
      "Value": "\"Se você deseja ver seu reino novamente, precisamos nos apressar.\""
    },
    {
      "Key": "4685cc61-a811-4182-9eae-8239e7500465",
      "Value": "\"Receio que não exista. Mas posso ajudá-lo a derrotar o {g|Eldest}Ancião{/g}. Se não puder ser curado, posso pelo menos me vingar. Certo?\""
    },
    {
      "Key": "a808cf68-a408-4928-b710-cfacf0a61bcd",
      "Value": "\"Oh sim, minha prima rabugenta...\" {n}Nyrissa respira fundo.{/n} \"Sim, ela não mudou nada. Apenas continua me dando uma palestra. Mas ela nunca esteve tão perto de mim quanto das minhas irmãs. – Acho que foi isso que a salvou da maldição, não de uma força mental especial.\""
    },
    {
      "Key": "828d24cb-4d70-4b29-b886-572c7c2065f2",
      "Value": "\"Mas como? Como posso fazer isso? Embora...\" {n}Nyrissa fique subitamente perdida em pensamentos.{/n} \"Criada com palavras, derrotada com palavras... encontre poder em ruína... lute, não siga as regras... É como se eu estivesse tentando encontrar um único raio de luz na escuridão! Como posso encontrá-lo?\""
    },
    {
      "Key": "cc503910-ca1a-402d-b4e8-41609665b57d",
      "Value": "\"Lembro-me de todas as falas como se tivesse acabado de ouvi-la um momento atrás. Podemos... voltar sua piada ao {g|LanternKing}Rei das Lanternas{/g}? Brincar com ele como ele brincou conosco?\""
    },
    {
      "Key": "fb275c1a-6a4a-4799-8a49-3e541461a6df",
      "Value": "\"Nós não precisamos apenas encontrar a resposta, mas dominar quem nos colocou nessa situação. Dominar... ou...\""
    },
    {
      "Key": "f38d00de-ac39-45fb-91dc-ad3b7dad6318",
      "Value": "\"Apenas lute com o {g|Eldest}Ancião{/g}? Ah... Uma vez eu os desafiei e vi a morte de tudo o que eu amava. Posso levá-lo novamente? Bem, não há caminho de volta, existe? Vamos lá. Está na hora!\""
    },
    {
      "Key": "42b8e657-ffd1-42d7-b149-b86f2ae01ea6",
      "Value": "\"Isso não é um bom presságio para nenhum de nós. Mas temos poucas opções, a não ser passar pelo portal e descobrir o que ele planejou.\""
    },
    {
      "Key": "60e03a00-2b89-4b0b-bf90-57a20da5ac7f",
      "Value": "\"Você me devolveu o que ele havia tomado. Poderíamos ir de mãos dadas, para construir nosso futuro em comum. Mas agora, receio que não tenhamos escolha a não ser entrar no portal e aguardar nossa sentença.\""
    },
    {
      "Key": "ae54668b-c568-41ec-8e6e-d07797fbc03b",
      "Value": "\"Temos que vencer. Por nós! Pela terra florescente que podemos criar juntos. Vamos embora! Chegou a nossa hora.\""
    }
  ]
}