{
  "$id": "1",
  "strings": [
    {
      "Key": "6ef0e6fc-9b90-4419-b300-66447113899a",
      "Value": "...pegou o livro inacabado de suas mãos mortas e o apertou contra o peito como o tesouro mais querido do mundo."
    },
    {
      "Key": "42eb1e9a-12ac-4678-8bfb-4671657511f7",
      "Value": "...respirou amargamente: \"Eles vão pagar por isso.\""
    },
    {
      "Key": "547baf47-30b2-4f91-9d1c-1a0509c8b8d5",
      "Value": "...apertou seus lábios teimosamente, pronto para mais perigo."
    },
    {
      "Key": "837a5032-315a-4f47-bcb4-265b7b59f2d0",
      "Value": "...congelou em silêncio."
    },
    {
      "Key": "7755e0c8-c1ac-4260-9d3f-aa9c38094bfe",
      "Value": "\"Linzi?!\""
    },
    {
      "Key": "66b64b91-b467-491f-be95-50179d0d6ed5",
      "Value": "\"Algo está errado aqui.\""
    },
    {
      "Key": "b66f037d-690c-4779-9bc1-910501ab4f2d",
      "Value": "[Fechar] \"Pelo menos você ainda está fazendo o que mais amava. E agora tenho que seguir em frente.\""
    },
    {
      "Key": "d91088a9-4cc8-4659-9026-2dcde8c79e8b",
      "Value": "[Fechar] \"Um período? O caos está apenas começando! Espero que você esteja pronto para escrever sobre todas as minhas próximas conquistas.\""
    },
    {
      "Key": "eb3133de-229a-4abd-96d9-b11a6b116c91",
      "Value": "[Fechar] \"Perdoe-me por não salvá-lo, Linzi! Vou levá-lo comigo e protegê-lo, prometo.\""
    },
    {
      "Key": "f2e81079-e6bc-46cf-bd2a-22d9e94b1ca6",
      "Value": "\"A senhora vai lidar com você!\" Agitando seu adeus, o Caçador de Chifres se inclina pesadamente contra a porta que levava ao segundo andar. Como se o reconhecesse, a porta se abriu, permitindo que a serva aterrorizante de Nyrissa passasse. Ele foge."
    },
    {
      "Key": "b6b7fc8c-9352-4039-b276-ca2388204799",
      "Value": "...Os corpos dos sátiros mortos jaziam aos pés d{mf|o Rei|a Rainha}, mas os olhos do {mf|herói|heroína} não estavam fixos neles. Um pouco mais adiante, o ousado, talentoso e inquieto Linzi, leal cronista e amigo, jazia imóvel no chão. Ela estava morta."
    },
    {
      "Key": "40c0ca03-54b7-47ff-bcb2-b505546fe0bb",
      "Value": "Percebendo o que aconteceu, {mf|o Rei|a Rainha}..."
    },
    {
      "Key": "20c67d9c-df78-4d2f-bc6d-20677b40da65",
      "Value": "...As visões da Casa à beira do tempo revelaram ao {mf|Rei|Rainha} a triste verdade: Linzi nunca o traiu! Ela só queria descobrir os planos de Nyrissa. Fingindo diligentemente estar interessado e empolgado, Linzi fez perguntas e finalmente descobriu que havia um lugar especial na Casa no Limite do Tempo, um Santuário onde o Apology era guardado – uma xícara segurando o pó de quase mil reinos. Se alcançarmos esse tesouro, a ninfa do mal definitivamente não poderá mais se esconder de nós!"
    },
    {
      "Key": "985d6549-0625-407f-b657-c30080c28fed",
      "Value": "A entrada para o santuário abre com três chaves. O homem contorcido mantém a primeira chave, a bruxa Knurly tem a segunda e a terceira é armazenada em uma sala secreta no primeiro andar. Para entrar, é preciso passar pela Câmara de Névoa, na parte subterrânea da casa. Ao descobrir tudo isso, Linzi decidiu partir e encontrar a terceira chave, para ajudar {mf|o Rei|a Rainha}. Mas ela foi pega. E assassinado. E nem o anel mágico dela poderia salvá-la. Eu sabia que missões solo não eram a minha coisa!"
    },
    {
      "Key": "0105463b-3e0e-4315-bb57-e901ab747cdd",
      "Value": "...E então, de pé sobre o corpo {mf|dele|dela} companheiro mais leal, pensou {mf|rei|rainha}, como é que esse exato momento está sendo descrito no livro, se o autor já está morto?"
    },
    {
      "Key": "faecf0b2-224f-4313-9d2f-09d13b836a5d",
      "Value": "Sim, sou eu. Bem aqui, no livro. Que bom que você me encontrou – e que você pode ler. Eu escrevi tudo sobre a chave, certo?! Você pode encontrá-lo em algum lugar na névoa... ou usando a névoa... Eu não entendi tudo sozinho."
    },
    {
      "Key": "faf5c6d2-b9f0-40d3-8bd5-d30d7de511a9",
      "Value": "Sabe, eu fiquei com tanto medo quando fiquei na porta da casa e percebi que não havia ninguém por perto! E então eu entrei no livro. Provavelmente isso não acontece com as almas com freqüência – mesmo aqui no {g|First World}Primeiro Mundo{/g}. Isso é tão estranho! Não consigo decidir se é emocionante ou triste."
    },
    {
      "Key": "cada0240-7cd0-486b-8ff8-84268327cb10",
      "Value": "Eu estive pensando, os livros podem ler outros livros? Caso contrário, quando derrotarmos todos e voltarmos para casa, ficarei entediado. Vou ter que morar na biblioteca... está empoeirado e... talvez você possa me colocar em uma vitrine na sala do trono?"
    },
    {
      "Key": "16e721ec-1cda-4828-8279-c9e960f187c1",
      "Value": "Eu... eu... eu fungava, mas não posso. Obrigado por tudo. Foi uma aventura tão emocionante! Por favor, não esqueça de me levar com você aonde quer que você vá. Eu tenho que saber como tudo acaba! Termine minha história. É muito cedo para colocar um período nisso!"
    }
  ]
}