{
  "$id": "1",
  "strings": [
    {
      "Key": "22e2fc89-bb6b-489a-945b-c59423f77273",
      "Value": "\"É verdade, eu não preciso de comida para sobreviver. Mas espero ter me esclarecido. Não vou mudar meus hábitos por você.\""
    },
    {
      "Key": "604d1b48-28ce-437a-bb9d-1505b71923a0",
      "Value": "\"É divertido ser o último convidado sóbrio de um banquete. É ainda melhor ser o único no grupo que não tem medo de morrer de fome!\""
    },
    {
      "Key": "a6bb05ec-eff9-4c26-9a18-170234cae7a7",
      "Value": "\"Se dependesse de mim, você não colocaria os pés nesta terra. Mas a palavra d{mf|o barão|a baronesa|o rei|a rainha} é lei.\""
    },
    {
      "Key": "39c748a2-9882-40c4-b5ec-105bd8803ddf",
      "Value": "[Suspira gravemente, balançando a cabeça]"
    },
    {
      "Key": "b7200ff1-f1f6-4f2e-8430-207dfff21024",
      "Value": "\"Sei que não precisamos ser amigos para viajar juntos, mas não podemos pelo menos ser cordiais?\""
    },
    {
      "Key": "c80970a5-04a0-4542-ba6e-98ed1e206ca3",
      "Value": "\"Não se preocupe, não precisamos da sua caridade.\""
    },
    {
      "Key": "88afff9c-4c1d-4b68-a0ae-656e2deac727",
      "Value": "\"Muito digno. Apenas os animais comem para ficarem cheios. Para as pessoas, a comida é sempre um ritual.\""
    }
  ]
}