{
  "$id": "1",
  "strings": [
    {
      "Key": "f185ea7f-973d-4e66-866f-b468d862b248",
      "Value": "\"É uma pena que você não tenha encontrado tempo para investigar meu assassinato. Nossa principal evidência – a carcaça do javali no Velho Sicômoro – foi rasgada em pedaços, tanto pela fauna local quanto pelos camponeses famintos. Enneo, o comerciante conseguiu fugir, também. Todas as pistas foram perdidas. Agora podemos esquecer isso.\""
    },
    {
      "Key": "74117b64-3022-42b9-9418-49fb950d4669",
      "Value": "\"É uma pena que você não tenha encontrado tempo para continuar investigando meu assassinato. Aprendi que um grupo de viajantes visitou a margem do {g|Thorn River}Rio do Espinheiro{/g}, exatamente onde o javali apareceu antes do assassinato. Velho Sicômoro. Mas agora os viajantes se foram. O comerciante Enneo também conseguiu fugir. Todas as pistas estão perdidas."
    },
    {
      "Key": "d5c7301f-cff4-4975-b6ff-cae4d8291707",
      "Value": "\"É uma pena que você não tenha conseguido encontrar tempo para visitar o comerciante Enneo. Ele conseguiu escapar e seus pertences foram roubados por alguns pequenos ladrões. Todas as pistas estão perdidas agora.\""
    }
  ]
}