{
  "$id": "1",
  "strings": [
    {
      "Key": "8e209c15-9209-4bbb-9353-b54b857ddfba",
      "Value": "\"Um nome estranho para um elfo.\""
    },
    {
      "Key": "464bc21d-1d53-4a25-9321-8d203790f3d9",
      "Value": "\"O que você está fazendo aqui?\""
    },
    {
      "Key": "fc34f7a8-6e68-4349-8651-9c4e15e90a10",
      "Value": "\"Quem é você?\""
    },
    {
      "Key": "d69260d9-8372-4395-92f5-789ebf1f8c17",
      "Value": "\"Em relação ao seu pedido...\""
    },
    {
      "Key": "632c0121-e3cb-4b07-81ec-7ee3cbdb647f",
      "Value": "\"Que tipo de ajuda você precisa?\""
    },
    {
      "Key": "91449741-4f42-4287-b06a-02490e3c9693",
      "Value": "\"Não posso concordar com nada antes de saber exatamente o que você precisa...\""
    },
    {
      "Key": "ce1c28d0-f5e8-496e-a344-e546517c42df",
      "Value": "\"E o que eu ganho se ajudar você?\""
    },
    {
      "Key": "252614b4-a461-4305-9576-ccf2dc8597f7",
      "Value": "\"Assim seja. Eu vou ajudá-lo.\""
    },
    {
      "Key": "884b0d36-78e8-4f2a-b9c9-8c3e933d7af0",
      "Value": "\"Esta é a flor que você estava procurando?\""
    },
    {
      "Key": "b6f880de-643a-49b0-a36b-e5c0d9d45275",
      "Value": "\"Não tenho tempo para isso.\""
    },
    {
      "Key": "59f403c9-7d00-443c-90fc-d83dd96df058",
      "Value": "\"Você ainda não me disse o que quer de mim...\""
    },
    {
      "Key": "abe9d857-382a-4128-ae49-97e5aa073a6b",
      "Value": "[Não diga nada]"
    },
    {
      "Key": "ce1da83e-1373-4f94-8df9-9614ad39e8f4",
      "Value": "\"Eu já concordei em ajudá-lo...\""
    },
    {
      "Key": "0e2dc7c3-bc6e-4910-a33d-5945649d7851",
      "Value": "\"Muito bem.\""
    },
    {
      "Key": "a0de1b64-2d72-46cd-8968-68dafae2ca75",
      "Value": "\"De jeito nenhum. Você está por sua conta.\""
    },
    {
      "Key": "ad7bb71d-dfce-4309-a935-5e6dc56a29e8",
      "Value": "\"Tudo bem então. Eu tenho que ir.\""
    },
    {
      "Key": "66039f9b-0c93-4f01-bebf-91a73ad0c752",
      "Value": "\"Se você concordar em trabalhar para mim, eu construirei uma oficina para você aqui.\""
    },
    {
      "Key": "861024d6-3a56-4570-98e3-4b44e107c5e7",
      "Value": "\"Eu não faço ideia.\""
    },
    {
      "Key": "3b0528a0-8494-49e8-941c-1383b56d2614",
      "Value": "\"Você pode pagar por isso?\""
    },
    {
      "Key": "0d46572a-8780-4678-a445-f7564c7b6358",
      "Value": "\"Você queria saber se havia um lugar para se instalar por aqui...\""
    },
    {
      "Key": "ace01f0b-1940-4638-b294-3b80f499b941",
      "Value": "Antes que você seja um elfo alto e pálido, as feições suaves de seu rosto contrastam nitidamente sua figura angular. Mas seu olhar lamentável está fixo no chão.{/n}"
    },
    {
      "Key": "7ebb275c-b6f0-47e7-84dd-526925b10aa4",
      "Value": "{n}Ele finalmente percebe e, assustado, pisca para você distraidamente. Ele fala devagar, alongando um pouco suas palavras enquanto fala.{/n} \"Bom dia!\""
    },
    {
      "Key": "40f24427-dd69-4fac-bec9-2d2d6acff175",
      "Value": "{n}O elfo encolhe os ombros.{/n} \"Meus pais me deram o nome Kimiel. Mas meus amigos decidiram que esse nome não me agradava tão bem...\""
    },
    {
      "Key": "0891026c-3b05-4a10-8a99-10b1841b2d71",
      "Value": "{n}O elfo cora levemente e abaixa o olhar.{/n} \"Eu... eu não posso te contar. É um segredo!\""
    },
    {
      "Key": "c0e2b8e0-f38c-48ec-9e75-523e961ea55c",
      "Value": "\"Embora... se você prometer...\" {n}O elfo olha para você com esperança nos olhos.{/n} \"Se você promete me ajudar, eu direi a você!\""
    },
    {
      "Key": "4561625d-31b4-4687-b12b-15cba4eba111",
      "Value": "\"Kimo. Kimo Tavon.\" {n}Com um sorriso largo, o elfo acena com a cabeça lentamente para você.{/n}"
    },
    {
      "Key": "34018956-3437-4bb2-9ca1-2d28a839ee7d",
      "Value": "\"Isso... isso é um segredo!\" {n}Depois de alguma hesitação, o elfo decide acrescentar:{/n} \"Mas não é difícil. Nem um pouco! Você tem a minha palavra.\""
    },
    {
      "Key": "4a56414f-4da0-44a4-8f2f-c027440a7f84",
      "Value": "{n}O elfo enruga a testa em concentração.{/n} \"Bem... se você insistir...\""
    },
    {
      "Key": "811b1105-4a1e-4b4d-99ed-d8ddddbd07bf",
      "Value": "\"Hmmm... Nesse caso, eu... eu darei minha lança! Eu posso fazer muitas coisas úteis de madeira. Você poderia me chamar de marceneiro na sua língua.\" {n}O elfo dá um sorriso desarmante.{/n}"
    },
    {
      "Key": "9f04e6e0-2867-48e9-944f-9b014ce07722",
      "Value": "{n}O elfo está brilhando.{/n} \"Maravilhoso!\""
    },
    {
      "Key": "2bdce9b5-f094-4e7f-be04-8607a7428482",
      "Value": "\"Entendo...\" {n}O elfo suspira.{/n}"
    },
    {
      "Key": "19ba8257-3ef4-42f5-85a4-53476a876a07",
      "Value": "\"Então? Você vai me ajudar?\""
    },
    {
      "Key": "6cdb3a83-bf9f-4105-be64-8e9090c0bb5d",
      "Value": "{n}O elfo continua sorrindo para você.{/n}"
    },
    {
      "Key": "c5e2c86a-b4a4-49ee-92dd-153cd92708ca",
      "Value": "\"Oh, certo.\""
    },
    {
      "Key": "d794e94c-e9cd-4aa4-8e93-ef166b700c51",
      "Value": "\"Perfeito! Volte o mais rápido que puder!\""
    },
    {
      "Key": "d73a9294-8475-447f-bf93-86044cc2e2d8",
      "Value": "\"Sim?\" {n}O elfo olha diretamente para você, com os olhos arregalados.{/n}"
    },
    {
      "Key": "f67100d5-d1f2-4c70-b5fd-73830c6e62f0",
      "Value": "\"É... é lindo.\" {n}O elfo aceita com reverência a flor de suas mãos.{/n}"
    },
    {
      "Key": "9cad722a-18c3-43b2-a501-221971385a71",
      "Value": "\"Adeus!\""
    },
    {
      "Key": "d56a0f37-1282-4264-89c8-e2d1853f8e67",
      "Value": "\"Agradeço. Você me ajudou muito! Aqui, pegue minha lança. Minha habilidade não é nada comparada à beleza da natureza... Mas quem sabe – talvez, você ache útil.\""
    },
    {
      "Key": "5d3a914b-8f08-45aa-b518-5d952ceb2b97",
      "Value": "\"Diga-me, amigo... existe algum lugar aqui onde eu possa me instalar? Eu não quero sair deste lugar.\""
    },
    {
      "Key": "45aff49c-b866-4662-95fe-0e798b18744d",
      "Value": "\"Bem, se apenas com o meu trabalho... eu trabalho com madeira. Faço lanças, arcos e escudos.\""
    },
    {
      "Key": "7dd6c93d-47e5-4f4e-a32c-2d7c2bd793c3",
      "Value": "\"Você... você realmente faria isso por mim?\" {n}A boca do elfo se abre com espanto.{/n}"
    },
    {
      "Key": "8ae10eca-3efd-4d42-8c97-345d30e23e7e",
      "Value": "\"Sim?\""
    },
    {
      "Key": "3085809b-39a1-4c5d-8446-d929dab440eb",
      "Value": "\"Eu vejo...\""
    },
    {
      "Key": "733f8065-6523-4f19-8c99-77a31bd10393",
      "Value": "{n}O elfo lança um olhar pensativo.{/n} \"Bom dia!\""
    },
    {
      "Key": "28774985-a86b-49d8-b39f-7d4ab148f3b2",
      "Value": "\"Bem, se você está oferecendo isso para mim... do que eu aceito de bom grado! É um acordo.\""
    }
  ]
}