{
  "$id": "1",
  "strings": [
    {
      "Key": "b4d9e10d-c8c8-4088-a5bd-09d7971380df",
      "Value": "\"Em casa, diríamos: 'quanto mais grossa a armadura, mais tempo leva para preparar o cadáver para a pira'.\" Definitivamente, é verdade sobre você, Valerie!\""
    },
    {
      "Key": "f7bd0bbf-e907-4d90-9c7e-c98d61863708",
      "Value": "\"Mas você seria rápido. Nós apenas costurávamos seus braços e pernas para trás, para que você seja mais ou menos humano.\""
    }
  ]
}