{
  "$id": "1",
  "strings": [
    {
      "Key": "6079d965-b9b8-427d-8ded-63bf8a335a3e",
      "Value": "\"Quando eu caí... eu vi os rostos daqueles que perdi...\""
    },
    {
      "Key": "1e765230-3a0a-4595-a160-7d9fe620a6cc",
      "Value": "\"Quando a morte se aproxima, você começa a se perguntar – é possível se reunir com sua família perdida, em algum lugar além da vida?\""
    },
    {
      "Key": "f5caca70-afba-4f5a-b2be-5fd616d6eb84",
      "Value": "\"Aqueles queridos para nós que perdemos – eles estão sempre conosco, em nossos pensamentos e em nossa dor. Eles sempre estarão lá para você, Ekun.\""
    },
    {
      "Key": "61a1327d-dabe-40de-bd8a-441d22082210",
      "Value": "\"Você ainda respira, mas sonha em conhecer pessoas mortas! Pare de falar besteira!\""
    },
    {
      "Key": "4e3ec064-4177-40bc-9c5f-f7fcb18aa264",
      "Value": "\"Suas perdas foram terríveis, mas você permanece forte. Quando vejo isso, minha própria tristeza e tristeza parecem diminuir.\""
    },
    {
      "Key": "8d1d9dd9-3693-417d-b5c3-5ca70458c8f2",
      "Value": "\"Quando você morrer, não verá e sentirá nada. Confie na minha experiência.\""
    },
    {
      "Key": "2a2a7d04-0017-436e-a93e-dbbab999e833",
      "Value": "\"Eu conheço esses pensamentos... Mas o que eles poderiam dizer para você, se você os conhecesse antes do seu tempo? 'Volte e volte apenas quando você for um velho cinzento!'\""
    },
    {
      "Key": "944c4f87-8aca-464e-9029-44172320c8e7",
      "Value": "\"Eu conheço esses pensamentos... Mas o que eles poderiam dizer para você, se você os conhecesse antes do seu tempo? 'Volte e volte apenas quando você for um velho cinzento!'\""
    }
  ]
}