{
  "$id": "1",
  "strings": [
    {
      "Key": "92d24628-07c7-407f-831b-82012c7e0ee5",
      "Value": "...a verdade, é claro!"
    },
    {
      "Key": "b4d3b19b-a9a1-4634-a54f-14e22fddcca4",
      "Value": "\"Você primeiro – quem é você?\""
    },
    {
      "Key": "243f4cce-15a6-4743-836c-be4e06a81175",
      "Value": "\"Onde estamos? Vamos sair daqui!\""
    },
    {
      "Key": "6558ec4f-5ea5-4079-939f-0bade1566a7e",
      "Value": "Perguntou-lhe mais sobre seu reino."
    },
    {
      "Key": "69a287a9-a2fa-4158-b2fe-cf4a3f04b130",
      "Value": "Perguntou sobre Nyrissa e sua prisão."
    },
    {
      "Key": "6f05ef4f-4360-4818-be2d-618d2f354d65",
      "Value": "Perguntou a ele a melhor forma de lutar contra Nyrissa e seus servos."
    },
    {
      "Key": "bdc8707f-d195-4aa4-81e7-dc28cbb93675",
      "Value": "Disse a ele que éramos seus novos mestres!"
    },
    {
      "Key": "60daad21-f59f-4a7b-b1fe-3cb8098782ec",
      "Value": "[Fechar] Corremos pela porta e deixamos o fantasma para o seu carro."
    },
    {
      "Key": "f2bcdff3-3190-4705-965a-fd69619ea457",
      "Value": "...perguntou-lhe qual era o cálice."
    },
    {
      "Key": "d0628a1b-4a2e-4a12-a1e3-0a961fe2d9a9",
      "Value": "...perguntou o que ele faria se o libertássemos."
    },
    {
      "Key": "e03c142e-4c88-4c9f-ba3b-8f8f8b6aaece",
      "Value": "[Fechar]... disse adeus e tirou os Infernos de lá."
    },
    {
      "Key": "be7d0a54-e0f8-4ed5-81c4-346f54164f4f",
      "Value": "\"Ah, sim, nós os matamos totalmente! Facada!\""
    },
    {
      "Key": "0c473b92-50c2-459f-9352-853046d7cbc8",
      "Value": "\"Ainda não. É por isso que precisamos da sua ajuda. Como podemos lutar contra Nyrissa e seus lacaios?\""
    },
    {
      "Key": "a386dcfd-5b7c-431a-a263-ea4b423ffad0",
      "Value": "...concordou em libertá-lo."
    },
    {
      "Key": "ab40e40a-4e0b-4218-84a4-6d0b75f832eb",
      "Value": "...recusou."
    },
    {
      "Key": "862e7f54-c3e5-48d5-afe3-e6caf8bd6773",
      "Value": "[Fechar]... disse a ele que precisávamos pensar sobre isso e saímos de lá."
    },
    {
      "Key": "f3b7be92-067e-4c27-a6df-01890b9b527d",
      "Value": "[Fechar]"
    },
    {
      "Key": "e8626960-3dc4-4a5c-82dd-32877e42cad7",
      "Value": "Ouça, você pode falar tudo o que quiser sobre as devidas precauções e as coisas que é melhor deixar desconhecido e blá blá blá. Mas quando alguém lhe dá as peças desmontadas de um artefato mágico? Eu não me importo com quem você é – você monta esse bebê. Quando a última peça da Primeira Coroa se encaixou, tudo começou a brilhar com luz verde e zumbido, e foi aí que as coisas ficaram estranhas. Antes que soubéssemos o que estava acontecendo, estávamos em outro lugar, um lugar indistinto com paredes enevoadas brilhando no mesmo verde. Diante de nós, flutuava um homem élfico, todo vestido como uma espécie de rei. Exceto que ele não era um rei normal, porque da última vez que verifiquei os elfos não eram transparentes, e a pele deles não emitia fiapos de fumaça brilhante. Ele olhou para nós com seus olhos vazios de fantasma e disse: \"Você não é bruxa nem verme. Quem é você?\" Então nós dissemos a ele..."
    },
    {
      "Key": "17532786-b5c9-46b4-9ad2-5b582824a5df",
      "Value": "O rei fantasma assentiu. \"Meu nome é Lethoriel, uma vez chamado Lethoriel, o Sábio. Você está dentro do que era o meu orgulho e agora é minha prisão – o que você chama de Primeira Coroa.\" Ele deu um sorriso feio. Atrás dele, uma porta se manifestava no nevoeiro. Ele apontou para ele. \"Não se preocupe. Ao contrário de mim, eu suspeito que você pode sair quando quiser.\""
    },
    {
      "Key": "94b8e0a3-541a-48ae-a579-1e428c31eda3",
      "Value": "\"O tempo é estranho aqui. Não sei quantos milênios se passaram no seu mundo desde que Nyrissa destruiu meu reino de Rushwood, apenas que toda a memória dele foi perdida, com raças mais jovens construindo nações no topo de suas cinzas. Meu povo é longo morto e disperso. Somente eu permaneço preso nesta meia-vida, neguei meu descanso adequado e fui forçado a realizar tarefas insignificantes por qualquer abominação que leve minha coroa. Tudo graças à rainha ninfa.\" Ele olhou para nós com expectativa, então nós..."
    },
    {
      "Key": "7ff2278e-9041-434f-820f-2f5a7aca81da",
      "Value": "\"O tempo é estranho aqui. Não sei quantos milênios se passaram no seu mundo desde que Nyrissa destruiu meu reino de Rushwood, apenas que toda a memória dele foi perdida, com as raças mais jovens construindo suas nações no topo de suas cinzas. Meu povo estão mortos há muito tempo e dispersos. Só permaneço preso nesta meia-vida, neguei meu descanso adequado e fui forçado a realizar tarefas insignificantes por qualquer abominação que levasse minha coroa. Tudo graças à rainha ninfa.\" Ele olhou para nós com expectativa, então nós..."
    },
    {
      "Key": "15827163-5581-47a3-a1eb-e8ed2f0a4a96",
      "Value": "O sorriso do fantasma parecia dolorido. Atrás dele, o nevoeiro rodopiava, formando uma imagem de uma bela cidade da floresta. \"Deuses, meu reino! Era uma beleza, uma cidade da floresta que trançava as árvores em suas próprias paredes. Mas agora se foi, destruída por Nyrissa e engolida pelo tempo e pela floresta.\" Ele riu amargamente. \"Acredito que você conhece meu reino como parte de suas chamadas {g|Stolen Lands}Terras Roubadas{/g}. Quão apropriado! Ainda assim, seus livros mais antigos me esqueceram, e eu passo os milênios aqui, limitada por Nyrissa como bugiganga para seus servos brigarem! \" Então nós..."
    },
    {
      "Key": "28a729dd-7a06-400e-9f8d-ecfe4202884d",
      "Value": "O fantasma balançou a cabeça. \"Eu não sei. Só que toda vez que ela destrói um reino, um novo grão de pó cai em seu copo. O meu foi o primeiro, mas houve tantos desde...\""
    },
    {
      "Key": "1080d067-2d91-446c-a177-31f31968fc25",
      "Value": "\"Novos mestres?\" A luz verde na sala palpitava com a raiva do fantasma, seus olhos brilhando. Mas então ele sorriu. \"Isso ao menos significa que você matou a bruxa knurly e o homem contorcido? Isso seria um consolo.\" Nós respondemos:"
    },
    {
      "Key": "2110019a-b2a4-475b-9098-3954ecded1b6",
      "Value": "O fantasma gargalhou. \"Excelente! Embora eu tenha certeza de que em pouco tempo vou estar ansiosa pela sua morte da mesma maneira. Mas muito bem – o que você teria de mim?\" Então nós..."
    },
    {
      "Key": "de568526-182f-4c37-b9ee-fc229c8563eb",
      "Value": "O fantasma riu amargamente. \"Lutar com Nyrissa? Criança, se eu soubesse como matar a Rainha Ninfa, ainda estaria presa nessa coroa esquecida pelos deuses? Não posso tomar nenhuma ação direta contra ela, mesmo sob o comando do meu portador.\" Ele fez uma pausa, pensativo. \"Embora eu deva supor... os servos dela vêem minha coroa como uma marca de posição. A Bruxa Knurly e o Homem Contorcido lutam incessantemente por ela. Você sabe, enquanto eu estava sentado aqui preso, eu vi tantos chamados reis e rainhas\" Houve outra pausa, mais longa desta vez. Por fim, em uma voz mais suave, o fantasma disse: \"Ou... depois que você deixar este lugar, poderá me ordenar que destrua esta coroa e me liberte\". Isso fez todos nós pararmos. Nós nos entreolhamos, avaliando silenciosamente nossas opções e depois..."
    },
    {
      "Key": "c92c73f2-3481-4ded-b590-0396d129e415",
      "Value": "O fantasma riu amargamente. \"Lutar com Nyrissa? Criança, se eu soubesse como matar a Rainha Ninfa, ainda estaria presa nessa coroa esquecida pelos deuses? Não posso tomar nenhuma ação direta contra ela, mesmo sob o comando do meu portador.\" Ele fez uma pausa, pensativo, e continuou com uma voz mais suave: \"Embora depois de deixar este lugar, você possa me mandar destruir esta coroa e me libertar\". Isso fez todos nós pararmos. Nós nos entreolhamos, avaliando silenciosamente nossas opções e depois..."
    },
    {
      "Key": "8b1310ce-e68c-47a4-865b-197cd4c58937",
      "Value": "\"Ora, eu... continuaria com minhas justas recompensas, suponho. Ser julgado por {g|Pharasma}Pharasma{/g} e me juntar ao meu povo na vida após a morte.\" O fantasma tentou parecer inocente, mas infelizmente para ele, nós sabíamos melhor. Inocente ou não, ele era um fantasma – gastando alguns milhares de anos mergulhando em sua própria raiva embaralha seu cérebro. Não havia como dizer o que ele faria se o libertássemos. Então nós..."
    },
    {
      "Key": "78b8f696-0077-46e0-9507-2c7bd4ae4999",
      "Value": "Seu rosto se suavizou e, por um momento, você pôde ver o líder gentil que ele deveria ter sido. \"Ora, eu... continuaria com minhas justas recompensas, suponho. Ser julgado por {g|Pharasma}Pharasma{/g} e me juntar ao meu povo na vida após a morte.\" Então nós..."
    },
    {
      "Key": "8a1f16e8-81f3-411c-abc3-f34e8ad86c8d",
      "Value": "O fantasma olhou para nós. \"Realmente?\" Lentamente, um sorriso se espalhou por seu rosto. \"Eu acredito que você realmente quis dizer isso. Nesse caso, tudo o que você precisa fazer é falar meu nome – Lethoriel – e ordenar que eu destrua a coroa e me liberte.\" Ele franziu a testa. \"Você precisará fazer isso na presença de alguém tão poderoso quanto a própria Nyrissa – uma das {g|Eldest}Ancião{/g}, talvez – mas eles não são tão terrivelmente difíceis de encontrar.\" Ele se curvou baixo, gesticulando para a porta se formando na névoa mais uma vez. \"Por favor, retorne ao seu mundo, com meus agradecimentos.\" E com isso, passamos pela porta."
    },
    {
      "Key": "6a9e4881-acb9-49e6-a1de-e979db7a3723",
      "Value": "A sala escureceu ao nosso redor, os olhos do fantasma brilhando como fogueiras verdes. \"Então. Você não é melhor que o resto deles, então.\" Ele começou a crescer, literalmente se expandindo de raiva. \"Nesse caso, mestre, permita-me libertá-lo desta prisão, como você não está disposto a fazer por mim.\" E com isso, de repente estávamos de volta à floresta."
    }
  ]
}