{
  "$id": "1",
  "strings": [
    {
      "Key": "d30ff40f-ba37-4f80-9770-b0904abfcbd4",
      "Value": "\"O que você achou?"
    },
    {
      "Key": "480ea5e9-860c-4dcb-9c91-cb96784cfe20",
      "Value": "\"Pare de vasculhar. Vamos.\""
    },
    {
      "Key": "f7e9e8d7-00d9-4b96-ba17-a0039b681dec",
      "Value": "\"Bem, bem, o que temos aqui?\" {n}Octavia folheia as páginas de um dos livros.{/n} \"Reg! Dê uma olhada nisso!\""
    },
    {
      "Key": "47c63ef5-b1f7-4c11-ae90-cc75fc9ab6cb",
      "Value": "\"O que é isso? Whoa! Por tetas de {g|Calistria} Calistria, este é... Há! Hmmm, encontrei algo interessante aqui!\""
    },
    {
      "Key": "c74831d4-e575-48fc-8171-6b297030af1a",
      "Value": "\"Certo, sim! Só vamos levar esses livros, eu acho. Você tem alguma idéia do que é isso?\""
    },
    {
      "Key": "627c5517-0b45-4add-afa4-978e94fe4080",
      "Value": "{n}Octavia aponta triunfantemente para uma página de um volume espesso.{/n} \"Estes são os livros do Maestro! Toda a sua contabilidade nos últimos... vamos ver, dez, vinte... Sim! Nos últimos trinta anos! Você sabe o que isto significa?\""
    },
    {
      "Key": "603cbdb3-8f4e-4d2b-82f5-d126f6dc4b11",
      "Value": "\"Em algum lugar nestas páginas sou eu e Octavia. Quando fomos comprados, por quanto, de onde... talvez até de quem!\""
    },
    {
      "Key": "71c0b7d4-a58a-44e1-8b44-fe0d5b2a259c",
      "Value": "\"Vai levar algum tempo para entender o razão. Podemos não encontrar nada... ou podemos encontrar algo e lamentar sempre procurar. Mas ainda quero saber a verdade. Quero entender quem sou e de onde eu venho.\""
    },
    {
      "Key": "5e9f18ab-a1fd-4043-9906-cfcfef82231c",
      "Value": "\"Parece que o velhote nos deixou algo valioso!\""
    },
    {
      "Key": "94108df6-da7f-40e7-8833-43740aad4ee9",
      "Value": "\"O Maestro estava com tanta pressa de ir embora que deixou algo bem interessante para trás!\""
    },
    {
      "Key": "4efe7800-5305-478f-840d-904e252ec860",
      "Value": "\"Na verdade, não estou tão interessado na minha tribo... eu já sei quem eles são – montes de merda que vendem seus filhos para a escravidão! Mas ainda pode ser interessante fazer uma visita a eles, talvez cuspir em seus rostos pessoalmente.\"\""
    },
    {
      "Key": "1598e8b7-6891-4446-a400-46fb2b9f5a5f",
      "Value": "\"Algum valor! Pensei que você encontrou algumas anotações de trabalho ou resultados de pesquisa... Bem, todo mundo tem sua própria idéia de valor, eu acho!\""
    },
    {
      "Key": "d4504753-0b70-4897-a34e-e3c78f5b9315",
      "Value": "\"Accou... o quê? Parece chato! Nenhum mapa do tesouro? Nem um pouco?\""
    },
    {
      "Key": "41c90e1d-8dab-4348-b99b-47df0996ca12",
      "Value": "\"Como você não entende? Isso significa... Isso é...\""
    }
  ]
}