{
  "$id": "1",
  "strings": [
    {
      "Key": "9ce47fc3-1b36-460e-9db1-27c42ab5b867",
      "Value": "\"A vida parecia tão simples apenas alguns anos atrás. Seja gentil com seus entes queridos, ouça seu coração, nunca deixe o caminho de ouro – e tudo ficará bem. Então eu aprendi que boas intenções podem levar ao desastre...\""
    },
    {
      "Key": "1ba28563-8041-4f4b-9b05-bc00136f2022",
      "Value": "\"Nunca é tarde para aprender... embora as lições que tiramos da vida sejam muitas vezes amargas.\""
    }
  ]
}