{
  "$id": "1",
  "strings": [
    {
      "Key": "3106322c-bea0-4903-9203-cc11eda4e16e",
      "Value": "\"Nossas mochilas ficam mais vazias a cada dia. Devemos reabastecer nossos suprimentos!\""
    },
    {
      "Key": "2e5ec1cd-c034-4bfe-9bd3-f080dffcd6bb",
      "Value": "\"Acho que precisaremos cortar nossas rações em breve!\""
    },
    {
      "Key": "5d49a211-66b7-4605-a70d-7d5e7f6d3533",
      "Value": "\"Não se preocupe: mesmo sem rações, sempre podemos caçar.\""
    },
    {
      "Key": "37d23e19-cc79-4968-8ecb-3e09ba23200f",
      "Value": "\"Seu falso otimismo me deixa doente. Por que você deve fingir? Você tem medo de que ninguém goste de você se você mostrar sua verdadeira face?\""
    },
    {
      "Key": "05f45c02-bc5f-4d2e-af72-c04f2a68f1d4",
      "Value": "\"Parece-me que você não come nada de qualquer maneira. Gostaria de saber como você continua!\""
    },
    {
      "Key": "8e5bcae3-3cbc-4626-917f-a2ba92cc7043",
      "Value": "\"Pelo menos nossas mochilas estão mais leves agora, ha, ha. Mas amanhã alguém terá que ir caçar.\""
    },
    {
      "Key": "93d6554a-e8a1-4846-a979-ea108eb5acfc",
      "Value": "\"Eu tenho uma idéia: vamos nos livrar de quem come mais! Hein? Boa idéia? Por que você olha para Nok-Nok assim?\""
    },
    {
      "Key": "f8cd155e-b3a3-4144-9871-83a42bd47405",
      "Value": "\"Este não é um deserto. Certamente é fácil encontrar comida... Para alguém familiarizado com essas terras, é claro.\""
    },
    {
      "Key": "1ef41e84-3d74-44c0-bb01-965ab32ee1d8",
      "Value": "\"Este não é um deserto. Certamente é fácil encontrar comida... Para alguém familiarizado com essas terras, é claro.\""
    }
  ]
}