{
  "$id": "1",
  "strings": [
    {
      "Key": "a4dd25a5-f4f7-46de-a048-ff15e927923d",
      "Value": "\"É o aniversário {mf|do barão|da baronesa|do rei|da rainha}, e tenho uma palavra a dizer! Esta data é especial para todos aqueles que o seguem hoje – e para muitos outros que se juntarão a você nos próximos anos.\""
    },
    {
      "Key": "b00f9413-2b90-483f-ab80-5c6ef82ede0d",
      "Value": "\"Você é nosso líder, e quem decidirá o destino desta terra – e de seu povo. É uma grande honra e uma grande responsabilidade. Permaneça forte e digno, e nos leve a frente!\""
    }
  ]
}