{
  "$id": "1",
  "strings": [
    {
      "Key": "1e6c99b5-6f14-4631-8328-ad65d1e94c91",
      "Value": "\"O que é isso?\""
    },
    {
      "Key": "ec80ea13-b93e-4658-959d-7922679de675",
      "Value": "\"Parece estranho.\""
    },
    {
      "Key": "9b0eab13-fba3-4371-aad1-e1b42e0923a1",
      "Value": "\"O que isso tem a ver comigo?\""
    },
    {
      "Key": "67ff73d2-70a8-464e-8a0d-284402ed3cab",
      "Value": "\"Talvez você devesse mostrar a poção para um alquimista primeiro?\""
    },
    {
      "Key": "e654d8b8-30d8-48d9-9ae8-c620e66d624f",
      "Value": "\"Essa poção pode ser perigosa.\""
    },
    {
      "Key": "64bcc5cb-deb4-4613-bf31-cbc74481f712",
      "Value": "\"Claro que é!\""
    },
    {
      "Key": "918ad452-c3b0-4089-afbb-e9f2b99734d2",
      "Value": "\"Por favor, não arrisque sua vida.\""
    },
    {
      "Key": "10606613-68ac-42c0-bb88-18aa5b5be335",
      "Value": "\"Não! Eu proíbo!\""
    },
    {
      "Key": "43f9206c-eabb-4edd-a630-c32c2c92f661",
      "Value": "\"Se restaura sua beleza, vale a pena o risco!\""
    },
    {
      "Key": "0a27ebb7-a3e0-4ac4-8100-6ed1113f10c4",
      "Value": "\"É perigoso! Por favor, jogue essa sujeira fora e não se arrisque!\""
    },
    {
      "Key": "2240baa3-ffb0-4140-bd31-ee757c33dc68",
      "Value": "\"Nem pense em usar essa poção suspeita!\""
    },
    {
      "Key": "24ebb2f9-520a-4aab-b057-fdb17be44fb1",
      "Value": "\"Cabe a você decidir o que fazer.\""
    },
    {
      "Key": "ccea7b06-4c93-4771-8684-88cc439670f4",
      "Value": "{n}Valerie mostra um pequeno frasco de líquido roxo claro.{/n} \"Veja o que eu ganhei na cidade.\""
    },
    {
      "Key": "4dddfd27-72a3-45d1-8d45-4465479bf1a1",
      "Value": "\"Eu só queria ver o que você pensa.\" {n}Valerie segura o frasco para a luz e estuda seu conteúdo com aparente indiferença.{/n}"
    },
    {
      "Key": "719e21a8-c1bd-4387-be2c-c5c33793fb88",
      "Value": "\"Esta é uma poção alquímica, uma espécie de cura – tudo em um frasco. Não sei o que há nela, mas o vendedor prometeu que faria minha cicatriz desaparecer se eu a tomasse cinco vezes.\" {n}Valerie olha para você com firmeza.{/n} \"Eu tive um momento de fraqueza e comprei a poção... mas agora não tenho tanta certeza se usá-la é uma boa idéia.\""
    },
    {
      "Key": "7956e8c9-250e-4f1d-93a9-5e443201a6a5",
      "Value": "\"Eu não acho que um especialista diferente diria algo definitivo. Além disso, a maioria dos alquimistas com quem falei disse que a cicatriz é mágica, então poções simples não ajudarão.\""
    },
    {
      "Key": "63bd569f-20ff-401d-8e43-125dc940e481",
      "Value": "\"Quem sabe, talvez eles estejam bem, e o vendedor me enganou. Ou talvez todos os outros com quem conversei fossem amadores e finalmente consegui encontrar o único alquimista digno em todas as {g|Stolen Lands}Terras Roubadas{/g}.\""
    },
    {
      "Key": "f6199271-c51e-45ab-9204-1c5d82ebeaa8",
      "Value": "{n}Valerie aperta um olho.{/n} \"Também pode tirar essa marca do meu rosto. Você acha que vale a pena? Arriscar-se para restaurar a minha beleza?\""
    },
    {
      "Key": "2a9ef732-ab73-4b88-aa1a-dc3e6d41c648",
      "Value": "{n}O desapontamento brilha nos olhos de Valerie.{/n} \"É verdade... vale a pena ficar cego. Ou crescer escamas por todo o corpo. Bem, obrigado pela sua resposta.\" {n}Valerie se afasta, mexe no frasco em suas mãos... e depois o joga fora.{/n}"
    },
    {
      "Key": "cc4821af-f2c8-4eb9-8db3-9c261ae00d1b",
      "Value": "{n}Valerie olha para você confusa ou talvez irritada.{/n} \"Você não acha que essa ordem está além do escopo do meu serviço?\" {n}Valerie se vira e se afasta, depois joga casualmente o frasco nos arbustos.{/n}"
    },
    {
      "Key": "b36e254c-7591-47e7-9d57-30d6add7ed0b",
      "Value": "{n}Os olhos de Valerie ficam mais quentes.{/n} \"Muito bem. Desculpe-me por distraí-lo por uma razão tão tola.\" {n}Valerie joga o frasco por cima do ombro sem olhar.{/n}"
    },
    {
      "Key": "3879754a-d86d-42a1-8f28-3795a5895a76",
      "Value": "\"De fato. Eu não sei por que vim para você.\" Os olhos de Valerie ficam mais quentes. Ela pesa o frasco nas mãos.{/n} \"Acho que não arriscarei a vida e os membros por essa ninharia.\" {n}Valerie então joga o frasco para o lado.{/n}"
    }
  ]
}