{
  "$id": "1",
  "strings": [
    {
      "Key": "9ba41496-fdde-48b7-9d83-a632b8916216",
      "Value": "\"O que descobrimos de nossos atacantes?\""
    },
    {
      "Key": "59acf0b4-3785-4eb6-934a-7a55cf4993f4",
      "Value": "\"Quão ruins foram as baixas entre os guardas e os civis?\""
    },
    {
      "Key": "acf54cf3-92b6-4aee-a5d9-fcd8a7cfd1dc",
      "Value": "\"Bom trabalho. Você lotou heroicamente.\""
    },
    {
      "Key": "8adb1daa-83c9-41d3-8086-eafdb5469e4c",
      "Value": "\"Hoje está sendo um ótimo dia, não é? A última vez que fizemos uma festa como essa foi na nossa luta com o Lorde Cervo!\""
    },
    {
      "Key": "a32f40e4-a7e7-4cb8-b141-d49829aa8e82",
      "Value": "[Sair] \"Fique vigilante – a luta ainda está longe de acabar.\""
    },
    {
      "Key": "27812cd7-edc6-49c6-8580-30918335a39e",
      "Value": "\"Você viu Kesten?\""
    },
    {
      "Key": "f24b5754-dc28-48e0-b8a6-21af9779f6cc",
      "Value": "{n}O capitão tira o elmo e enxuga o suor da testa.{/n} \"Graças a todos os bons deuses. Não sei se poderíamos aguentar muito mais tempo sem você.\""
    },
    {
      "Key": "06f593c9-d375-4702-a125-d6bacfb6c81f",
      "Value": "\"Sim, seu Gra-\" {n}Um estrondo estrondoso soa de não muito longe. Algo gigantesco está se aproximando, esmagando edifícios ao longo de seu caminho.{/n}"
    },
    {
      "Key": "11ad93fe-4bcf-46af-ab3e-e30335d47592",
      "Value": "\"Substancial, Sua Graça. Se você tivesse chegado muito mais tarde, não tenho dúvida de que a capital estaria perdida.\""
    },
    {
      "Key": "268326ab-7935-439b-aa77-a844b3ade5e6",
      "Value": "\"Muito pouco. Alguns dos monstros surgiram dos pacientes no hospital de Kavken, enquanto outros parecem ter saído direto da floresta. Não há pessoas entre eles e eles não parecem ter um comandante. Eles lutam mais como feras furiosas do que um exército. É tudo o que sabemos agora.\""
    },
    {
      "Key": "4d7dabeb-c688-4d70-9270-8c0f4766d343",
      "Value": "{n}O capitão saúda você.{/n} \"Obrigado, Sua Graça!\""
    },
    {
      "Key": "3cf0e25b-85fc-48a9-b747-e5493fedd37c",
      "Value": "{n}Um sorriso cruza o rosto solene do guerreiro.{/n} \"Realmente do grupo. É uma pena que não haja música.\""
    },
    {
      "Key": "0a34d32a-e1b8-418d-8e34-1417afe46c46",
      "Value": "\"Sim, eu o vi lutando em direção ao centro da cidade há pouco tempo.\""
    }
  ]
}