{
  "$id": "1",
  "strings": [
    {
      "Key": "2902898a-3e18-45b1-94b4-a808689665a0",
      "Value": "\"Misericórdia, perdão... É tudo bobagem. As pessoas não mudam. Se você foi cruel durante toda a sua vida, você não pode simplesmente doar um saco de ouro ao templo e de repente você é resgatado!\""
    },
    {
      "Key": "9c9721f5-f033-49be-81e2-914943bb684d",
      "Value": "\"A expiação não pode ser comprada, você está certo sobre isso. Isso só pode ser realizado por ações justas. E todos nós podemos reformar e nos tornar melhores do que éramos antes!\""
    }
  ]
}