{
  "$id": "1",
  "strings": [
    {
      "Key": "a85cae76-b3ff-4a88-9f96-b1dfb951bbff",
      "Value": "\"Morhalan está preso. Ele está remendando mantas em uma cela da prisão agora.\""
    },
    {
      "Key": "98015ee3-52d8-4ad9-a194-4ae719dc1277",
      "Value": "\"O que você quer me dizer?\""
    },
    {
      "Key": "d6958ce1-cb9d-49b1-8028-8eece7ecfc10",
      "Value": "\"Eu gostaria de saber mais sobre você.\""
    },
    {
      "Key": "e01e9311-2729-4a44-b21a-e247a541f139",
      "Value": "\"Eu tenho que ir.\""
    },
    {
      "Key": "d8aa0796-08f2-422a-9e6c-e4318e97c13e",
      "Value": "\"De onde você é?\""
    },
    {
      "Key": "c141087a-acc9-40dc-8886-18cde7353f55",
      "Value": "\"Como você se tornou um alfaiate?\""
    },
    {
      "Key": "50ed5d7f-6021-4ee9-b776-cfd1c8e2c9b8",
      "Value": "\"Vamos discutir isso mais tarde.\""
    },
    {
      "Key": "7161ac2d-056e-4bdd-bd48-d2a0c85dd071",
      "Value": "\"Olhe para essas peles. Elas foram tiradas de povo lagarto assassinados.\""
    },
    {
      "Key": "bdec05c7-48ca-4b24-a434-a1d193771f3a",
      "Value": "\"Você cora o tempo todo.\""
    },
    {
      "Key": "a31b42ed-e431-4717-ae9b-74b67b45f6dc",
      "Value": "\"Tudo bem, eu vou rastrear os caçadores.\""
    },
    {
      "Key": "6ad46554-bb39-4665-84c0-15641ca2d43b",
      "Value": "\"Eu não posso fazer promessas.\""
    },
    {
      "Key": "7ebb7876-a1e9-46ca-959b-04b03b281c80",
      "Value": "\"Eu não posso perder meu tempo com isso.\""
    },
    {
      "Key": "307c2c26-5612-4769-8bd5-9c9442113b6f",
      "Value": "\"Oh, é você! Por favor, aceite minha gratidão pela oficina! A casa é linda, os vizinhos são maravilhosos e todos são tão gentis e amigáveis! Estou cheia de ordens! E pensar que ainda poderia ser {d|Shariel} apodrecendo{/d} na cadeia por uma acusação falsa...\""
    },
    {
      "Key": "71ff9792-45ea-4e1f-a6cd-d960cf55b572",
      "Value": "{n}O meio-elfo coloca a mão no coração.{/n} \"Estou feliz em vê-lo a qualquer momento!\""
    },
    {
      "Key": "e7c10d45-88a5-42f9-98c8-8bd208e864a2",
      "Value": "{n}Sharel olha em volta nervosamente.{/n} \"Peço perdão, {mf|Sua Graça|Sua Graça|Sua Alteza|Sua Alteza}, por fazer você chegar até a nossa região distante... muitos guardas no palácio que estavam me perseguindo recentemente. Eu acho que sei quem me acusou injustamente. Há um alfaiate na capital – o nome dele é Morhalan. Ele tem a reputação de um mestre brilhante, então eu queria se tornar seu aprendiz. Mas quando eu fui para a oficina dele...\""
    },
    {
      "Key": "e7b047de-0c56-4dc6-8ceb-561488a2cb3b",
      "Value": "\"Como quiser. Fico feliz em falar com você.\""
    },
    {
      "Key": "64bcb241-8565-43c4-b689-552fdec42c4c",
      "Value": "\"Eu venho de Erages. É uma pequena cidade de pescadores em Kyonin. Esse é o lugar onde os elfos enviam minha espécie para o exílio. O exílio para mestiços. Meu pai é pescador e contrabandista. Ele serviu como companheiro de viagem em um navio de guerra andorão até que ele conheceu minha mãe e se estabeleceu. Minha mãe é uma tecelã. Há uma arte em tecer uma rede de pesca! E minha mãe é simplesmente a melhor nisso. Ela me ensinou a amarrar nós e a tecer padrões...\""
    },
    {
      "Key": "02fd4157-9649-46c1-8a09-bb2885b45aec",
      "Value": "\"Comecei quando entrei na Academia Erages. Eu não gostava muito de arqueologia, mas você não tem muitas opções em Erages. É a Academia ou uma companhia de pesca. Foi quando percebi que um ornamento élfico antigo pode enfeitar-se percebi que usar esse tipo de design tornava qualquer coisa que costurava requintada – e bastante popular. Alguns meses depois, metade do corpo estudantil usava meus coletes e capas. Finalmente encontrei minha paixão. Eu saí, em busca de melhores oportunidades.\""
    },
    {
      "Key": "b15bba9f-9774-42dd-b296-1e9fa25fb606",
      "Value": "\"Você dificilmente vai acreditar na minha palavra – mas é verdade! Um mestre alfaiate na capital está matando povo lagarto para fazer roupas com a pele! Não sou rastreador. Não posso caçar caçadores ilegais de Morhalan... Mas você poderia! Se você pudesse encontrar aqueles assassinos nos pântanos e trazer alguma evidência, os guardas levarão isso a sério, e nós livraremos a capital do grande mal!\""
    },
    {
      "Key": "ed5da865-bc08-483e-93c8-314d69f45454",
      "Value": "\"Oh, espero que ele encontre Luz suficiente em sua alma para que algum dia possa ver a gravidade de seu crime. Você não pode abater seres inteligentes como se fossem animais, e fazer roupas com suas peles!\" Sharel permanece em silêncio por alguns segundos e depois balança a cabeça.{/n} \"Mesmo agora que acabou, é difícil acreditar que esse ato maligno realmente aconteceu.\""
    },
    {
      "Key": "e786c3a6-a3c3-4fcb-bd0f-20f999b1b068",
      "Value": "Sharel parece assustado. Ele toca as peles com evidente desgosto.{/n} \"Eles foram esfolados com muita habilidade. Não há dúvida sobre isso. Os açougueiros pretendiam usá-las para couro. Se eles estivessem apenas tentando assustar alguém com um assassinato sangrento, eles fizeram mais cortes. Mas aqui eles fizeram o mínimo. O açougueiro estava claramente salvando a pele. Eu estava certo! Morhalan está comprando as peles de povo lagarto! Ele é um monstro! Obrigado por seu apoio! Agora eu tenho todas as evidências de que preciso Agora eu já gastei muito do seu tempo. Vou até os guardas e vejo o monstro me prendendo."
    },
    {
      "Key": "9dcce7dd-022c-4154-9a71-62d546ba48ef",
      "Value": "{n}O jovem Sharel parece envergonhado. Ele arruma o cabelo, tentando esconder o rubor nas bochechas.{/n} \"O que... o que você gostaria de saber?\""
    },
    {
      "Key": "b4bf6ab0-5807-4413-b07f-f56a09fb6700",
      "Value": "{n}O {d|Shariel}meio-elfo{/d} está assobiando descuidadamente. Ele faz uma reverência graciosa ao vê-lo.{/n} \"É bom ver você! Como posso ajudá-lo?\""
    },
    {
      "Key": "2936c6e5-2ce6-4baa-aa8c-949840003015",
      "Value": "\"Obrigado! Eu nunca poderia ter revelado os crimes de Morhalan sem o seu apoio. Agora que ele está na prisão, posso voltar à capital... mas você sabe o quê? Eu já me acostumei com o ar aqui. E eu tenho vizinhos maravilhosos. O destino me trouxe aqui. Que assim seja. Eu vou ficar. Especialmente desde que comecei a fazer esboços para uma peça única! Outra mudança só atrasaria sua criação.\""
    },
    {
      "Key": "b129ae64-7210-4291-a3cf-1dfc0e81d349",
      "Value": "\"Na oficina dele, vi... coisas que me assustaram muito. Coletes, sapatos, luvas, todos feitos de pele de réptil. Mas o padrão era... distinto. Eu só vi o padrão nos seres-lagartos – seres inteligentes, que também vive nas {g|Stolen Lands}Terras Roubadas{/g}, até onde eu sei. Eu tentei perguntar a Morhalan sobre isso, mas ele me jogou no frio. E quando tentei iniciar meu próprio negócio e abrir uma loja, fui literalmente expulso da capital!\""
    },
    {
      "Key": "ae98af62-f9d8-4e95-a083-12aa72a1a866",
      "Value": "\"Eu? Oh... Sim, de fato.\" {n}Sharel fica roxo e ri.{/n} \"Peço perdão, {mf|Sua Graça|Sua Graça|Sua Alteza|Sua Alteza}! Não estou acostumado a conversar com o governante da {mf|Baronato|Baronato|Reino|Reino} {mf|ele mesmo}! Antes de conhecê-lo, sempre pensei que os governantes nunca conversam com pessoas comuns. Você é diferente!\""
    },
    {
      "Key": "5e28fd3c-dd2f-4282-981f-cf1653e01524",
      "Value": "\"Graças aos deuses! Me desculpe, não posso dizer exatamente onde encontrar os desgraçados. Mas tenho certeza de que eles devem estar caçando no {g|Narlmarches}Brejo Narl{/g}. É onde você os encontrará.\""
    },
    {
      "Key": "9afefd36-5a4f-4fb5-9fa8-d48787fc3c59",
      "Value": "\"Entendo, estou pedindo demais... mas ainda assim, se você se deparar com esses caçadores ilegais em suas viagens, não deixe que eles se safem!\""
    },
    {
      "Key": "8213339b-5793-4801-b04d-2326c4e35f82",
      "Value": "{n}Sharel recua com medo.{/n} \"Eu... me desculpe! Esqueça o que acabei de dizer! Eu vou... lidar com isso sozinho... eu acho. Sinto muito!\""
    }
  ]
}