{
  "$id": "1",
  "strings": [
    {
      "Key": "531ced86-b3ac-4199-b8ef-d4569d179bb3",
      "Value": "\"Regongar, o que é isso? Por que você está bêbado quando estamos prontos para marchar?\""
    },
    {
      "Key": "6fe261b8-4b46-4359-9575-cffeb226c430",
      "Value": "\"Faça as malas e faça rápido. Temos que ir.\""
    },
    {
      "Key": "93c05b63-7819-451e-bb37-85f7f5d8845c",
      "Value": "\"Reg, seu idiota! O que você está fazendo?! Você percebe que está decepcionando do grupo toda?\""
    },
    {
      "Key": "5d46bce5-e483-460e-b5a3-2f525edb25c3",
      "Value": "\"Nesta condição, você não é apenas inútil, é perigoso. Vamos avançar pela marcha por meio dia até você chegar.\""
    },
    {
      "Key": "600facc7-96f8-40f5-9778-c65aab1ba71d",
      "Value": "\"Eu não me importo com suas desculpas. Faça as malas e rápido!\""
    },
    {
      "Key": "020ba3a6-4843-45c2-b09a-45ecfbee7ee9",
      "Value": "\"Tudo bem, Reg, chupe. Pare de brincar, eu preciso de você. Não sei como, mas em dez minutos você estará pronto para ir. Entendeu?\""
    },
    {
      "Key": "22b75e37-dfb0-4058-aa1f-c89d37c45bc0",
      "Value": "\"Eu não me importo com suas desculpas. Você está bem? Estamos marchando.\""
    },
    {
      "Key": "7cd647b0-f2dc-4e80-868b-532c0aade34d",
      "Value": "\"Exatamente, você geralmente não está. Reg, estou seriamente preocupado com você. O que está acontecendo?\""
    },
    {
      "Key": "384f5fb7-e1d9-4950-ba43-0f72ba08c731",
      "Value": "\"Outro truque como esse, e você ficará sentado na capital até ficar velho! Você percebe que decepcionou do grupo toda?\""
    },
    {
      "Key": "6697ffd3-b9e9-4972-8ab8-436c856b2475",
      "Value": "\"O que foi esse absurdo sobre ninguém precisar de você?\""
    },
    {
      "Key": "f18ad7bb-951a-42f2-9b10-961b5ac9d0bf",
      "Value": "\"Quando você estava bêbado, você disse que ninguém precisa de você. Outro truque como esse, e eu vou começar a pensar se isso é verdade ou não.\""
    },
    {
      "Key": "b64f2813-eab0-4382-97ca-51a8f3b967db",
      "Value": "\"Hunh? Oo quê? Nós já estamos indo? Estou – um... eu estou – quase pronto!\" A língua de Regongar é pesada. Ele está balançando visivelmente, e seu hálito cheira a álcool.{/n}"
    },
    {
      "Key": "fd635428-bec7-47b4-a211-6280bbcd52a1",
      "Value": "\"Eu... eu estava sentado à noite... E, bem... Pensando nas coisas... E no frasco... Eu meio que não percebi... E aqui estou eu.\""
    },
    {
      "Key": "ab8aebbf-dbbc-4c6c-be72-0164c00c12e0",
      "Value": "{n}Regongar reúne suas coisas desajeitadamente, e deixa o acampamento com os outros.{/n}"
    },
    {
      "Key": "28f3f967-d295-42a9-acba-f05a5bfcf6fd",
      "Value": "\"Me desculpe\". {n}O meio-orc tropeça em sua tenda.{/n}"
    },
    {
      "Key": "706edc03-6125-48fc-8a77-6ce9f1523ce6",
      "Value": "\"Sim... eu sempre decepcionei todo mundo. Octavia, você e... todo mundo. Apenas me deixe em algum lugar... Na sarjeta! É onde eu pertenço!\""
    },
    {
      "Key": "b6ed6f90-e620-4bf1-9a91-0e3ec2ac7218",
      "Value": "\"Você-você sabe? Você tem certeza? Entendi... Entendi! Eu só vou demorar um segundo!\""
    },
    {
      "Key": "a78432f9-122d-4b4e-8090-e3573347b4c7",
      "Value": "{n}Regongar ainda não está muito sóbrio, mas agora ele é capaz de andar com firmeza e falar coerentemente.{/n} \"Você sabe... me desculpe. Eu não pretendia... você sabe, eu normalmente não sou assim.\""
    },
    {
      "Key": "43d9d0d9-4adb-46d0-9128-ab5c84c8a4e4",
      "Value": "{n}O meio-orc balança a cabeça.{/n} \"Eu sou apenas... Droga! Sinto muito, sou apenas um idiota.\""
    },
    {
      "Key": "1acb26db-5568-44dc-97e6-ad5d6a882d39",
      "Value": "\"Estou pronta. Vamos.\""
    },
    {
      "Key": "13c5fa0b-9335-476a-bee1-48e21814cb8c",
      "Value": "\"Eu faço.\" {n}O meio-orc abaixa a cabeça.{/n}"
    },
    {
      "Key": "ebcc441c-7b25-42c2-92ff-25d56eb7d97e",
      "Value": "\"Eu não consegui dormir por metade da noite. Fiquei pensando em quanta dor eu estupidamente causava em Octavia – e agora você provavelmente também. Eu estava pensando – talvez vocês dois fiquem melhor sem mim? Pensamentos estúpidos! Eu bebi do frasco para afastá-los – e ficou bêbado aos poucos... Ah, não há motivo para desculpas. Esqueça minha tagarelice. Apenas esqueça. E perdoe esse idiota. Eu juro, não vou ter outra gota enquanto nós estamos em marcha!\""
    },
    {
      "Key": "46659718-50b5-473b-9d60-8ec8706f4e9f",
      "Value": "\"Você sabe o quê? Deixe-me e vá embora. Você não... Hic... realmente precisa de mim. Que bom eu sou? Eu estrago... Tudo, certo... Por que você me mantém por perto?\""
    },
    {
      "Key": "8e8cdc4a-d1f7-4d6d-ac6c-94a1109a3fa0",
      "Value": "{n}O meio-orc morde o lábio ferozmente.{/n} \"A verdade, eu acho... O que o homem sóbrio pensa, o bêbado revela.\""
    },
    {
      "Key": "137ee1b9-f9b0-47d8-8d3a-18530949db2b",
      "Value": "{n}Regongar assente sombriamente.{/n} \"Entendi. Minha culpa. Nenhuma outra gota na marcha!\""
    }
  ]
}