{
  "$id": "1",
  "strings": [
    {
      "Key": "ba414757-1231-425f-9b4a-b2784e7bab37",
      "Value": "\"Eu não me importo com os motivos dele. Tristian, sem nariz, nos traiu. Nunca esquecerei.\""
    },
    {
      "Key": "641b42e9-21b0-4628-abbb-385d75a07f88",
      "Value": "\"Sua raiva é totalmente justificada. Um traidor não pode ter perdão.\""
    },
    {
      "Key": "aa759d89-51a9-4f7c-9fd1-54b955711dcc",
      "Value": "\"Não é nenhuma surpresa que seus princípios vangloriados não tenham sentido nem para ele.\""
    },
    {
      "Key": "1445b663-50d5-498b-9e98-a3df4d3401ca",
      "Value": "\"Ele percorreu um caminho difícil. Se o destino levou você ou eu a um lugar assim – quem sabe se poderíamos melhorar.\""
    },
    {
      "Key": "89b147a7-4ab6-4e22-b898-6ea53b643b3d",
      "Value": "\"Pffft! Traído, traído... nossa espécie se trai três vezes antes do jantar!\""
    },
    {
      "Key": "bfaea503-be48-4b75-97c1-a04312ddd72c",
      "Value": "\"Não é de admirar que ele nos traiu. O que é surpreendente é que confiamos nele em primeiro lugar!\""
    },
    {
      "Key": "568000d1-82f8-4b9e-aada-6dd3abe1e08f",
      "Value": "\"Não é de admirar que ele nos traiu. O que é surpreendente é que confiamos nele em primeiro lugar!\""
    }
  ]
}