{
  "$id": "1",
  "strings": [
    {
      "Key": "81f4ad5e-d704-4047-9f37-d3c0c59b653c",
      "Value": "[Atraia Evindra para uma armadilha] \"Evindra, minha conselheira Tsanna, precisa do conselho de alguém que conhece bem o Primeiro Mundo. Ela está à frente, esperando não muito longe daqui. Você vai ajudar?\""
    },
    {
      "Key": "e42dc60a-0e21-409f-82a0-e4efce16422d",
      "Value": "\"Eu tenho que ir, adeus!\""
    },
    {
      "Key": "b3896808-875f-461e-8547-aa841bf26271",
      "Value": "[Warind Evindra] \"Eu tenho que avisar você – Tsanna, uma sacerdotisa de Lamashtu, escolheu você como um sacrifício pela deusa dela.\""
    },
    {
      "Key": "3710e5e8-a888-438d-a25e-87dcfc9d7383",
      "Value": "{n}Evindra para o que está fazendo e olha para você com seus grandes olhos tristes.{/n} \"Posso fazer algo para ajudar?\""
    },
    {
      "Key": "a638f160-2a5f-442e-90b0-6f5d55897c68",
      "Value": "\"Ninguém realmente conhece o {g|First World}Primeiro Mundo{/g}, mesmo eu, que nasci e cresci aqui. Mas vou ajudar o melhor que puder. É para isso que estou aqui.\""
    },
    {
      "Key": "ed747515-40c3-4f5b-b50f-648759c6ee14",
      "Value": "\"É claro que este é um desejo inútil, mas, no entanto – por favor, tenha cuidado. O Ancião é o inimigo dos inimigos. Seu poder só pode ser comparado à sua astúcia...\""
    },
    {
      "Key": "cccc69a3-a50f-47ae-b443-83575ba83c1e",
      "Value": "{n}Os nereidas se encolhem.{/n} \"{g|Lamashtu} O sacrifício de Lamashtu! Tenho certeza de que ficaria para sempre, se essa divindade horrenda reivindicasse minha vida. Obrigado por me avisar... Terei cuidado. De qualquer forma, devo viver para ver sua vitória sobre o {g|LanternKing}Rei das Lanternas{/g} – e ver sua coroa cair!\""
    }
  ]
}