{
  "$id": "1",
  "strings": [
    {
      "Key": "b117ec38-0b7b-4bce-b47a-7ad4c5bee00c",
      "Value": "\"Jaethal, você... você não está apenas com frio – você está gelado! Uma noite de inverno, sem a lua e as estrelas!\""
    },
    {
      "Key": "2457a422-e8be-4f13-aba7-1fc88da306a9",
      "Value": "\"Isso é uma tentativa de elogio? Garota, eu sou o que sou. As opiniões dos de curta duração me interessam ainda menos do que o uivo do vento nos galhos das árvores.\""
    }
  ]
}