{
  "$id": "1",
  "strings": [
    {
      "Key": "1344b1f2-ed82-4bd6-b316-8c0ae344aaa8",
      "Value": "\"Saudações, {mf|Sua Graça|Sua Graça|Sua Alteza|Sua Alteza}! Estou trabalhando dia e noite, produzindo ordens para o seu exército. Um item em particular ficou bom demais para servir um soldado simples. Seria mais adequado para você, ou para um de seus companheiros leais.\""
    },
    {
      "Key": "693a7379-10cf-4f2e-8c42-8dbbd54279f0",
      "Value": "{n}O rosto de Dragn tenta parecer reservado e solene, mas ele não pode esconder seu sorriso satisfeito.{/n} \"{mf|Sua Graça|Sua Graça|Sua Alteza|Sua Alteza}! Vejo que as coisas estão melhorando em suas terras, assim como na minha ferraria. Seu exército cresce, me dando mais trabalho, e seus súditos mostram cada vez mais respeito ao governante – e também aos artesãos da corte. Permita-me apresentar esse sinal de agradecimento.\""
    },
    {
      "Key": "870a2da0-0dc0-4581-b1c3-6f4eeb75de1b",
      "Value": "\"Leve este presente. Ao nosso gracioso governante, do mestre artesão {mf|dele|dela}, Dragn.\""
    }
  ]
}