{
  "$id": "1",
  "strings": [
    {
      "Key": "378b31b3-398c-49fd-8068-67b6fc61687c",
      "Value": "\"Quem é você?\""
    },
    {
      "Key": "35c2ee85-df07-4e58-b8dc-c2cb817f87fa",
      "Value": "\"Irovetti é um saco de lixo e você sabe disso. Você não tem nojo de trabalhar para ele?\""
    },
    {
      "Key": "54245a17-8d65-4dcc-9c9e-84a83181bbc4",
      "Value": "\"É fácil fazer o bem quando alguém está pagando por isso! Você sabe o preço que seus alunos pagam pela Academia – mas você olha para o outro lado para continuar tocando seu alaúde em paz!\""
    },
    {
      "Key": "2efd7342-39db-4c16-8a0d-acdd29599c28",
      "Value": "\"Se você soubesse o que eu sei sobre os negócios de Irovetti, não o serviria.\""
    },
    {
      "Key": "d5712f2c-c234-4620-9043-3fe7143a77ff",
      "Value": "[Atacar] \"Destrui Irovetti e todos os seus servos – começando por você!\""
    },
    {
      "Key": "3cebef31-f19d-4fa4-8d2f-23d4ccd41e96",
      "Value": "\"Como estão as coisas na Academia?\""
    },
    {
      "Key": "301be5db-a642-4593-861a-d1837ea57663",
      "Value": "\"Como vai você?\""
    },
    {
      "Key": "44bdd226-1ac9-455c-852f-7dba0365d399",
      "Value": "\"Adeus.\""
    },
    {
      "Key": "864f38c9-7d46-4c33-84b0-9f18bbd319ea",
      "Value": "\"Adeus.\""
    },
    {
      "Key": "569c6419-e069-4191-a73e-4b0dee3f7ab1",
      "Value": "\"Então, você veio dar sua coroa a Irovetti, afinal. Não se preocupe, Sua Alteza cuidará bem de suas terras.\""
    },
    {
      "Key": "961b3995-5c8a-4514-8d29-e9dd721f0561",
      "Value": "\"Atalia Gitaren, chefe da {g|Pitax}Pitax{/g} {g|Academy of Grand Arts}Academia de Grandes Artes{/g}. Sua Alteza me deu, e dezenas como eu, uma chance de fazer o que nós amamos.\""
    },
    {
      "Key": "4df0ae27-680e-4838-9dd2-1fed117c1e4b",
      "Value": "\"Eu... mentiria se lhe dissesse que nunca tive que comprometer minha consciência. Mas o bem que ele faz pela cidade e pelos meus alunos é incomparavelmente maior que o mal. Irovetti não é um modelo, mas criou o {g|Academy of Grand Arts}Academia{/g} – e ao fazer isso, ele expiou muitas das suas transgressões. E eu, como chefe da Academia, tenho a chance de diminuir ainda mais o mal que ele faz.\""
    },
    {
      "Key": "8ca3cce3-9174-4192-845c-2647b9a2fee1",
      "Value": "\"Sério? E o que você sabe?\""
    },
    {
      "Key": "cfa49d28-5114-486f-87af-d9de9abb3de5",
      "Value": "\"Então é aí que estão todos os meus melhores alunos! Isso significa que ele criou a {g|Academy of Grand Arts}Academia{/g} não pelo amor às artes, mas para treinar um novo ramo das forças armadas? Que indignação!\""
    },
    {
      "Key": "26c8c9df-394a-4f79-9f22-f3f526c6da3f",
      "Value": "{n}Atalia encolhe os ombros.{/n} \"Então? Se Irovetti usa monstros em vez de soldados, menos cidadãos morrerão em batalha! Eu acho que é uma idéia maravilhosa.\""
    },
    {
      "Key": "d3e190b9-4667-4f6e-ac72-57b2fab8c931",
      "Value": "\"Eu suspeitava disso. Mas a guerra entre Irovetti e as casas comerciais não diz respeito a mim ou aos meus alunos. A {g|Academy of Grand Arts}Academia{/g} não foi fundada pelas famílias antigas. Eu não estou em dívida com eles.\""
    },
    {
      "Key": "943b24ad-ac85-4559-b010-ff1963d3fdbd",
      "Value": "\"E daí? Este é o {g|Pitax}Pitax{/g}. Todas as outras pessoas aqui estão conectadas aos piratas de uma maneira ou de outra.\""
    },
    {
      "Key": "380ae35c-5e5d-4f46-9252-a2e9f7ca1647",
      "Value": "\"Acho que você está perdendo seu tempo. Em vez de provocar rebelião, renda-se a Sua Alteza Irovetti.\""
    },
    {
      "Key": "4df4afec-9d94-4eb4-b8af-f521be42f681",
      "Value": "{n}Atalia cobre o rosto com as mãos.{/n} \"Você... Você está certo. Não importa quão maravilhosa seja a arte criada na {g|Academy of Grand Arts}Academia{/g}, tudo disso, está contaminado pelos crimes de Irovetti. Seja como for, se você se posicionar contra Irovetti, levarei os estudantes para as ruas ao seu lado. Só rezo para {g|Shelyn}Shelyn{/g} para que você seja mais misericordioso do que ele é.\""
    },
    {
      "Key": "d729ba2a-3df9-4f41-8799-ddbbacfaba7b",
      "Value": "\"Por favor, vá embora. Não tenho nada para discutir com você.\""
    },
    {
      "Key": "b3a74850-7344-4e44-9962-4d88da0b828c",
      "Value": "\"O que você me disse é preocupante. Mas... Está entre mim, Sua Alteza e minha própria consciência. Você não vai me convencer a trair meu patrono. Essa conversa acabou.\""
    },
    {
      "Key": "9a943116-07c3-492e-8d44-6154333cf4f5",
      "Value": "{n}Atalia agarra o cajado mágico pendurado no cinto. Antes que você consiga atacar, ela se torna invisível.{/n}"
    },
    {
      "Key": "1cb0474e-d3f0-44fb-a9a7-1284ef08e93c",
      "Value": "\"E agora você deve sair! Não podemos ser vistos juntos!\""
    },
    {
      "Key": "23e903b4-25bf-48fd-9688-7b0a6fec26ae",
      "Value": "\"Despedida!\""
    },
    {
      "Key": "3a268a0b-aa00-4f68-9e7e-349489a4e1e0",
      "Value": "{n}Atalia faz uma reverência.{/n} \"Sua Alteza. Bem-vindo às suas {d|c51 Atalia Rules}leal{/d} {g|Pitax}Pitax{/g}.\""
    },
    {
      "Key": "81a97e5a-f890-4d8a-aee9-85e3623344f7",
      "Value": "\"Olá, Alteza.\""
    },
    {
      "Key": "7840abbc-5476-4c76-98a9-2ef15cfad21f",
      "Value": "\"Lamentamos os estudantes que morreram no tumulto. A perda deles é irreparável. Mas desde que você se tornou o governante do {g|Pitax}Pitax{/g}, desfrutamos de uma liberdade artística muito maior. A arte da {g|Academy of Grand Arts}Academia{/g} floresce mais do que jamais poderia ter sob Irovetti.\""
    },
    {
      "Key": "ac782fc0-3871-4018-83a8-13a5a68ad428",
      "Value": "\"Adeus, Alteza. Que {g|Shelyn}Shelyn{/g} o proteja.\""
    },
    {
      "Key": "42162791-f0e7-436c-8bfc-108f0b58f6c6",
      "Value": "\"Não é tão ruim, Alteza. Perdi meu emprego quando a {g|Academy of Grand Arts}Academia{/g} foi fechada. Elogios {g|Shelyn}Shelyn{/g}, meus agradecidos alunos não me deixaram morrer de fome... Mas tive que esquecer a arte.\""
    },
    {
      "Key": "843f7926-a1b1-42dc-989f-484eac326ceb",
      "Value": "\"Provavelmente ainda melhor do que quando eu chefiei a {g|Academy of Grand Arts}Academia{/g}. A nova diretoria... O que quer que eu possa pensar deles, eles cumprem suas responsabilidades. E eu... Agora tenho tempo para minha própria arte. Ganho a vida dando aulas particulares. É o suficiente para me sustentar.\""
    },
    {
      "Key": "14e4a0ca-a450-4fcc-aebf-be1bd7900360",
      "Value": "\"Eu sou um sujeito legal de Sua Alteza Irovetti. Você acha que eu leria um livro que foi proibido por sua ordem pessoal?\""
    },
    {
      "Key": "225448d4-31b6-4765-8151-092445deed51",
      "Value": "\"Até onde eu sei, este livro consiste em calúnia suja contra nosso rei e incitação a tumultos. No entanto, também ouvi os autores focados no próprio rei, e pelo menos {d|Linzi Book Gloss}não{/d} repita... acusações populares contra outros cidadãos respeitados.\""
    },
    {
      "Key": "5f815e11-b190-4f42-8e9c-87ad560d8fe6",
      "Value": "\"Até onde eu sei, este livro {d|Linzi Book True}consiste{/d} em calúnias sujas e insultos infundados contra nossos respeitados cidadãos – e incitação direta à revolta contra nosso legítimo rei. Eu não o tocaria mesmo que não foi proibido!\""
    },
    {
      "Key": "ba086ccf-39d9-4b4c-85c4-a9cc1998bfcb",
      "Value": "\"Mas, de qualquer maneira, você não tem tempo para discutir livros, mesmo os... populares. Você veio ver Sua Alteza, não é? Bem, então vá e fale com ele. Talvez você tenha tempo para discutir literatura depois de terminar o seu negócio com ele.\""
    },
    {
      "Key": "cf3bdf92-7686-412a-a508-72b0541c39e9",
      "Value": "{n}Linzi dá um passo à frente com um sorriso triunfante no rosto.{/n} \"Administrador Gitaren, você leu o livro? Você conhece... O livro? Sobre a {g|Academy of Grand Arts}Academia{/g}, {g|Pitax}Pitax{/g}, Irovetti e assim por diante? Um pequeno trabalho divertido, você não diria?\""
    },
    {
      "Key": "fc04ad95-34e8-4644-9e87-2193c21808ba",
      "Value": "\"Há! Vamos conversar! Não se preocupe, temos algo a dizer para ele!\""
    },
    {
      "Key": "4a9f5230-f856-4540-a551-77bb98c2e427",
      "Value": "\"Você entendeu direito! Eu odeio tanto as pessoas como ela! Ela fala um bom jogo, evitando os conflitos que surgem em seu caminho... e é por isso que ela também deixa ladinos como Irovetti festejarem à vontade! Vou pegar um vilão óbvio sobre benfeitores como esse qualquer dia!\""
    },
    {
      "Key": "8db19135-fc74-4ab7-984b-2a178d69413d",
      "Value": "\"Um nobre hipócrita. Que visão familiar.\" {n}Kalikke se afasta com nojo.{/n}"
    }
  ]
}