{
  "$id": "1",
  "strings": [
    {
      "Key": "fcdbc704-f65c-4072-97e8-25cb232445f3",
      "Value": "\"Monstros perto de vilas pacíficas. Isso é ruim. Muito ruim.\""
    },
    {
      "Key": "7aa39285-178c-4bd4-98df-9d005d857896",
      "Value": "\"Gostaria de saber de onde eles vieram. Pode ser algum fenômeno mágico ou uma grande migração provocada por causas naturais.\""
    },
    {
      "Key": "1b1d2dfe-0aec-48c0-830e-650d4030708b",
      "Value": "\"A vida pode ser cruel e todos enfrentamos a nossa parcela de tragédia. Mas faremos tudo o que pudermos para derrotar essa ameaça!\""
    },
    {
      "Key": "7e7ba6f7-9383-44d5-b987-9c8f547303cf",
      "Value": "\"Os camponeses certamente saciam o apetite! E são fáceis de cozinhar, ha! Eles até trazem seus próprios talheres – machados para cortá-los e forquilhas para comer.\""
    },
    {
      "Key": "fb739be7-11b0-4ead-9056-e48ee27d3386",
      "Value": "\"Monstros rondando abertamente entre as casas dos camponeses pacíficos. Este não pode ser um evento natural. Há uma vontade maligna em ação.\""
    },
    {
      "Key": "f181a613-9044-483d-922a-80c0404278ec",
      "Value": "\"Monstros rondando abertamente entre as casas dos camponeses pacíficos. Este não pode ser um evento natural. Há uma vontade maligna em ação.\""
    }
  ]
}