{
  "$id": "1",
  "strings": [
    {
      "Key": "627db021-a2cf-4c2e-91f9-1d04c75af7d5",
      "Value": "\"Quem é você e o que você está fazendo aqui?\""
    },
    {
      "Key": "c97efd15-8293-4983-8404-3adebce7bed2",
      "Value": "\"Um daemon guarda a saída.\""
    },
    {
      "Key": "371f63dd-b037-47fd-889e-229a51278617",
      "Value": "\"Espere, eu tenho que cuidar de outra coisa primeiro.\""
    },
    {
      "Key": "9c4f2ba9-6ab1-44bf-a6ea-55167b9bd4b6",
      "Value": "[Remova os grilhões] \"Ninguém tem o direito de prendê-lo. Você é livre.\""
    },
    {
      "Key": "0493e77c-c502-4c19-a6e2-eef99a739546",
      "Value": "\"O que você viu enquanto estava preso aqui?\""
    },
    {
      "Key": "55e63f6c-fded-4541-af65-e7e743c5a8f4",
      "Value": "[Atacar] \"E deixe os guardas aqui terem o prazer de matá-lo? Não, eu serei o único a acabar com você!\""
    },
    {
      "Key": "08706f13-9176-4aeb-ad75-4b6e04952c28",
      "Value": "\"Este é o túmulo de Vordakai – você o viu?\""
    },
    {
      "Key": "bda48ad3-3aff-41f9-9cfb-7a4d44fa3ad5",
      "Value": "\"Espere aqui – você não está em condições de lutar. Vou lidar com o daemon da guarda.\""
    },
    {
      "Key": "72e67673-b937-4e88-9b06-f4a2f29e02bf",
      "Value": "\"O daemon está morto. Você está livre.\""
    },
    {
      "Key": "cd4d0bf1-af5b-4e23-bdab-efbf6e789c09",
      "Value": "\"Quem é você?\" {n}A voz do homem é rouca, quase um coaxar – você mal consegue distinguir suas feições sob o emaranhado de cabelos e sujeira cobrindo seu rosto. Seus pulsos estão acorrentados, e ele parece meio faminto, mal consegue levantar a cabeça – mas ele o faz, desafiadoramente.{/n} \"Eu posso ver que você não está morto nem daemon. Solte-nos!\""
    },
    {
      "Key": "a945ffce-dbb7-46e7-b8ad-8dcdc8609f04",
      "Value": "\"Viemos de longe {g|Numeria}Numéria{/g}. O grupo de Dugath – você já ouviu falar dele? Estávamos vigiando o sopé, encontramos um portão estranho... então a escuridão nos levou. Quando acordamos, estávamos aqui, algemado.\""
    },
    {
      "Key": "b5289c38-06b3-4fbd-8d50-f8791fc8fe25",
      "Value": "\"Animais com um único olho – meio-gigantes mortos e mortos há muito tempo pela aparência deles. Eles costumavam vir e levar um de nós para quem sabe o que diabos. Havia muitos mais de nós apenas alguns dias atrás...\" {n}Ele faz uma pausa, depois franze a testa, com os olhos arregalados.{/n} \"Espere... há quanto tempo estamos aqui...\""
    },
    {
      "Key": "ebc810de-77cc-4027-82e4-c4fb7ac02cfe",
      "Value": "{n}O bárbaro fecha os punhos.{/n} \"Não! Nos liberte – e lutaremos com toda a força que tivermos!\""
    },
    {
      "Key": "c77e1771-9dda-46ef-9080-4454f4259768",
      "Value": "\"Você voltou!\""
    },
    {
      "Key": "49fe3cd4-ae75-4cef-b9c0-2ca3cc6fa7a7",
      "Value": "\"Uma vez...\" {n}Ele franze a testa.{/n} \"Uma vez que um dos animais chegou, um ciclope, mas não como os outros – mais magro, com roupas como um rei, mas comido pela metade e quase não mais do que pedaços. Ele nos ordenou que lhe disséssemos quem éramos e de onde éramos. Eu queria amaldiçoá-lo, cuspir nele, matar a coisa suja duas vezes, se pudesse, mas...\""
    },
    {
      "Key": "1a813a2e-0100-4d88-a67d-c88389603907",
      "Value": "\"Eu reclamei sobre os mortos-vivos serem estúpidos? Mudei de idéia. Traga de volta os zumbis e esqueletos sem cérebro.\""
    },
    {
      "Key": "190eeaa8-37b1-46e7-9665-9461f79a7bc9",
      "Value": "\"Não para ferir seu orgulho, mas não há como você derrotá-lo. Você morreria em vão. Vamos lidar com o monstro!\""
    },
    {
      "Key": "d9740e09-6ae9-437d-8398-1e78c1b1bc0d",
      "Value": "\"Se eles querem liberdade, deixe-os lutar até o fim por isso!\""
    },
    {
      "Key": "8d5f2043-c998-4d89-845c-3af0bdd23e16",
      "Value": "\"Você realizará muitos outros feitos – depois de descansar e curar suas feridas!\" {n}Octavia acena para você com gratidão.{/n}"
    },
    {
      "Key": "4e4378b8-3aa5-41e2-bde7-7f42775ec686",
      "Value": "\"Certo! Eles não são crianças para serem mantidos em segurança contra sua vontade – especialmente não em uma gaiola. Deixe que eles tenham sua liberdade!\""
    },
    {
      "Key": "c707f485-8cee-49e5-aad4-938dd20c1f82",
      "Value": "\"Livre... Livre, finalmente!\""
    },
    {
      "Key": "7ca8dc04-1837-491a-b6a4-63b9593a8927",
      "Value": "\"Deixá-los ir para a batalha agora seria tão bom quanto cortar a garganta. Devemos nos livrar do daemon nós mesmos.\""
    },
    {
      "Key": "88670e97-3974-4a4a-a25b-b401b505e737",
      "Value": "\"Obrigado por sua nobreza, {name}. E agora...\" {n}Valerie endireita os ombros e pega sua arma.{/n} \"Vamos lidar com o nosso pequeno problema na entrada.\""
    },
    {
      "Key": "32efca3d-b06e-433b-87cc-938616c9fc2c",
      "Value": "{n}O homem engole, como se estivesse sufocando sua vergonha.{/n} \"Então comecei a derramar tudo o que sabia – tudo o que sabia sobre {g|Numeria}Numéria{/g} e Dugath... tudo! \" {n}O homem rosna, arreganhando os dentes.{/n} \"Cuidado com esse – ele pode torcer sua vontade com uma palavra!\""
    },
    {
      "Key": "44a7a6ce-1ede-48ed-88a1-dbc615f3c4d8",
      "Value": "\"Estou trabalhando em 'A lista definitiva de queixas dos elfos mortos-vivos. Zumbis estúpidos, bárbaros estúpidos, camponeses idiotas, camponeses feios, camponeses feios e estúpidos, vinho ruim. Pobre Jaethal. Ninguém respeita a Inquisição de Urgathoa!"
    },
    {
      "Key": "2df6f1fb-c25d-45ad-9f5b-1af908cedad4",
      "Value": "\"Brinque o quanto quiser, gnomo. A diferença entre você e eu é que sou honesto em meu desdém, enquanto você tenta desesperadamente escondê-lo sob sua máscara de 'homem do povo'.\""
    }
  ]
}