{
  "$id": "1",
  "strings": [
    {
      "Key": "697e77ab-526c-449c-b66f-612b4662fc60",
      "Value": "\"Posso ver suas mercadorias?\""
    },
    {
      "Key": "dfe794f8-9fd2-4f1f-a5d8-41827d2e8492",
      "Value": "\"O que está causando todo esse alvoroço por aqui?\""
    },
    {
      "Key": "7395a4dc-49b0-4be4-b2db-b135c528d0c9",
      "Value": "\"Quem está encarregado desta vila?\""
    },
    {
      "Key": "10dee19c-50e5-4d9a-a540-2bfae040887c",
      "Value": "\"Estou surpreso ao ver um profissional em um lugar tão remoto.\""
    },
    {
      "Key": "dc8a2268-6e9e-4c00-b916-57ac1da8ee34",
      "Value": "[Atacar] \"Eu não vim conversar.\""
    },
    {
      "Key": "027c6fbd-5e4e-4f5d-868b-829366e2222f",
      "Value": "\"Eu voltare em outra hora. Até logo!\""
    },
    {
      "Key": "c488b337-0ca3-4db5-a3b9-0fb379ac3a10",
      "Value": "\"Hmm, esses produtos não parecem troféus de caça. Eles me lembram mais o saque de algum ladrão.\""
    },
    {
      "Key": "882d3a89-cc40-406f-ba4a-f8de5e0480ae",
      "Value": "\"Agora você está tentando me subornar? Se você sequer pensar em voltar aos seus velhos hábitos, você se encontrará em um problema de verdade.\""
    },
    {
      "Key": "43277117-29b6-4c8f-afd6-5cfc54b455b8",
      "Value": "\"Por que você não começa onde você adquiriu esses produtos?\""
    },
    {
      "Key": "c0395999-a09e-4e4a-aad0-7d884398cca1",
      "Value": "\"As doações são sempre apreciadas.\""
    },
    {
      "Key": "ad712902-75a3-479a-adda-20f313bf1c7d",
      "Value": "\"Suas suspeitas sobre Ivar não eram infundadas. Ele não era o mensageiro de um dragão – ele era um lobisomem.\""
    },
    {
      "Key": "43f5bf59-61ed-40ae-8e94-1d7451c5db8b",
      "Value": "[Atacar] \"Você não está apenas vendendo mercadorias roubadas, mas agora está tentando subornar a justiça? Não posso deixar que isso saia impune!\""
    },
    {
      "Key": "4b625563-d6b3-4944-bd0c-14cf20c0e477",
      "Value": "\"Não, eu o deixei viver.\""
    },
    {
      "Key": "733a09b7-1a77-4104-af6e-2ae3fc2e77c1",
      "Value": "\"Sim, e boa viagem.\""
    },
    {
      "Key": "3118d880-7603-4625-bc84-a16c7bf29ac6",
      "Value": "\"Eu lidei com seus amigos bandidos daquela caverna. Eles se foram.\""
    },
    {
      "Key": "f7af6f5f-9a90-4ad2-8015-e449649cfb30",
      "Value": "\"Como eu lidei com ele não é da sua conta.\""
    },
    {
      "Key": "61aab9f8-3ba4-4c05-af0e-099df0e7823f",
      "Value": "\"Você me enviou uma carta, certo? Sobre o caçador chamado Ivar e suas histórias do Dragão de Prata?\""
    },
    {
      "Key": "758c78b8-cf4b-45f5-bef1-1aab79f3df9b",
      "Value": "\"Bem-vind{mf|o|a} à loja na estrada da Brevis!\" {n}A julgar pelo seu sotaque e suas roupas finas, este comerciante não é daqui.{/n}"
    },
    {
      "Key": "e08d282e-1a07-471a-ab09-31eb586bb34a",
      "Value": "{n}O comerciante sorri.{/n} \"Ivar. Ele é engenhoso, com certeza. Fez toda a área acreditar que ele era um escolhido, o porta-voz do 'Dragão de Prata'. Os idiotas por aqui ouvem tudo o que ele diz e fazem o que ele pede.\""
    },
    {
      "Key": "35299379-8642-4d9a-a8d1-2798e24fbc0a",
      "Value": "\"Mas é estranho. Depois que esse colega de Ivar chegou à vila com seu saco de escamas prateadas e suas histórias ridículas sobre o Dragão de Prata, as coisas na área começaram a mudar. Havia uma matilha de lobos, que costumava atacar o gado local, fatiando-os como uma dona de casa corta legumes. Depois que Ivar chegou aqui, os lobos nem sequer se aproximam das vacas locais. O mesmo aconteceu com os monstros na floresta – eles não dão um único passo em direção à vila ou aos camponeses. Isso tudo é bem estranho, se você me perguntar. Muito estranho, de fato.\""
    },
    {
      "Key": "a9ec2522-4e0d-4567-98b2-d2e6728033bf",
      "Value": "\"Você quer dizer aqueles peixes pulando em terra?\" {n}O comerciante franze a testa.{/n} \"Esses tolos acreditam que é graças ao 'patrono' deles, o Dragão de Prata. Ele supostamente decidiu dar um banquete aos aldeões e lhes enviou esse 'presente'.\" Idiotas. Não sei a verdadeira razão pela qual esses peixes estão pulando, mas se fosse eu, não chegaria muito perto desses peixes ou daquele lago.\""
    },
    {
      "Key": "69c2d444-7428-4e2e-827d-a23c37312050",
      "Value": "\"Eu costumo comprar peles dos caçadores locais, mas às vezes eles aparecem com alguns... troféus intrigantes. Não é de admirar, considerando o número de diferentes bestas que vivem nessas matas.\""
    },
    {
      "Key": "c159d6af-515c-4f2e-a728-01998e373ec5",
      "Value": "{n}O rosto do comerciante fica em branco.{/n} \"Tenho certeza de que não tenho idéia do que você quer dizer, Sua {mf|Graça|Graça|Alteza|Alteza}. Esse é todo o comércio comum entre essas partes. Você sabe, totalmente sem relação, acabei de perceber que ainda não tive a oportunidade de oferecer uma doação para ajudar a apoiar nosso baronato...\""
    },
    {
      "Key": "038a2e45-9b7f-4fef-b0f9-8cad8f4aa031",
      "Value": "{n}O comerciante sorri amplamente.{/n} \"Apenas o lixo comum, Sua Graça. Eu o compro de viajantes que me deparo aqui e ali.\""
    },
    {
      "Key": "58ffecd4-51a5-41e7-b0b2-1b28cb4a3318",
      "Value": "\"Que bom negociar com você, Sua {mf|Graça|Graça|Alteza|Alteza}!\""
    },
    {
      "Key": "805f2a19-05a4-4620-934a-74425eb6a36d",
      "Value": "\"Um lobisomem! Então é isso que-\" {n}O comerciante se interrompe e depois cospe.{/n} \"Espero que você tenha matado a besta.\""
    },
    {
      "Key": "7e7d398c-aa8e-481e-beb1-bfb59756f074",
      "Value": "{n}O comerciante olha para você com desconfiança.{/n} \"Tudo bem, tudo bem! Há uma caverna ao norte. Alguns... colegas menos cumpridores das leis se estabeleceram por lá. Se estamos sendo caridosos, você poderia chamá-los de bandidos. Eu vendo coisas que eles colecionaram. Mas eu nunca roubei ninguém! Você tem minha palavra de honra nisso!\""
    },
    {
      "Key": "b6844796-39d4-40ff-b00e-532e06b92e19",
      "Value": "\"Claro, sim, claro!\" {n}A voz do comerciante soa com entusiasmo.{/n}"
    },
    {
      "Key": "70f50cb2-fb88-4ead-a416-da2a870aa2e0",
      "Value": "\"Essa foi uma... decisão míope.\" {n}A voz do comerciante carrega um tom de sarcasmo, mas ele rapidamente se restringe.{/n} \"Sua {mf|Graça|Graça|Alteza|Alteza}.\""
    },
    {
      "Key": "af689792-8022-4366-9dd4-cfb61f976ebb",
      "Value": "\"Faz muito tempo desde que ouvi essas boas notícias! Se você me permitir, {mf|barão|baronesa|rei|rainha}, eu gostaria de lhe dar um presente, um sinal de minha gratidão.\""
    },
    {
      "Key": "87a06fa9-2010-4b2c-ae28-f66063a59e24",
      "Value": "{n}O olhar do comerciante não revela emoções.{/n} \"Eles não eram meus amigos! Menos bandidos significam negociações mais tranquilas...\" {n}O comerciante acaba com um grunhido.{/n}"
    },
    {
      "Key": "8c65a8ea-e390-42c5-ab96-18a2cca848dd",
      "Value": "\"Claro, Sua {mf|Graça|Graça|Alteza|Alteza}, é claro! Não é da minha conta.\""
    },
    {
      "Key": "8dd85410-ff8b-4562-90e9-27b951dc5f57",
      "Value": "\"Quem você está tentando enganar, seu lodo? H {mf|é|er} {mf|graça|graça|alteza|alteza}, eu ou minha lâmina?\""
    },
    {
      "Key": "fd2cbb4f-1566-40ce-b798-3664a7e413c3",
      "Value": "{n}Valerie coloca significativamente a mão na arma.{/n} \"Você gostaria de pressionar a sua sorte, mentiroso?\""
    },
    {
      "Key": "273bb6bb-cfd9-4ffd-87a3-a6118a3860c4",
      "Value": "{n}Os lábios de Valerie franzem com desdém.{/n} \"Pessoas como ele pensam que qualquer coisa pode ser comprada – até leis e governantes.\""
    },
    {
      "Key": "5f6eb977-43e1-4ed2-9a65-20be6d3b1e60",
      "Value": "{n}Valerie olha pensativa para você.{/n} \"Você acredita que ele cumprirá sua palavra? Embora, pensando bem, eu sei o quão convincente você pode ser.\""
    },
    {
      "Key": "071f7a0a-e6ab-4b56-a177-c5f76f2b9d98",
      "Value": "\"Aaaaah!\""
    },
    {
      "Key": "d2846357-603a-4111-84d4-9b98443a242b",
      "Value": "\"E eu posso ver que você não se importa de tomar justiça em suas próprias mãos!\""
    },
    {
      "Key": "a1064ccf-cf34-4646-ac7d-239e55b231c6",
      "Value": "\"Quão baixo.\""
    }
  ]
}