{
  "$id": "1",
  "strings": [
    {
      "Key": "d145fb58-b43a-4d28-83b6-295343af8c5d",
      "Value": "\"É bom termos ajudado esse paladino. Foi um ato de bondade.\""
    },
    {
      "Key": "41f4b1f9-1481-4982-8f9e-dd6fddb95591",
      "Value": "\"Podemos ter cometido um erro. É uma pena não termos tido tempo de descobrir quem, de acordo com a lei dos anões, tem a melhor reivindicação à fortaleza – os vivos ou os mortos.\""
    },
    {
      "Key": "e203e4a0-50be-43b4-b154-f85b82a977a8",
      "Value": "\"É bom que tenhamos ajudado o fantasma. Esses anões realmente não eram dignos da fortaleza.\""
    },
    {
      "Key": "ecb0a1bf-af42-4467-957e-e902871c5758",
      "Value": "\"Deveríamos ter ajudado o clã Skjegge a recuperar a fortaleza. Era deles por direito.\""
    },
    {
      "Key": "23cd49e3-205a-4274-ba57-bc67caf01838",
      "Value": "\"Por que você destruiu a fortaleza? Isso foi um crime!\""
    },
    {
      "Key": "7c6170fb-fcba-4381-91e0-404df8c78c18",
      "Value": "\"Deveríamos ter ajudado o fantasma. Poderia ter sido útil para nós.\""
    },
    {
      "Key": "6d879d6f-1a5e-4696-b006-1b9c281a6425",
      "Value": "\"Bom trabalho destruindo a fortaleza! Foi divertido ouvi-la roncar, desmoronando pedra sobre pedra!\""
    },
    {
      "Key": "ea5cceae-7057-4955-9e2f-597c507a8452",
      "Value": "\"Você sabe, {Name}... eu costumava odiar todos eles. Os anões que me derrubaram, o deus que me rejeitou. Agora eu olho para isso e mal me lembro desse ódio. Como são patéticos, com seu orgulho e sua teimosia. Construindo seus brinquedos para morrer entre eles... Impotentes para desfazer as coisas que fizeram. Eu ria, mas na verdade isso me faz querer chorar.\""
    },
    {
      "Key": "8059aa38-12a2-4bbe-8154-a910d24b73cc",
      "Value": "\"{Name}, você sabe que criação anã há muito tempo implorou para ser destruída? Minha conexão com {g|Five Kings Mountains}, Montanhas dos Cinco Reis{/g} e com {g|Torag}Torag{/g}. Ódio, ressentimento, alguns restos de senso de dever... Todo esse tempo eu carrego tanto lixo em minha alma! É a primeira coisa que deve ser queimada!\""
    },
    {
      "Key": "e025188a-0e9a-4e7b-b24c-9a2d17daf44e",
      "Value": "\"Acabou. Sim... eu pensei que estava livre dos meus encargos passados quando aceitei as verdades de {g|Groetus}Groetus{/g} em meu coração. Mas é só agora que me tornei verdadeiramente livre.\""
    },
    {
      "Key": "2bda1d47-2e39-4b19-b1de-8230e37e0880",
      "Value": "\"Mas, por outro lado, pensei... Como devo dizer...\" {n}Harrim envolve a barba em volta do punho.{/n} \"Meu presente, de onde quer que ele veio... O presente para destruir, para ajudar os outros a criar... Talvez meu deus faça algo semelhante. Tudo que tem um começo também tem fim. Um dia, {g|Groetus}Groetus{/g}será livre e destruirá este mundo. Mas imagine o que acontecerá então, depois do fim... Talvez um novo começo? Uma nova criação e um novo mundo? Quem sabe? Quem sabe!\""
    },
    {
      "Key": "54965989-5595-49d8-8111-456304172517",
      "Value": "\"De qualquer forma... Obrigado, {Name}. Sem você, eu continuaria andando em círculos, enquanto ressentimento e ódio me mordiam por dentro. Você me ajudou a encontrar a paz. E eu juro por {g|Groetus}Groetus{/g}, não vou sair do seu lado até que seja a nossa vez de desmoronar em pó.\""
    },
    {
      "Key": "ba05d87e-8cd9-4d5e-ac26-e6498d8d887f",
      "Value": "{n}Harrim olha para você – ou melhor, através de você. Os olhos dele parecem olhar para a eternidade.{/n} \"Pedras estrondosas, metal retumbante, farfalhar de poeira... Você sabe, {Name}, no som da fortaleza em queda, ouvi o sussurro do meu deus – mas pela primeira vez era alto e claro. Ele disse, ele disse... Ah, se eu pudesse colocar a revelação em palavras... Se você soubesse o que eu vi... Se você pudesse imaginar...\""
    },
    {
      "Key": "8e21c8fb-0c22-44f4-97c3-c630e35b1457",
      "Value": "{n}O sacerdote aperta a barba no punho. Há sabedoria em seus olhos bem abertos, como você nunca viu antes – e profundidades incríveis de loucura.{/n} \"Tudo isso não é coincidência, {Name}. Nosso encontro, nossas batalhas... Nossa morte futura. Talvez eu nunca seja capaz de compartilhar toda essa sabedoria com você, mas vou lhe dizer uma coisa agora: os próprios deuses nos uniram. De agora até o fim, meu caminho está com o seu. E não vou me afastar dele enquanto eu viver!\""
    },
    {
      "Key": "f8ad6f0d-f041-46ca-9287-46344f8a6f28",
      "Value": "{n}Harrim encolhe os ombros indiferentemente.{/n} \"Por que isso importa? Esse velho é patético e ridículo. Apenas pense: seu orgulho e ganância eram tão grandes que o levaram a vencer a morte... E para quê? Então ele poderia continuar guardando essa pilha de pedras? Há, um final digno para um verdadeiro Skjegge – mas não há nada do que se orgulhar por aqui.\""
    },
    {
      "Key": "6e17f5de-0284-466e-8d25-cf73fe946cba",
      "Value": "{n}Harrim encolhe os ombros indiferentemente.{/n} \"Bom, ruim... Eles foram movidos pela ganância e pelo orgulho. Verdade seja dita, os dois não diferiram muito. Ambos os verdadeiros filhos do clã Skjegge e verdadeiros seguidores de {g|Torag}Torag{/g}. Não há nada do que se orgulhar aqui.\""
    },
    {
      "Key": "03cc78c5-4584-4b79-a482-8fdf2feb7b7d",
      "Value": "{n}Harrim encolhe os ombros indiferentemente.{/n} \"Leis e regras são ainda mais efêmeras do que nós. O esquecimento não vai processar você, nem chamará poeira e cinzas como testemunha. Não faz diferença.\""
    },
    {
      "Key": "a0acd4a3-07aa-49d4-9569-021d73c95bd2",
      "Value": "\"Não me importo com quem ganhou a fortaleza. O que chama minha mente são pensamentos sobre meu lugar no mundo e o verdadeiro significado de servir {g|Groetus}Groetus{/g}. Destruir, criar algo novo a partir das peças e destruir de novo... Não é isso que você está fazendo agora aqui, nas Terras Roubadas? Você construiu seu reino sobre as cinzas de inúmeros predecessores... Reflita sobre isso quando tiver tempo.\""
    },
    {
      "Key": "0e2f1776-def9-47e0-afde-06cebaad3dc4",
      "Value": "\"Esqueça deles. Não significa nada, nada. Os mortos brigando por uma pitada de pó – é isso que eles são. Dar credibilidade a seus caprichos significa ficar em loucura ao lado deles.\""
    },
    {
      "Key": "9c1216cc-855b-44ee-a083-69a6cd9f0f6a",
      "Value": "\"Você pode me julgar, se quiser. Mas não se esqueça de julgar o piolho e o papa-gente... Os ventos e marés que caem nas rochas... Julgue o tempo em si, por não ter piedade de ninguém ou de nada!\""
    },
    {
      "Key": "c895b834-32f0-4dd6-896e-e701fcf0d832",
      "Value": "\"A fortaleza, os Skjegge... Eles são apenas pitadas de cinzas lançadas sobre o abismo. O destino delas não significa nada. Tudo o que importa é o que eu acabei de perceber... Visto... Não, não posso explicar Eu não posso pronunciar as palavras da verdade, embora elas possam estar impressas para sempre em minha alma! Mas você foi quem me trouxe essa revelação, esse insight. E enquanto minha carne fraca e minha mente exausta ainda me servirem, você terá a minha gratidão!\""
    },
    {
      "Key": "e51d494b-60cd-4b11-ab11-78c75d6898e5",
      "Value": "{n}Os lábios de Harrim se esticam em um sorriso assustador.{/n} \"Divertido? Há, provavelmente... O universo cai em lascas, e todas as coisas são dissolvidas em um turbilhão de poeira... Nós podemos sofrer ou rir em voz alta – e qual a diferença, afinal?\""
    },
    {
      "Key": "ed80e7c1-ca02-4562-a53a-c77275c82664",
      "Value": "\"Esqueça dele. Nunca se arrependa de não ter interferido em um homem morto lutando por uma pitada de pó. Dar credibilidade a seus caprichos significa ficar em loucura ao lado deles.\""
    }
  ]
}