{
  "$id": "1",
  "strings": [
    {
      "Key": "24312097-71eb-4bc9-ac9d-9b5e8428bd43",
      "Value": "\"Obrigado. Estarei esperando suas futuras criações.\""
    },
    {
      "Key": "246d1e15-b10a-4ad8-9252-0e38f92bb920",
      "Value": "\"Gostaria de encomendar um item específico.\""
    },
    {
      "Key": "e0757e36-0d28-4b7c-82af-a434e66f2d93",
      "Value": "\"Seus serviços não são mais necessários.\""
    },
    {
      "Key": "904af8e5-c7ed-4376-8062-c7f80c84650c",
      "Value": "\"Um conjunto de pergaminhos mágicos.\""
    },
    {
      "Key": "e12563f1-ff91-4755-9c5c-0b1262ef4b39",
      "Value": "\"Wall.\""
    },
    {
      "Key": "4dd99d37-89e6-4906-a3c4-6618f31d862b",
      "Value": "\"Cajado.\""
    },
    {
      "Key": "376e688c-e2ce-4d40-b032-e1d6e1ef74d2",
      "Value": "\"Funcionários.\""
    },
    {
      "Key": "1e583ec2-b4b7-4da4-aced-306416b0fffe",
      "Value": "\"Mudei de idéia. Faça o que quiser.\""
    },
    {
      "Key": "a6216696-bfee-4e2d-a656-a22a986bff54",
      "Value": "\"Claro!\""
    },
    {
      "Key": "22b0ef7c-6f88-4cd1-908b-192ecaf93e0a",
      "Value": "\"Não, Irlene, suas entregas regulares são suficientes.\""
    },
    {
      "Key": "e043969c-6a25-4036-afe7-13ed29034a5c",
      "Value": "\"Lembre-me, quem é você e no que está trabalhando?\""
    },
    {
      "Key": "d9a4dae5-f606-4347-9c3c-ba07fb4b556c",
      "Value": "{n}{d|Irlena}Irlene{/d} se curva.{/n} \"Saudações, {mf|Sua Graça|Sua Graça|Sua Alteza|Sua Alteza}! Permita-me aliviar suas preocupações diárias com um presente humilde de seu admirador!\""
    },
    {
      "Key": "69070355-d08c-443e-8f24-eae180e09a85",
      "Value": "\"Estou certo de que você ou um de seus amigos achará isso... uma joia útil. Já percorreu um longo caminho para chegar a suas mãos.\""
    },
    {
      "Key": "ab76e2fb-4fd9-4b3f-b554-4fb8fcdb776d",
      "Value": "\"Gostaria de aproveitar esta oportunidade para agradecer mais uma vez, {mf|Sua Graça|Sua Graça|Sua Alteza|Sua Alteza}, por sua generosidade generosa. Tenho outra... oferta atraente para você.\""
    },
    {
      "Key": "0c85cd1e-6457-4821-ac41-08fb1025e0a1",
      "Value": "{n}Irlene empalidece.{/n} \"Mas... fiz algo para insultá-lo? Bem, suponho que depende de você. Não vou incomodá-lo novamente... Mas essa foi uma rejeição inesperada.\""
    },
    {
      "Key": "83dd0b7a-d60b-48cb-a336-321432133c87",
      "Value": "{n}Irlene abre um sorriso.{/n} \"Eu não vou fazer você esperar.\""
    },
    {
      "Key": "2030cf78-5ca3-4ce9-a6e0-436400ccfae5",
      "Value": "\"Minha qualidade pelo seu dinheiro! O que você gostaria?\""
    },
    {
      "Key": "7000c174-b5e5-4b73-a956-36c80727e811",
      "Value": "\"Qualquer coisa que você diga!\""
    },
    {
      "Key": "1aa41468-a9a3-49ef-ae92-077d07b9fd1b",
      "Value": "{n}Irlene começa a enrolar o cabelo em volta do dedo.{/n} \"Minha gama de produtos é grande o suficiente, sem dúvida. Mas apenas para você, posso conseguir algo requintado... Um dos meus parceiros pode ter encontrado algo valioso e raro. No entanto, precisarei da sua ajuda para entregar a você. Você está interessado?\""
    },
    {
      "Key": "31fa81e6-5081-4773-9c00-2a0e54eab363",
      "Value": "{n}Irlene bate palmas.{/n} \"Venha à minha loja, {mf|Sua Graça|Sua Graça|Sua Alteza|Sua Alteza}, para que possamos conversar mais em particular.\""
    },
    {
      "Key": "e4fc1b6d-c459-452f-b20e-bc0e5bd824dc",
      "Value": "\"Isso é uma pena. Se você mudar de idéia, pode visitar minha loja para discutir o assunto em particular.\""
    },
    {
      "Key": "703e951a-4528-4f75-b249-0b3fc6e45646",
      "Value": "\"Há mais alguma coisa. Meu parceiro finalmente conseguiu enviar o artigo que prometi. Agora só preciso providenciar a entrega. Se você quiser o seu troféu, por favor, não perturbe o meu trabalho. Permita-me fazer o meu trabalho, e você vai ter isso muito em breve!\""
    },
    {
      "Key": "2eec6400-df2a-4af6-908f-e6e2d4b778e0",
      "Value": "{n}{d|Irlena}Irlene{/d} faz uma reverência profunda e entrega um pacote.{/n} \"Aqui está, {mf|Sua Graça|Sua Graça|Sua Alteza|Sua Alteza}. Por favor, aceite isso presente como símbolo do meu respeito e admiração especiais. Juro que qualquer preocupação que você teve enquanto estava no caminho será recompensada!\""
    },
    {
      "Key": "85a078d6-06b3-40fd-8061-431224ae916c",
      "Value": "\"Eu sou Irlene, a revendedora mais inteligente em itens mágicos em todas as Terras Roubadas! Com minhas conexões, posso encontrar quase tudo – pergaminhos, varinhas e cajado raros de magias. Eu tenho uma vantagem sobre um artefato verdadeiramente único – uma vara que pode empoderar qualquer magia e superar a resistência a qualquer mágica! Não será fácil colocar nossas mãos nessa coisa, mas farei o meu melhor.\""
    }
  ]
}