{
  "$id": "1",
  "strings": [
    {
      "Key": "0ee6faaa-2578-4116-b0f1-277917df3d6c",
      "Value": "\"Ugh, que fedor... embora eu tenha sentido um monte de coisas ruins no meu tempo!\""
    },
    {
      "Key": "0e3916e4-1d15-4aa1-b28f-07da8d3426c0",
      "Value": "\"Cheira como se alguém tivesse levado uma porcaria enorme por perto! Não poderíamos encontrar um lugar melhor para o acampamento?\""
    },
    {
      "Key": "e510da5a-58f1-4714-95d2-4739a0bcc815",
      "Value": "\"Há! Seja grato por não estarmos em Abaddon, o plano nativo dos daemons! Segundo o que eu li, cheira a cinzas, gás de pântano, fezes – e coisas muito piores!\""
    },
    {
      "Key": "16de1dc9-d8a5-4c6b-84bb-83a9fd862d11",
      "Value": "\"Parece que um animal morreu nas proximidades... talvez se o enterrarmos, o cheiro vai embora?\""
    },
    {
      "Key": "412eac54-d5b7-4372-91cf-a72fc8cb817d",
      "Value": "\"Em momentos como esse, me arrependo de não levar um frasco de perfume comigo, como tantos outros paladinos de Shelyn!\""
    },
    {
      "Key": "fd35deba-462f-43bf-8183-eecce1cbaa57",
      "Value": "\"E sou mais uma vez grato que o destino me poupou tais distrações...\""
    },
    {
      "Key": "6a96f6cd-a98e-47cd-8d6a-107b0d6d5257",
      "Value": "\"Não há água e nada para iniciar um incêndio. – Tudo é apenas sujeira e fumaça...\""
    }
  ]
}