{
  "$id": "1",
  "strings": [
    {
      "Key": "e7dc3bab-003f-4fc4-85e2-4c53f1bca73b",
      "Value": "\"Pena que você nunca esteve na Numéria. Eles acabariam com sua arrogância rapidamente!\""
    },
    {
      "Key": "7ce781c5-b884-4e02-8d21-bafbf964c98e",
      "Value": "\"Você está errado aqui, querida. Estive na Numéria mais de uma vez e me diverti bastante discutindo com seus homens de ciência as nuances da política, da cultura e de muitas outras coisas – das quais você conhece tanto quanto porco sabe sobre bolos.\""
    }
  ]
}