{
  "$id": "1",
  "strings": [
    {
      "Key": "5162e481-01f5-42b2-b38e-2b5c767aefb0",
      "Value": "\"Tartuccio, eu reconheço você. Qual é esse novo disfarce – e por que você não está morto?\""
    },
    {
      "Key": "937833da-57d7-46b4-ba21-0f24a1fb05c2",
      "Value": "\"Fácil. Vamos discutir isso. Não há necessidade de derramar sangue sobre um carrinho.\""
    },
    {
      "Key": "c2938acc-3555-4e01-ad1e-372b92595294",
      "Value": "[Atacar] \"Eu matei você uma vez e ficarei feliz em fazê-lo novamente!\""
    },
    {
      "Key": "5929ee4d-2cdf-4c68-a63a-abcbfaaaf13d",
      "Value": "{n}O chefe da expedição gnomo enxuga a testa e olha para o kobold.{/n} \"Foi esse bastardo que falou mal dos ouvidos enquanto o resto deles tentava roubar nossa carroça.\""
    },
    {
      "Key": "4da8ad34-d12e-4937-9597-24b82b2700d0",
      "Value": "\"Koboldsss quer esta carroça! Koboldsss sss deve ter!\" {n}O crânio do cavalo esconde a maior parte do rosto do kobold, mas você vê seus olhos cruéis brilhando através das cavidades vazias, olhando para você.{/n} \"Por ordens de mim mesmo, o glorioso rei {d|Tartuk}Tartuk{/d}! \" {n}O kobold bate no peito com o punho.{/n}"
    },
    {
      "Key": "5d829d40-4947-4540-8463-76dc9a389d63",
      "Value": "{n}Há um... kobold roxo na margem do rio, que se parece com seu antigo conhecido, Tartuccio!{/n}"
    },
    {
      "Key": "bb60017f-01ce-4a1b-8b6e-93dd764a43ca",
      "Value": "\"Essstúpido.\""
    },
    {
      "Key": "0cf394ae-aeb5-4ddc-b7f8-35794e9b9dd5",
      "Value": "\"Ssshirdazzz! Ssshirdazzz!\""
    },
    {
      "Key": "1fcb56f6-2169-43af-a237-a5cbf61626f4",
      "Value": "\"REI Tartuk!\" {n}O gnomo olha para você e pisca.{/n} \"O que você diz sobre um pouco de regicídio?\""
    },
    {
      "Key": "f6e3c398-7827-44b9-a01a-fb46c6b196d5",
      "Value": "\"Tartuk! Rei!\""
    },
    {
      "Key": "9f9a1152-30e5-49d6-addc-9b75e34f0e65",
      "Value": "\"Gnomo!\""
    },
    {
      "Key": "c5e93ab9-945b-4ab5-91e3-0211eb782333",
      "Value": "\"Não. O amigo gnomo e assobia vai ver nossa raiva! Shhhirdazzz!\""
    },
    {
      "Key": "699af641-325b-48f3-b01b-abc2f661d3d8",
      "Value": "\"Como você ousa falar assim com Rei? Koboldsss, ataque! Ssshirdazzz!\""
    },
    {
      "Key": "fea22319-06f2-48df-a461-3679a1a3467b",
      "Value": "\"Tão, o gnomo convida alguns amigos sibilantes. Gnomo idiota, idiota, idiota.\""
    }
  ]
}