{
  "$id": "1",
  "strings": [
    {
      "Key": "5f55fa87-2109-48c4-a70d-1632795a0585",
      "Value": "\"Ei, pare...! Maldita escória! Ele se foi!\" {n}Regongar chuta a moldura da porta, frustrado, e cospe no chão.{/n}"
    },
    {
      "Key": "41d603b1-6d6f-44f2-9760-4864688ab517",
      "Value": "\"Está tudo bem. Nós acertaremos a pontuação mais tarde!\""
    },
    {
      "Key": "4abda685-92b7-43f8-8ef8-9a8b8eca1eb6",
      "Value": "\"Não, nós não vamos! Acabou. Nós nunca o veremos novamente. Ele sabe que somos mais fortes agora – ele não corre o risco de nos cruzar novamente.\""
    },
    {
      "Key": "6d97908e-e9e7-4dca-8567-d114086e34f5",
      "Value": "\"Mas Reg... isso é maravilhoso! Você entende o que você acabou de dizer? Ele. Está com medo de nós agora. O grande Maestro Janush simplesmente fugiu de nós com o rabo entre as pernas! Ele está correndo de volta para o canto mais distante de {g|Numeria}Numéria{/g} para se sentar e se esconder pelo resto de sua vida, com medo de irmos atrás dele!\""
    },
    {
      "Key": "4ff142dc-476f-497c-9356-ca4db360fe3a",
      "Value": "{n}O aborrecimento no rosto de Regongar desaparece lentamente em um sorriso satisfeito.{/n} \"Há, hmm... Você está certo! Esse pedaço de merda vai nos ver em seus pesadelos pelo resto da vida!\""
    }
  ]
}