{
  "$id": "1",
  "strings": [
    {
      "Key": "4f817ee2-5360-48bf-8826-c0961022d25c",
      "Value": "[Relate sua reunião com os bárbaros] \"Há uma chance de reduzir nossas perdas.\""
    },
    {
      "Key": "ab95abe5-b84b-4d23-a20d-e90486778bb0",
      "Value": "\"Qual é a situação?\""
    },
    {
      "Key": "0eb65fa9-4115-4800-9d49-3f2d4069b058",
      "Value": "\"Como os bárbaros recrutaram gigantes para o seu exército?\""
    },
    {
      "Key": "98d437c1-eb9e-4525-ad60-065e81316624",
      "Value": "\"Como procedemos?\""
    },
    {
      "Key": "27b204e2-5b15-4e85-9e8a-4a35a3a10746",
      "Value": "\"Pelo menos eu consegui te salvar.\""
    },
    {
      "Key": "296af127-672b-410c-809c-f03fdc358e76",
      "Value": "[Relate sua reunião com os bárbaros] \"Nem tudo está perdido. Ainda há uma chance de reduzir nossas perdas.\""
    },
    {
      "Key": "b6493f01-a4f0-4ea4-b8c4-a28441e0a60c",
      "Value": "\"Como procedemos?\""
    },
    {
      "Key": "2d853513-5b05-4271-a0cb-ade462745fa6",
      "Value": "\"Como foi a batalha?\""
    },
    {
      "Key": "22a4c845-2d12-43ab-b6ff-2f1a2569ef8d",
      "Value": "\"Como os bárbaros recrutaram gigantes para o seu exército?\""
    },
    {
      "Key": "27dbd3f0-73e3-47c0-b612-15b2019792e5",
      "Value": "{n}Uma mulher meio elfa, vestida com uma armadura, dobra a luneta que estava usando para assistir ao campo de batalha e aperta sua mão com firmeza.{/n} \"Eu sabia que podia {d|c41 Follow Amiri}contar com você{/d}! A batalha está prestes a começar, e eu não vou mentir – sem seus reforços, essa batalha seria difícil para nós.\""
    },
    {
      "Key": "f98f283b-07eb-47aa-a70d-3e0d1d7145aa",
      "Value": "{n}Kassil o saúda com sua espada.{/n} \"Estou feliz em vê-lo novamente! Agora venceremos sem dúvida!\""
    },
    {
      "Key": "b3b59db0-7c71-44e5-aaba-c7badd003297",
      "Value": "{n}Jamandi escuta atentamente, franze a testa e esfrega o queixo.{/n} \"Você conta uma história estranha. Quem são essas irmãs? Por que os {g|Tiger Lords}Lordes Tigres{/g} nos atacaram no primeiro Parece menos uma guerra condicional do que uma sangrenta hecatombe. É como a verdadeira razão por trás dessa batalha é sacrificar o maior número possível de pessoas, de ambos os lados, em nome de alguma divindade sombria...\""
    },
    {
      "Key": "37fd8207-76dc-49eb-952f-828be44d3453",
      "Value": "\"Estou feliz que você seja um aventureiro primeiro e um governante segundo, neste caso. Talvez com as informações que você obteve, poderemos evitar um massacre.\""
    },
    {
      "Key": "aea79dba-5f5a-4a1d-8733-7e55424ad357",
      "Value": "\"Não poderia ser pior... Bem, não, as coisas sempre podem piorar. Mas os bárbaros nos superam e têm gigantes em suas fileiras. Eles dividiram sua força em vários grupos, forçando-nos a diluir nossas defesas. Eu realmente não consigo adivinhar quantos do meu povo verão outro amanhecer...\""
    },
    {
      "Key": "96ed1478-dfff-471f-8d21-693fcf02183b",
      "Value": "\"Até onde eu sei, {g|Numeria} Numerianos{/g} adotam gigantes quando jovens e os criam como combatentes. Esses gigantes são geralmente bastante fortes, mas mal organizados. No entanto, sob a liderança de um comandante capaz, eles são três vezes o perigo.\""
    },
    {
      "Key": "03ef46d3-39e5-4ec7-9f15-a8e935cb4fa5",
      "Value": "\"Cautelosamente. Vou atrair minhas forças para as suas e começar um lento avanço contra o inimigo. Se seus contatos falaram verdade, eles deveriam recuar.\""
    },
    {
      "Key": "0ccca6b1-1a4d-4958-98ad-05ff8c0bab14",
      "Value": "\"Quanto a você, sua melhor opção é voltar ao acampamento principal. Se tudo correr como planejado, você encontrará o corpo de Armag lá. Se não... então traga o instinto desse aventureiro à tona e improvise.\""
    },
    {
      "Key": "f45c6b9c-364c-4659-ab67-6cbc513fa209",
      "Value": "\"{g|Abadar}Abadar{/g} guiá-lo! Faça o seu melhor. Eu realmente gostaria de vê-lo novamente... Neste mundo, quero dizer.\""
    },
    {
      "Key": "03bd5f60-88cc-4639-bea9-32a0bca9f1be",
      "Value": "\"Vá em frente. O tempo é essencial.\""
    },
    {
      "Key": "7f8a99e7-23e8-4b1b-8bc4-d2793f7072f2",
      "Value": "{n}Uma mulher meio elfa, vestida com armadura quebrada e amassada, põe uma poção de cura nos lábios ensanguentados. Apoiada em sua espada irregular, ela se levanta e olha para o campo de batalha, os cadáveres de amigos e inimigos espalhados por ela.{/n} \"Morto... Todo mundo está morto.\""
    },
    {
      "Key": "a75adfc5-c7a9-4e40-9749-3bc301183c94",
      "Value": "{n}Ela se vira para você, seu rosto manchado de sangue distorcido de raiva.{/n} \"Onde você {d|c41 Follow Tristian}esteve{/d}?\""
    },
    {
      "Key": "c9fbd72a-f29c-4411-aafc-c4ace2764aeb",
      "Value": "{n}Jamandi balança a cabeça, passando a mão no rosto.{/n} \"Não, não importa. Não se preocupe em responder, não tenho interesse em suas desculpas. Você está atrasado e é todo o meu exército foi destruído, e o caminho para {g|Restov}Restov{/g} está desprotegido. Seus reforços não farão diferença agora.\""
    },
    {
      "Key": "aa896bc4-6422-45e7-a688-4dbdc1ec8066",
      "Value": "\"Devo agradecer por isso? Qual a vantagem de um comandante sem exército? Agora, morrerei alguns dias depois, tentando defender {g|Restov}Restov{/g} desses bárbaros. Então, ótimo. Obrigado.\""
    },
    {
      "Key": "77715f40-1b64-4acd-a38d-0751bab67e32",
      "Value": "{n}Jamandi joga sua espada no chão com uma maldição.{/n} \"Você entende o que isso significa? Nós fomos enganados! Tudo isso... Todas essas mortes... Tudo por nada!\""
    },
    {
      "Key": "d096af9a-9476-4cb9-9ca8-7239235645ba",
      "Value": "\"Eu vou encontrar os responsáveis – caçá-los até o final de {g|Golarion}Golarion{/g} se for preciso! E se acontecer que os {g|House Surtova}Surtovas{/g} estejam por trás disso todos os deuses os ajudam!\""
    },
    {
      "Key": "346f1c84-dc96-4d27-953d-06021e15581d",
      "Value": "\"Siga seu acordo com os bárbaros. Vá para o acampamento principal – não é longe. Enquanto isso, tentarei salvar o que restar de meu exército.\""
    },
    {
      "Key": "8498db89-95dd-4090-8610-8c87fc9fa2be",
      "Value": "\"Como você acha? Os bárbaros nos superaram em número e com gigantes ao seu lado. Foi um massacre. Matamos muitos deles no campo de batalha, mas meu exército foi dizimado no processo.\""
    },
    {
      "Key": "9e9c8a8e-8528-4c27-a564-7c292d3d79cc",
      "Value": "\"Como eu deveria saber? Provavelmente os pegou quando crianças em {g|Numeria}Numéria{/g} e os criou para lutar. Os gigantes são perigosos o suficiente por conta própria, mas sob o comando de um experiente senhor da guerra...\""
    },
    {
      "Key": "ba7e3b21-bd74-48eb-8fbb-ed5b9d4fb520",
      "Value": "\"Vá. Muito sangue foi derramado neste dia – mas talvez ainda possamos salvar alguém.\""
    },
    {
      "Key": "8d740a57-a384-482f-a609-c036e76efb49",
      "Value": "\"Você ainda está aqui?\""
    },
    {
      "Key": "88fbc636-7863-4a24-91a5-647c4fda07b8",
      "Value": "\"Que tragédia... Oh {Sarenrae}Sarenrae{/g}, quantas crianças se tornaram órfãs hoje e não verão mais o pai ou a mãe... Eu...\" {n}Tristian para, seus lábios cerraram e se contraíram.{/n}"
    }
  ]
}