{
  "$id": "1",
  "strings": [
    {
      "Key": "4ac1a206-ed2b-4d64-a5a8-267827fd9bc9",
      "Value": "[Tente todas as combinações possíveis]"
    },
    {
      "Key": "50b24307-5c0e-44a8-ba12-0ed4658fa229",
      "Value": "[Tente abrir o painel]"
    },
    {
      "Key": "e9c6c6d2-4e65-41c2-ae8d-73dfa12046fb",
      "Value": "[Coloque três engrenagens no mecanismo]"
    },
    {
      "Key": "f7668ae7-eb3b-471e-833f-c8f852acca30",
      "Value": "[Tente colocar uma engrenagem dentro do mecanismo]"
    },
    {
      "Key": "58ad2c22-943b-48c4-b981-360303487051",
      "Value": "[Sair]"
    },
    {
      "Key": "c85f49ab-f59c-40e4-80d5-96927ac2b8a0",
      "Value": "[Examine a estátua]"
    },
    {
      "Key": "2a69514a-f4c5-4584-bed2-37e111367a1e",
      "Value": "[Tente decifrar as marcações]"
    },
    {
      "Key": "9a3801df-e563-4fbf-8775-0dea787ca2a4",
      "Value": "[Reze para Torag]"
    },
    {
      "Key": "b2bd0777-ef9e-4a7d-a62a-3c3d770348c5",
      "Value": "{n}Você tem todas as três rodas dentadas, mas não sabe ao certo como encaixá-las no mecanismo. Talvez as marcações arcanas dentro sejam uma pista.{/n}"
    },
    {
      "Key": "0728dbc8-7036-494e-80f7-557803314f96",
      "Value": "{n}Você gira as rodas dentadas e ouve um ruído estridente vindo da estátua, seguido de um clique alto. O painel é aberto, revelando o tesouro armazenado dentro.{/n}"
    },
    {
      "Key": "f21d4d17-b8c2-40f3-8b36-165c28da712f",
      "Value": "{n}O painel de pedra e o mecanismo para mantê-lo fechado são resistentes e eficazes. Nem as habilidades de arrombamento nem a força bruta aprimorada com a maldição são capazes de abri-la. Parece que você não receberá esse tesouro escondido sem uma chave adequada.{/n}"
    },
    {
      "Key": "2175f4e3-5c68-4ced-8bf7-60e15372ca8d",
      "Value": "{n}Sua intuição diz que essa estátua pode estar escondendo algo de valor. Depois de várias horas pesquisando, você descobre um painel oculto com um nicho acima. No nicho, um conjunto de sulcos irregulares adornados com símbolos arcanos parece estar conectado a algo mais profundo dentro da estátua. Parece que o acesso aos tesouros de {g|Torag}Torag{/g} exigirá as engrenagens ausentes.{/n}"
    },
    {
      "Key": "8e936d5d-899a-4b41-b89b-4c51eaeb2143",
      "Value": "{n}Isso é mais difícil do que você pensava. É preciso algum esforço para colocar as engrenagens e removê-las do mecanismo. Após várias horas de tentativas fracassadas, você finalmente encontra a combinação certa, para que todas as engrenagens agora possam girar.{/n}"
    },
    {
      "Key": "bbddc845-567e-4a5e-abf3-b04ef9f0f8e1",
      "Value": "{n}Jubilost inspeciona as marcações de perto.{/n} \"O que temos aqui? Algum tipo de quebra-cabeça? Interessante, deixe-me ver... Ah! Esses são símbolos alquímicos, escritos apenas em escritos antigos de anões. Este é\" tin, \"então é aqui que colocamos a roda dentada branca. Essa é o\" ferro \"- o vermelho vai para lá. E a roda dentada dourada no espaço restante. Acho que é um enigma para as crianças. Os anões gostam dessas coisas.\""
    },
    {
      "Key": "7ac8e680-b6f6-44f8-9115-ed8662d38e59",
      "Value": "{n}Não importa como você o ajuste, a roda dentada não girará. Parece que você precisará dos três para abrir o painel.{/n}"
    },
    {
      "Key": "3b52d936-2f71-4ad8-8cbe-9aa43ecac1bf",
      "Value": "{n}Infelizmente, ninguém no seu grupo pode decifrar o significado das marcações. A única opção agora é experimentar todas as combinações possíveis.{/n}"
    },
    {
      "Key": "b8556bdc-fefb-46dd-b3b1-c67e9a2c5150",
      "Value": "{n}Ekun inclina a cabeça e sussurra uma breve oração diante da estátua.{/n}"
    },
    {
      "Key": "496035b8-fe72-4d98-8b3c-7ff4657be7bc",
      "Value": "{n}Ao contrário da torre de vigia, a estátua de {g|Torag}Torag{/g} está em perfeitas condições. O rosto do deus anão tem uma expressão severa, quase acusatória quando combinada com a devastação circundante.{/n}"
    },
    {
      "Key": "b2a9cebe-2fb6-4134-9883-90f86a2adbd5",
      "Value": "{n}Os artesãos anões são famosos por instalar mecanismos ocultos inteligentes em suas obras. Você descobre um painel oculto com um nicho acima. No nicho, um conjunto de sulcos irregulares adornados com símbolos arcanos parece estar conectado a algo mais profundo dentro da estátua. Parece que o acesso aos tesouros de {g|Torag}Torag{/g} exigirá as engrenagens ausentes.{/n}"
    },
    {
      "Key": "d6d52567-de64-41f9-bc45-74035697055d",
      "Value": "{n}Harrim lança um longo olhar à estátua e depois cospe no chão sem dizer uma palavra.{/n}"
    },
    {
      "Key": "c9add0a5-a622-4d85-bc5f-eaec6b15dc7f",
      "Value": "\"Qual é o problema?\" {n}Harrim resmunga enquanto pega as rodas dentadas de você e as coloca dentro do mecanismo.{/n} \"Esse aqui vai aqui, aquele ali... você não vê?\""
    },
    {
      "Key": "b10cdd90-0877-4b75-9a71-7fe70de26c97",
      "Value": "{n}As marcações parecem vagamente familiares. Analisando sua memória, você percebe que esses são símbolos alquímicos bem conhecidos, embora em um antiga escrita anã. O símbolo para \"estanho\" parece ter sido projetado para a roda dentada branca, representando ourives. \"Ferro\" deve significar a roda dentada vermelha, para os ferreiros, enquanto \"ouro\" é a roda dentada e os ourives. Tendo colocado todas as rodas dentadas corretamente, você vê que elas agora podem girar.{/n}"
    },
    {
      "Key": "3c08f0cc-cbe8-4e75-a4cc-08d586c918e0",
      "Value": "{n}Ao sussurrar palavras de oração a seu deus, você sente seu coração se encher de determinação para nunca se encolher de nenhum obstáculo.{/n}"
    }
  ]
}