{
  "$id": "1",
  "strings": [
    {
      "Key": "611c3ab6-1944-442d-b5c3-eb54c908c634",
      "Value": "\"Na verdade, esse hodag não foi tão difícil. – Embora fosse gordo como uma baleia encalhada. Mas comparado aos gigantes, era apenas uma pilha de porcaria.\""
    },
    {
      "Key": "ab45432b-f441-4264-b3fa-705723122519",
      "Value": "\"Eu não acho que vamos encontrar muitos gigantes nessas partes. Mas você sabe o que – trolls são seus parentes distantes. Você certamente poderia praticar matá-los.\""
    },
    {
      "Key": "6b35d739-6c2f-4e82-b803-5d5619db6d2f",
      "Value": "\"Eu adoraria ver um gigante de verdade! Mas lute com um? Acho que vou passar!\""
    },
    {
      "Key": "29bc563e-1a38-49e9-ac38-ab8d97e47f9f",
      "Value": "\"A propósito, você me prometeu há duas semanas que me contaria tudo sobre sua luta com os gigantes! Agora, não pense que vai mudar de assunto da última vez. Continue! Comece a falar... Amiri? Amiri?! Ugh, malditos bárbaros teimosos!\""
    }
  ]
}