{
  "$id": "1",
  "strings": [
    {
      "Key": "2445a954-b636-4943-a8c6-1d218f0498dc",
      "Value": "\"Escute, Harrim, que tal eu lhe dar uma bela pancada na cúpula? Todo aquele touro no final do fim virá voando direto de você!\""
    },
    {
      "Key": "922eb932-e757-4cc7-a6b8-cb436497180f",
      "Value": "\"Se você quer me matar – faça. O que importa quando morrermos – agora, ou daqui a uma hora ou daqui a um ano? Não leve a mal, mas enquanto eu viver, pregarei.\""
    }
  ]
}