{
  "$id": "1",
  "strings": [
    {
      "Key": "22ad82b0-f645-4c83-9edf-3d2d8946b936",
      "Value": "\"Se você parar de me atacar, eu não vou machucá-lo.\""
    },
    {
      "Key": "6cf4e2c9-3214-4057-bd7d-5578c00c86b0",
      "Value": "[Mate o caçador de chifres] \"Não faz sentido deixar o servo do inimigo viver. Morra!\""
    },
    {
      "Key": "0e80425b-4595-44ae-9175-ff1c0e2d8adb",
      "Value": "\"Eu não estou aqui para matar você – mas para impedi-lo. E curá-lo, se houver alguma esperança disso.\""
    },
    {
      "Key": "a8ac553f-14a5-4aaa-b78c-86bd1d432b75",
      "Value": "\"Me chame do que você quiser quiser, Nyrissa. Mas seus servos mais leais são derrotados, seu poder se foi. Renda-se!\""
    },
    {
      "Key": "bcdaed6d-ca6c-4328-b89b-7f80797391a5",
      "Value": "[Atacar] \"Chega de conversa. Vamos terminar isso agora!\""
    },
    {
      "Key": "bb2b7e45-f6f2-4ca6-b923-4f32d6818702",
      "Value": "\"Você deve ser punido por suas muitas atrocidades. Se você tem algo a dizer primeiro – fale agora.\""
    },
    {
      "Key": "8a7a8458-a0c8-46a9-9ecf-d87f8b9a1de2",
      "Value": "\"Não pode haver dois governantes nas Terras Roubadas. Curve-se a mim, e eu posso poupar sua vida.\""
    },
    {
      "Key": "9f12bf88-a60a-4f32-880f-bb31e572f01c",
      "Value": "\"O mal apenas gera mais mal, mas deve haver uma maneira de detê-lo. Confie em mim. Pare. Uma batalha não resolverá nem ajudará nada.\""
    },
    {
      "Key": "7b7791fd-388f-45ab-9a4e-ada99917054f",
      "Value": "\"Bem, já que não há outra maneira – vamos resolver isso em batalha.\""
    },
    {
      "Key": "b7fa8b37-8478-4c99-99d5-96f0519b757d",
      "Value": "{n}O Caçador de Chifres, acorrentado a uma árvore, levanta a cabeça com dificuldade e fixa os olhos em você.{/n} \"Você! A senhora me puniu por não conseguir lidar com você. E veja – as favoritas dela, a Bruxa Knurly e o Homem Contorcido também falharam!\""
    },
    {
      "Key": "25d37aed-07b5-4e5d-87c3-67d81c4579e9",
      "Value": "\"Não pense em mim, {name},\" {n}diz o Caçador de Chifres com uma voz estranhamente fria.{/n} \"Eu não lhe disse que a sombra nas suas costas é sempre Ela? E o som de passos o escuro – sempre ela? Vire-se!\""
    },
    {
      "Key": "dc59c9bd-b874-4960-a2d9-68cd9318c68b",
      "Value": "{n}O Caçador de Chifres torce em suas algemas, mas em vão – o aço corta seu corpo, e sangue escuro derrama da ferida. A criatura sacode e descansa para sempre, mas com seu último suspiro, fala com uma voz estranhamente fria:{/n} \"Eu não lhe disse que a sombra atrás das costas é sempre Ela? E o som de passos no escuro – sempre Ela? Vire-se!\""
    },
    {
      "Key": "1a3d10b3-fea5-4a18-baa4-6c3f5062c6ae",
      "Value": "{n}Você não pode dizer pela aparência da ninfa se ela está calma ou animada, assustada ou com raiva. Nyrissa mal olha para você. Ela para no pedido de desculpas e passa um dedo ao longo da borda.{/n} \"Meu cão. Você correu tanto tempo para finalmente encontrar sua amante.\""
    },
    {
      "Key": "a0a708fa-910a-4929-a783-bf957c6c53c3",
      "Value": "\"De que esperança você fala? Não existe ninguém no mundo, nem nunca existiu. O mal e a tristeza são os donos de nossas vidas. Vamos acabar com isso. Ou eu mato você e pego o último grão de poeira para o mundo\". Desculpas – ou você me mata e carrega a memória de Nyrissa e seu desespero com você pelo resto de sua breve vida!\""
    },
    {
      "Key": "652a8f3a-c49f-43aa-a17b-4ebb979d3428",
      "Value": "\"Oh, se você soubesse o que é punição! Mas você não sabe. E você nunca saberá. Vou tirar sua vida e transformá-la no último grão de poeira da minha xícara!\""
    },
    {
      "Key": "7d554489-51d4-40b2-98ec-7348f959675f",
      "Value": "\"Você ainda está no meu reino, criança boba. E o reino está vivo enquanto seu governante respira. Isso é verdade para nós dois, não é? Não vou recuar – não agora, quando você veio a eu mesmo para encher meu copo!\""
    },
    {
      "Key": "912abb5c-ffbe-4017-a05a-ee2cab616e22",
      "Value": "\"Eu vi nascer do sol em dois mundos e pores do sol em mais de mil reinos, criança boba. Eu não podia me curvar a voar de um dia, mesmo que tenha a sorte de me derrotar!\""
    },
    {
      "Key": "31852700-7222-4920-ad18-578459f362bf",
      "Value": "\"Corra! – Corra, meu cão. Corra até a sua morte!\""
    },
    {
      "Key": "c1cf9922-3d33-4f76-860d-31be7fe21e8b",
      "Value": "{n}Nyrissa olha para você de soslaio e depois abaixa a cabeça.{/n} \"Oh, se você pudesse saber, {name}... como estou cansada... Depois de milhares de anos nessa dança insana de mentiras e destruição... posso acreditar que algo será melhor novamente? Não, não, é tudo em vão! Eu não quero lutar – mas ainda há algo a esperar? Sem futuro, sem vida, sem redenção .\" {n}Nyrissa levanta os olhos, derrotada e quebrada.{/n} \"Eu me rendo...\""
    },
    {
      "Key": "4a3009c4-323d-4fec-95a0-d40872b83c97",
      "Value": "\"Então adeus... {name}. Quem vencer, será o fim do outro!\""
    }
  ]
}