{
  "$id": "1",
  "strings": [
    {
      "Key": "f5f0e1e6-229b-4b24-b436-45587d8aaad6",
      "Value": "\"Aqui estão os relatórios mais recentes de nossos batedores. O marquês negro que se interessava por seu domínio partiu para outras terras após nossa modesta... demonstração. Parece que conseguimos evitar a guerra dos piratas! Esta notícia é realmente excelente para todos nós!\""
    },
    {
      "Key": "013e845a-a294-4a45-955b-92a405c5dbc5",
      "Value": "\"{name}, notícias maravilhosas! Os batedores relatam que as tolices do Marquês Negro se interessaram por outras terras e deixaram seu {mf|baronato|baronato|reino|reino}. Eles serão o problema de outra pessoa agora.\""
    }
  ]
}