{
  "$id": "1",
  "strings": [
    {
      "Key": "a5f17b8c-bec9-48c5-b040-45839726b402",
      "Value": "\"Vejo tanta audácia e nobreza em seu desejo de salvar seu povo do Descoloramento, mestre Jubilost. Devo dizer que te admiro.\""
    },
    {
      "Key": "89620617-282c-4ee7-b640-bca33f3e0ad0",
      "Value": "\"Aham, ahem, hmmm – você me faz corar, mocinha. Verdade seja dita, eu nunca me esquivei de tarefas ambiciosas. Enquanto eu respirar, continuarei procurando uma solução!\""
    }
  ]
}