{
  "$id": "1",
  "strings": [
    {
      "Key": "7ed33704-ef46-4d62-9ade-85c8916ba6d0",
      "Value": "\"Saudações, Gwart. Seu tumulto foi um sucesso?\""
    },
    {
      "Key": "4277b73b-47f4-41ef-8243-c0310316b28b",
      "Value": "\"Amiri, você está bem?\""
    },
    {
      "Key": "591bfbb2-9082-4d04-b86e-b665bf9c783c",
      "Value": "\"Dugath! Eu sabia que nos encontraríamos novamente.\""
    },
    {
      "Key": "1bb87154-2894-453a-b4a2-063daab16c6b",
      "Value": "\"Então Armag está sozinho agora?\""
    },
    {
      "Key": "1524654f-cf6f-4f2e-9ce3-e0ec4adc6734",
      "Value": "\"Temos que parar esse louco.\""
    },
    {
      "Key": "0bb3de13-9e47-489c-be96-5d98e85b5e3a",
      "Value": "\"Nilak, o que acontecerá com sua tribo agora?\""
    },
    {
      "Key": "d21e0ca2-7225-49e8-a52c-22512d074867",
      "Value": "\"Adeus, então. Farei tudo o que puder para impedir Armag. Espero que você possa falar um pouco sobre seus homens da tribo."
    },
    {
      "Key": "58a394a1-89db-45ee-b461-a0e2e27955da",
      "Value": "\"Onde ele foi?\""
    },
    {
      "Key": "f2d1d946-a805-4381-916d-22f7cdf79b3a",
      "Value": "\"Onde está o túmulo dele?\""
    },
    {
      "Key": "dc2c8863-e611-40d1-8ef4-b8215b926614",
      "Value": "{n}Você encontra Gwart perto da tenda de Armag. Quando ele percebe você, ele levanta a mão para cumprimentá-lo.{/n}"
    },
    {
      "Key": "d744008c-7345-424c-ab06-b76ec6974b3f",
      "Value": "{n}Ele desata Amiri e Nilak. Ambas as mulheres se levantam, esfregando os pulsos dormentes e trocam sorrisos de triunfo.{/n}"
    },
    {
      "Key": "3500f5f2-7aa8-453b-bf3d-6aa2b7377229",
      "Value": "{n}Ele desata Amiri. O bárbaro se levanta, esfregando os pulsos dormentes e olhando para baixo em silêncio.{/n}"
    },
    {
      "Key": "9579f160-53eb-45c2-ae60-0418ce5a1fda",
      "Value": "{n}Dugath cumprimenta você com um breve aceno de cabeça.{/n}"
    },
    {
      "Key": "d981aac4-e31c-4a54-8822-44de0c962c1c",
      "Value": "{n}Com uma expressão azeda, Amiri mostra o punho de sua espada quebrada.{/n} \"Armag era realmente forte, o pedaço de merda sujo. Mas eu sobrevivi, então saude {g|Gorum}Gorum{/g}, Eu acho. Quanto a Armag, eu ainda vou pegá-lo!\""
    },
    {
      "Key": "1f94ff65-076a-493f-bc69-1e40282e65c4",
      "Value": "{n}Sem levantar os olhos, Amiri silenciosamente balança a cabeça.{/n}"
    },
    {
      "Key": "344f5754-e462-4fc7-bb61-8751790d7785",
      "Value": "\"Heh heh heh, isso é {d|c31 Ashman Friendly}certo{/d}! O velho Dugath não é tão fácil de matar! Eu pediria que você compartilhasse uma bebida ou duas comigo novamente, mas como você pode ver, agora não é o melhor tempo!\""
    },
    {
      "Key": "2e248263-bc31-4cb1-be2b-5e17ea92c95a",
      "Value": "{n}O velho clérigo assente com restrição.{/n} \"Então, a batalha continua {d|c31 Ashman Hostile}novamente{/d}, e seu povo continua matando o meu... mas eu lhe devo minha vida. Os deuses gostam de fazer piadas cruéis com os mortais.\""
    },
    {
      "Key": "8d273537-efd9-489a-a731-40c0d8fd854b",
      "Value": "\"Sim e não. Armag ainda está vivo – louco ou não, ele ainda é um dos guerreiros mais fortes de todos os {g|Golarion}Golarion{/g}. Mas isso não é importante no momento. Ele abandonou seu exército no meio da batalha – ninguém aqui o reconhecerá como chefe depois disso!\""
    },
    {
      "Key": "ea408fa9-6a47-4e74-b97b-e6e9acfe67e3",
      "Value": "\"De jeito nenhum! Ainda existe um exército inteiro de nossos irmãos e irmãs em {g|Numeria}Numéria{/g}, pronto para obedecer todas as suas palavras. Eles preferem nos chamar de traidores a desistir do sonho de um grande Armag conduzindo-os mais uma vez à glória! Podemos tentar apelar para a razão deles, mas... Receio que isso termine com os {g|Tiger Lords}Lordes Tigres{/g} se dividindo em duas tribos separadas.\""
    },
    {
      "Key": "83f6f158-e6e5-4409-9fa4-ffb13f007163",
      "Value": "\"Exatamente – e você é quem deve fazê-lo, porque não podemos ficar mais. Estamos nos retirando para {g|Numeria}Numéria{/g} antes que outra batalha com os Brevans possa começar. Então me ouça com cuidado – encontre a tumba, encontre Armag e mate-o. Se não encontrar, ele voltará em breve com um novo exército – e então {g|Restov}Restov{/g} cairá, sem mencionar o seu baronato?\""
    },
    {
      "Key": "4342be04-2a26-492d-aac8-273c24ea071d",
      "Value": "\"Um espírito maligno ainda nos assombra. Nós não vamos sobreviver por conta própria. Vamos voltar a {g|Numeria}Numéria{/g} com Gwart e os outros.\""
    },
    {
      "Key": "12538cdc-f786-47cb-9358-d617ba8b0a32",
      "Value": "{n}Depois de trocar um aperto de mão de despedida, os {g|Tiger Lords}Lordes Tigres{/g} deixaram o acampamento.{/n}"
    },
    {
      "Key": "b0183634-99fb-4bbf-a1b7-f98a3a7abf1a",
      "Value": "\"Vá. Te encontro mais tarde,\" {n}Amiri diz, com a voz rouca.{/n} \"Devo... enterrar Nilak. E esse pedaço inútil de lixo também.\" {n}O bárbaro olha para o punho da espada quebrada entre as mãos e depois se afasta.{/n} \"Vá. Vá, eu disse!\""
    },
    {
      "Key": "a5dc9486-9c76-4fb2-84fa-958fc0f0df92",
      "Value": "\"Essa é a parte assustadora. Nosso Armag passou muito tempo procurando a tumba do antigo Armag, o herói do passado, cuja encarnação ele acredita ser. Não sei se é verdade, mas ouvi rumores de que ele finalmente o encontrou. Ele levou um pequeno esquadrão com ele, as Irmãs abriram um portal para elas, e foi a última vez que o vimos. Eu acho que ele já está dentro da tumba, e o que ele está procurando lá pode torná-lo terrivelmente poderoso Mais poderoso do que qualquer um de nós pode imaginar!\""
    },
    {
      "Key": "96f26634-896e-4cf8-82a8-54206800288c",
      "Value": "\"Somente Armag e as irmãs sabem! Você terá que encontrar por conta própria.\""
    },
    {
      "Key": "84cba1c2-ed19-4c8f-9f73-498a9dcb679f",
      "Value": "\"Amiri... obrigado por me salvar. {g|Desna}Desna{/g} seja minha testemunha, eu não mereço. Afinal, eu disse...\""
    },
    {
      "Key": "701c4a24-9287-4f4b-b203-6ec631e4ba0f",
      "Value": "\"Não fale besteira, mana. Você acha que eu deixaria você morrer aqui? Eu, erm... disse muitas coisas estúpidas naquela época também. Desculpe.\""
    },
    {
      "Key": "7e42c26b-49c3-4198-89d7-b60fd8cb01de",
      "Value": "\"Eu sei que você não quer mais ver nossa tribo, mas pelo menos nos visite mais uma vez. Muitas coisas mudaram. Devemos conversar – mesmo que seja apenas uma última vez.\""
    },
    {
      "Key": "0f23c23f-944d-4950-be26-6f804e9f5194",
      "Value": "\"Bem, se você diz... Tudo bem. Eu irei. Mas se alguém tentar me enviar para a cabana das mulheres novamente, eu não serei responsável pelo que acontece!\""
    },
    {
      "Key": "f1cb1a1e-440b-4c61-93e2-022f18102824",
      "Value": "\"Eu vou esperar por você.\" {n}Após os {g|Tiger Lords}Lordes Tigres{/g}, Nilak deixa o acampamento.{/n}"
    },
    {
      "Key": "75115d4a-bbab-4f1f-a9dc-34ee0142c9d8",
      "Value": "\"Oh, Amiri... Quantas vezes eu já lhe disse que desobedecer ordens e agir por capricho não pode levar a nada de bom? Mas fico feliz em vê-lo vivo.\""
    },
    {
      "Key": "e6a670a4-05e3-4d84-9eda-c285fd920157",
      "Value": "\"Ninguém culpar além de você. Ninguém mais chamou seu povo para trazer suas espadas para essas terras.\""
    },
    {
      "Key": "952479d2-1729-43dd-911e-b266435d7d2a",
      "Value": "{n}Tristian suspira profundamente.{/n} \"Eu... sinto sua dor. Você não deveria ter perdido tempo me ajudando naquela época, {name}. Então talvez essa tragédia pudesse ter sido evitada...\""
    },
    {
      "Key": "7a2c8887-4544-4019-b7eb-a5f1e62ea647",
      "Value": "{n}Amiri olha para cima e olha cruelmente para Tristian por um momento, mas ela não diz nada.{/n}"
    },
    {
      "Key": "e8dcdf4e-fca2-4660-abc1-7026662d5d8b",
      "Value": "\"Terrível irresponsabilidade! Essa pessoa não pode ser confiada com um exército.\""
    },
    {
      "Key": "4860c7ab-e530-4cd9-b7c7-688e8359b223",
      "Value": "\"Você ouviu isso? Uma lição valiosa para {mf|o barão|a baronesa}. Se você for um herói por até uma hora, faça o que fizer depois, sempre terá companheiros – pessoas que acharão mais fácil acusar o mundo inteiro de mentir, em vez de admitir que eles estavam errados sobre você.\""
    }
  ]
}