{
  "$id": "1",
  "strings": [
    {
      "Key": "f02b9695-b49f-4183-bfdf-2779abb73157",
      "Value": "\"Devo admitir que os costumes dos nômades numerosos podem parecer horríveis para nós, mas podem ser a única maneira de sobreviver entre outros povos hostis.\""
    },
    {
      "Key": "8286146a-df71-4e8e-9aaa-23c775739320",
      "Value": "\"Eu não dou a mínima para os costumes deles! Vender seus filhos para a escravidão é um negócio desagradável, não importa o que eles enfrentem!\""
    }
  ]
}