{
  "$id": "1",
  "strings": [
    {
      "Key": "f7f2a311-41fc-47c8-a8f8-a5f72d04d36c",
      "Value": "\"Sabe, Jubilost, acho que você seria um grande sacerdote e pregador. Seu senso de propósito e sua eloqüência...\""
    },
    {
      "Key": "d273edf7-ecd6-45aa-8633-941cd9894068",
      "Value": "\"Um sacerdote? Eu? Pff! Eu morreria de tédio em uma semana, se tivesse que repetir os mesmos sermões tristes dia após dia! Ou acrescentaria algumas idéias novas e em pouco tempo seria expulso de o sacerdócio por heresia!\""
    }
  ]
}