{
  "$id": "1",
  "strings": [
    {
      "Key": "fda245c6-2274-4b44-8ed6-cabcf1ed5c52",
      "Value": "\"Como eu não poderia?\""
    },
    {
      "Key": "3249cac5-8c9b-43a5-a573-80e6f936f62f",
      "Value": "\"Não sou de quebrar a tradição.\""
    },
    {
      "Key": "ef13afd8-1d34-4f68-ae09-521650cc8751",
      "Value": "\"Eu não sei o que estou fazendo aqui... Vamos acabar logo com isso.\""
    },
    {
      "Key": "6d38813c-18ed-44af-84b2-7817a944df7b",
      "Value": "{n}Ekun acena para você. O rosto dele é mais suave e, ao mesmo tempo, mais resoluto que o normal.{/n}"
    },
    {
      "Key": "ec327eed-3e87-4d56-b29c-a63c06864f28",
      "Value": "{n}Octavia olha para Ekun, mordendo o lábio.{/n} \"Meus pêsames...\""
    },
    {
      "Key": "5de4787f-7f96-42a2-a20f-1dc33f9c126c",
      "Value": "{n}Jubilost abre a boca por um momento, levanta o dedo... Mas então apenas suspira, acenando silenciosamente para Ekun.{/n}"
    },
    {
      "Key": "725e7d69-e82c-4ef6-8bee-852f2b8ec65e",
      "Value": "{n}Tristian sorri tristemente para Ekun, depois fala com a voz quente.{/n} \"As horas mais sombrias são antes do nascer do sol. Espere. Confie em mim, você se sentirá melhor.\""
    },
    {
      "Key": "81d30a56-1cfe-434d-af6d-8ba59cf1684b",
      "Value": "{n}Jaethal olha em volta silenciosamente, seus olhos evitando Ekun.{/n}"
    },
    {
      "Key": "e0432946-5c4e-437b-8172-3df91dcf104f",
      "Value": "{n}Acenando com gratidão, Ekun se afasta.{/n}"
    },
    {
      "Key": "43d1d9ce-28e7-4231-92b1-fb949ca8005f",
      "Value": "{n}Balançando a cabeça e suspirando pesadamente, Ekun desvia o olhar de você.{/n}"
    },
    {
      "Key": "9bbbfce7-4928-4636-9e6d-d65a9551296d",
      "Value": "{n}Os olhos escuros do guarda estão direcionados para você.{/n} \"Você veio. Obrigado.\""
    },
    {
      "Key": "04e6f0a2-80be-4588-bfeb-429a99eb6a34",
      "Value": "{n}Linzi esconde os olhos, o suficiente para esconder lágrimas – mas sua voz se interrompe.{/n} \"W-nós estamos com você, amigo.\""
    }
  ]
}