{
  "$id": "1",
  "strings": [
    {
      "Key": "d09ab29b-d643-4b64-b921-7e8ddd79363d",
      "Value": "\"Este Torneio Radiante é uma ideia maravilhosa. Estou tão impressionado – encantado com as celebrações que as pessoas realizam!\""
    },
    {
      "Key": "45e163b9-13c4-4b0a-90f3-739ece2f7f2c",
      "Value": "\"Um deva, que olhou para os deuses com seus próprios olhos e viajou livremente entre os planaltos, é 'arrebatado' pela visão de uma multidão bêbada. Delícia.\""
    },
    {
      "Key": "cf96953b-71cf-4753-aaa6-dff9441e2f59",
      "Value": "\"Eu ainda não consigo acreditar que você é um verdadeiro deva! Isso é tão interessante! Como tudo é misterioso, e o que acontece lá, além dos limites da morte...\""
    },
    {
      "Key": "ee2fe4a4-56c0-4f37-91c3-42d615824e6f",
      "Value": "\"Eu não tenho idéia do que um sujeito tão bem vestido como você poderia achar tão interessante sobre um monte de canecas bêbadas em um festival.\""
    }
  ]
}