{
  "$id": "1",
  "strings": [
    {
      "Key": "ca4b23ff-3692-4706-87ce-e08c910b6f26",
      "Value": "\"Você já ouviu o lixo que os bardos de Pitax estão compondo sob as ordens de Irovetti? É uma calúnia vil! E está escrito tão terrivelmente!\""
    },
    {
      "Key": "f05cb912-ab36-4881-887c-0627abaa029a",
      "Value": "\"Então, por que você não luta? Ou talvez eu deva ser o versista da corte em vez de você, ha! 'Irovetti, por precaução, eu vou dar um soco na sua cara!'\""
    },
    {
      "Key": "768f4e4b-dec2-4b16-9c5f-e761665753d6",
      "Value": "\"Quando você tem tempo para ler tudo isso?\""
    },
    {
      "Key": "0e37147b-b3a6-4195-85a4-225859d17687",
      "Value": "\"Lutar contra uma guerra pelos métodos mais discretos, evitando batalhas honestas – esse é exatamente o estilo dele.\""
    },
    {
      "Key": "a1c31cf7-44d3-4ca7-b5fd-be02c15bf205",
      "Value": "\"Deixe-os escrever! Escreva tudo! Então roubamos todos os papéis deles – e então obtemos seus pensamentos! Ótimo plano, certo?\""
    }
  ]
}