{
  "$id": "1",
  "strings": [
    {
      "Key": "0a1f06c6-3a61-4487-9244-011a429e46df",
      "Value": "\"Tudo bem, eu vou matar o líder dos lobos.\""
    },
    {
      "Key": "1b8b54d8-da43-4114-a0cd-a777cfd8913a",
      "Value": "[Atacar] \"Você vai sangrar, escória suja!\""
    },
    {
      "Key": "ed709d28-859e-478a-8785-b6395512c580",
      "Value": "\"O worg está morto. Vá ver por si mesmo.\""
    },
    {
      "Key": "1085cf2d-f793-49b2-a495-ba727ae23028",
      "Value": "\"Eu lidei com o líder lobo.\""
    },
    {
      "Key": "bae23dc1-f30c-4e85-924f-5c9a14f99c40",
      "Value": "\"Acho que vou.\""
    },
    {
      "Key": "203e0168-f483-455b-8ef4-7f56699c53f4",
      "Value": "\"Quem é você?\""
    },
    {
      "Key": "0fbce63f-c9c7-4b75-9b1d-c0bc1372ccaf",
      "Value": "\"Por que você não está brigando?\""
    },
    {
      "Key": "a62e343f-3dfa-483b-b926-d1e53b8289ea",
      "Value": "\"O que você disse sobre lobos?\""
    },
    {
      "Key": "aa06ef36-4302-4bd3-84a5-c999c9a905fa",
      "Value": "\"Não, eu tenho outros assuntos para atender.\""
    },
    {
      "Key": "612615e0-6bf8-4368-a233-08431ca93d6d",
      "Value": "{n}Um mite gigante se aproxima de você. Ele ergue a cabeça azul careca com dignidade e o pescoço está decorado com taglocks e um pingente de presa de lobo. À sua direita anda um kobold, também inchado de vaidade.{/n}"
    },
    {
      "Key": "2888d7bf-3245-4abf-a64b-c9f190c7e749",
      "Value": "{n}O líder dos caçadores acena para você solenemente.{/n}"
    },
    {
      "Key": "717f4a36-3ae8-4a58-b0b0-acee97fe0b0d",
      "Value": "{n}O mite careca clica em sua língua, irritado.{/n} \"Por que você não confere? Cabeça-dura, agora vamos conferir... espere aqui, eu vou.\" {n}Voltando-se para o companheiro, ele acena com a mão.{/n}"
    },
    {
      "Key": "5ba27270-2322-4948-b921-b852cdea1583",
      "Value": "{n}O mite olha de soslaio para você.{/n} \"Não, nós não vamos.\""
    },
    {
      "Key": "fdf064c9-e601-4485-a59d-7c3eaa35c1b3",
      "Value": "\"Hooray! Ótimo novo! Mite e kobold continuam morando juntos, sem ameaça! Bom para você. Talvez você cresça como grande caçador, como nós.\" {n}Dizendo isso, ele lhe dá uma pequena bolsa.{/n}"
    },
    {
      "Key": "851b292f-d043-48a9-897f-facba47e84f2",
      "Value": "\"Mite pacífico e kobold. Caçar juntos. Foi fácil – muitos mites, muitos kobold caçam juntos. Agora não.\""
    },
    {
      "Key": "4f8489f2-52a5-48f7-bbc3-d4281edd9ac5",
      "Value": "\"Guerra – ruim. Poça de sangue, grita alto, mite e kobold morto, frio... Por que lutar? Lobo perigoso e peludo por aí.\" {n}O mite balança a cabeça, impotente.{/n}"
    },
    {
      "Key": "05dcb36f-b07c-40f2-9e86-55e80638e686",
      "Value": "\"Bem-vindo zona de paz! Aqui não há guerra, ninguém ataca. Apenas talvez lobo gordo. Ele quer nos mastigar, somos mais astutos! Quem o matou – grande recompensa.\""
    },
    {
      "Key": "846437ec-c976-435a-ae7e-ef5cf85363f1",
      "Value": "\"Enfermaria!\""
    },
    {
      "Key": "d76da876-1fc2-4023-a185-4e77a4c84e47",
      "Value": "{n}Após uma breve pausa, o mite dá um tapinha nas costas do vizinho:{/n} \"Mas nós não somos tolos! Vá e seja amigo. Não queira guerra! Mas perca a rainha Bdaah – grande beleza.\""
    },
    {
      "Key": "5bc99c00-8c7e-428d-a4b6-80e86d139794",
      "Value": "\"Perto de uma longa árvore viva, lobo da matilha. Grande raiva, diga mite e kobold coisa ruim. Talvez nós o matemos fácil, mas a guerra leva os caçadores.\""
    },
    {
      "Key": "32d4f5c4-1626-4861-88a2-9660121aa31a",
      "Value": "{n}O mite encolhe os ombros com indiferença.{/n}"
    },
    {
      "Key": "ec614c66-eb38-45a8-b11f-cc409552caaf",
      "Value": "\"Não é como isso.\""
    },
    {
      "Key": "a5d44026-5ca8-4792-ab56-a45d00810cda",
      "Value": "\"Errou beleza?\" {n}O kobold coça a cabeça, confuso.{/n}"
    },
    {
      "Key": "8681379e-697d-4673-8ead-b58ca89cbb73",
      "Value": "\"Ei! Cabeça azul e cobra ssskin! Depois de mim!\""
    },
    {
      "Key": "e938249d-fe49-4b4b-bf05-21be8981c721",
      "Value": "\"Espere, o que você está dizendo? O worg está vivo! Ele vai... Ele os come!\""
    },
    {
      "Key": "da1d23b2-433c-4190-becc-1b24808e8a97",
      "Value": "\"Palavras sábias! Acho que muitas pessoas, não apenas os mites e os kobolds, poderiam aprender algo com essas criaturas!\""
    },
    {
      "Key": "c959f4f3-74e8-4b70-a90c-6ad0e02bfdf9",
      "Value": "\"Bah! Covardes!\""
    },
    {
      "Key": "d497fd98-39cb-40fb-b098-fd1f0461b78a",
      "Value": "\"Ótimo, ha! Bem, você acabou, arrepios!\""
    },
    {
      "Key": "139530eb-5457-4e58-8d00-603d6542c548",
      "Value": "\"Ruim, ruim! Você morre agora!\""
    }
  ]
}