{
  "$id": "1",
  "strings": [
    {
      "Key": "e10cdf79-47a7-4109-98a6-e1b20a7e7a86",
      "Value": "\"Você diz que poderíamos ser úteis um para o outro?\""
    },
    {
      "Key": "2cb15241-31a2-4cb2-b832-670f775187c4",
      "Value": "\"Quem é você?\""
    },
    {
      "Key": "eccad14b-a27e-4c50-9d4d-1680fb982ada",
      "Value": "[Atacar] \"Suas palavras não vão te salvar, monstro!\""
    },
    {
      "Key": "62d476a0-8413-4d1f-ae1d-1387445cb9ec",
      "Value": "\"Eu tenho que ir.\""
    },
    {
      "Key": "be6690b8-483c-4340-b7d0-65087430b374",
      "Value": "\"O que você sabe da guerra entre os kobolds e os mites?\""
    },
    {
      "Key": "ec82adcf-497a-4df0-b010-ecc95e0f9f9b",
      "Value": "\"Não, eu não estou interessado nisso.\""
    },
    {
      "Key": "9483756d-2f6d-4c69-bf55-1914e7cdefd5",
      "Value": "\"Bem.\""
    },
    {
      "Key": "ea3835d4-9fe3-4831-8378-d0b22991ee1d",
      "Value": "\"Um viajante antigo, você diz?\""
    },
    {
      "Key": "6e3f3852-ee6c-4ccf-9379-d067348e7d94",
      "Value": "\"Se você estiver com fome, caçar. Não vejo sentido em interferir na ordem natural das coisas.\""
    },
    {
      "Key": "02e639d5-db4a-4ed4-a795-3c2508a4c47f",
      "Value": "{n}A besta diante de você é extraordinariamente grande, e seus olhos, especialmente zangados. Seu sorriso ameaçador pode quase ser levado para um sorriso.{/n}"
    },
    {
      "Key": "e280c42f-30bd-41f5-92fc-db1c0aec652d",
      "Value": "\"Saudações.\""
    },
    {
      "Key": "1ec68b4d-dcc3-443e-86fe-21ec537c44a5",
      "Value": "\"Saudações, viajante. Antes de você sacar sua arma, gostaria de dizer que não vejo razão para brigar entre nós. Podemos até ter alguma utilidade um para o outro.\""
    },
    {
      "Key": "a65fdf95-9b7b-468c-b46a-effd2acf293d",
      "Value": "\"Só que minha matilha gosta.\" {n}O worg bufa e lambe os lábios.{/n} \"Claro, eu como apenas carne fresca...\""
    },
    {
      "Key": "e63b8fc6-ed57-41d7-ab94-157c72e1fa3a",
      "Value": "\"Você pode me chamar de Grarrukh. Eu moro aqui por muito mais tempo do que os governantes daquelas tribos tolas... eu tenho visto muito e comido muitos.\""
    },
    {
      "Key": "5cb48717-bbd6-49d0-bfa0-cbda59482bfc",
      "Value": "\"Traga-me alguém delicioso. Três ou quatro corpos serão suficientes. E eu, como sinal de gratidão, lhe direi onde um velho viajante enterrou seu peito.\""
    },
    {
      "Key": "f2af6a36-e538-4470-8871-5c9fc16438e2",
      "Value": "{n}Sorrindo, o worg olha diretamente para você.{/n} \"Combinado! Vou aguardar o seu retorno.\""
    },
    {
      "Key": "b57e30b2-df56-417a-8e7b-01730b15dd8e",
      "Value": "\"Bem, como você deseja. Mas considere minha oferta... Você ainda pode pensar em alguma coisa.\""
    },
    {
      "Key": "ecce3fa6-b467-4846-8b86-fefc2c57605e",
      "Value": "\"Verdade seja dita, devo agradecer a você – finalmente, uma refeição decente! É um prazer lidar com você. O baú está enterrado sob uma árvore solitária a oeste.\""
    },
    {
      "Key": "69cb6dcb-0fe0-43ae-85fb-7fbf730c2f69",
      "Value": "\"Espere, por que esse lobo está falando? É mágico ou algo assim?\""
    },
    {
      "Key": "ce7cbf68-aa38-443f-8f63-e4ff387a69cf",
      "Value": "\"Eu não sou lobo, mulher. Sou um worg. Surpreendente que você possa viver até a sua idade sem aprender a diferença. Bem, nunca é tarde para ensinar uma lição a um pedaço insolente de duas pernas...\" {n}o animal lentamente lambe os dentes.{/n}\""
    },
    {
      "Key": "6cef158e-3321-44c7-a79b-ab94b0d04290",
      "Value": "\"Quem você está chamando de bocado, seu idiota?\" {n}Amiri olha para a besta, com a mão na espada.{/n}\""
    },
    {
      "Key": "5ca65717-a50f-4c04-a71f-8c4d4b9c21f8",
      "Value": "\"Um viajante muito velho, magro e sem sabor.\" {n}O warg sorri, quase sorrindo.{/n}"
    },
    {
      "Key": "8152332e-8e90-4e85-b985-8cf0b53b8cee",
      "Value": "\"Certo! Não vamos começar uma conversa com todos os vira-latas que encontramos!\""
    },
    {
      "Key": "951bb1cb-15ab-47be-8f04-684db34b76c9",
      "Value": "\"Bom. Adoro carne fresca!\""
    },
    {
      "Key": "d7026a31-6137-4242-b39b-bc7846ac34c7",
      "Value": "\"Como você pôde concordar com um acordo tão monstruoso?\" {n}Tristian balança a cabeça lentamente.{/n}"
    },
    {
      "Key": "6b295333-9676-444a-b81a-20f02ab3b450",
      "Value": "\"Esta criatura está cheia de maldade irrecuperável. Sarenrae, guie minha lâmina!\""
    },
    {
      "Key": "1c1bb045-9bed-4183-92fa-97265f2d271c",
      "Value": "\"Não podemos deixar animais tão perigosos para viver em nossas terras futuras. Mate a fera!\""
    }
  ]
}