{
  "$id": "1",
  "strings": [
    {
      "Key": "385a0625-d8b6-45dd-8861-13d80acfa1cc",
      "Value": "\"É culpa de Nyrissa tudo isso aconteceu. Dela – não sua!\""
    },
    {
      "Key": "59c0fefd-b3bd-4423-987b-5cc3c0853f08",
      "Value": "\"Regongar fez uma coisa corajosa e honrosa. Respeite a escolha dele e não se culpe por sua morte.\""
    },
    {
      "Key": "b57c23c7-03f7-4932-83be-0bb860d2fdc1",
      "Value": "\"Eu não me importo com o que você fez. O importante é que você está vivo e comigo.\""
    },
    {
      "Key": "fce685c4-3edb-45ec-b87b-9198e1f8f56a",
      "Value": "\"Você foi forçado a fazer uma escolha terrível. Isso não é sua culpa.\""
    },
    {
      "Key": "f52130dc-c01e-4497-9afa-846d326c40bb",
      "Value": "\"Claro que não. Ninguém pode barganhar com a morte. Todos nós devemos encarar isso junto.\""
    },
    {
      "Key": "0aa75f11-068f-4233-8b8f-028a538624af",
      "Value": "\"Por favor, não chore. Estou aqui. O momento ruim passou.\""
    },
    {
      "Key": "bbf99218-9107-45dd-8e77-a8eb835753b7",
      "Value": "\"É verdade, você é responsável. Regongar certamente não merecia morrer assim!\""
    },
    {
      "Key": "14bd65bb-a940-443e-bbbd-a4bbc163cdef",
      "Value": "\"Eu acho que você está mentindo, e você só queria salvar sua pele.\""
    },
    {
      "Key": "1bfd7eab-1330-4b0a-a4a3-5adffc4c7567",
      "Value": "\"Eu posso ter sido duro. Eu não quero te perder.\""
    },
    {
      "Key": "4fa352c2-c525-4cdc-a03e-515cc33fd7fe",
      "Value": "\"Eu não quero ter mais nada a ver com você. Deixe-me.\""
    },
    {
      "Key": "0884a7cf-2ddd-4c1e-bae8-f043d0c8ec39",
      "Value": "\"Octavia nunca deixaria você morrer. Valorize o sacrifício dela e não se culpe.\""
    },
    {
      "Key": "e737dd79-eae9-4f22-ac44-a63d9d7e6496",
      "Value": "\"Nyrissa pagará um preço muito, muito alto pela morte de Octavia, eu prometo.\""
    },
    {
      "Key": "f3c04c04-b27e-4124-9102-f2847d621a59",
      "Value": "\"Sua história parece uma desculpa patética. Você acabou de deixar Octavia morrer!\""
    },
    {
      "Key": "7d7b5c20-204c-4b73-9aa7-6df49497cda3",
      "Value": "\"Eu posso ter exagerado. Vamos. Enfrentamos uma batalha difícil com Nyrissa.\""
    },
    {
      "Key": "2b7167c5-b865-4030-b339-3d9d14450ad5",
      "Value": "\"Tenho certeza do que disse. Deixe-me.\""
    },
    {
      "Key": "c66531ae-c1b2-4de2-907a-142f741733a7",
      "Value": "\"Sinto muito por Octavia, mas a vida é cruel. Um de vocês sobrevivendo é melhor que nenhum.\""
    },
    {
      "Key": "cccd2efd-e9b6-46ff-ae50-1468c51ff558",
      "Value": "\"Não há nada para se arrepender. Eu faria a mesma coisa se fosse você.\""
    },
    {
      "Key": "32f8bf0a-fcd9-4adf-acdd-0e67d80a12d1",
      "Value": "\"Você vai me dizer o que aconteceu?\""
    },
    {
      "Key": "f7dca4af-335f-4b08-b979-d4e904ddc6bb",
      "Value": "\"É bom nos encontrarmos. É hora de continuar – Nyrissa não vai esperar!\""
    },
    {
      "Key": "87ab1a0a-d721-45da-aa48-9981e7d16dd7",
      "Value": "{n}Octavia se vira para você, com o rosto molhado de lágrimas. Ela parece pronta para correr para abraçá-lo, mas para no último momento.{/n} \"Você está aqui! Eu... eu tinha medo de nunca mais ver você. Mas Reg! Ele está morto...\""
    },
    {
      "Key": "3cce9e5a-e0b4-4c14-8da1-df10761e3f5c",
      "Value": "{n}Regongar está girando, conjurando magias aleatoriamente em todas as direções.{/n} \"Eu te odeio, eu te odeio!\" {n}Ele solta um rugido de cinto, mas notando você, o meio-orc se acalma e congela, ofegando.{/n} \"{name}... Aqui... Então, pelo menos, tudo isso não foi em vão?\""
    },
    {
      "Key": "3a5bd3bf-6565-4d5f-a7e1-1be2ecc3e516",
      "Value": "{n}Octavia olha para você em silêncio por alguns momentos. O rosto dela está mais pálido que a neve.{/n} \"Eu o matei. O Reg. Maestro Janush nos jogou em gaiolas em chamas e colocou uma chave entre nós que só poderia ser usada uma vez. Somente um de nós podia sair! Então eu peguei o chave... e abriu a fechadura e saiu, enquanto Reg queimava vivo gritando.\""
    },
    {
      "Key": "609ba577-5d41-44e6-9d95-0f3851293c6c",
      "Value": "{n}A garota fala às pressas, como se estivesse tentando se livrar das palavras que estavam queimando seu interior.{/n} \"Acordei em uma gaiola, vi Reg em outra ao lado da minha. O Maestro Janush estava perto de nós... ele apontou para a chave que estava entre as gaiolas, disse que só poderia ser usada uma vez. E então ele acendeu o fogo. Eu tentei abrir as gaiolas com magia, mas Reg... pegou a chave... e jogou para mim.\" {n}Octavia cobre o rosto com as mãos.{/n} \"Eu gritei que não queria fugir sozinha, mas ele não disse nada. As chamas subiram e o esconderam de mim. E então eu peguei a chave e saiu...\""
    },
    {
      "Key": "92d77c21-8874-419c-b65c-6b84cefdb93d",
      "Value": "\"A maldita bruxa nos atraiu para uma armadilha! Ela nos jogou em gaiolas de escravos em chamas, fingiu ser Janush e disse que só havia uma chave. E Octavia, menina boba... me jogou a chave e gritou 'Seja feliz, Reg!' e mergulhou nas chamas... Por quê?! Por que isso aconteceu?!\""
    },
    {
      "Key": "710ef7d8-6d46-46dc-a1f3-1a49d219ff1a",
      "Value": "\"A maldita bruxa me enganou como um filhote! Fingiu ser Janush, trancou-nos nessas gaiolas... Era como se estivéssemos na Irmandade Tática! Havia apenas uma chave. Eu sabia que seria mais útil do lado de fora – Se eu saísse e sobrevivesse, poderia encontrá-lo e talvez até salvar Octavia... Mas não o fiz. Exploda tudo! Algo tinha que ser feito rapidamente, você sabe? Você precisa entender!\""
    },
    {
      "Key": "de4af8ee-fc6c-4cae-9dd7-60e76faa8c89",
      "Value": "\"Você e eu não andamos por tantas estradas apenas para cair no lixo. Com um líder como você, podemos enfrentar qualquer monstro. Vamos lá, vamos? Mal posso esperar para rir na cara daquela bruxa verde.\""
    },
    {
      "Key": "a7119681-443d-4d89-9f69-563852596987",
      "Value": "\"{name}! Você está aqui, você está vivo!\""
    },
    {
      "Key": "5b7e16a1-5b08-41ab-aa06-256ac5515588",
      "Value": "\"Pensei por um segundo... – eu já dei as costas para uma pessoa que morreu em gaiolas. Reg insistiu. Quando você não pode fazer nada – viva. Para se vingar. Para aqueles você poderá ajudar um dia. Para o futuro. Para o nosso futuro. Eu não poderia morrer e deixar você enfrentando a batalha final sozinha! Então eu tomei a decisão. Você... você me culpa?\""
    },
    {
      "Key": "987a9132-0614-4a9d-83c5-9acbc3ff8cf2",
      "Value": "\"{n}Octavia olha bem nos seus olhos e sorri levemente.{/n}\" Quando sei que você está ao meu lado, sinto-me forte o suficiente para continuar, não importa o quanto esteja cansado. Vamos. Faremos com que nossos inimigos respondam por tudo!\""
    },
    {
      "Key": "3693023f-a95d-4854-a5f1-0529368120a4",
      "Value": "\"O que?!\" {n}Octavia estremece.{/n} \"Isso é o que você realmente pensa de mim... Você confiaria em um mentiroso para continuar lutando ombro a ombro com você?\""
    },
    {
      "Key": "5015f507-235e-41a4-aa94-e94f165684b9",
      "Value": "\"Então você acha que eu deveria ter morrido em vez dele? Estou exausta demais para discutir. Conheci Reg há muito mais tempo do que você e estou sofrendo, mas a vida é assim. E foi você quem me ensinou essa lição quando decidiu para não salvar {g|Technic League} dos escravos{/g} da Irmandade Tática do fogo. E agora? O que você rejeitará seu... companheiro?\""
    },
    {
      "Key": "238d8d7e-a877-4c7a-8334-483e192b00ad",
      "Value": "{n}Octavia sorri agradecida.{/n} \"No fundo, eu sabia que você ia me encontrar. Nenhum poder poderia nos separar, mesmo toda a magia de Nyrissa! Agora, por favor, vamos lá. Eu conheço uma boa maneira de acalmar meus nervos - quebrar o pescoço de quem fez isso conosco!\""
    },
    {
      "Key": "7c02a2c8-fe8f-4a61-8be5-0edafe8e8906",
      "Value": "\"Você está... certa, eu acho. Reg sempre soube o que estava fazendo. Ele me defendeu da melhor maneira que pôde – sempre que pudesse. Vou continuar vivendo e farei tudo o que puder para que seu sacrifício conte. Eu devo ser forte pela memória de Reg... e por nós.\""
    },
    {
      "Key": "d6547250-3868-4c22-a697-0a43871ba636",
      "Value": "\"Não sei se é importante. Para culpar, eu... não vamos falar sobre isso por enquanto. Temos uma batalha a travar e temos que ser mais fortes do que nunca. Não pude salvar Reg, mas Eu não vou deixar você morrer. Não pelo mundo!\""
    },
    {
      "Key": "27b2f6b8-0f46-4860-a08f-0d5d40cb1c1d",
      "Value": "{n}Octavia abaixa a cabeça, mas um momento depois olha teimosamente.{/n} \"Tudo bem! Adeus, {name}! Agora estou sozinha no mundo. Mas vou encontrar o meu caminho.\""
    },
    {
      "Key": "255ba499-23c5-475c-ae92-5e7fd1e5301f",
      "Value": "\"Eu... entendo. Isso me machuca também, mas às vezes a dor nos faz fazer coisas das quais lamentamos. Não vamos falar sobre Reg por enquanto. Todo mundo precisa de tempo para lamentar. Vamos!\""
    },
    {
      "Key": "3263b1d0-5764-465a-96c4-1c1283d05008",
      "Value": "\"Eu sei. É só que... precisamos de tempo para processar tudo, mas por enquanto não vamos parar. Eu sobrevivi para estar com você, para ficar lado a lado com você, contra qualquer perigo. E eu estou pronto para qualquer coisa. Vamos!\""
    },
    {
      "Key": "e14f9434-1d05-4049-951a-5b04f021eedc",
      "Value": "\"Reg diria algo assim.\" {n}Octavia balança a cabeça.{/n} \"Bem, de qualquer maneira, não vamos demorar. Estamos juntos novamente, é isso que é importante. Agora, deixe nossos inimigos queimarem!\""
    },
    {
      "Key": "9b52cdd8-cfb0-48cd-b324-1591aeece2a1",
      "Value": "{n}Os olhos de Regongar brilham com tanto fogo que parece que ele está pronto para cravar os dentes em sua garganta. Mas o impulso desaparece rapidamente, abrindo espaço para outra coisa. Luto? Frustração? {/n} \"Pense no que quiser, diga o que quiser. Apenas decida se precisa de mim ou não.\""
    },
    {
      "Key": "576a4ca1-4372-4da2-996f-d4f1de540d52",
      "Value": "\"Acordamos em gaiolas, com o Maestro Janush parado por perto, parecendo bastante real. Ele colocou fogo nas gaiolas e nos disse que só havia uma chave, e nos fez decidir qual deles sairia!\""
    },
    {
      "Key": "5d22a394-a470-4e45-980d-e39d703002b9",
      "Value": "\"Mas eu lembro de chutar seu corpo morto. Olhei para Octavia e sabia que ela também se lembrava. Passamos por tudo juntos – essa ninfa maldita não faz ideia! Então, olhamos um para o outro – e o fogo se apagou,\" as gaiolas estavam abertas. Era tudo uma ilusão. Nyrissa deve estar com muita raiva que vimos através de seu estratagema. Ela provavelmente estava tentando pensar em uma maneira de fazer Octavia e eu nos atacarmos e deixá-la sem companhia. Não ia acontecer!\""
    },
    {
      "Key": "dd75e6fb-ec99-4f46-b910-b9a00bf66898",
      "Value": "\"Mas nós dois nos lembramos de como Janush fugia de nós como um cachorro escaldado. E sabíamos que nunca poderíamos nos separar! Cada dia que passávamos juntos, e problemas em que saímos, nos davam coragem e habilidade para Então, olhei para Reg e ele olhou para mim... e o fogo se apagou e as gaiolas se abriram. Era tudo ilusão de Nyrissa. Ela fingiu ser Janush. Mas ela mexeu com o bando errado. Não viemos juntos para morrer sozinhos.\""
    },
    {
      "Key": "8bf4cb8b-9e08-4288-9e43-425691867b7b",
      "Value": "{n}Octavia sorri maliciosamente para você.{/n} \"Espero que você não tenha se preocupado muito com a gente, {name}. Não há armadilha da qual não possamos escapar para encontrá-lo. Agora vamos! – Estamos juntos novamente, nós três, e ninguém vai nos parar!\""
    },
    {
      "Key": "79f79dae-c9b3-4e75-bad2-11efa0ea590f",
      "Value": "{n}Regongar ri.{/n} \"Bem, se é isso que você quer, então vá – deixe a bruxa acabar com você! Vou falar com ela mais tarde e quebrar o pescoço dela. Adeus!\""
    },
    {
      "Key": "9b71310e-5f7a-445c-80dd-3081f5e566ce",
      "Value": "\"Vamos. Teremos tempo depois para rasgar a garganta um do outro. Isso parece ser exatamente o que a bruxa quer!\""
    },
    {
      "Key": "d42051e2-4e8b-4d3c-85b9-dd5e72d74cbe",
      "Value": "{n}Regongar sorri cruelmente.{/n} \"Isso é o que eu sempre gostei em você. Sua coragem e sua força. A bruxa estava errada pensando que ela poderia nos separar! Vamos lá. Eu não sou de derramar lágrimas – Prefiro derramar o sangue dos meus inimigos! Vamos encontrar um pouco! Há!\""
    },
    {
      "Key": "1b234df9-68fe-41ad-a77d-9fd9188b6396",
      "Value": "\"Quem não gostaria? Talvez a própria Octavia... garota boba, tão azarada.\" {n}Regongar se sacode como um cachorro.{/n} \"Vivemos brigando, pela liberdade. E enquanto você e eu estamos juntos – ninguém pode tirar isso de nós! Vamos lá. Preciso de uma garganta inimiga para rasgar – ou melhor ainda, algumas dezenas!\""
    },
    {
      "Key": "7c16ed12-14ba-4f07-bb8c-35e777734869",
      "Value": "{n}Regongar sorri com raiva, como se esperasse essas palavras.{/n} \"Ah, sim! Sim, eu juro por {g|Calistria}Calistria{/g}! Você e eu somos poder, {name}. Talvez eu esteja vivo porque queria estar com você, então me soltei. Vamos. É hora de cobrar uma dívida!\""
    },
    {
      "Key": "5ce7ec9b-2911-43b3-b25c-fd36ea02fa51",
      "Value": "\"Isso não é muito reconfortante. Mas eu sei o que é – o gosto do sangue dos inimigos!\" {n}Os olhos de Regongar brilham.{/n} \"Que tipo de amigo eu seria, se eu morresse e deixasse você em apuros? Inferno não. Eles podem me queimar ou me despedaçar, mas estou com você até o fim. Vamos lá. Vamos cobrir esse buraco infernal com cadáveres. Para Octavia e para o nosso futuro!\""
    },
    {
      "Key": "9e3051a2-407c-46f7-af5e-46a451a14333",
      "Value": "\"Acredite ou não, nós também estamos! Embora quase tenhamos morrido, ha ha.\""
    },
    {
      "Key": "6ce4f495-dadc-489d-a1b8-ab84405b27bf",
      "Value": "\"Estamos prontos!\""
    },
    {
      "Key": "572d3c78-eaab-47a9-87c6-ea444e5cbc1b",
      "Value": "\"Grande momento. Depois de um pedaço assim, o céu é o limite. Vamos lá!\""
    }
  ]
}