{
  "$id": "1",
  "strings": [
    {
      "Key": "d714cd00-052d-41f5-ba02-dfe1aba75898",
      "Value": "\"Oh, {name}, se eu pudesse colocar em palavras aqueles sons celestiais! Uma orquestra é apenas argila macia nas mãos de Larzio. Em um momento o canto dos anjos desce sobre você do palco – e no outro você é surpreendido pelo rugido do próprio Inferno! É claro que sempre há críticos. – Onde está a mensagem profunda? Quais são as questões existenciais? – Mas você pode agradá-las?! De qualquer forma, eu sou exaltado! O público está enlouquecendo! Larzio é triunfante! Tudo o que alguém pode falar é o que o mundo teria perdido se não fosse pelo seu gosto agudo e generosidade incomparável! E a escala da produção! E as decorações! E... e...\" {n}completamente sem fôlego, Linzi faz uma pausa para se recompor.{/n}"
    },
    {
      "Key": "cd6b12fc-d20e-4f03-be0e-6779c79814ee",
      "Value": "\"A estréia da ópera do maestro Messus foi um sucesso. O nome dele troveja por todo o reino. Os ingressos já estão esgotados nos próximos dois meses, e o público canta elogios ao talento do compositor – e à generosidade de seu patrono. No entanto, os críticos notou o enredo um pouco... raso..."
    },
    {
      "Key": "adc31db5-677d-450e-8844-69e70b4fe9ae",
      "Value": "\"A estréia foi um sucesso uivante! Os ingressos estão vendendo mais rápido do que podem ser impressos, e o público está delirando. Os críticos sempre decepcionados reclamam da\" trama rasa \"e do\" patriotismo de bandeira ,\" mas suas palavras não encontram Larzio Messus fez um discurso para expressar sua gratidão e dedicou a ópera a você. Você é elogiado nas ruas e elogiado em brindes. Parabéns, {name} – você gravou seu nome na história como um patrono mais generoso das artes... e um político ainda mais astuto.\""
    },
    {
      "Key": "c1537362-2bba-40b0-a63c-7096a1c0389a",
      "Value": "\"Você sabe, {name}... independentemente dos obstáculos que surgiram diante de nós e dos problemas que enfrentamos, sempre alcançamos novos patamares. Apenas pense – há poucos anos, não havia ninguém aqui conversar com essas partes, além dos bandidos do Lorde Cervo e dos miseráveis e assustados camponeses. Hoje você não pode jogar um sapato sem bater em um bardo! Todos os dias há mais exposições, peças de teatro e concertos...\""
    },
    {
      "Key": "ddbd378e-6c75-4267-a543-4aab1589947d",
      "Value": "\"Sua Alteza, há algo mais que desejo mencionar. Todos os dias recebo novos suplicantes - pintores, bardos e escultores - e, por mais que eu trabalhe, no dia seguinte há apenas mais. Mas acho que é um bom sinal. Isso significa que as sementes que plantamos aqui deram frutos.\""
    },
    {
      "Key": "f9cb9497-7f30-4d4f-a4d1-19d9ec4518ad",
      "Value": "\"Seu sucesso fala por si. Antes de você chegar aqui, ninguém mais que gargalhadas e camponeses irracionais viviam aqui. Depois de vencer o domínio dessa maré, você conseguiu transformá-lo na metrópole cultural dos Reinos Fluviais. Eu assisti a essa luta com interesse – e estou impressionado. Poucos são capazes de tais ações.\""
    },
    {
      "Key": "b1a81c73-f253-4f7f-8511-158840087cd3",
      "Value": "\"{name}... Larzio está morto. Ele nunca viveu para ver sua ópera subir ao palco. No entanto, alguém em Galt encenou sua tragicomédia... e o público está delirando! Os críticos o declararam o compositor mais talentoso de sua geração. – e os menos apreciados. A música dele também me fascinou. Quanto à sátira e à trama... é um pouco amargo para o meu gosto, mesmo vitriólico. Seus admiradores já estão organizando viagens ao nosso reino – para ver os pontos turísticos gênio favorito vivido por...\" {n}Linzi suspira.{/n}\" E ainda assim... ainda assim, a vida continua.\""
    },
    {
      "Key": "cc832225-279e-4f0d-b090-b779d2c31eac",
      "Value": "\"Muitos visitam nosso reino para conhecer os pontos turísticos que inspiraram seu autor favorito.\" {n}Por um longo tempo, o Orador permanece em silêncio.{/n} \"Devo dizer que não ouço música como a dele há décadas. É difícil acreditar que uma mente tão jovem possa ter produzido tão perfeita harmonia...\""
    },
    {
      "Key": "e1161731-9df0-437a-9177-576d219eff57",
      "Value": "\"Afinal, a ópera de Larzio Messus foi encenada... depois de sua morte, em Galt. A estreia da tragicomédia foi sensacional, e os críticos o declararam um gênio. Seus ataques insolentes e caluniosos contra você e sua autoridade são a 'sátira precisa e comovente' da temporada... Mas há uma fresta de esperança: seus admiradores acorrem a nossa terra, desejando ver por si próprios onde os acontecimentos da ópera aconteceram. Sem dúvida, o resultado poderia ter sido muito melhor se tivéssemos apoiado o compositor. Mas ainda...\""
    },
    {
      "Key": "8e36af87-d056-46c2-9692-4d779f4fff3c",
      "Value": "\"A estréia da ópera foi um desastre completo!\" {n}Linzi hesita em silêncio.{/n} \"Eu não tenho idéia de como isso aconteceu... mas uma coisa é certa – o talento de Larzio não brilhou. O público ficou indiferente na maior parte. Larzio em pedaços – por sua \"absoluta falta de gosto\" e por \"rastejar diante dos poderes que existem\"...Oh, bem. Você não pode vencer todos eles. Nós praticamente falhámos nesse, mas não será nossa última chance de fazer algo maravilhoso.\""
    },
    {
      "Key": "7554e244-c79d-4a93-b52d-dcf223caf146",
      "Value": "\"A estréia da ópera foi uma desgraça. Como esperado, sem supervisão estrita e apoio diário, Larzio foi incapaz de inventar algo de valor. Mesmo os camponeses baixos não sufocavam as canções detestáveis... Ainda assim, seu fracasso serve apenas como frustrar a prosperidade geral que o reino alcançou nestes últimos anos.\""
    },
    {
      "Key": "2e991747-f2df-41b6-9287-cf197b5543a7",
      "Value": "\"Há algo mais na vida das pessoas agora do que trabalho árduo o dia todo, e um jarro de luar antes de dormir. Eles têm um lugar para ir, algo novo para ver, algo para conversar – e pensar! Acho que só queria dizer que tenho orgulho. – Tenho orgulho de como a vida cotidiana mudou em suas terras e tenho orgulho de você me deixar fazer parte dessa mudança.\""
    },
    {
      "Key": "d5bdfbe6-faff-455f-a712-463ec836f842",
      "Value": "\"Vossa Alteza, ontem foi a estréia da ópera do maestro Larzio. O evento foi... nem tudo o que poderíamos esperar. Grande parte da platéia saiu após o primeiro ato. Os críticos criticaram o autor - tanto por 'mau gosto' quanto por 'subserviência aos poderes constituídos'.\" {n}O Orador fica em silêncio, seus dedos ossudos mexendo na manga.{/n} \"No entanto...\""
    },
    {
      "Key": "d54c6faf-9860-4cda-9628-a8a55f561f88",
      "Value": "\"Antigamente, apenas bandidos e camponeses viviam aqui – mas agora uma cidade bonita surgiu, cheia de energia e som da música. Nem sempre concordei com as decisões que você toma, mas estou feliz por ter podido participar no renascimento das Terras Roubadas.\""
    },
    {
      "Key": "7be85755-000b-4c79-9505-29a3b2e25509",
      "Value": "\"A ópera de Larzio Messus estreou ontem! Seu trabalho foi recebido com grande entusiasmo pelos habitantes da cidade, e até os críticos estão satisfeitos. Adorei a música, mas ele precisa trabalhar um pouco mais para escrever... Mas apesar de tudo, foi um ótimo resultado para um compositor iniciante!\""
    },
    {
      "Key": "beff42e9-ccdb-4c63-ba25-8bbeebc4776b",
      "Value": "\"A ópera do Maestro Messus foi finalmente encenada, Sua Alteza. A estréia foi um sucesso: o público e os críticos ficaram bastante satisfeitos. Alguns observaram que a produção poderia ter sido um pouco mais... grandiosa. Mas não acho que o trabalho teria se beneficiado disso. Eu diria que o jovem compositor tem uma longa e ilustre carreira pela frente...\""
    },
    {
      "Key": "b920df3b-ad0a-4d7d-b005-e0af8fed75b2",
      "Value": "\"A ópera de Larzio acaba de estrear e com muito alarde! O público está emocionado e transbordando de sentimentos patrióticos. Os críticos são confusos, mas as pessoas estão vagas demais para ouvir de qualquer maneira. É claro que a produção poderia ter sido mais grandiosa... mas certamente corrigiremos essa falha no trabalho futuro de Larzio.\""
    },
    {
      "Key": "253522a8-0a95-445c-a00f-2976271d3b8b",
      "Value": "\"As pessoas ignoraram completamente qualquer tipo de arte até recentemente. Mas olhe para elas agora! Toda nova exposição, toda peça encenada, todo bardo estrangeiro os deixa tão felizes! E os criadores também ficam felizes em ver o favor e a fortuna de seu governante, fala-se que nossa vida cultural é um pouco próxima da de Irovetti... mas você não pode agradar a todos, estou certo?\""
    },
    {
      "Key": "4e651fc7-990c-4a44-b75f-0260dc0ac19e",
      "Value": "\"{name}, desejo parabenizá-lo pela grande realização que testemunhamos sob seu governo. Falo de arte, a flor mais fantasiosa e gentil que apenas um governante pode realmente crescer. Talvez nem todas as criações de seus súditos o bajulem, mas isso é apenas uma indicação de que os artistas desfrutam de tanta liberdade em suas terras quanto desejam.\""
    },
    {
      "Key": "287a5995-e110-40a1-a2f5-0d5c7990e27a",
      "Value": "\"A liberdade de pensamento corre solta no seu domínio. Esse fenômeno é um perigo para qualquer governante. Mesmo assim, você permanece no trono, o que é claramente uma indicação do carinho de seus súditos. Apesar do que eu possa pensar sobre o caminho que você escolheu, Devo admitir, as Terras Roubadas se tornaram o centro cultural dos Reinos Fluviais sob seu governo. Poucos governantes estão em posição de realizar esse trabalho.\""
    }
  ]
}