{
  "$id": "1",
  "strings": [
    {
      "Key": "ff00d507-da81-4fd6-aa2d-628f040c8d4e",
      "Value": "\"A magia é uma coisa tão estranha... Se você não ficar de olho nos suas magias, no dia seguinte você poderá se encontrar sem nenhum!\""
    },
    {
      "Key": "16fd4ca8-2e80-421f-bcc4-cb58565b904c",
      "Value": "\"A magia é como armadura e armas: se você não cuidar dela, acabará por falhar!\""
    },
    {
      "Key": "6d1cb9f1-9076-4bbc-8026-ec06d9d51e22",
      "Value": "\"Confie em mim, isso se torna um hábito em pouco tempo! Preparar suas magias será rotina antes que você perceba!\""
    },
    {
      "Key": "bab0d277-3d29-45c6-90ad-226d13797984",
      "Value": "\"A magia é uma coisa bizarra e misteriosa. Ela chega aos seus adeptos de maneiras tão estranhas e incomuns...\""
    },
    {
      "Key": "e389ffb1-8bcb-4fd8-86cb-25b6386d7811",
      "Value": "\"Magia, força corporal e até fé exigem dedicação constante. No momento em que você dá as costas, elas vacilam. É verdade tudo o que existe neste mundo.\""
    },
    {
      "Key": "5f937414-49dd-4482-9ebf-a1f2af8ead3b",
      "Value": "\"Sabe, antes de dormir eu gosto de lembrar versos das minhas músicas favoritas. É como um pequeno ritual, e muito reconfortante!\""
    },
    {
      "Key": "52dab33c-efc7-477b-a143-afcbb2699ed6",
      "Value": "\"Eu nunca esperei que você estudasse as artes mágicas... Mas você está progredindo!\""
    },
    {
      "Key": "3998872d-eb7b-45e7-9810-56a6d36f2117",
      "Value": "\"Eu nunca esperei que você estudasse as artes mágicas... Mas você está progredindo!\""
    }
  ]
}