{
  "$id": "1",
  "strings": [
    {
      "Key": "a7fc3fa2-4e43-4705-988d-f6d3e0cfdaf0",
      "Value": "\"O que, você pensou que eu ia morder a poeira? De jeito nenhum!\""
    },
    {
      "Key": "4d798f14-8005-4e2a-b84e-5b225f4d768e",
      "Value": "\"Ninguém me bate. Eu sempre sobrevivi. Sempre.\""
    },
    {
      "Key": "acd2ceeb-2883-4af4-8827-3b01788f9b8f",
      "Value": "\"Fiquei realmente assustado quando vi você cair. Por favor, tente ter mais cuidado da próxima vez!\""
    },
    {
      "Key": "0d561fc6-b162-4363-bfe9-3b6f4f77a805",
      "Value": "\"Isso não passa de vaidade descarada. Desista do seu orgulho, Amiri, e aceite a inevitabilidade do fim!\""
    },
    {
      "Key": "5a46dc0c-cac8-4e84-acca-eccae23afd51",
      "Value": "\"Admiro sua força de espírito, Amiri. Gostaria de ter o mesmo.\""
    },
    {
      "Key": "c1f77db3-4421-408c-ba54-4bcdfceb3ffd",
      "Value": "\"Você é tão obcecado em batalha! Seus olhos brilham e suas bochechas estão em chamas! O olhar em seu rosto no calor da batalha – me faz desejar ter sido uma pintora!\""
    },
    {
      "Key": "687242cb-ed98-4f4c-aace-d5111c26e757",
      "Value": "\"Amiri é quase um herói! Forte como uma fera! Quando você morrer, posso ter sua facada?\""
    },
    {
      "Key": "fde57bc5-e646-499b-a891-123fc1bb4129",
      "Value": "\"Você é um bom guerreiro, mas por favor, não me entristece com visões de sua morte prematura.\""
    },
    {
      "Key": "8eca9666-94bb-4190-ba41-500fe6e8c869",
      "Value": "\"Você é um bom guerreiro, mas por favor, não me entristece com visões de sua morte prematura.\""
    }
  ]
}