{
  "$id": "1",
  "strings": [
    {
      "Key": "8fb43590-ad15-4c8e-883e-b7c2b277499a",
      "Value": "[Jogue os ossos do pássaro na água]"
    },
    {
      "Key": "4bccabd3-c247-4bb2-a965-8e8ec9d4633f",
      "Value": "[Beba a água]"
    },
    {
      "Key": "358de6bc-6b9f-45d6-af96-39a4550197d0",
      "Value": "[Olhe para a água]"
    },
    {
      "Key": "3a475761-2c37-4e5c-af78-2f913ebfa1a5",
      "Value": "[Sair]"
    },
    {
      "Key": "cc7b8612-c3c9-4db5-8b24-8262e5b45b7f",
      "Value": "[Jogar uma pedra na água]"
    },
    {
      "Key": "faf52ca8-cae0-4cf4-9ad6-6c217205eeee",
      "Value": "[Coletar água da lagoa]"
    },
    {
      "Key": "fdce2797-2ed1-47ec-a775-1a662620e5a5",
      "Value": "{n}O lago é profundo e a água é fria. Embora a superfície esteja quieta, você pode ouvir sussurros fracos, como se alguém debaixo da água estivesse murmurando tristemente consigo mesmo.{/n}"
    },
    {
      "Key": "b71c1c95-edd0-4ce7-b5ca-e3819a685848",
      "Value": "{n}Enquanto você olha para a água por um tempo, vê algo estranho – um reflexo de uma mulher bonita entra em foco, sentada na margem, chorando. Mas assim que você pisca, a imagem desaparece.{/n}"
    },
    {
      "Key": "2cf9bf91-8b56-44aa-a8df-2ad05e283cc6",
      "Value": "{n}A pedra pula na água, deixando círculos em sua superfície, e finalmente desaparece com um último e breve respingo. O lago fica silenciosa, nada se move.{/n}"
    },
    {
      "Key": "e341b9ab-29f8-4186-b587-0d1ee94b28e1",
      "Value": "{n}A água tem um gosto amargo, com um traço de sal – quando o sal toca a língua, você sente uma dor aguda no coração, como se de repente fosse esfaquead{mf|o|a} – não com uma lâmina, mas com uma dolorosa lembrança de algo perdido.{/n}"
    },
    {
      "Key": "00451732-959f-4f66-9e83-1f981014807d",
      "Value": "{n}Os ossos do pássaro desaparecem nas profundezas do lago... e de repente a superfície da água se agita, escurece e ferve. Ele muda de cor – e agora parece um turbilhão, furioso, ameaçador.{/n}"
    },
    {
      "Key": "4111f7e7-af4d-4c93-818e-a1d61cb923bd",
      "Value": "\"Que lugar bonito e calmo... Podemos ficar aqui mais um pouco?\""
    },
    {
      "Key": "586b95a2-b836-4177-a65a-1d41b687be7f",
      "Value": "\"Este lugar está repleto de eventos do passado,\" sussurra Linzi.{/n} \"Se ao menos eu soubesse sua história... Se ao menos...\""
    },
    {
      "Key": "1a494ac1-e7b4-4172-8f26-5cb7ec89f03d",
      "Value": "{n}A água ficou escura e ameaçadora.{/n}"
    }
  ]
}