{
  "$id": "1",
  "strings": [
    {
      "Key": "7c62af5e-0207-443c-ab76-ca1776f312fd",
      "Value": "{g|Culture7_1}[Efeitos de decisão]{/g} \"A arte exige sacrifício. Por meu decreto, Larzio Messus receberá uma bolsa mensal.\""
    },
    {
      "Key": "d01ad077-fd2c-4ba0-9e4f-c7aa400631ad",
      "Value": "\"Não devemos patrocinar Larzio.\""
    },
    {
      "Key": "13a6fdf1-e924-4b92-bebb-efce5b73e66c",
      "Value": "{g|Culture7_2}[Efeitos de decisão]{/g} \"Muito bem, Jaethal. O Tesoureiro deve fornecer o que você precisar.\""
    },
    {
      "Key": "5e7db199-e111-434c-a04d-57d6bcf26543",
      "Value": "\"Você é meu curador. Esta escolha é sua.\""
    },
    {
      "Key": "44e1ad84-1a98-4372-82b8-66dd65789deb",
      "Value": "\"{name}, mais uma vez eu vim falar sobre Larzio. Ele ainda está escrevendo sua ópera, e agora está nos pedindo apoio financeiro. O progresso é mais lento do que ele esperava e seus fundos estão acabando. Mas ele me mostrou alguns de seus manuscritos, e o trabalho é definitivamente muito emocionante!\""
    },
    {
      "Key": "735e54d3-61e3-4f09-9ae9-f11868e7b6eb",
      "Value": "\"Fui abordado mais uma vez pelo jovem mestre Messus, Vossa Alteza. Apesar de certas dificuldades, ele ainda está trabalhando duro em sua ópera sobre suas aventuras nas Terras Roubadas. Desta vez, ele nos pediu apoio financeiro. Parece que os escassos fundos que ele trouxe de Absalão estão se esgotando. Se não o ajudarmos, ele terá que começar a receber encomendas novamente.\""
    },
    {
      "Key": "b98cdc15-74ce-41cb-b537-84405dbe05b2",
      "Value": "\"Larzio Messus, o jovem compositor de Absalom, procurou meu público mais uma vez. Assim como eu esperava, ele ainda está trabalhando nessa ópera – a história de sua ascensão ao trono. Ele não tem uma única moeda em seu nome, por ele recusou todas as outras comissões, para se dedicar inteiramente à sua obra magnum.\""
    },
    {
      "Key": "13be3879-448c-4e45-8ecb-a25135812b58",
      "Value": "\"Acho que deveríamos ajudá-lo. Ele gastou tudo o que tinha, e sei que fez o melhor que pôde para sustentar o empreendimento por conta própria. Ele ainda está usando a mesma camisa velha e esburacada que usou na viagem de Absalão, e não comeu nada além de pão e água por semanas. Confie em mim, apoiá-lo significa apoiar a verdadeira arte no seu melhor, e você poderá ganhar cem vezes mais do que perderá!\""
    },
    {
      "Key": "dd2f7635-2f0b-4ce7-a58b-feab80300288",
      "Value": "\"Meu conselho permanece – não devemos interferir no processo criativo. Um bom artista deve ser capaz de trabalhar em várias peças ao mesmo tempo.\""
    },
    {
      "Key": "249f4e46-d62b-4563-a358-3ccbf951346e",
      "Value": "\"Isso nos dá a oportunidade perfeita de obter uma influência decisiva sobre ele. Deveríamos ajudar Larzio – e depois que ele morder a isca, explique a ele que a honra exige que ele ouça a opinião de seu patrono e faça certos... refinamentos à ópera. A criança grata e ingênua não poderá recusar.\""
    },
    {
      "Key": "d89c4e68-db85-46b7-a4f5-4ce538c76d61",
      "Value": "\"Ah, certo, e mais uma coisa... Ele queria que eu lhe perguntasse: sobre o que ele deveria prestar mais atenção ao escrever? Que mensagem ele deveria transmitir ao ouvinte?\""
    },
    {
      "Key": "0be7aa8e-441f-4c31-9541-27f83650fa2f",
      "Value": "\"Diga-me, {name}, para que devo voltar a atenção do nosso jovem amigo? O que ele deve sempre ter em mente enquanto escreve?\""
    },
    {
      "Key": "a146bf66-4ba3-47fb-8cb6-6afea3b644b9",
      "Value": "\"Obrigado, {name}, muito obrigado! Vou imediatamente dizer a Larzio que todos os seus problemas estão por trás dele!\""
    },
    {
      "Key": "4bb18731-2b8b-44a5-8872-155020e0443e",
      "Value": "{n}O Orador assente.{/n} \"Informarei o jovem que ele terá que confiar em si mesmo para superar esses obstáculos.\""
    },
    {
      "Key": "9f587a03-c2a1-40ab-bfd7-e4f25ba1f266",
      "Value": "\"Larzio terá tudo o que seu coração deseja... e só mais tarde terá que pagar por isso.\""
    },
    {
      "Key": "f5949202-9318-4874-99b9-3440112d3917",
      "Value": "\"Será como você diz, Alteza.\""
    },
    {
      "Key": "35a14444-dedf-4de7-b298-6b668cd15515",
      "Value": "\"Trago notícias divertidas de Larzio Messus, o jovem compositor de Absalom que eu tenho vigiado. Ele me conheceu ontem e, por turnos, ele me informou que estava em dívida. Seus amigos levam um estilo de vida extravagante e, no início, ele era simplesmente muito seguro para se deixar cair - e agora ele simplesmente não consegue se imaginar vivendo de forma diferente. É claro que não foi ninguém menos que eu que o apresentei a esses ancinhos...\""
    }
  ]
}