{
  "$id": "1",
  "strings": [
    {
      "Key": "17994917-8284-4a65-94ed-a9c20d34a750",
      "Value": "\"{name}, Setearcos está tentando se vingar de nossa recusa em ajudar no conflito de Novoboro! Eles não apenas cortaram o suprimento de alimentos, como os druidas errantes contratados para combater esta crise estão estragando ainda mais nossas colheitas! Diante do risco de fome, nosso povo está entrando em pânico e lutando por comida nos mercados. Isso deve ser resolvido.\""
    },
    {
      "Key": "b57c85d7-917b-4b2f-83a0-5ece22fbbabf",
      "Value": "\"{name}, Setearcos nos pressiona por não nos juntarmos a eles no conflito de Novoboro. Eles pararam de nos fornecer alimentos, e seus druidas, os trabalhadores das fazendas itinerantes, parecem subitamente sabotar as plantações locais. Como ameaça Quando a fome aumenta, há um crescente sentimento de pânico no reino. Os camponeses começarão a lutar por pão antes mesmo de ficarmos sem isso.\""
    },
    {
      "Key": "9437690d-5fa2-4f2e-8647-0d0dff8ca4c6",
      "Value": "\"Sua Alteza! Nossos relatórios indicam que Setearcos está minando nossa indústria agrícola! Eles cortaram nosso suprimento de alimentos e seus druidas que viajam pelos Reinos Fluviais, pois os agricultores agora são suspeitos de estragar nossas colheitas! Estamos enfrentando fome e as pessoas sabem disso. Suas tentativas de pânico de estocar suprimentos 'para tempos mais fracos' estão devastando ainda mais o mercado!\""
    },
    {
      "Key": "2744ba2a-2976-428e-accd-25a64d058cf4",
      "Value": "\"Setearcos espera que apertemos nossos cintos, mandemos os guardas do administrador para coletar pão dos cidadãos e implorar por misericórdia – mas isso nunca acontecerá! Podemos encontrar druidas que rejuvenescerão nossas colheitas. {mf_HighPriest|O Alto Sacerdote|A Alta Sacerdotisa} será capaz de convencê-los... ou forçá-los. O melhor que podemos fazer por enquanto é enviar o general para a fronteira de Setearcos. Diante de um exército, os agricultores nos venderão obedientemente tudo o que pedirmos.\""
    },
    {
      "Key": "f51809f4-448c-4e9b-a254-4a080cce7a67",
      "Value": "\"Devemos tomar medidas urgentes! Enviar o exército do general para Setearcos seria eficaz, mas cruel para os agricultores locais. Tenho duas idéias. Primeiro, a resposta que eles esperam de nós é apertar nossos cintos, estocar pão e pedir ao administrador. O segundo, e o melhor plano, é fazer com que {mf_HighPriest|o Alto Sacerdote|a Alta Sacerdotisa} persuadir os druidas locais a consertar a situação com a colheita deste ano. Eles normalmente ficam fora de tais conflitos, mas esta é uma emergência terrível."
    },
    {
      "Key": "979c03b4-8dc0-4d4c-831e-21d62a7b7955",
      "Value": "\"Devemos agir rapidamente. Temos muitos druidas vivendo na floresta local, mas eles permanecem neutros em qualquer desacordo político. {mf_HighPriest|O Alto Sacerdote|A Alta Sacerdotisa} terá que ser delicado se quisermos procurar sua ajuda. Embora se Setearcos realmente espera que morramos de fome, seria justo mobilizar as tropas do general. Tenho certeza de que seus agricultores negociarão mais livremente com guerreiros do que comerciantes.mas, na verdade, não há nada ganho em fazer com que os agricultores sofram pelos pecados de seus governantes. Poderíamos, em vez disso, dar-lhes um papel na solução da crise. A melhor maneira de evitar a fome é colher todo o grão que é produzido – e depois fazer com que o administrador o distribua com base na necessidade.\""
    }
  ]
}