{
  "$id": "1",
  "strings": [
    {
      "Key": "0f8e3b89-0dc0-41c5-970a-d0877b9e206d",
      "Value": "\"Heh, eu gostaria de dar um soco na cara de alguém agora. E assistir o sangue espirrar em todos os lugares!\""
    },
    {
      "Key": "3772aa5d-667a-4b30-a972-34fcf7c4b0c1",
      "Value": "\"A única coisa melhor do que uma boa luta é uma luta que você ainda está de pé depois, ha ha.\""
    },
    {
      "Key": "b650df01-e296-4824-8622-e83bbebaa3af",
      "Value": "\"Você realmente não se importa com quem você 'dá um soco' e por quê? Nethys me salva deste mundo.\""
    }
  ]
}