{
  "$id": "1",
  "strings": [
    {
      "Key": "5fb22fac-145e-4a54-9a85-1d21f4c8c986",
      "Value": "\"Vamos!\""
    },
    {
      "Key": "ee55663c-80f2-450e-a2e9-0bcacf8b0b12",
      "Value": "\"Espere, Maegar, temos negócios inacabados aqui na vila.\""
    },
    {
      "Key": "2932eac6-bc72-4c49-a44f-8ff34eed0b76",
      "Value": "\"Então, a revolta dos renegados foi anulada? Louvado seja o Mestre! Sua Graça, permita-me prometer minha eterna lealdade a você.\""
    },
    {
      "Key": "ee2096d7-2b77-48b7-a6b3-a9dd88c998c1",
      "Value": "\"Perecer pelas mãos dos infiéis... Agora que a profecia aconteceu e o dom divino está mais próximo do que nunca... Por que me considero indigno? Foi tudo em vão?\""
    },
    {
      "Key": "76281936-2637-4a3a-81be-f74edd0193e1",
      "Value": "{n}Maegar faz uma careta.{/n} \"Isso é lisonja suficiente. Você diz que sabe por que os ciclopes subiram e como detê-los.\""
    },
    {
      "Key": "16b072f4-6419-425d-96c3-c534a5d35aca",
      "Value": "\"Ah, sim! Os ciclopes são os antigos servos do Mestre e surgem como seus arautos. Eles vêm nos testar. Eles são um sinal de que chegou a hora de alcançar o dom divino!\""
    },
    {
      "Key": "015ff3b1-3d40-4b3e-b9a6-9d57cf75d175",
      "Value": "\"Comece a falar direito agora. O que é esse presente, como o recebemos e o que isso tem a ver com os ciclopes?\""
    },
    {
      "Key": "b8759e9c-5469-42d7-a66a-7ac835fc0362",
      "Value": "\"Parece interessante... Provavelmente é bom demais para ser verdade. Mas ainda assim, vale a pena conferir.\""
    },
    {
      "Key": "cb98cadc-9bbb-4286-bf12-03e6d1b8487d",
      "Value": "\"Não acredito em presentes de daemon, mas digo que vale a pena checar esta tumba. E, por enquanto, é nossa única pista para resolver o problema dos ciclopes mortos.\""
    },
    {
      "Key": "38ee3c49-0c71-4902-ad02-6d8688603c20",
      "Value": "\"Concordo. Lendas não surgem do nada. Seja qual for o segredo desta tumba, ela pode ser útil.\""
    },
    {
      "Key": "20c1d4a7-425c-4615-a23f-9e46d0fb8e25",
      "Value": "\"Vamos para o túmulo.\""
    },
    {
      "Key": "fcc28c91-5308-450b-9d15-1016f7e62e76",
      "Value": "\"Como você ordena, Alteza! Enviei nossos melhores guerreiros para lá – se eles estivessem aqui, o levante nunca teria acontecido! Mas derrotaremos os centauros juntos e cumpriremos nossos destinos!"
    },
    {
      "Key": "acb2aa10-cb7b-4d50-a623-6f9d82e6ea47",
      "Value": "\"Não. Não é em vão.\" {n}Cephal retira um símbolo sagrado de Asmodeus debaixo de sua capa – um pentagrama de cabeça para baixo.{/n} \"Seu deus é fraco. Os mortais há muito o esquecem dele. Em nome de Asmodeus, o Príncipe Negro, eu ordeno que você. Nos diga agora o que é esse presente, e onde podemos encontrá-lo. Eu o aceitarei pelo direito da força. Fale, ou você conhecerá todo o sofrimento do Inferno antes que sua alma miserável se afaste do seu corpo!\""
    },
    {
      "Key": "b8c6564a-0262-4353-b1da-b9a105d998f8",
      "Value": "\"Servo do Príncipe Sombrio... Seu senhor não governará para sempre! Os Cavaleiros são fortes, e o Cavaleiro da Morte é o mais forte de todos. Chegará o dia em que o Inferno será apenas poeira sob os cascos do cavalo pálido... Mas você pode fazer do seu jeito por enquanto. Vou falar sobre o presente do Mestre.\""
    },
    {
      "Key": "80fe07e6-e8ec-48f7-ac67-94678da35502",
      "Value": "\"Um império surgirá em Dunsward novamente – não de ciclopes, mas de pessoas como você e eu! Você está preparado para aceitar o título de imperador... Sua Alteza, Maegar Varn, o Primeiro?\""
    },
    {
      "Key": "a60bb43d-b234-45e8-8dac-9207eac8a1bf",
      "Value": "\"Desça! Desça até a tumba – e fique lá para sempre! Entre no abraço mortal de um cadáver!\""
    },
    {
      "Key": "32114a5a-0973-4d7e-8dd0-a05e5180d455",
      "Value": "\"Agora você sabe tudo. Que o Cavaleiro amaldiçoe suas almas!\" {n}Com um movimento ágil, o tiefling puxa uma adaga e corta sua própria garganta, e cai abruptamente no chão, coberto de sangue.{/n}"
    },
    {
      "Key": "ebe619e6-2225-4090-bc1f-f8b6e480bcbb",
      "Value": "\"Eu já enviei meus melhores guerreiros para lá – para perseguir os centauros e limpar o caminho para o túmulo. Oh, se eles estivessem aqui, nenhuma revolta teria acontecido... E vocês, idiotas sem valor, não profanaram o santuário do Cavaleiro. Mas o que é feito não pode ser desfeito.\""
    },
    {
      "Key": "d983f186-48e0-48ec-af94-c89b55bd907e",
      "Value": "\"Agora que o Mestre nos enviou um sinal, eles são apenas uma coisa pequena em nosso caminho!\""
    },
    {
      "Key": "81c4d61d-dd41-44ce-9bbe-93b52b1d9406",
      "Value": "\"É uma pena que você desça ao invés dos dignos... Mas o Mestre não é misericordioso. – Ele verá que você paga pela sua blasfêmia!\""
    },
    {
      "Key": "51e39fda-f689-429d-b420-e5383ce4462f",
      "Value": "\"Oh meu... Cephal, isso foi um discurso! Mas você realmente acha que o Príncipe Negro entregaria a você, dentre todas as pessoas, um artefato antigo do Cavaleiro do Juízo Final?\""
    },
    {
      "Key": "2b6d3f9c-2ed1-4602-8474-bc0bf2f2b9c2",
      "Value": "\"Meu amigo, para ser franco, não possuo ações em artefatos antigos de poder ilimitado. Todo esse grande lixo soou mais como o discurso de um trapaceiro do mercado, tentando vender óleo de cobra para o simplório da vila. Sou apenas bom em fazer acordos – mesmo com fanáticos insanos, quando surgir a necessidade... Embora eu suponha que lendas não surjam do nada.\" {n}Cephal levanta o cajado do cultista.{/n} \"Qualquer segredo que este túmulo contenha, pode ser útil.\""
    },
    {
      "Key": "a0e707be-4c40-4503-b337-e624f3ce3083",
      "Value": "\"De qualquer forma, vale a pena conferir esta tumba. E, por enquanto, é nossa única pista para resolver o problema dos ciclopes mortos. Vamos lá!\""
    },
    {
      "Key": "866f9113-b31c-4837-840f-8a9793428ab4",
      "Value": "\"Como você diz, mas não demore! Os ciclopes mortos não estão parados!\""
    },
    {
      "Key": "d89440a7-bce2-45a3-978c-9dde95036aca",
      "Value": "\"Suponho que sim. {Name}, o que você diz?\""
    },
    {
      "Key": "420b73ca-2151-4ca6-ac7e-7b2f0f68c3ee",
      "Value": "\"Oh, estou morrendo de medo. {Name}, o que você diz?\""
    }
  ]
}