{
  "$id": "1",
  "strings": [
    {
      "Key": "d2f48b0e-1652-49d1-981f-5ec1e16dcc23",
      "Value": "\"Eu conheci muitas pessoas. Lutei lado a lado com muitas delas. Os melhores aliados nas Terras Roubadas são os firmes Mivoni. Eles sempre são confiáveis – ao contrário dos Brevans.\""
    },
    {
      "Key": "9084a83b-d185-4359-be05-d2bf9cc3af4f",
      "Value": "\"As famílias Brevan são especializadas em trama e traição. Parece que até os plebeus dessas partes possuem os mesmos instintos ladinos que seus governantes.\""
    },
    {
      "Key": "91912b0d-630e-477c-995b-a551bb82d27b",
      "Value": "\"Os sulistas são todos iguais. – Covardes sem orgulho ou coragem.\""
    },
    {
      "Key": "8780704e-b7a0-4c76-9da5-080f828dd921",
      "Value": "\"Só existe alguém cuja palavra você sempre pode confiar: você mesmo.\""
    },
    {
      "Key": "047e8f78-8dd6-4a7f-b898-6f0d50fada0d",
      "Value": "\"Em outras palavras, você prefere uma espada no peito a uma adaga nas costas.\""
    },
    {
      "Key": "78505544-62a4-4c1c-b0aa-3707ef59b9a9",
      "Value": "\"Em outras palavras, você prefere uma espada no peito a uma adaga nas costas.\""
    }
  ]
}