{
  "$id": "1",
  "strings": [
    {
      "Key": "91a9c821-6b24-4756-8335-0ef25d2ffbef",
      "Value": "\"Eu nunca imaginei que você e eu estaríamos lado a lado no final.\""
    },
    {
      "Key": "ea6bcd49-e5ba-488e-8582-76d1733d3bc6",
      "Value": "\"Você tem algo a me dizer?\""
    },
    {
      "Key": "691cd7fc-ff64-4300-9665-f2f5a97c0941",
      "Value": "\"Chega – é hora de acabar com esse ancião e seus servos!\""
    },
    {
      "Key": "05ea057f-627e-4381-aae7-7b9db3f4ec5b",
      "Value": "{n}Quando você se aproxima, Tartuk inclina a cabeça e olha atentamente para você com seu olho reptiliano.{/n} \"Tão? Quando é que está a batalha?\""
    },
    {
      "Key": "b858e195-6fff-42e8-865d-e4be9ab34765",
      "Value": "{n}O kobold balança a cabeça.{/n} \"É uma honra. Você é o salvador do meu reino. Agora eu sou o salvador do seu reino. Um pouco. Mas ainda está.\""
    },
    {
      "Key": "8dc1c86f-19ea-4ed9-9b0a-cfc5caca8d8f",
      "Value": "{n}Tartuk fica em silêncio por alguns segundos e depois começa a falar com uma voz que não é dele, lenta e sem graça.{/n} \"Eu queria ser ótima. Faça algo importante. Se não for para você, eu não seria capaz de dar um lar para koboldsss. Obrigado.\""
    },
    {
      "Key": "fe801707-009d-4171-9e0b-d288578b1f35",
      "Value": "{n}Em troca, o kobold roxo abre a boca cheia de dentes e assobia violentamente. Faíscas mágicas correm ao longo de seus dedos arranhados – Tartuk está pronto para a batalha final!{/n}"
    }
  ]
}