{
  "$id": "1",
  "strings": [
    {
      "Key": "f3e6162c-5262-4a77-b4b2-d3aed7670182",
      "Value": "\"Quando imaginei aventuras e heróis, não era isso que eu esperava. É claro que houve batalhas emocionantes... mas não terríveis doenças... E deuses, tanto sangue...\""
    },
    {
      "Key": "f4ddb58e-b02d-435e-a902-1a060a3263b3",
      "Value": "\"Sarenrae tem piedade de suas almas.\""
    },
    {
      "Key": "38124afa-b0dc-4eea-b067-2982a5e4aed5",
      "Value": "\"A vida é cruel. Matar ou ser morto. Geralmente não há tempo para piedade.\""
    },
    {
      "Key": "2f3bbf52-9f23-4f4c-9e74-f3130463895a",
      "Value": "\"É a triste parte dos que têm vida curta. Tremer por mais de meia dúzia de anos, como um avarento com poucas moedas.\""
    }
  ]
}