{
  "$id": "1",
  "strings": [
    {
      "Key": "87256a7a-85eb-4b61-a12c-c173587123ee",
      "Value": "\"Defendemos a capital, Kesten. Descanse em paz, meu amigo.\""
    },
    {
      "Key": "acb195ac-f280-4f01-950f-1c08bbb6bb1b",
      "Value": "\"Ei, você está bem? Nem pense em morrer aqui! Vamos, levante-se, temos que descobrir de onde vieram essas sementes!\""
    },
    {
      "Key": "6e1e9480-dd5c-475a-bfb1-b99424772fac",
      "Value": "[Ignorar a questão do moribundo]"
    },
    {
      "Key": "13e4fd64-a035-4542-acdb-a0a891b92949",
      "Value": "\"Relatório: o que aconteceu aqui?\""
    },
    {
      "Key": "4f6acea0-cf8a-4eed-9037-04bb939f5ff4",
      "Value": "\"Você já revistou a caverna?\""
    },
    {
      "Key": "adb04775-5af7-4be3-9d77-59d6b1b5f108",
      "Value": "\"Você está ferido?\""
    },
    {
      "Key": "c14fcee7-38d9-413d-aeda-2454c7d9f571",
      "Value": "[Sair] \"Eu irei mais fundo na caverna.\""
    },
    {
      "Key": "28042476-d62b-42ba-aba6-23450f8f31fc",
      "Value": "\"O que você acha que eles estavam guardando?\""
    },
    {
      "Key": "214d9144-27a8-4b03-81fc-5c0ab3f78ff8",
      "Value": "\"Espero que a capital gere sem nós.\""
    },
    {
      "Key": "119e5a4a-4cc1-4481-9889-d659e468fc75",
      "Value": "{n}Kesten respira fundo, limpando o suor da testa.{/n} \"Você chegou bem a tempo, Sua Graça! Poderíamos ter lidado com goblins sozinhos, mas não com essa coisa enorme...\" {n}O guerreiro para de falar e olha mais de perto o cadáver do coruja.{/n} \"Eu nunca vi um espécime tão grande como esse antes, mesmo quando caçava essas bestas com a milícia.\""
    },
    {
      "Key": "69497d04-5834-45f4-aa3f-8f9c43f1b90a",
      "Value": "{n}Quando você se aproxima, Kesten geme e tenta levantar a cabeça. Você vê enormes marcas de garras, que cobrem seu corpo do ataque do urso-coruja – é um milagre que ele ainda respire.{/n}"
    },
    {
      "Key": "d6037068-7f7a-49b7-a4ca-70138ce8315b",
      "Value": "\"Você... você veio... capi... capital...\" {n}Kesten olha para você com olhos febris.{/n}"
    },
    {
      "Key": "0c3d45bb-320b-4477-94e9-e1abb242d484",
      "Value": "{n}Kesten lhe dá um sorriso cansado.{/n} \"Desculpe... {mf|Barão|Baronesa}... a partir de agora... sem...\""
    },
    {
      "Key": "b0e7cba9-6428-4afb-8886-dc210bf072a9",
      "Value": "{n}Kesten fecha os olhos. Seu rosto, sob o sangue e a lama, parece aliviado.{/n} \"{g|Abadar}Abadar{/g}... seja louvado...\""
    },
    {
      "Key": "0d97c3b4-8907-40af-9062-c56f8e609e90",
      "Value": "{n}Kesten respira irregularmente, então sua cabeça cai no peito e ele fica parado. Ele está morto.{/n}"
    },
    {
      "Key": "98817f6d-c2bb-40f1-be0d-70e666753df8",
      "Value": "{n}Kesten tenta dizer outra coisa, mas tudo o que sai é uma gota de sangue do canto da boca. Ele dá um último suspiro e depois fica em silêncio para sempre.{/n}"
    },
    {
      "Key": "fa3b449c-c6e7-4690-a545-de6f8681514e",
      "Value": "\"Nada digno de menção, apenas alguns arranhões. {g|Abadar}Abadar{/g} seja elogiado, o resto também é bom.\""
    },
    {
      "Key": "a73c9c9d-baa7-4cf4-ab38-6a05a6b253cb",
      "Value": "\"Nada digno de menção, apenas alguns arranhões.\" {n}Kesten olha em volta, sua voz amarga.{/n} \"Mas muitas famílias perderam seus entes queridos hoje.\""
    },
    {
      "Key": "6a5c1d33-9f33-498a-8aa8-9c6ac245e8a0",
      "Value": "\"Chegamos aqui não muito antes de você e encontramos esses goblins imediatamente. Dê uma olhada – eles tinham armas e armaduras surpreendentemente boas – pelo menos pelos padrões dos goblins. Talvez eles fossem... guardas cerimoniais?\""
    },
    {
      "Key": "39f868f7-20f2-49d7-8942-08ba323a5a19",
      "Value": "\"O xamã chamou este lugar de 'ventre de {g|Lamashtu}Lamashtu{/g}'. Duvido que os goblins usariam o nome para qualquer caverna – este deve ser um santuário para a Mãe das Bestas.\" {n}Kesten olha para o coruja morto.{/n} \"E estou começando a entender o porquê.\""
    },
    {
      "Key": "709b8109-45c5-44c1-aa1e-23b6abbaba7a",
      "Value": "\"Não, {mf|meu barão|minha baronesa}. Você apareceu exatamente quando estávamos lidando com esses guardas goblins. Sugiro que você procure no local você mesmo – se alguém pode descobrir o que está acontecendo – é você.\""
    },
    {
      "Key": "21fbc11c-73d7-4574-be80-f6f11d2039a5",
      "Value": "\"Vamos garantir que ninguém entre na caverna. Vá em frente, os deuses te abençoem.\""
    },
    {
      "Key": "c94f028a-86cd-4fa2-8658-9a268d0e90d5",
      "Value": "\"Quanto mais cedo terminarmos esta caverna, mais cedo voltaremos para casa.\" {n}Kesten mantém a voz calma, mas sua testa está franzida e ele está segurando o punho da arma com força.{/n}"
    },
    {
      "Key": "5c20bfa9-fc34-4150-a9c8-1100473fd53a",
      "Value": "\"Está certo! É um santuário, um lugar sagrado da Mãe Lamashtu{/g}! Muitos animais surgem aqui e se espalham por aí. Os xamãs ordenam que os guerreiros se guardem aqui, para que nenhuma outra tribo tome o ventre por si mesmos! O Ventre de Lamashtu é dono de seu amor!\""
    },
    {
      "Key": "8cb1366b-453c-4e3e-99a9-5c4612e80a18",
      "Value": "{n}Kanerah raspa o rabo contra o chão.{/n} \"Não era assim que eu esperava encontrá-lo, capitão Kesten!...\""
    },
    {
      "Key": "5a506dbd-3ad9-4bbc-898c-9a9ab7dcd939",
      "Value": "{n}Os olhos de Kalikke se enchem de lágrimas.{/n} \"Você deu muito ao seu povo, Kesten. Oh, por que isso aconteceu?\""
    }
  ]
}