{
  "$id": "1",
  "strings": [
    {
      "Key": "159416cb-4704-44a6-9e6c-a4cf16fb9958",
      "Value": "\"Trobold caiu. Você não pertence mais aqui.\""
    },
    {
      "Key": "a550b90c-5bcd-4ddb-a4d6-4ff77f39b13d",
      "Value": "\"Você não estava morto?!\""
    },
    {
      "Key": "73bfc6ca-e0da-47ee-a21c-d690417dfa2b",
      "Value": "\"Onde está Hargulka?\""
    },
    {
      "Key": "febb1dc6-af8f-4fbf-8b07-85a7fb41ff57",
      "Value": "\"Onde está Tartuk?\""
    },
    {
      "Key": "5b37b7e3-0a49-4887-a0cb-803b7a2df29c",
      "Value": "[Atacar] \"Limpei este lugar uma vez – vou limpá-lo novamente!\""
    },
    {
      "Key": "9ac50e33-c11c-4e95-a73a-be20f891a56f",
      "Value": "\"Eu não esperava ver suas canecas feias de novo!\""
    },
    {
      "Key": "74a2d25f-9205-4f62-99c4-0f9a0b4104ae",
      "Value": "\"Kobold tem medo. Diz que os tempos mudaram várias vezes, que eu estou morto e tenho que continuar morto. Tudo bem – Hargulka devolverá a coragem que borba tirou de Tartuk. Ou o matará. Não importa. Trobold permanecerá Hargulka.\""
    },
    {
      "Key": "f4b4b60a-ddd2-4fe4-a890-e0e2c9c65ffd",
      "Value": "\"Troll idiota. Recusa-se a obedecer. Babblesss sobre um novo amigo, um novo lar. Assegurarei que Hargulka retorne para se tornar o que ele deve ser – servo de Tartuk, o verdadeiro massster de Trobold!"
    },
    {
      "Key": "caeef949-1328-4c90-9862-53c4aa7e165f",
      "Value": "\"Este é o nosso lar, borba. Lar de kobold e troll. Você é o que não pertence – você e sua tribo.\""
    },
    {
      "Key": "0e614fc3-0732-4d31-96d3-34e7aaeff719",
      "Value": "\"Troll viverá para sempre. Hargulka não tem medo de você, borba. Borba é comida para os filhos de Trobold, não inimigo."
    },
    {
      "Key": "54639835-9a8c-4ed2-a82d-1ed93840c348",
      "Value": "\"Você acha que isso vai me impedir? Eu sou o espírito da vingança! Eu vou vingar Trobold caído. Você foi minha mortehh – desta vez eu serei sua!\""
    },
    {
      "Key": "27b90ad1-5bcf-41b4-bea1-f618f1f46640",
      "Value": "\"Chega de palavrasss – eu processarei este bug e armazenarei Trobold!\""
    }
  ]
}