{
  "$id": "1",
  "strings": [
    {
      "Key": "20a6e8fd-6ae7-4d98-af75-32920255c455",
      "Value": "{mf|Ele|Ela} imediatamente começou a quebrar os frascos da alma para libertar as almas encarceradas."
    },
    {
      "Key": "2cfc71b7-5d9f-4bcf-9480-7f8d99f9bd17",
      "Value": "{mf|Ele|Ela} ordenou que os frascos de alma fossem levados para a cidade, onde a mercadoria rara seria vendida em segredo."
    },
    {
      "Key": "0a45b9bf-ebcf-4d72-a4a5-a6b3d2550287",
      "Value": "Fechar."
    },
    {
      "Key": "b45c410a-7a4c-4ebc-b340-42a3391eee88",
      "Value": "Fechar."
    },
    {
      "Key": "3e56e7d3-0386-4b7e-956d-884dd9d0e887",
      "Value": "O corredor escuro diante de nós estava cheio de vasos transparentes e brilhantes. A luz cintilante das almas presas ali dispersou a escuridão sombria da tumba. Sombras líquidas dançavam e se retorciam nas paredes de pedra a cada movimento daquelas pequenas faíscas brilhantes enquanto batiam contra o interior de suas elegantes e translúcidas prisões."
    },
    {
      "Key": "5a1f2a5d-c970-4dd4-9b64-a9a4c4778ab8",
      "Value": "Nossa busca por uma resposta para o mistério de {g|Varnhold}Varnhold{/g} estava chegando ao fim. Depois de saber do destino horrível que se abateu sobre os pobres cidadãos de Varnhold, fomos para o destino final de nossa viagem – uma câmara escura, escondida atrás da sala do trono de Vordakai. Assim que cruzamos o limiar, congelamos, sem fôlego."
    },
    {
      "Key": "145e4a07-fc86-441e-be78-4638c3858e60",
      "Value": "E o que {mf|o barão|a baronesa} fez quando viu o destino cruel dos cidadãos de {g|Varnhold}Varnhold{/g}?"
    },
    {
      "Key": "7366c732-0d6c-4302-b2d0-5cb1c5a0616f",
      "Value": "Ao quebrar o primeiro frasco, um clarão de luz anunciava que a alma aprisionada havia recuperado sua liberdade. A faísca brilhante voou em um arco sobre nossas cabeças e se estabeleceu no chão, e então..."
    },
    {
      "Key": "eab7eee2-de44-49e7-a20a-ce18bc8dfac2",
      "Value": "Bem, mesmo meu talento como escritor não pode fazer justiça ao que vimos na época. A alma libertada foi... ressuscitada! Em um piscar de olhos, no local onde a faísca pousou, um homem vestido com roupas de camponês empoeiradas apareceu, uma expressão de choque absoluto em seu rosto. O pobre homem ficou aterrorizado quando voltou a si depois daquele pesadelo, apenas para se encontrar no meio de uma tumba antiga!"
    },
    {
      "Key": "7c72864d-26a3-4968-8792-44df08e90685",
      "Value": "Não foi preciso nenhum esforço para libertar os outros. A cada novo estrondo de vidro quebrado, novas pessoas apareciam ao nosso redor – guardas, pescadores, mães, filhos, agricultores, bêbados, avós mal-humoradas, fofoqueiros que gemia... Longa história, todas as pessoas que haviam sido seqüestradas pelo Oculus de {g|Abaddon}Abaddon{/g} havia retornado! Ah, se apenas quebrar utensílios de cozinha sempre trouxesse tanta alegria e bondade!"
    },
    {
      "Key": "301def28-587f-4ab6-92ac-e7c8f10a4f64",
      "Value": "Alternando entre lamentar, chorar e gritar de alegria, a multidão se dirigiu para a saída da tumba. Nós os seguimos, terminando mais um capítulo de nossa crônica heróica."
    },
    {
      "Key": "5e724c8f-ee33-4bcd-b471-96e128166120",
      "Value": "O que aconteceu naquele dia na câmara escura cheia de jarros de alma ainda é um mistério. Depois de examinar a sala sombria, {mf|o barão|a baronesa} ordenou que todos fossem embora. Depois disso, ninguém ouviu nada sobre os jarros de alma ou as almas dos cidadãos de {g|Varnhold}Varnhold{/g} que haviam sido presos dentro deles."
    },
    {
      "Key": "6af3e84b-8efa-4f3c-aaee-f0d0656c4db6",
      "Value": "Qualquer crônica deve conter páginas escuras e até trágicas. A morte de uma cidade inteira é uma catástrofe, e será lembrada por gerações."
    },
    {
      "Key": "142aca53-0cb0-404e-a2f4-b08a4eeb3076",
      "Value": "Mas os vivos sempre virão para substituir os mortos. É assim que é, e como sempre será, até o fim dos tempos. E por alguma razão, depois que encontramos os jarros de alma, o tesouro d{mf|o barão|a baronesa} reabasteceu misteriosamente... mas quem sou eu para repetir essa especulação ociosa?"
    },
    {
      "Key": "ab76b103-c579-4d8b-806e-4d16b9bfa139",
      "Value": "Mas tudo isso aconteceu muito mais tarde – por enquanto, fizemos o nosso caminho para a saída da tumba, fechando mais um capítulo dessa crônica sombria."
    }
  ]
}