{
  "$id": "1",
  "strings": [
    {
      "Key": "6374f41f-476b-4363-91f1-34d7e70c1b31",
      "Value": "\"Obrigado, Fes. Seu presente será muito útil.\""
    },
    {
      "Key": "88b4f14d-f115-4a97-bb91-13fe19fd13a0",
      "Value": "\"Eu não preciso dos seus veteranos ou da sabedoria deles.\""
    },
    {
      "Key": "574107b2-f688-4d59-a8a7-4bdadde5438a",
      "Value": "\"Como estão as coisas na frente?\""
    },
    {
      "Key": "4cee45f1-9cd9-4392-add1-1eeeaebe20e4",
      "Value": "\"Você me manda aleijados e velhos como sinal de gratidão?!\""
    },
    {
      "Key": "6d85f5cc-bda9-4cdf-b65e-cdff3d4397fc",
      "Value": "\"Agentes da Ferida do Mundo vêm para minhas terras – e eles até me atacaram!\""
    },
    {
      "Key": "08802829-8867-4e5a-8639-9ac22ae7bc1c",
      "Value": "\"O líder dos cultistas que me emboscaram na estrada mencionou dois nomes: Areelu e Deskari.\""
    },
    {
      "Key": "5b8ab69a-eb6f-4393-9f88-51bb5881efeb",
      "Value": "\"Um cruzado aasimar. Parece o chamado de uma vida.\""
    },
    {
      "Key": "0560f49a-a099-4d19-96ce-0fd3891915be",
      "Value": "{n}O aasimar antes de você está usando armadura com as cores de Mendev e o símbolo de {g|Iomedae}Iomedae{/g} em seu Peitoral de Aço. A viseira do elmo está levantada e você observa os lábios e os olhos incomuns do mensageiro, que parecem lançados em metal. O aasimar o saúda em estilo militar.{/n} \"Saudações, {mf|Barão|Baronesa|Rei|Rainha} {name}! Permita-me apresentar-me: Fes Aldragem, comandante do exército Mendev. Eu vim aqui em em nome da minha ordem cavalheiresca, com um reconhecimento oficial.\""
    },
    {
      "Key": "c604d7e5-f3f5-4b96-b5a9-08fa2a46f5b4",
      "Value": "\"Há pouco tempo, nossos missionários entraram em suas terras para encontrar homens e mulheres corajosos, prontos para desafiar o próprio {g|Abyss}Abismo{/g}. Você fez tudo o que pôde para reforçar as fileiras dos defensores de Golarion e muitos de seus as pessoas estavam prontas para servir a uma meta mais alta. Nossos missionários visitaram muitas terras, e poucas, se alguma, fizeram o mesmo que você, para o nosso bem comum.\""
    },
    {
      "Key": "dc137996-016f-4c32-81c8-8af638ff767c",
      "Value": "\"Valorizamos todas as almas que servem para proteger {g|Golarion}Golarion{/g} das hordas de demônios. No entanto, sentimos que devemos simplesmente agradecer especialmente por demonstrar tal valor e nobreza. Tenho algo para você: alguns veteranos de Mendev vieram comigo. Eles estão prontos para permanecer aqui e treinar seus soldados em habilidades militares. Qualquer reino poderia se beneficiar do conhecimento que esses oficiais dignos possuem. Eles apenas deixaram o campo de batalha para dar espaço a soldados mais fortes e jovens.\""
    },
    {
      "Key": "092702cd-2a36-4308-a134-badc1fb5d962",
      "Value": "{n}Fes sorri, mas seus olhos estão cansados.{/n} \"Nossas forças precisam de ajuda. Todos os dias, novas hordas de demônios vêm à {g|Worldwound}Ferida do Mundo{/g}, prontas para rasgar em pedaços qualquer um que fica no caminho deles. É por isso que valorizamos todos os voluntários que estão prontos para ficar sob a bandeira de Mendev.\""
    },
    {
      "Key": "03a38f5a-4af5-41da-8be7-a202d52a4953",
      "Value": "{n}Fes balança a cabeça.{/n} \"O {g|Abyss}Abismo{/g} atinge seus tentáculos por toda parte. Recentemente, perdemos duas equipes de recrutamento que deveriam retornar a Mendev com ajuda. Eu estou feliz por você não ter sofrido o destino deles. É improvável que {g|Stolen Lands}Terras Roubadas{/g} sobreviva a essa perda.\""
    },
    {
      "Key": "eece4636-f935-4472-822b-72cf35c9cfd0",
      "Value": "{n}Fes une as sobrancelhas.{/n} \"Sua censura é infundada, {mf|barão|baronesa|rei|rainha}. Cada um desses guerreiros passou por tudo o que se pode enfrentar no campo. Já viram terrores o suficiente por dez mortais. Muitos senhores da guerra pagariam qualquer quantia por esses treinadores. A experiência deles é realmente inestimável.\""
    },
    {
      "Key": "2ab07cde-49f2-4c9d-8d5d-12965eb918bd",
      "Value": "{n}Fes se inclina.{/n} \"Meus cumprimentos. Agora é hora de eu retornar a Mendev. Irei com o coração leve, na esperança de que a aliança de nossos estados permaneça forte, não importa qual seja nosso inimigo. Adeus!\""
    },
    {
      "Key": "dfb3b44a-42d1-4f49-83a5-676b5405fd2d",
      "Value": "\"Hmm. Lamento ouvir isso. No entanto, meus companheiros apreciarão a hospitalidade dos habitantes locais e permanecerão nessas terras – apenas no caso de você mudar de idéia e decidir tirar proveito do conhecimento deles.\""
    },
    {
      "Key": "53e32825-b12d-406e-8490-d474da31ba05",
      "Value": "\"Esses nomes imundos são conhecidos por todos em Mendev. Deskari é o lorde demônio que está por trás da {g|Worldwound}Ferida do Mundo{/g} – uma das maiores fontes do {g|Abyss}Abismo{/g}. A vil lech Areelu Vorlesh é uma bruxa corrupta, um dos habitantes mais celebrados da Ferida Mundial. Ouvi falar das atrocidades que ela comete sobre seus prisioneiros e até sobre seus próprios escravos...\" {n}Fes estremece.{/n} \"Quanto mais cedo esse mal for destruído, melhor.\""
    },
    {
      "Key": "f25c74ce-0d1c-4fe0-8d47-e28cc4e6b03c",
      "Value": "{n}Fes curva seus lábios metálicos em um sorriso.{/n} \"Você poderia dizer isso. Sangue ferve em minhas veias quando eu antecipo uma luta contra os desova do mal. Estou feliz por ter conseguido direcionar minhas paixões na direção certa.\""
    }
  ]
}