{
  "$id": "1",
  "strings": [
    {
      "Key": "c6269040-b084-4a49-8ad2-b60df9897ffe",
      "Value": "[Examine o golem]"
    },
    {
      "Key": "f525e090-e11d-489a-8f3c-fc95100fb89b",
      "Value": "[Golpeie o golem com uma arma]"
    },
    {
      "Key": "17bba9ec-fc2f-4f15-b25e-386233bf4610",
      "Value": "[Afastar-se do golem]"
    },
    {
      "Key": "7a768857-0802-4290-984d-9fabeff11b62",
      "Value": "{n}Um golem de ferro, obscurecido pelo tempo, se ergue sobre você – é enorme, criado por mestres desconhecidos. Seus braços enormes parecem capazes de quebrar você em dois, mas permanece imóvel.{/n}"
    },
    {
      "Key": "9dd3ec35-aa0d-47d2-9290-ef23e53adeee",
      "Value": "{n}Poderosas placas blindadas protegem os mecanismos que podem colocar em movimento a figura maciça. Este golem foi obviamente construído para a luta.{/n}"
    },
    {
      "Key": "a179017c-3984-416c-95d5-b6c4cb33d01f",
      "Value": "{n}A arma não deixa marcas.{/n}"
    }
  ]
}