{
  "$id": "1",
  "strings": [
    {
      "Key": "2d14e372-648b-47aa-859d-acd450f12a67",
      "Value": "\"Elina, você poderia me dar uma garrafa de vinho?\""
    },
    {
      "Key": "b06082d8-d76f-4191-8538-d8a06dad87d0",
      "Value": "\"Obrigado por organizar uma festa tão maravilhosa para Ekun!\""
    },
    {
      "Key": "81ed1d96-554f-4b8a-95db-b150f124bc7f",
      "Value": "[Sair] \"Bem, eu vou dar uma olhada nos outros!\""
    },
    {
      "Key": "a9b2b486-c7cb-4fbb-a009-84b340b9b96c",
      "Value": "\"Você está respondendo ao comando {mf|do seu|da sua} governante com uma pergunta?\""
    },
    {
      "Key": "7340d735-e8db-4c5e-8945-4f5fac716379",
      "Value": "\"Eu preciso de uma garrafa de vinho. Agora, vou contar até três. Um...\""
    },
    {
      "Key": "040d3e26-f226-4696-8c72-3bca09fcc3d8",
      "Value": "\"Eu preciso de uma garrafa para Ntavi. Ela é nossa convidada – você não pode recusar dar comida e a bebida dela.\""
    },
    {
      "Key": "2376c074-1a94-4b04-9781-2492e15e10e6",
      "Value": "\"E ainda assim eu prefiro.\""
    },
    {
      "Key": "ac62c023-bab6-43db-8f55-7864e5bc2881",
      "Value": "\"O que posso fazer por você, Sua Graça?\""
    },
    {
      "Key": "6877a006-7e95-46ee-ba82-3938d4e10fb2",
      "Value": "\"Meu prazer, Sua Graça! Estou feliz que tudo terminou assim também... Além disso, divertir um homem como Ekundayo é um prazer!\" {n}A taberneira ri, cobrindo a boca com um lenço.{/n}"
    },
    {
      "Key": "31fc0573-9915-408b-a092-d73f4872e362",
      "Value": "\"Não se preocupe com a garrafa, Sua Graça. Vou servir-lo – apenas me traga um copo!\""
    },
    {
      "Key": "1100c9cb-248b-4b2e-9f5e-80616f2e727d",
      "Value": "{n}Ekun finge não ouvir.{/n}"
    },
    {
      "Key": "401a9c5d-3702-489c-aa14-4c4d92c893a6",
      "Value": "{n}A taberneira levanta uma sobrancelha.{/n} \"Eu não tenho idéia do por que Sua Graça convidou esta harpia... É claro que você sabe melhor, mas ainda assim...\""
    },
    {
      "Key": "a0929716-6913-4b38-ae5b-8c72bde11e6c",
      "Value": "{n}A taberneira faz uma cara longa.{/n} \"Lá, lá, aqui está, Sua Graça...\""
    },
    {
      "Key": "d0d37f71-a642-4cca-8ced-63912d0d36e3",
      "Value": "\"Como quiser!\""
    }
  ]
}