{
  "$id": "1",
  "strings": [
    {
      "Key": "d8f01a7a-77b7-49bb-9de0-64127e9ef198",
      "Value": "\"Pegue o que para você?\""
    },
    {
      "Key": "e96c7126-1941-48dd-bf1d-341d2ccada4e",
      "Value": "\"Diga-me o que você quer de mim.\""
    },
    {
      "Key": "ffc011ed-c615-4ced-88b0-abc86e8ac80c",
      "Value": "\"Eu vou te dar a Primeira Coroa.\""
    },
    {
      "Key": "859132b3-b770-417a-9d97-2de6b7eca54b",
      "Value": "\"Qual é a primeira coroa?\""
    },
    {
      "Key": "74fdd356-c7d6-4236-adf3-116723cada4d",
      "Value": "\"Onde posso encontrá-lo?\""
    },
    {
      "Key": "d713f80d-c842-4c41-a30c-a579c5280b26",
      "Value": "\"O quê tem pra mim?\""
    },
    {
      "Key": "29504fe0-dcc0-4b7d-aa8f-3ec68cc93790",
      "Value": "\"Por que você quer isso?\""
    },
    {
      "Key": "c767fab5-f04b-42e8-b160-c40ca3ef1b59",
      "Value": "\"Eu vou fazer isso.\""
    },
    {
      "Key": "fb3b1958-ea71-4716-85f9-c83de92d8755",
      "Value": "\"Eu tenho coisas mais importantes a fazer.\""
    },
    {
      "Key": "1b9c8ada-bce2-4357-aa78-940d3df9a46d",
      "Value": "\"Basta desse assunto por enquanto.\""
    },
    {
      "Key": "f798d232-0305-4745-adf0-ca49e1d372fa",
      "Value": "\"Quem é você?\""
    },
    {
      "Key": "17f10f36-4789-483c-829b-2965075e8c2f",
      "Value": "\"Por que seu rosto muda assim?\""
    },
    {
      "Key": "3f2fb53f-7855-40e1-8f79-5c91b1836d9d",
      "Value": "\"O que um ancião quer comigo?\""
    },
    {
      "Key": "2528a1f2-5f78-427e-b095-90c230d696de",
      "Value": "\"Nyrissa sabe que você está aqui?\""
    },
    {
      "Key": "b9efafc6-360d-41a3-80bf-beefc36f5c0d",
      "Value": "\"Prazer em conhecê-la.\""
    },
    {
      "Key": "5deb5365-d1a1-45fd-9e3c-55bcb2447a7a",
      "Value": "\"Quem são esses dois?\""
    },
    {
      "Key": "c69964b1-57b8-47f0-bfe2-b5dc8a4f5abb",
      "Value": "\"Quem são a bruxa knurly e o homem contorcido de novo?\""
    },
    {
      "Key": "7e2cba08-b535-4907-be86-3bbb86d2cfd7",
      "Value": "\"Por que eles se odeiam?\""
    },
    {
      "Key": "49121f9b-52be-482f-bd38-bb0420d6f9e3",
      "Value": "\"Qual é a primeira coroa?\""
    },
    {
      "Key": "bdadb2fa-77b7-46af-833b-140c287dd259",
      "Value": "\"Você disse que ele é feito de vermes?!\""
    },
    {
      "Key": "6ba467b6-140c-469b-be97-e8b03a88d573",
      "Value": "\"Eu vejo.\""
    },
    {
      "Key": "635e9376-e446-42ff-b3e2-76065883b10f",
      "Value": "[Atacar] \"Aqui está o que eu tenho para você!\""
    },
    {
      "Key": "2674cecd-aeaf-4f21-b7a5-355753f47185",
      "Value": "\"Acho que terminamos aqui.\""
    },
    {
      "Key": "da63db35-65b1-4b6f-bce7-c9dca4d04758",
      "Value": "\"Esta não é a primeira vez que nos encontramos, mas ainda estou curioso – quem é você?\""
    },
    {
      "Key": "8a91b699-5018-4992-ac49-cb8acb88a507",
      "Value": "{n}A figura à sua frente veste uma túnica cinza, mas o corpo sob elas tremula, mudando a idade, o sexo e a raça – em um momento um homem élfico antigo, o próximo uma jovem humana, depois um anão tatuado e assim por diante. Eles erguem uma sobrancelha.{/n} \"Bem? Você conseguiu para nós?\""
    },
    {
      "Key": "1edf74cc-76c7-4681-a817-b16fc9e5aafc",
      "Value": "\"Bem? Você conseguiu para nós?\""
    },
    {
      "Key": "8884cbc6-3c07-4cf6-a871-da52e6da1da0",
      "Value": "\"...ah, está certo. Você ainda não sabe sobre isso, sabe? Honestamente, não sabemos como as pessoas conseguem lidar apenas com o movimento de uma maneira no tempo. Mas isso não vem ao caso. Precisamos que você recuperar a Primeira Coroa para nós.\""
    },
    {
      "Key": "8825d4f9-2664-4ac9-8f3d-b8984ec791f6",
      "Value": "\"Excelente. Estaremos aqui quando você voltar.\""
    },
    {
      "Key": "b73a979b-76b9-4c95-8573-b530dbbf4f67",
      "Value": "{n}{g|Shyka}Shyka{/g} encolhe os ombros.{/n} \"'Agora' é uma questão de perspectiva.\""
    },
    {
      "Key": "c89fe8a8-b7bd-4283-bec8-ecc1a3b7470c",
      "Value": "\"Uma bugiganga mágica – a coroa encantada do primeiro rei cujo reino Nyrissa destruiu. Ela a entregou à Bruxa Knurly como um sinal de sua consideração, mas agora que o Homem Contorcido é o favorito atual da ninfa, ele sente que pertence a ele por direito. Eles estão brigando por semanas.\""
    },
    {
      "Key": "0755fa1d-0d6c-44c8-91c2-b2d456be249d",
      "Value": "\"No curso de suas lutas, a Bruxa Knurly e o Homem Contorcido acidentalmente quebraram a coroa em três partes, a reação mágica teleportando cada parte em algum lugar dessa floresta. Se soubéssemos exatamente onde, não precisaríamos que você as procurasse, nós?\""
    },
    {
      "Key": "f1f7c572-897b-43b3-a977-0ffbee879a93",
      "Value": "\"Você está atrás da rainha das ninfas, sim? Embora não a castigemos diretamente, a recente ultrapassagem de Nyrissa me irrita. Traga-nos a coroa e prometemos um tempo mais fácil para derrubá-la.\""
    },
    {
      "Key": "6025085c-2a14-4e49-84ba-1d801d635db6",
      "Value": "\"Uma boa regra para sobreviver ao {g|First World}Primeiro Mundo{/g} é nunca perguntar a um lorde feérico 'por quê'. Honestamente, a maioria dos mortais está muito feliz por ter uma missão divina! Digamos que a coroa tem o potencial de causar ondulações significativas nessa linha do tempo, e gostaríamos de guiá-las em uma direção positiva, mas existem...\" {n}{g|Shyka}Shyka{/g} acena vagamente.{/n}\"...política.\""
    },
    {
      "Key": "241d07b0-22b5-4669-86eb-5947262a2561",
      "Value": "\"Nossa, você é corajoso, não é? Nossa forma muda porque existem muitos {g|Shyka} Shykas{/g} e haverá muitos mais. Há muito tempo, decidimos viver intercalados em vez de seqüencialmente, para que cada um de nós possa experimentar toda a eternidade. É muito mais interessante assim.\""
    },
    {
      "Key": "32cca72d-a5a2-43a8-bb24-611201022936",
      "Value": "{n}{g|Shyka}Shyka{/g} lhe dá uma aparência duvidosa.{/n} \"Claro que sim. Afinal, por que nos ouvir? Vimos apenas todas as suas linhas do tempo futuras.\""
    },
    {
      "Key": "46a34c41-9942-487e-88c6-12bf2a0b2e36",
      "Value": "\"Nosso nome é {g|Shyka}Shyka{/g}, embora alguns nos chamem de Muitos. Nós somos os {g|Eldest}Ancião{/g} – os deuses feéricos do {g|First World}Primeiro Mundo{/g}. Incorporamos aquilo que você considera tempo, entropia e reencarnação.\""
    },
    {
      "Key": "67c4d9b3-de06-4e20-9c90-18cbcbf94bdf",
      "Value": "\"Garantimos que o prazer é nosso.\""
    },
    {
      "Key": "f0d6ee2f-a067-49cd-addc-8a75132fb29c",
      "Value": "\"O que todo deus quer, criança? Serviço rápido e obediente, com um mínimo de perguntas irritantes. Vocês mortais costumam deixar algo a desejar nesse sentido, mas esperamos que você prove que estamos errados.\""
    },
    {
      "Key": "0459bd0a-08b9-4c7a-8fac-67c6ecb0252f",
      "Value": "\"Não. E confie em nós quando dissermos que você achará melhor para todos os envolvidos se continuar assim.\""
    },
    {
      "Key": "555ece52-17d9-44f9-83d1-cef17de48c61",
      "Value": "\"A Bruxa Knurly e o Homem Contorcido são os principais conselheiros de Nyrissa. A bruxa é uma sacerdotisa da deusa bruxa, torcendo as plantas ao seu capricho. O Homem Contorcido era um feiticeiro que procurava pela pós-vida como um monte de vermes num cemitério. Eles são os aliados mais poderosos de Nyrissa, e eles absolutamente se desprezam. Recentemente, eles estão lutando pela Primeira Coroa.\""
    },
    {
      "Key": "693af5c3-6cf3-4382-aa70-2456c50816c4",
      "Value": "\"Você sabe? Que afirmação ousada. Nós somos o deus do tempo, e até nós não vemos tudo.\""
    },
    {
      "Key": "0da7d671-0da5-4702-87d9-a458ddf91c09",
      "Value": "\"Uma criatura como Nyrissa não tem amigos de verdade, mas ela recompensa bem seus aliados. Tanto a Bruxa Knurly quanto o Homem Contorcido procuram ser sua mão direita, governando seu suposto reino ao seu lado. Nenhum deles é do tipo que compartilha.\""
    },
    {
      "Key": "30abf36c-d0ac-41c0-8be4-91e2c6c4527e",
      "Value": "\"É incrível o quanto você mortal fará para evitar a morte. Honestamente, todo o negócio da mortalidade parece um aborrecimento – estamos felizes por o {g|First World}Primeiro Mundo{/g} não se importar.\""
    },
    {
      "Key": "227d1e5f-c768-4088-a2a0-82ecccbbcfcf",
      "Value": "\"Vamos nos encontrar novamente. Ou melhor, já o temos.\""
    },
    {
      "Key": "21df51c9-3e58-4237-aed5-5d05b2a89b76",
      "Value": "{n}De repente, você descobre que perdeu todo o desejo de lutar. {g|Shyka}Shyka{/g} dá um sorriso paternalista.{/n} \"Nyrissa é uma coisa, mas nós realmente não aconselhamos sair por aí atacando {g|Eldest}Ancião{/g} real. É ruim para a sua saúde.\""
    },
    {
      "Key": "4036f7cc-6993-487b-96e6-daa8042cfeab",
      "Value": "\"Pense nas minhas palavras. Vamos nos encontrar novamente. Ou melhor, já o temos.\""
    },
    {
      "Key": "f5e148ef-ae62-4130-b12a-639718139959",
      "Value": "\"Você nem vai ouvir o que eu tenho a dizer?\""
    },
    {
      "Key": "e4ee9811-d84b-451a-983e-5e7eb37d4e6f",
      "Value": "\"Nossos grandes velhos amigos e seu grande e velho hábito de falar em enigmas!\""
    },
    {
      "Key": "b53f5757-a1a9-4f93-b7d5-3f67d3e6b857",
      "Value": "\"Não é sempre assim... 'Faça esse trabalho para nós enquanto relaxamos aqui.' Tudo bem, muitos bisbilhoteiros! Estive lá, fiz isso.\""
    },
    {
      "Key": "c9268e4e-9542-4182-87b8-8829750f22c9",
      "Value": "\"Mais jogos dos deuses e daqueles que se imaginam deuses. Tão cansativo.\""
    },
    {
      "Key": "e772aec9-3b1f-4a17-8a3f-6459bde1f6fd",
      "Value": "\"O que há para se alegrar? As criaturas do {g|First World}Primeiro Mundo{/g} desfrutam de seus delírios de imortalidade, mas mesmo eles são impotentes para mudar o destino final do mundo. Um dia, todo caminho terminará, todo fio será cortado, e toda vida encontrará seu fim!\""
    },
    {
      "Key": "83e78ecc-cfff-42aa-8e74-05adf086facf",
      "Value": "\"Isso foi divertido! Eu estava esperando um bis! Por que nem sempre pode ser assim – nossos inimigos lutam entre si, e podemos assisti-los e bater palmas?\""
    }
  ]
}