{
  "$id": "1",
  "strings": [
    {
      "Key": "a84c22c5-c82b-486c-a174-59b645fb541f",
      "Value": "\"Quem é você?\""
    },
    {
      "Key": "05764c94-d40c-44f4-99d3-340c236ebfbe",
      "Value": "\"O que você vende?\""
    },
    {
      "Key": "e3f7e946-cd70-4a5c-8814-962f7cc1952e",
      "Value": "\"Quem você recomendaria que eu me encontrasse aqui?\""
    },
    {
      "Key": "d77a0d61-b72f-405e-87ce-80c88a5c0bcb",
      "Value": "\"Ouvi algumas palavras curiosas – 'Extrato de escova de sangue'... e que você não é um vendedor comum, e seus produtos estão longe de ser mundanos.\""
    },
    {
      "Key": "d996e097-1d85-4b96-bc40-a387e572ece8",
      "Value": "\"Despedida.\""
    },
    {
      "Key": "6808707c-a62f-4fd8-9e4d-18e270d23410",
      "Value": "[Atacar] \"Morra, seu ladrão sujo!\""
    },
    {
      "Key": "38f6978c-a0cf-44f0-905a-ce3ff2ed0caf",
      "Value": "\"Você já experimentou esse extrato de pincel de sangue?\""
    },
    {
      "Key": "8471ed8e-33b5-4643-bf8a-bb794ba7ad27",
      "Value": "\"Que tal você ficar longe desse lixo, tudo bem? Isso mata muito rápido, e eu preciso de você viva.\""
    },
    {
      "Key": "f3466efb-862c-4543-a184-90d35f0891c3",
      "Value": "\"Isso está fora de questão. De fato, afaste-se dele!\""
    },
    {
      "Key": "7e3debfd-479a-42ba-9a3e-18949c1a14c5",
      "Value": "\"Reg, deixe o pobre rapaz em paz! Vamos tomar um pouco de vinho!\""
    },
    {
      "Key": "a8f109c8-2e46-46e8-a13f-70cf097c78bc",
      "Value": "{n}Os olhos amarelos e injetados de sangue do gnomo examinam os rostos da sala nervosamente. Percebendo você, ele agarra sua bainha selada.{/n} \"O quê?! Quem é você? Oh, é sua Alteza Real? Me perdoe, eu... eu não te reconheci. Uma honra. Verdadeiramente, uma enorme honra. Sou... Sou Kharne Vereel, um simples vendedor.\""
    },
    {
      "Key": "fb9cb85a-610f-4aef-ba52-34bf3eb2218f",
      "Value": "{n}O gnomo olha para você, com suspeita em seus olhinhos amarelos.{/n} \"Você de novo?! Quero dizer, o que posso fazer por você, Alteza?\""
    },
    {
      "Key": "2ccd7f32-d1e0-4789-9c4d-28dd4933ec67",
      "Value": "\"Eu já te disse!\" {n}A voz do gnomo se eleva de raiva.{/n} \"Sou um simples vendedor! Não é rico, não é nobre... Por que {mf|um Rei|uma Rainha} se preocuparia {mf|ele|ela} consigo mesma eu? {mf|Ele|Ela} não faria!\""
    },
    {
      "Key": "cc288870-6be2-45e5-927a-b2bd4b61ce56",
      "Value": "\"Do que você se importa?! Peixe e coisas assim.\""
    },
    {
      "Key": "39afa98b-f5e4-43d1-a919-637fdc5e9ad7",
      "Value": "\"Ninguém! Todo mundo! Como eu devo saber?! Eu sou apenas um vendedor simples. Deixe-me ser!\""
    },
    {
      "Key": "6b3a601e-5118-4875-b5bd-4f7f4d2122b8",
      "Value": "\"Calma! Calma, eu digo!\" {n}Segurando sua bainha com força, o gnomo olha em volta ansiosamente antes de sussurrar:{/n} \"Muitas pessoas aqui... Muitos olhos, ouvidos... Você quer conversar sobre negócios, me encontre em {g|Pitax}Pitax{/g}. Eu... eu lembrarei de você!\""
    },
    {
      "Key": "33215ff3-8df8-4109-bc48-f9afd4cdc1c6",
      "Value": "\"Sim, sim, Alteza. Uma grande honra... Vá, divirta-se!\""
    },
    {
      "Key": "3b66a5af-f1df-45ce-98fd-a1c4f0f83781",
      "Value": "\"Você tem alguma dessas coisas? Só um pouquinho?\" {n}sussurros Regongar sugestivamente, piscando para o gnomo.{/n}"
    },
    {
      "Key": "43b960e7-75e8-4534-a3bc-6b95158bb6e4",
      "Value": "\"Não, nunca – é por isso que eu quero tentar! Por que não? Nós vivemos apenas uma vez!\""
    },
    {
      "Key": "2b7fc47c-44ff-4dbe-8646-cd27026cfe6d",
      "Value": "{n}O meio-orc murmura,{/n} \"Sim, com certeza você precisa... Quem precisa de mim? Dessa forma, pelo menos eu morreria de prazer, em vez de uma espada...\""
    },
    {
      "Key": "2305c780-068e-4538-8bca-aa872e7f35bf",
      "Value": "\"Morra onde quiser, fique longe de mim! Eu te disse, não tenho nada!\""
    },
    {
      "Key": "39c1c6b1-7234-42bd-8c58-87fa7a99b8e1",
      "Value": "\"Tudo bem, tudo bem... apenas perguntando!\" {n}Regongar se afasta ressentidamente.{/n}"
    },
    {
      "Key": "5208d146-04e9-43f1-aa89-62561159627e",
      "Value": "\"Vinho? Agora isso é uma idéia... Há, tudo bem, vamos lá! Há, gnomo, eu pensei que você conhecia o seu negócio! Quem rejeita os compradores?\""
    },
    {
      "Key": "74f5ef59-a9ee-4102-add5-3c67166ba368",
      "Value": "\"Eu tenho! Eu te disse que não tenho nada! Agora me deixe em paz! Fora! Saia daqui!\""
    }
  ]
}