{
  "$id": "1",
  "strings": [
    {
      "Key": "9cad7b26-f19c-4147-b823-b92a2d367e66",
      "Value": "\"Não acredito que nenhum de vocês vê como o comportamento de Tristian é antinatural! Ninguém é um santo. – Ele obviamente está escondendo algo!\""
    },
    {
      "Key": "0de61529-5b5f-4b4f-b3a0-507cb007f4e4",
      "Value": "\"Por que você não pode acreditar que todo mundo não é tão egocêntrico quanto você?\""
    },
    {
      "Key": "702b3182-874d-4edd-8848-9ee89863571c",
      "Value": "\"Ah, como Harrim está em qualquer lugar perto do normal. Somos um circo. – Palhaços, malucos e mágicos.\""
    },
    {
      "Key": "af49ce38-8a64-43c1-b01a-3d3d276f4a4a",
      "Value": "\"Eu duvido que o nariz ranhoso possa esconder qualquer coisa de mim.\""
    }
  ]
}