{
  "$id": "1",
  "strings": [
    {
      "Key": "c8ac6823-9826-4fa0-bfa6-9633f6a7daf3",
      "Value": "\"Por que todo mundo parece ainda mais infeliz do que o normal?\""
    },
    {
      "Key": "53e54c84-e452-44cd-968f-d3d122cf8bd8",
      "Value": "\"Você está quieta hoje. Caso esteja se perguntando, isso não foi uma queixa.\""
    },
    {
      "Key": "91dc3071-89d2-4293-a379-f889d09b841c",
      "Value": "\"Está tão frio, tão úmido... Por que decidimos acampar aqui?\""
    },
    {
      "Key": "41db1fac-8006-4b07-97b6-4fb9fd4da921",
      "Value": "\"Cheira como a axila de um troll aqui. Que diabos é isso – {name} tirou suas botas, ou há um cadáver apodrecido nas proximidades...\""
    },
    {
      "Key": "30f0aa3b-0f51-476c-ab76-a7b7be9c1481",
      "Value": "\"Não se vanglorie. Você sabe muito bem como esse ambiente afeta o moral do grupo.\""
    },
    {
      "Key": "dc812441-6340-460a-8ac2-ab3c6c3a2d23",
      "Value": "\"Hmm? Você acha? Eu pensei que nossos companheiros estavam gostando do espírito deste lugar...\""
    }
  ]
}