{
  "$id": "1",
  "strings": [
    {
      "Key": "efa4f7cf-55b1-41f5-bc34-2ef6c17f28fe",
      "Value": ""
    },
    {
      "Key": "b1095066-151b-46dc-9db7-c4e787ebdf34",
      "Value": ""
    },
    {
      "Key": "de00248e-b91d-444a-b680-2ea79158ae2b",
      "Value": ""
    },
    {
      "Key": "46195433-542d-4f05-98da-f6b5e1a7a27f",
      "Value": ""
    },
    {
      "Key": "290cb733-4a1a-48a5-b581-cf960b9e9415",
      "Value": ""
    },
    {
      "Key": "88d30395-9f94-4d08-a8d5-aa2e24e5c70b",
      "Value": ""
    },
    {
      "Key": "2872534b-1cf3-4933-bbbb-8e036195d4c5",
      "Value": ""
    },
    {
      "Key": "539a6a79-d3ef-493e-a346-cbe049bccd23",
      "Value": ""
    },
    {
      "Key": "3cfa3831-7329-452d-a87f-1eb744aca01f",
      "Value": ""
    },
    {
      "Key": "7339ffd4-5c29-4173-a7c5-1c2876f2786a",
      "Value": ""
    },
    {
      "Key": "79fe7194-a858-4ada-9922-07aac6c0e85f",
      "Value": ""
    }
  ]
}