{
  "$id": "1",
  "strings": [
    {
      "Key": "1c985c7a-e554-49f5-88e7-cbeb06de6f20",
      "Value": "\"Foi um dia difícil. Quer relaxar? Tenho algo de bom no meu frasco!\""
    },
    {
      "Key": "113fc46a-40b5-44a1-83c3-842808a2be54",
      "Value": "\"Ughh! 'Legal' para quem quer azia, úlcera e ressaca de três semanas! Guarde e não a retire. Quando voltarmos à capital, trarei a você algo realmente bom?\""
    },
    {
      "Key": "98c6e39f-c84f-45af-996e-4140f4a34c89",
      "Value": "\"Conhecendo você, eu acho que é mijo de burro, e assim que provarmos, você rirá, dizendo: 'Eu disse que era legal! E é bom para você também, ha ha ha hmmm!\""
    },
    {
      "Key": "f4698cf0-7c22-4111-8411-e9f268dc118f",
      "Value": "\"Conhecendo você, eu acho que é mijo de burro, e assim que provarmos, você rirá, dizendo: 'Eu disse que era legal! E é bom para você também, ha ha ha hmmm!\""
    }
  ]
}