{
  "$id": "1",
  "strings": [
    {
      "Key": "a177f8d7-736f-4425-83ba-eed38d35ef6a",
      "Value": "...tentar matar a irmã rapidamente, esperando que ninguém no acampamento a notasse."
    },
    {
      "Key": "33efefb9-811a-4466-93e0-20e8c5fbf5db",
      "Value": "...virou-se e fingiu consertar uma barraca."
    },
    {
      "Key": "d89e3daa-3d50-43f6-8819-6a7fb482cdc9",
      "Value": "...passou calmamente, esperando que a irmã não a reconhecesse, afinal."
    },
    {
      "Key": "42fda50a-7cf9-48d0-b314-950fc564ea6e",
      "Value": "...correu por uma passagem lateral, esperando evitar o aviso da irmã."
    },
    {
      "Key": "e3a87b96-981b-492c-8ac8-15204d30cc53",
      "Value": "Esperando que ninguém no campo notasse, Amiri atacou a irmã por trás."
    },
    {
      "Key": "1e0a3e36-58ed-4893-9c49-2fd9b9479e55",
      "Value": "Tentando parecer ocupado, Amiri seguiu a irmã, esperando que os guardas não a interrogassem."
    },
    {
      "Key": "da5332f5-3f7f-4418-aad3-ac2f39ab2bd2",
      "Value": "Na esperança de ouvir algo interessante, Amiri seguiu a irmã despercebida."
    },
    {
      "Key": "916edb3c-d2fa-4ba5-8176-3014536df0bc",
      "Value": "Esperando a irmã sair da vista, Amiri continuou a avançar."
    },
    {
      "Key": "c024d275-edc0-4c0a-8363-c3a860efe875",
      "Value": "Enquanto esgueirava-se pelo acampamento, Amiri viu uma capa familiar por perto. Uma das Irmãs Desfiguradas estava se aproximando! Amiri tinha certeza de que a feiticeira a reconheceria e causaria polêmica se fosse vista. O que ela deveria fazer nessa situação? Amiri..."
    },
    {
      "Key": "5a6e13f3-57a0-4ff3-8f07-b374105fc962",
      "Value": "Subjugando sua resposta de luta ou fuga, Amiri se afastou da Irmã e se ajoelhou junto a uma das tendas, tentando consertar suas apostas. A bruxa passou sem um segundo olhar."
    },
    {
      "Key": "11b69566-5f38-472c-b908-209dc9a78b30",
      "Value": "Fingindo indiferença no rosto enquanto seu coração batia loucamente, Amiri passou direto pela bruxa. A irmã nem a notou. Somente quando a feiticeira estava atrás dela Amiri ousou respirar. Ela fez isso!"
    },
    {
      "Key": "3858b3c6-682c-4ae9-84ae-6db5daf0ab16",
      "Value": "Fingindo indiferença no rosto, Amiri passou direto pela bruxa. Assim que ela pensou que o perigo havia passado, a irmã voltou-se para ela. \"Espere! O guerreiro dos Seis Ursos? O que você está fazendo aqui?\" Percebendo que o gabarito estava pronto, Amiri atacou a feiticeira."
    },
    {
      "Key": "7dbfc3e8-5462-48ca-ad8a-2ebecaf1b8af",
      "Value": "Amiri saiu correndo do caminho da irmã – em um salto, ela conseguiu se esconder atrás de uma barraca. Um bárbaro que passava lançou-lhe um olhar surpreso, mas ele apenas resmungou algo sobre ursos loucos e continuou seu caminho. Enquanto isso, a irmã continuou seu caminho. O perigo imediato havia passado!"
    },
    {
      "Key": "562c89a3-ee2d-43eb-be51-d4d45c74ada1",
      "Value": "Amiri saiu correndo do caminho da irmã – e, embora fosse rápida, não era delicada demais. Tropeçando em uma das cordas masculinas da barraca, ela derrubou a barraca com um clamor. A irmã olhou para ela e franziu a testa. \"Você não é um lorde tigre... O que você está fazendo aqui?\" Percebendo que o gabarito estava pronto, Amiri atacou a feiticeira."
    },
    {
      "Key": "5745cebc-5eb1-4c64-9842-f68aed3775a6",
      "Value": "Amiri não foi muito longe – sem falar com ninguém, a irmã passou direto pelos guardas e entrou na tenda de Armag. \"Bem,\" pensou o bárbaro, \"ainda melhor! Agora não precisarei persegui-la.\""
    },
    {
      "Key": "bda8d566-9619-41b6-bd00-a849badecd17",
      "Value": "A irmã passou pelos guardas e foi exatamente para onde Amiri estava indo – em direção à tenda de Armag. \"Bem,\" pensou o bárbaro, \"ainda melhor! Agora não precisarei persegui-la.\""
    },
    {
      "Key": "714a31bb-5ce0-4c62-b717-51cd0cfe0271",
      "Value": "Amiri seguiu a irmã, fingindo completamente que tinha todo o direito de estar lá. Os guardas compraram seu ato – eles a deixaram seguir a irmã sem questionar. O bárbaro sorriu satisfeito. Seu objetivo estava próximo!"
    },
    {
      "Key": "19db02bb-32b2-4b2b-b40e-ba3d84cb4573",
      "Value": "Amiri seguiu a irmã com confiança, fingindo completamente que tinha todo o direito de estar lá. Infelizmente, os guardas se mostraram mais vigilantes do que o esperado – deixaram a irmã entrar sem questionar, mas pararam Amiri. Ela amaldiçoou a si mesma – por que agora, com seu objetivo tão perto?!"
    }
  ]
}