{
  "$id": "1",
  "strings": [
    {
      "Key": "7ab44dd1-5ad6-4d1e-888c-26f3c6885aa2",
      "Value": "\"Por quê?\""
    },
    {
      "Key": "3a91d8c5-e6f8-458a-98c9-06c0460ee335",
      "Value": "\"Eu quero olhar em volta primeiro.\""
    },
    {
      "Key": "704fb294-de45-4134-8958-54362bec7e7d",
      "Value": "\"Eu não pedi seu conselho.\""
    },
    {
      "Key": "f8852b98-3531-4350-ad29-f530d43f3949",
      "Value": "\"Qual é o problema?\""
    },
    {
      "Key": "9e52095c-ef4f-424a-b8b2-6c8a2eda51ce",
      "Value": "\"Muito bem. Vamos voltar e recolher esta passagem.\""
    },
    {
      "Key": "0f826592-e7c2-44db-b305-79dc21fbf0f1",
      "Value": "\"Como você diz, Tristian. Vamos voltar e recolher a passagem.\""
    },
    {
      "Key": "55ca7d64-2cb3-44fb-a143-5f8dbcc5f276",
      "Value": "\"Vou embora quando decidir que é hora de partir.\""
    },
    {
      "Key": "06447d60-4450-4613-9cd3-98cfd9ce105a",
      "Value": "\"A segurança de nosso pessoal vem em primeiro lugar. Vamos fazer o que você diz – vamos voltar e fechar a passagem.\""
    },
    {
      "Key": "5144da90-0673-43c5-ac62-ab34534df3b8",
      "Value": "\"Quero examinar esta parte do sepulcro, Tristian. Não há nada de errado nisso.\""
    },
    {
      "Key": "10909003-1065-4ddd-a1ff-b3edee97d836",
      "Value": "\"Se houver poder aqui, farei com que ele me sirva.\""
    },
    {
      "Key": "f3987bfa-9c6c-43df-b545-fdf543ed1886",
      "Value": "\"Vamos sair deste lugar. Agora.\" {n}Tristian fica em silêncio por um momento.{/n} \"E devemos fechar a entrada. Portanto, ninguém... nunca...\""
    },
    {
      "Key": "b4e0e9a7-2fd4-4c94-9f62-7cddc0054afd",
      "Value": "\"Esta câmara... é...\" {n}Tristian olha para você, mas não parece vê-lo – seus olhos, normalmente calmos, estão perturbados.{/n} \"É o coração do mal que preenche toda a tumba. Tudo aqui traz vestígios daqueles que Vordakai adorava.\""
    },
    {
      "Key": "8a39b696-9c54-483e-9ad4-ff257dd2fd42",
      "Value": "\"Eu imploro, deixe-nos sair deste lugar. Não quero que você sofra o destino de Vordakai – você ou qualquer outra pessoa. Os poderes das trevas são fortes aqui. Eles podem corromper até os corações mais fortes.\""
    },
    {
      "Key": "24871d17-a048-4d8a-9e5a-c01bc8ca5245",
      "Value": "{n}Tristian dá um passo em sua direção.{/n} \"Eu raramente insisto, {name}, mas você deve voltar!\" {n}Ele se recupera e sua voz baixa.{/n} \"Eu imploro... por favor. Volte.\""
    },
    {
      "Key": "0d1ec4bc-e03b-4003-8eae-2ee262ab67e4",
      "Value": "{n}Tristian fica calado por um momento.{/n} \"Assim seja. Mas eu imploro – não deixe que o mal deste lugar tente você.\""
    }
  ]
}