{
  "$id": "1",
  "strings": [
    {
      "Key": "818fad84-eb04-48fb-a8d1-6e7ef541ed9d",
      "Value": "[Apertar a mão do goblin] \"Feito.\""
    },
    {
      "Key": "53ae90bc-7bd1-4cb0-a215-6da2f157b228",
      "Value": "[Atacar] \"Eu não negocio com goblins, eu os fatio.\""
    },
    {
      "Key": "0ce7ca35-cb93-4927-b3a8-f470ce8302f9",
      "Value": "\"O que você está vendendo?\""
    },
    {
      "Key": "c212eb94-f055-4fd2-8823-dcf71cc643bb",
      "Value": "\"Como vão os negócios?\""
    },
    {
      "Key": "df16e6af-eec3-4a5a-9d9d-3f5368c7874b",
      "Value": "\"Mostre-me suas mercadorias.\""
    },
    {
      "Key": "2ff4b40b-6b29-48f5-ae36-5ae2c6a55506",
      "Value": "[Sair] \"Boa sorte com suas vendas.\""
    },
    {
      "Key": "2f1dbbae-e0b0-49c9-aea4-78924fbfe220",
      "Value": "{n}Quando você se aproxima, o goblin se levanta, sorrindo com dentes largos e amarelos quase tão afiados quanto seus olhos. Você percebe um saco grande e sujo atrás dele, que quase confundiu com um segundo goblin.{/n} \"Ah, {mf|um aventureiro|uma aventureira}! Cumprimente e venha bem! Eu ser Chwurk, um comprador! Eu vendo, eu troco – o que vocês, balançadores-de-espadas precisar, eu oferecer! Qué comprar alguma coisa? Eu posso ver nos seus olhos, sim, você qué! Só cinco moedas de dinheiro! Não tem tanto? Dez então! Não? Negocie, eu dou desconto – apenas metade... metade de cem! E então, temos acordo? Acordo, acordo?\" {n}Ele estende a palma da mão, tentando apertar sua mão.{/n}"
    },
    {
      "Key": "31669cef-ba2f-4c43-8714-f36a0e57eb80",
      "Value": "{n}A palma do goblin está coberta por algo pegajoso que você não consegue identificar – mas pode definitivamente se arrepiar em sua pele. Alheio, ele continua apertando sua mão com entusiasmo – ele tem um aperto incrivelmente forte.{/n} \"Ótimo! A gente é ricos agora! Um lote de todos os tempos!\" {n}Ele lentamente para de apertar sua mão e você aproveita a oportunidade para se soltar das garras dele.{/n} \"Espera... espera, espera, o que a gente tá negociando mesmo?\""
    },
    {
      "Key": "73963983-2477-443f-b744-5a5f6ac92f27",
      "Value": "\"Tudo o que você precisa para aventuras, pra lançá magias e girar espadas! É só olhá para você {mf|mesmo|mesma} – quem você pode vencê com metal e coisas como essas? Só hoje, só pra você – as melhores armas feitas pelos melhores artesãos dos goblins! Espere...\""
    },
    {
      "Key": "b4c5faa7-4cbd-4f86-8d01-32cd61710cb0",
      "Value": "{n}O goblin enfia a mão no saco e retira... um graveto com uma unha enferrujada na ponta. Ele balança várias vezes com um SWSSSSH, quase batendo no próprio ouvido.{/n}\n\"Esta aqui – pode derrubá um troll! Pega, não são muitas moedas. Não gostou? Tudo bem, eu posso vender uma hidra pra você, se você quisé! É uma boa hidra, com todos os dentes e garras! Só por uma casa gigante de moedas – e ela é sua!\" {n}Ele demonstra uma expressão sombria, como se tivesse medo de ser enganado.{/n} \"Eu entrego – mas você paga!\""
    },
    {
      "Key": "36f14347-a3a1-468d-8ec5-71a2588da312",
      "Value": "\"Não é bom. Não se pode negociar com eles! Eles não ter dinheiro, nem um único círculo brilhante ou de cobre – só dentes, e pedras.\" {n}O rosto do goblin ilumina de repente.{/n} \"Ei, e você, você tê dinheiro?\" {n}Tão repentinamente ele estreita os olhos.{/n} \"Mas talvez você quer me enganar? Vê mercadorias, aceitá mercadorias, e correr? Se for assim, eu quero vê dinheiro primeiro!\""
    },
    {
      "Key": "245aa08f-f4a8-4a8c-80ea-95463e3732d2",
      "Value": "\"Aieee, espere! Sem garras!\" {n}Quase mais rápido do que seus olhos podem seguir, o goblin pega o saco, mergulha sob a cerca mais próxima – e desaparece.{/n}"
    },
    {
      "Key": "dc834186-21e9-49f0-844b-ac81a8865e54",
      "Value": "\"Como você está? Matou muitos animais? Precisa de mercadorias? Pronto para fazer um acordo agora com Chwurk? Diga sim!\" {n}O goblin empurra a palma da mão, tentando apertar sua mão.{/n}"
    },
    {
      "Key": "7cec85d1-5e7e-41df-ae09-10f3b7e53127",
      "Value": "\"E isto, senhoras e senhores, é precisamente como a maioria dos comerciantes de {g|Absalom}Absalom{/g} faz negócios.\""
    },
    {
      "Key": "a16a749b-4135-456f-95dd-dff4cda76f2e",
      "Value": "\"Por que falar com esses vermes? Apenas corte-os e esqueça-os.\""
    }
  ]
}