{
  "$id": "1",
  "strings": [
    {
      "Key": "ac6fef5b-1161-4be0-a04e-fdfbf8b40257",
      "Value": "\"Eu notei que você estava olhando para um mapa de Kelesh. Você está tentando descobrir de onde eu sou? Eu posso te mostrar se você quiser.\""
    },
    {
      "Key": "ff2ab809-2bd1-43d8-bdfb-74f2e1c66425",
      "Value": "\"Claro que você pode... Mas não era isso que eu estava procurando. Veja, eu sei algumas coisas sobre os costumes de Kelesh, e... De qualquer forma, isso não importa. Vou chegar ao fundo disso, tenha certeza disso!\""
    }
  ]
}