{
  "$id": "1",
  "strings": [
    {
      "Key": "dd55a5f3-5e3b-43ec-b33f-565feec0d8f1",
      "Value": "\"Dói muito perder um amigo...\""
    },
    {
      "Key": "97357e18-0567-4fe2-bce5-99842081da25",
      "Value": "\"A vida é tão frágil, não é? Um momento em que você vive, no outro você se vai...\""
    },
    {
      "Key": "9025b18f-34f5-419a-9db3-b6239b44baf1",
      "Value": "\"Mais uma centelha, extinta... Mais uma alma foi para o julgamento de Pharasma, na pálida gloam do meu deus...\""
    },
    {
      "Key": "423b6b72-5bf7-4d9a-91cc-e20ec7af524d",
      "Value": "\"Não chore. Ver você chorando me faz sentir vazio por dentro.\""
    },
    {
      "Key": "b38aa366-22fa-4bcb-889e-8b738aa2e7e6",
      "Value": "\"Eu não sei como confortá-lo. Mas se você não se importa, eu vou ficar aqui sentada com você. Você sabe como é o ditado? Uma tristeza compartilhada é meio sofrimento, uma esperança compartilhada é esperança duas vezes.\""
    },
    {
      "Key": "38912aa4-53ba-48a4-a1a2-2672f1277d6a",
      "Value": "\"Pare de choramingar. – eu disse, pare de choramingar! Quando você está tão chateada, eu fico inquieta!\""
    },
    {
      "Key": "cde74232-9a3b-4a7c-806d-1b91f8922635",
      "Value": "\"Naaa. A vida é dura. Se você sobreviver – então vale a pena!\""
    },
    {
      "Key": "43b7e415-3f4e-4d02-8d62-498b26ed5602",
      "Value": "\"Eu sei que você teve sua parte de perdas amargas em sua vida...\""
    },
    {
      "Key": "53bf2bf3-7fd5-4960-b84e-4107e3881504",
      "Value": "\"Eu sei que você teve sua parte de perdas amargas em sua vida...\""
    }
  ]
}