{
  "$id": "1",
  "strings": [
    {
      "Key": "86865539-fc28-4e6e-8d84-914f1541f0ed",
      "Value": "[Não interfira]"
    },
    {
      "Key": "d3c132e8-6994-4ae0-a7b4-f5a70ce62ed7",
      "Value": "\"Regongar, ela está certa.\""
    },
    {
      "Key": "767cdcdf-6eb3-4dc1-aef2-64835e01c119",
      "Value": "\"Octavia, você é injusta com ele.\""
    },
    {
      "Key": "a71cabce-0e1b-4293-ae35-40cc458664b6",
      "Value": "\"Octavia, Regongar... Você está prestes a dizer coisas das quais se arrependerá até o fim de suas vidas. Você realmente sobreviveu a Numéria juntos, apenas para gritar um com o outro agora que está livre?\""
    },
    {
      "Key": "e3bed504-f21a-4bfc-8cd9-7e693f0a8e58",
      "Value": "\"Estou farto das suas brigas! Trate-se como quiser, mas me deixe fora disso!\""
    },
    {
      "Key": "c0eaf653-153d-457b-9668-bfb62a95e8f8",
      "Value": "\"Não se preocupe, ela vai voltar.\""
    },
    {
      "Key": "b838b981-17bc-46b2-a3d9-03f3b430e8ba",
      "Value": "\"Por que você ainda está sentado aqui? Corra atrás dela!\""
    },
    {
      "Key": "7ae3dcd4-a459-47af-bf31-1c8d399713b5",
      "Value": "\"Você estava certa. A culpa é dela.\""
    },
    {
      "Key": "38852575-d6a2-4e57-8b43-c73fb57ff318",
      "Value": "[Abraçar Regongar sem dizer uma palavra]"
    },
    {
      "Key": "330ca746-8d84-4ea6-98e7-b2cb18c53e08",
      "Value": "\"Por que você ainda está sentado aqui? Corra atrás dele!\""
    },
    {
      "Key": "2175b6cd-f3e4-43ac-8ab2-e2c487214c25",
      "Value": "\"Não se preocupe, ele vai voltar.\""
    },
    {
      "Key": "32c0bb3a-d5be-42ed-b9ab-978114417f4c",
      "Value": "\"Você estava certo. A culpa é dele.\""
    },
    {
      "Key": "8ac40f2b-949c-47b0-b770-2fa45016a0de",
      "Value": "[Abraçar Octavia sem dizer uma palavra]"
    },
    {
      "Key": "f1015e7f-a0e3-447a-b839-dc03156c48f2",
      "Value": "\"Eu tenho certeza. Eu amo vocês dois tanto quanto vocês se amam.\""
    },
    {
      "Key": "a49d8158-4697-4bf0-9b3f-1b54df5dfd12",
      "Value": "\"Eu não tenho mais tanta certeza. Vocês dois têm fogo suficiente em suas vidas sem mim!\""
    },
    {
      "Key": "4041d3f0-ac56-45a7-82ce-f701fb5517e3",
      "Value": "\"Eu não aguento mais suas lutas. Lute contra tudo o que você quiser – eu tenho Tristian!\""
    },
    {
      "Key": "1c02b073-7a97-4a7f-a1b0-b4d30950cd3d",
      "Value": "\"Eu não aguento mais suas lutas. Lute contra tudo o que você quiser – eu tenho Valerie!\""
    },
    {
      "Key": "80275b13-e1f8-4bbe-96c5-0c70878c5f13",
      "Value": "\"Receio que não. Vocês dois têm fogo suficiente em suas vidas, e eu tenho Tristian."
    },
    {
      "Key": "fb0015b0-3647-4359-bafe-0249b18c08ad",
      "Value": "\"Receio que não. Vocês dois têm fogo suficiente em suas vidas, e eu tenho Valerie."
    },
    {
      "Key": "27fb81d8-0ea4-4fb0-94fc-85350fa4ffcb",
      "Value": "\"Eu não aguento mais suas lutas. Lute com ela, ou faça as pazes, ou faça o que quiser – eu tenho Tristian!\""
    },
    {
      "Key": "237b92af-ec13-408e-b43e-5931a4217f5c",
      "Value": "\"Eu não aguento mais suas lutas. Lute com ela, ou faça as pazes, ou faça o que quiser – eu tenho Valerie!\""
    },
    {
      "Key": "1ff4ae22-db3c-4028-a6f6-7415d2e116cb",
      "Value": "\"Eu não aguento mais suas lutas. Lute com ele ou faça as pazes – faça o que quiser, eu tenho Tristian!\""
    },
    {
      "Key": "aff7ba14-4361-45a1-bfa6-d1f3c5e8ded4",
      "Value": "\"Eu não aguento mais suas lutas. Lute com ele ou faça as pazes – faça o que quiser, eu tenho Valerie!\""
    },
    {
      "Key": "b7544c38-dd7d-49cd-852d-808adf8dac23",
      "Value": "\"Estou farto das suas brigas! Faça um trabalho entre vocês dois e me deixe de fora!\""
    },
    {
      "Key": "80b70688-9701-42b1-bcfb-030a2240e381",
      "Value": "\"Estou farto das suas brigas! Faça um trabalho entre vocês dois e me deixe de fora!\""
    },
    {
      "Key": "cba5f3ce-063c-410b-9f6c-27c965789322",
      "Value": "{n}Você, Octavia e Regongar vão à taberna para descansar após uma campanha.{/n}"
    },
    {
      "Key": "44cb95ca-31ba-4189-a30d-a0b45552435f",
      "Value": "\"Então, minha Octavia? Devemos beber para novas vitórias?\""
    },
    {
      "Key": "9ec34e47-c2cf-4aa4-9ace-1bc62384d8d9",
      "Value": "{n}O sorriso do meio-elfo desaparece. Ela coloca sua caneca firmemente sobre a mesa.{/n} \"Regongar, querida! Por favor, tente se lembrar, quantas vezes eu pedi para você não me chamar assim?\""
    },
    {
      "Key": "e889fc93-03c0-4412-aae2-62be1c9c2664",
      "Value": "\"Oh, não seja assim, é apenas uma palavra!\""
    },
    {
      "Key": "9b340eee-beb1-42af-ab79-f99f9c933785",
      "Value": "\"Apenas uma palavra que é dolorosa para mim ouvir. O que eu pedi mil vezes para não dizer. Mas você simplesmente não se importa! Já tivemos essa conversa antes! E não apenas uma ou duas vezes!\""
    },
    {
      "Key": "0dc3666b-5d43-4a94-a736-837e57ca2be1",
      "Value": "\"Por que você continua me afastando – e quanto mais eu tento por você, pior fica? {Name} não pega em todos os meus espirros! Você sabe, é apenas uma palavra... Uma palavra terna! Você sabe Eu te chamo assim porque te amo, não porque estou tentando fazer de você minha posse ou algum outro motivo insano que você inventou!\""
    },
    {
      "Key": "91e065dc-245b-44bd-b8c6-a5b2e82a99d5",
      "Value": "\"{Name} é apenas mais paciente com suas besteiras do que eu. É disso que estou falando! Aqui não é uma palavra delicada para mim, e você sabe disso! Reg, você está sempre fazendo algo louco que Eu não pedi para você fazer, não quero que você faça – ou até pedi para não fazer – e então você diz que é tudo por causa desse grande amor que você tem por mim. Bem, se você me ama tanto, por que você não liga para o que eu digo?\""
    },
    {
      "Key": "77ac8a8c-a046-49b2-a74e-ce82df438fc7",
      "Value": "{n}A voz de Regongar fica embotada, ele fala devagar, como um cachorro rosnando se preparando para atacar.{/n} \"Eu? Não ligo para você? Você tem a coragem de me acusar de negligenciá-lo? Octavia, por que você acho que estou fazendo toda essa merda? Para ganhar uma gota de seu carinho! Você está se afastando de mim a cada dia que passa – e o que devo fazer? Estou sufocando sem você. Você se lembra de como nos salvamos na Numéria? Do jeito que você é agora – não sei como teria sobrevivido sem {Name}!\""
    },
    {
      "Key": "47203d76-b402-49f7-956a-b738eb905057",
      "Value": "{n}Octavia desvia o olhar.{/n} \"Sinto muito. É só que... Às vezes seu amor dói. É muito feroz, muito agressivo. Você não me deixa espaço!\""
    },
    {
      "Key": "37261195-32db-4c2c-bdc8-0b855614c762",
      "Value": "\"Doente de -?! Tudo bem! Você não vai ouvi-los novamente! Nós ficaremos quietos como ratos! Só não ouse dizer novamente que me ama!\" {n}Levantando-se da mesa, Octavia sai rapidamente da taberna e bate a porta.{/n}"
    },
    {
      "Key": "79c5a8b9-abf9-422c-9941-f0afc400b234",
      "Value": "\"Então você está cansado de nós, hein? Bem... eu sabia que nosso amor terminaria assim. Jogamos um pouco e agora já basta!\" {n}Levantando-se da mesa, Regongar corre para fora, batendo a porta.{/n}"
    },
    {
      "Key": "3d95f19a-e2ae-46c9-9779-9582b71919aa",
      "Value": "\"Tudo bem! Você não ouvirá mais brigas ou qualquer outra coisa! Ficaremos tão quietos quanto ratos! Só não se atreva a dizer novamente que me ama!\" {n}Octavia sai correndo da taberna.{/n}"
    },
    {
      "Key": "6b85944f-6183-4894-8194-1376f6cf66ef",
      "Value": "\"Bem... eu sabia que nosso amor terminaria assim. Tocamos por um tempo, e agora acabou!\" {n}Regongar sai correndo da taberna.{/n}"
    },
    {
      "Key": "5e4510f5-47fe-47cc-ba1a-bbd25182fec4",
      "Value": "{n}Regongar olha para você com raiva.{/n} \"Você está do lado dela? Tudo bem! Continue brincando um com o outro. Apenas me deixe de fora!\" {n}Regongar se levanta da mesa, corre para fora e bate a porta.{/n}"
    },
    {
      "Key": "31bc52b1-3901-422a-8949-bc208251fc42",
      "Value": "{n}Octavia bate a mão na mesa.{/n} \"Você realmente não entende por que é insuportável? É como se eu estivesse falando com uma parede! Vocês dois são perfeitos um para o outro! Quer saber? Eu acho é melhor você ter uma dupla feliz e me deixar de fora! \" {n}Octavia se levanta da mesa, sai tempestuosa da taberna e bate a porta atrás dela.{/n}"
    },
    {
      "Key": "135d4908-c516-4fac-8d0a-01599dd4530e",
      "Value": "\"Você está falando sério? Tudo bem! Se é isso que você quer!\" {n}Octavia se levanta da mesa, sai tempestuosa da taberna e bate a porta.{/n}"
    },
    {
      "Key": "06561d98-d6e0-4442-a020-5d9a7eaa7360",
      "Value": "{n}Regongar pula da mesa, corre para fora e bate a porta.{/n}"
    },
    {
      "Key": "0b733952-c83e-4027-bfc5-fd8ba3840cd7",
      "Value": "{n}Regongar já respirou fundo para responder furiosamente, mas ele apenas exala e olha para baixo, envergonhado. Um silêncio inquieto paira sobre a mesa.{/n}"
    },
    {
      "Key": "161a9b58-9eb7-4172-ac23-f241f2e02703",
      "Value": "\"Não. Ela não vai. Você não entende... Já faz muito tempo.\""
    },
    {
      "Key": "9f3e06cc-084b-4d1d-aefb-4c6d364e759b",
      "Value": "\"Agora eu não tenho ninguém. Ninguém... exceto você.\""
    },
    {
      "Key": "1b7b0342-3751-4f18-bb2e-417dda9f4055",
      "Value": "\"Não adianta. Já faz muito tempo... Finalmente acabou, depois de uma longa e dolorosa agonia.\""
    },
    {
      "Key": "02060b53-64a3-414f-b1fd-6b00a3369f01",
      "Value": "{n}O meio-orc se apega a você com força.{/n}"
    },
    {
      "Key": "ffb27b85-faac-412b-a4ab-b92b4d03f291",
      "Value": "\"Não, a culpa é minha! Mas... por que isso importa? Acabou agora.\""
    },
    {
      "Key": "ffcce0bc-b6a0-4e33-8dc1-a4e91fad938f",
      "Value": "\"Não, é tarde demais agora. Faz... nem todas as rosas entre nós há muito tempo... E está ficando pior. Isso tinha que acontecer – e finalmente aconteceu.\""
    },
    {
      "Key": "913ea388-48a9-408b-9777-277c8fe6ea68",
      "Value": "\"Não. Ele não vai. As coisas não estão dando certo conosco há muito tempo – e está piorando. Mais cedo ou mais tarde isso teve que acontecer – e finalmente aconteceu.\""
    },
    {
      "Key": "2f63aca8-b9cf-4047-aa00-70ebeab8d7bc",
      "Value": "\"Não, não... eu não era justo! Mas agora... agora tudo acabou.\""
    },
    {
      "Key": "61ae481a-4735-48dc-93a9-2e577c6f7e7d",
      "Value": "{n}Octavia se apega a você com todo o corpo. Você a sente tremendo.{/n}"
    },
    {
      "Key": "aa11882b-5b06-4cbf-aa92-713b93607d3a",
      "Value": "\"Eu o perdi, {Name}. Eu o perdi para sempre. Agora só tenho você.\""
    },
    {
      "Key": "f976ac3d-0050-4866-ab60-c4c03e0c8d5f",
      "Value": "\"Perdoe-me. Eu exagerei. Eu sei que você me ama... No final, você está certa – é apenas uma palavra.\""
    },
    {
      "Key": "f48b1f3d-67e8-4509-a6e4-741026460689",
      "Value": "\"Não, você me perdoa. Eu continuo tentando agir na sua frente, para provar que eu te amo... Quando, em vez disso, eu deveria ter feito uma coisa simples – cale a boca e ouça! Sinto muito. Eu... Eu não vou dizer essa palavra novamente.\""
    },
    {
      "Key": "03c166fc-84c7-408b-b71c-28f9bb1b9da3",
      "Value": "{n}Octavia cobre a mão de Regongar com a dela.{/n} \"Prove? Por que você precisa provar alguma coisa? Não sabíamos que nos amamos por quase toda a vida?\""
    },
    {
      "Key": "c0518f7c-0b1b-4ebb-a388-3bc9359b56bb",
      "Value": "\"É que desde que nos libertamos, você me afastou mais e mais! Você se afasta, grita, fica com raiva de eu não saber o que...\""
    },
    {
      "Key": "a823f0a2-35f8-47d2-b3cc-3e8bf51aa39d",
      "Value": "\"Você não sabe o que? Você acabou de dizer o quê! Apenas ouça a si mesmo – você acabou de dizer por que eu fico com raiva de você! Porque você age como um insuportável... Oh. Estou fazendo de novo... Eu estou fazendo isso de novo... Sinto muito, Reg, sinto muito! O que é isso? Nós nos amamos. Eu sei disso, você sabe disso. Por que somos tão idiotas que não podemos parar de nos machucar? \" {n}O meio-elfo olha para você.{/n} \"Você tem certeza de que quer se envolver com um casal como este? Você vê como nós brigamos um com o outro. É provável que você seja pego no meio!\""
    },
    {
      "Key": "03c6e135-b446-402c-8a1a-530eca6fd73e",
      "Value": "\"Então talvez só para você eu tenha certeza de ouvir as pessoas que amo e pensar sobre isso antes de dizer ou qualquer coisa estúpida.\""
    },
    {
      "Key": "e3efaf02-4fd2-4415-bcb4-32fa2a9e33c6",
      "Value": "{n}Octavia segura sua mão na dela.{/n} \"Nós três tivemos uma vida difícil. E você sabe... O reino, nossos companheiros, o dinheiro e a glória – tudo isso pode desaparecer em por dia. Tudo o que realmente temos é um ao outro. Vamos prometer a nós mesmos que ficaremos juntos – não importa o que aconteça!\""
    },
    {
      "Key": "9e11c5f0-138c-4c44-b6ec-5b2b9573dcc7",
      "Value": "\"Há, isso é verdade! Enfim, obrigado por falar um pouco de nós. Octavia, eu prometo a você, tenho mais medo de perdê-lo do que qualquer outra coisa no mundo. E quando você me afasta, eu simplesmente perco É por isso que eu... Faço, bem, tudo o que faço.\""
    },
    {
      "Key": "1de351d5-39c8-4ebb-8792-9041e0acfcf7",
      "Value": "\"Eu também tenho medo de te perder. Prometo que não vou mais afastá-lo. Apenas me prometa que você às vezes pensa antes de dizer ou fazer as coisas, certo?\""
    },
    {
      "Key": "5a95f042-a91c-44af-994b-e6793d4fe566",
      "Value": "{n}Octavia e Regongar selam seus votos com um beijo apaixonado.{/n}"
    },
    {
      "Key": "af8c08d5-d6af-4f48-b3eb-6a8359521a14",
      "Value": "{n}Regongar pega você pela mão.{/n} \"Eu prometo!\""
    },
    {
      "Key": "8535432f-072a-474d-9860-9e04b4cdf916",
      "Value": "\"Você sabe o quê? Você está certo! Se esse relacionamento não está nos trazendo nada além de dor, talvez seja melhor se acabarmos com isso!\" {n}Octavia se levanta da mesa, sai tempestuosa da taberna e bate a porta.{/n}"
    },
    {
      "Key": "9182b5f8-7c11-478f-a254-8ff052d4b46b",
      "Value": "\"Bem, isso não demorou muito, não é? Está certo... Pelo menos você é honesto! Ao contrário de alguém que conhecemos! Quem disse que ela me ama e sempre encontra motivos para fazer beicinho e me fazer engatinhar implorando por apenas um pouco de calor! \" {n}Regongar pula da mesa, corre para fora e bate a porta.{/n}"
    },
    {
      "Key": "7be07fc5-52df-44dd-b875-31a99212234f",
      "Value": "\"Você dirá a Tristian que acabou entre você e ele? Ele entenderá. Mas ele não será capaz de compartilhar você comigo.\""
    },
    {
      "Key": "3fa6e482-5ee6-4442-97c3-fd6991ce3eed",
      "Value": "\"Você dirá a Valerie que acabou entre você e ela? Ela entenderá. Mas ela não será capaz de compartilhar você comigo.\""
    },
    {
      "Key": "2c6eed96-7b44-4400-8e10-247f57396afd",
      "Value": "\"Tristian ainda espera que seja você e ele. Não leve o garoto adiante, certo? Diga a ele que acabou ou você acabará fazendo com que ele sofra por nada.\""
    },
    {
      "Key": "c7520d0b-a8f3-4867-92ee-3517552a3c42",
      "Value": "\"Valerie ainda espera que seja você e ela. Não leve a garota adiante, certo? Diga a ela que acabou ou você acabará fazendo com que ela sofra por nada.\""
    },
    {
      "Key": "99d0a3fc-7b60-445f-9ea5-5988d66ce315",
      "Value": "{n}Você fica sentado de mãos dadas e olhando um para o outro. Então a ansiedade passa pelo rosto de Octavia.{/n} \"Você sabe... Tristian gosta de você. Regongar e eu não nos importamos, mas ele não é como nós. Ele espera que seja apenas você e ele. Não conduza o garoto está certo? Diga a ele que acabou ou você acabará fazendo com que ele sofra por nada.\""
    },
    {
      "Key": "f1f4b5db-4577-4d18-94f0-cc1a3d88b2ac",
      "Value": "{n}Você fica sentado de mãos dadas e olhando um para o outro. Então a ansiedade passa pelo rosto de Octavia.{/n} \"Você sabe... Valerie gosta de você. Regongar e eu não nos importamos, mas ela não é como nós. Ela espera que seja apenas você e ela. Não conduza a garota está certa? Diga a ela que acabou ou você acabará fazendo com que ela sofra por nada.\""
    },
    {
      "Key": "fdb86291-dd09-4f09-949d-9e3aad7aa2fb",
      "Value": "\"É disso que estou falando! Aqui não é uma palavra delicada para mim, e você sabe disso! Veja {name}: {mf|ele|ela} respeita meus pedidos, mesmo que {mf|ele|ela} ache isso irracional, porque {mf|ele|ela} me respeita. Reg, você está sempre fazendo algo louco que eu não pedi para você fazer, não quer que você faça – ou até mesmo não pediu fazer – e então você diz que é tudo por causa desse grande amor que você tem por mim. Bem, se você me ama tanto, por que não se importa com o que eu digo?\""
    },
    {
      "Key": "fa543e48-def0-43ae-9859-31ece46156ad",
      "Value": "{n}A voz de Regongar diminui, e ele fala devagar, como um cachorro rosnando se preparando para atacar.{/n} \"'Se?' 'E se?' Então, depois de todos esses anos... Depois de tudo o que passamos... Depois de tudo o que fiz por você... Você ainda não tem certeza se eu te amo? Se você está tão feliz com {Name} e tão infeliz comigo – talvez eu deva apenas ir, e não atrapalhar sua felicidade.\""
    },
    {
      "Key": "ec213496-eae6-4e08-b469-7b35eba5d444",
      "Value": "\"Por que você continua me afastando – e quanto mais eu tento por você, pior fica? Você sabe, é apenas uma palavra... Uma palavra terna! Você sabe que eu te chamo assim porque eu te amo, não porque eu estou tentando fazer de você minha posse ou algum outro motivo insano que você inventou!\""
    },
    {
      "Key": "b8d70d45-b616-4a65-a5e4-237880e34a48",
      "Value": "{n}Octavia desvia o olhar.{/n} \"Não foi isso que eu quis dizer... Seu amor dói. É muito feroz, muito agressivo. Você não me deixa espaço!\""
    }
  ]
}