{
  "$id": "1",
  "strings": [
    {
      "Key": "e22e4004-7adb-4100-804e-37257f787f40",
      "Value": "\"Estou tão feliz que passei na casa de Senhora Jamandi naquela noite. Nos divertimos, queimamos alguns assassinos e nos conhecemos muito bem...\""
    },
    {
      "Key": "9acd82ce-8754-475a-900a-ccf6669460f0",
      "Value": "\"Com o que você está tão feliz? É verdade, podemos não ter nos encontrado de outra maneira, mas muitas pessoas morreram naquela noite!\""
    }
  ]
}