{
  "$id": "1",
  "strings": [
    {
      "Key": "1f314dc7-508a-4fd3-a2c9-9e7b66c64dde",
      "Value": "\"As conversas Jub-Jub deixam os outros com raiva. Nok-Nok quer fazer o mesmo!\""
    },
    {
      "Key": "2ead4f62-83e4-427d-ad68-27904c2ca629",
      "Value": "\"Ai, meu bicho primitivo: para alcançar tal habilidade no sarcasmo, é preciso talento extraordinário, além de um intelecto brilhante, que, receio, é inatingível para aqueles de sua espécie... ei! Pare de fingir estar dormindo, seu pequeno pragas!\""
    }
  ]
}