{
  "$id": "1",
  "strings": [
    {
      "Key": "4fa32232-1dc7-495b-a1bd-8b07117575c9",
      "Value": "\"Minha mãe está morta, e eu... não sinto nada?\" {n}Nortellara fala em voz baixa.{/n} \"Talvez meu coração seja feito de pedra, como o dela? Perdoe-me, {mf|rei|rainha}. Há palavras que devem ser ditas em voz alta.\""
    },
    {
      "Key": "0ffd98e7-79ef-4adb-bf9e-b50431a3989b",
      "Value": "{n}O jovem elfo olha chocado para os corpos de sua mãe e de seus outros parentes.{/n} \"Um círculo interminável de morte... Começou em {g|Kyonin}Kyonin{/g} e terminou aqui. Para que foi tudo isso? Agora, o único que resta a perguntar – sou eu mesma.\" {n}Ela olha para você como se tivesse acabado de acordar.{/n} \"Se faz algum sentido, estou... grata pela minha salvação. Quero que você saiba, {mf|rei|rainha} – a partir de hoje, devo-lhe uma grande dívida.\""
    },
    {
      "Key": "e296e1b5-5339-4b40-a961-11bb47823229",
      "Value": "\"Cometi dois erros com ela,\" diz Nortellara quando você se aproxima.{/n} \"Na primeira vez, em {g|Kyonin}Kyonin{/g} – quando a defendi perante a corte e argumentei que ela pode mudar. Na segunda vez, aqui, quando eu tentei matar, acreditando que ela nunca poderia mudar.\""
    },
    {
      "Key": "876a150b-b05a-4313-a07a-0d24a8c15612",
      "Value": "\"Eu te devo minha vida, {mf|rei|rainha}. Minha vida e minhas esperanças. Rezo para que um dia eu possa retribuir em espécie, mas por enquanto...\""
    },
    {
      "Key": "87825eca-f68f-4253-8175-ce05ed2a37b9",
      "Value": "\"Gostaria de lhe dar uma das coisas de minha mãe. Acho que nunca mais poderei tocar nisso. Obrigado por tudo e adeus!\""
    }
  ]
}