{
  "$id": "1",
  "strings": [
    {
      "Key": "18c3b168-d4db-44ff-bd13-f291ad85d2e4",
      "Value": "{n}A magia de Cephal leva sua voz aos seus ouvidos.{/n} \"Receio ter superestimado a estabilidade dos cofres... Oh, que ponto está dando desculpas! – superestimei a mim mesmo. Sinto muito, meu amigo. Eu o decepcionei. Você terá que continuar sem mim.\""
    },
    {
      "Key": "c4d91870-d580-4bdc-927e-e450ed9efb7a",
      "Value": "\"Voltarei a Varnhold para reforços imediatamente. Vamos tentar cavar a passagem. Mas não espere por nós. Continue indo até as profundezas! Descubra quais segredos essa masmorra guarda! Talvez no fundo você consiga encontre a chave para salvar todos nós!\""
    },
    {
      "Key": "2a80d416-3385-4f2b-a817-c97d1196b787",
      "Value": "\"Boa sorte. Mas não adeus. Até mais!\""
    }
  ]
}