{
  "$id": "1",
  "strings": [
    {
      "Key": "c3e9e038-9ac2-40cb-96f3-05bbb6f1e5f5",
      "Value": "\"Conheci pessoas valiosas na recepção de Restov. Maegar Varn, lembro-me bem. Verdadeiramente, um leão de homem!"
    },
    {
      "Key": "bb14de18-f431-4b15-9f09-f9d0a6f3dd6f",
      "Value": "\"É claro que ele não segura uma vela para o nosso próprio líder. A intuição me diz que ele não subirá mais que um barão da província. Mas ele tem seus encantos!\""
    }
  ]
}