{
  "$id": "1",
  "strings": [
    {
      "Key": "31e55ee6-cb01-483b-a560-17e778bbd95b",
      "Value": "\"Eu nunca esperava isso de Tristian... mas agora ele mostrou suas verdadeiras cores.\""
    },
    {
      "Key": "1c0323ed-eca7-461d-9dc3-2d03860551ab",
      "Value": "\"Eu caçava o rato e o sufocava, mas não quero sujar minhas mãos.\""
    },
    {
      "Key": "c597f820-b297-4ec0-b44d-59c2cb661126",
      "Value": "\"Mas como ele chegou a isso?! Por que ele nos traiu? Eu não tinha ideia! Você não está nem um pouco interessado?\""
    },
    {
      "Key": "57e87a1b-3c3d-44c1-a393-ce71200caf1e",
      "Value": "\"Bem, eu tive uma idéia! Eu sempre pensei, e sempre disse, que havia algo errado com ele – e eu estava certo!\""
    }
  ]
}