{
  "$id": "1",
  "strings": [
    {
      "Key": "f0802cc4-8e57-4172-802d-53054a789c83",
      "Value": "\"Cephal, você não está fazendo nenhum sentido. Você diz que uma aliança com os Aldori terminará em um banho de sangue. Isso certamente significa que é melhor ficarmos longe deles!\""
    },
    {
      "Key": "6fbd8172-6a20-473b-9acf-d89b188d1b31",
      "Value": "\"Você quer dizer que precisamos esperar até que abaixem a guarda. Faça com que confiem em nossa ajuda... E quando a guerra civil estourar em Brevoy, ataque-os pelas costas?\""
    },
    {
      "Key": "3d1e1810-414a-4a14-9817-fe95e8bf1c65",
      "Value": "[Não diga nada]"
    },
    {
      "Key": "915d8cc4-fbf0-4c71-a025-faba938778e7",
      "Value": "\"Vocês dois estão errados. Os Aldori são nobres. Uma aliança com eles garantiria nossa prosperidade comum!\""
    },
    {
      "Key": "01e2669b-1654-470c-82f0-2775dc3e8752",
      "Value": "{n}Quando Kjerdi se aproxima de Varn, uma careta cruza seu rosto sombrio. Mas ela não fala uma palavra e, em vez disso, entrega a ele um documento.{/n}"
    },
    {
      "Key": "15d7560f-5877-4591-9899-dbd867c45319",
      "Value": "{n}{d|Cephal}Cephal{/d} pega o documento das mãos de Varn. Enquanto ele lê, os olhos do velho mago quase saltam de sua cabeça.{/n} \"{d|Varn}Maegar{/d}... O que isso significa? Diga-me – o que devo fazer com isso!?\""
    },
    {
      "Key": "8745f24d-24e2-432b-83ae-3f16f7680dd2",
      "Value": "\"Enviei uma ajuda muito necessária aos nossos vizinhos nos Campos do Picanço. Eles são nossos únicos aliados possíveis na carnificina que se aproxima. {d|Cephal}Cephal{/d}, conheço sua opinião, mas seja realista: os Aldori não somos nossos amigos. Não podemos contar com ajuda deles se algo acontecer. Somos dispensáveis.\""
    },
    {
      "Key": "a23085d6-6168-475f-b8fd-36c8c68b2b76",
      "Value": "\"Você não vai pregar realismo para mim, garoto ingênuo! Sim, estamos negociando com eles. É exatamente nisso que estou baseando minha política. Uma engenhoca delicada que você está quebrando em pedaços! A guerra chegará a Brevoy, até você pode ver isso. Mas, enquanto ainda não começou, mal podemos fazer melhor do que fingir ser os vassalos mais leais dos Aldori!\""
    },
    {
      "Key": "8205d104-1546-44ac-b074-d960db3b501c",
      "Value": "\"Eles são nobres, é verdade. Mas é a nobreza da aristocracia de Brevoy. – Quer sejam issianos ou correnterranos, eles não dão as boas-vindas aos forasteiros. Sinto muito por destruir seus sonhos de cavaleiros triunfantes de Aldori, meu amigo, mas tome isso por um fato: nossas vidas não são nada para eles.\""
    },
    {
      "Key": "c4635bc9-ceee-4bff-9f98-d2cfef242529",
      "Value": "\"E como você vai lidar com isso? Talvez Varnhold cresça um par de pernas e a cavalgemos até o outro extremo de Avistânia? \"Você não acha que vai funcionar? Então pare de sonhar em isolar o reino. Nós já fazemos parte deste jogo e não poderemos deixar quando o fumo sair do campo de batalha final!\""
    },
    {
      "Key": "176510ef-a9a9-4502-9efb-86e14a228448",
      "Value": "\"Exatamente! Louvado seja Asmodeus, pelo menos alguém neste circo itinerante pode me entender.\""
    },
    {
      "Key": "eba4e209-7f8f-427c-ab64-3bb713c4328f",
      "Value": "\"Bem dito, {d|Varn}Maegar{/d}. Mas se você entende isso, por que não dar o próximo passo lógico?\""
    },
    {
      "Key": "86c5972c-7a56-4234-977f-6038dc58fbd9",
      "Value": "\"Ouça-me com atenção, vocês três. Sim, Kjerdi, isso também envolve você. As coisas estão ruins. Primeiro, a terra aqui é fértil, mas sua colheita mais abundante são as sepulturas dos ciclopes. Segundo, ele compartilha uma fronteira com {g|Iobaria} Iobaria{/g}, conhecida por suas epidemias. – Os deuses proíbem que o vento leve a praga aqui! Os colonos relutam em vir aqui como estão, e eu mal posso culpá-los.\""
    },
    {
      "Key": "dae75daf-f7b2-46c2-b512-8a35b7fb756a",
      "Value": "\"Que vilania!\""
    },
    {
      "Key": "7f70787e-08e4-4d6d-81ce-241da7495f2c",
      "Value": "\"Não interrompa seu regente, {d|Varn}Varn{/d}, ou me alivie da posição neste instante! Agora. Qual é a coisa mais importante aqui? Os Aldori têm medo de desencadear uma guerra. Eles sabem que se eles Se tentássemos nos separar de Brevoy sem algum tipo de apoio externo, os Surtova os esmagariam, então devemos convencê-los de que somos seus aliados mais leais. Vamos alimentar os Aldori em um levante, e quando a agitação se recuperar, atacaremos eles nas costas, e fazê-los lutar em duas frentes!\""
    },
    {
      "Key": "5609a06e-5f47-4ea2-b02a-9de16aac6ecd",
      "Value": "\"Enquanto você, sua graça, estava bebendo vinho no banquete, eu estava ocupado adquirindo um mapa da Travessia de Nivakta. Olhe para essas fortificações. Se pudéssemos tomar a cidade, ganharíamos uma parte significativa da terra de Brevic junto! Depois de ajudarmos os Surtova a pendurar os Aldori nos portões, eles nos permitirão manter parte do que apreendemos como recompensa. Depois, teremos paz e prosperidade!\""
    },
    {
      "Key": "2e3ddcd0-ec18-48f6-adb9-23aaaed3d272",
      "Value": "\"Saia da minha frente, {d|Cephal}Cephal{/d}. Saia! Nunca o nome de {d|Varn}Maegar Varn{/d} seria manchado com uma vilania tão abominável! Isso nunca aconteceu enquanto eu estava líder de um partido mercenário, e não vai acontecer agora que eu sou o Barão!\""
    },
    {
      "Key": "a1b990ac-0e3f-4e7a-ab44-401235c14bc8",
      "Value": "\"Ótimo {g|Asmodeus}Asmodeus{/g}, o que eu fiz para merecer essa punição? Por que eu ligo com você? Eu deveria ter tomado minha parte e me aposentado há muito tempo! Estarei em algum lugar, em breve – para {g|Absalom}Absalom{/g} ou {g|Cheliax}Cheliax{/g}. Vou ler livros na varanda e beber vinho... enquanto você faz o que quiser – queime cidade para baixo e se matar! \" {n}Quando o velho mago se enfurece, você ouve um sussurro mágico:{/n} \"Venha para mim mais tarde. Precisamos conversar.\""
    },
    {
      "Key": "19205bfd-00d3-4fc1-8809-3ff19d7563dc",
      "Value": "\"Não posso acreditar nos meus ouvidos. A história de nosso reino deve começar com tanta vilania? Ah, {d|Cephal}Cephal{/d}, Cephal... Ah, bem, deixe o velho diabo se acalmar. Eu vou fale com ele mais tarde. Isso é tudo, Kjerdi?\""
    },
    {
      "Key": "b5bf2080-b0c2-42c9-9872-e6e5d65bf38d",
      "Value": "\"Entendo... Então, temos um revolucionário de {g|Galt}Galt{/g} em nossas mãos. Um taberneiro nos escreve. – Ela viu o revolucionário andando agitando as pessoas para uma revolta.\""
    },
    {
      "Key": "e6a693cb-95de-4a7a-b216-845dd67cfca4",
      "Value": "\"Bem, você é o general. -- Você vai lidar com isso. Converse com o dono da taberna, descubra onde procurar esse instigador. Bem, esteja longe de mim ensiná-lo a fazer seu trabalho. Quando você termina, reporte-se a mim. Pelos deuses, que preocupação! Revoltas, intrigas... Essas malditas cartas... Aquele Gunderson e seu bracelete... E o barão tem que ver tudo isso, e ouvir queixas de todo mundo enquanto ele está nisso! Que incômodo...\" {n}Maegar sai em uma nuvem de maldições.{/n}"
    },
    {
      "Key": "63575a1a-b11c-49c5-9916-540b97bfb33b",
      "Value": "\"Não se apegue demais a Varnhold. Isso é apenas um trampolim. Nosso verdadeiro prêmio está no oeste. – Mas o que {d|Varn}Varn{/d} faz? Ele envia presentes a eles! Melhor enviar assassinos? Sem o barão deles, os Campos do Picanço cairiam em uma luta pelo poder – e o Passo de Prata e as Kamelands cairiam sobre nós logo depois!\""
    },
    {
      "Key": "38ff38a1-8832-43a6-a1b0-7482b217a4ee",
      "Value": "{n}O anão encolhe os ombros e entrega outro papel para ele.{/n}"
    },
    {
      "Key": "92a14dd8-141d-42a7-9ce2-3766b8c2d9e0",
      "Value": "{n}Maegar olha o documento e seu rosto se ilumina.{/n} \"Ah-ha... vejo que você incluiu tudo, exatamente como eu pedi. Obrigado, Kjerdi.\""
    }
  ]
}