{
  "$id": "1",
  "strings": [
    {
      "Key": "b7bf5542-2017-490a-beeb-ab3d586cecfa",
      "Value": "\"Como é ser chefe?\""
    },
    {
      "Key": "89ca32d2-8c3c-420f-bfcd-3552d1c7e2e9",
      "Value": "\"Como está a tribo?\""
    },
    {
      "Key": "61c2e673-7bd5-4143-923e-7e35fed79885",
      "Value": "[Atacar] \"Não preciso mais de você.\""
    },
    {
      "Key": "46af03e7-3841-47e3-90a4-a6a539a250fe",
      "Value": "\"Eu preciso ir.\""
    },
    {
      "Key": "006cac3b-39c2-4f0c-af11-fb7cf2b3613f",
      "Value": "\"Saudações calorosas! Você sempre é um {d|c41 Chief Gwart}convidado{/d} bem-vindo da tribo.\""
    },
    {
      "Key": "cc420ba7-06eb-4646-a07d-55a8755b2512",
      "Value": "\"Não é fácil, devo confessar. Muitos homens da tribo afirmam que sou jovem demais para liderar. Todos os dias, tenho que provar à tribo que sou digno dessa posição. Mas {g|Gorum}Gorum{/g} não me abandona. Marque minhas palavras – em breve, suas dúvidas desaparecerão!\""
    },
    {
      "Key": "9d333751-3ad9-4055-a4f1-5c3676097c8d",
      "Value": "\"Armag nos deu um duro golpe. Estamos tentando recuperar, restaurar nossas forças... Mas, verdade seja dita, levará muito tempo para que retornemos ao que éramos antes.\""
    },
    {
      "Key": "376c5b4b-243f-44b9-b631-e749f75c1ef8",
      "Value": "\"O quê? Mas por quê?!\""
    }
  ]
}