{
  "$id": "1",
  "strings": [
    {
      "Key": "8e82c5b0-8f82-4d05-b4f1-d6ab3e12f12e",
      "Value": "\"Tire essa roupa ridícula. Agora.\""
    },
    {
      "Key": "32884b13-bb86-48d8-bf40-d9dbfa56a57a",
      "Value": "\"Eu não lhe dei permissão para construir santuários na minha capital.\""
    },
    {
      "Key": "284f1491-7f44-4256-b7b1-ab5873941ccf",
      "Value": "\"Nok-Nok, eu respeito seus esforços. Você é livre para adorar Lamashtu aqui.\""
    },
    {
      "Key": "154c01f5-cefe-424f-bf39-8ad07add992d",
      "Value": "\"Você violou minha lei e deve fazer as pazes. Derrube os santuários.\""
    },
    {
      "Key": "cb4237ab-efc0-4720-8bd2-18af4495e6b8",
      "Value": "\"Eu não me importo com quem constrói o que, eu só queria ver o que esse trabalho de bobo você estava fazendo. Você pode continuar.\""
    },
    {
      "Key": "1b3e958b-4db1-4370-bc6c-d3b74c983af6",
      "Value": "\"Ou destrua esses santuários agora ou passe o resto dos seus dias na minha prisão.\""
    },
    {
      "Key": "b5b2642e-80de-4c72-95f5-ddd7cad1a5d9",
      "Value": "{n}Nok-Nok entra tropeçando, fazendo barulho de vários fetiches que adornam seu corpo – dentes, pedrinhas – tanto que ele parece uma cortina de contas sujas. Você não tem idéia de quando ele foi capaz de se vestir assim. Ele para diante de você, com as costas retas e faz o possível para olhar para você... mas o efeito acaba sendo uma bagunça.{/n}"
    },
    {
      "Key": "12034b07-aa2d-49df-b700-252936f0345b",
      "Value": "{n}Antes que você possa falar, Nok-Nok se dirige a você, extraindo suas palavras como proclamações.{/n} \"Youuuuu foi convocado, {name}! A Mãe das Feras – FALA\". {n}Ele levanta os braços em um floreio.{/n} \"Através de MEEEE!\""
    },
    {
      "Key": "ce328405-7c4e-464e-aa02-bbb4618d82f8",
      "Value": "{n}Nok-Nok parece abatido e remove a variedade de fetiches... quando ele cai, eles caem no chão, rolando por toda parte – centenas deles se espalham por terra e grama, clicando enquanto rolam. Nok-Nok parece alarmado por um momento, então ele olha para você com cautela.{/n}"
    },
    {
      "Key": "4f328469-ab51-49de-9652-bb079146b604",
      "Value": "{n}Nok-Nok pisca e ele parece desanimar.{/n} \"Mas... sim, construímos muitos santuários para adorar a Mãe, um sinal do grande Herói Goblin, para ganhar seu favor.\" {n}Ele engole, e seus ouvidos caem.{/n} \"Ela não é bem-vinda aqui? Nok-Nok não é bem-vinda aqui?\""
    },
    {
      "Key": "aab30ad4-d2a1-4c1c-a1b3-843c19d94168",
      "Value": "\"Mas... Mas...\" {n}Nok-Nok olha para baixo, com lágrimas nos olhos.{/n} \"Eu só queria ser um Herói.\""
    },
    {
      "Key": "45835a5b-2941-4e19-b420-b47ce44378f5",
      "Value": "{n}Nok-Nok dá um sorriso e um arco.{/n} \"Ouça, TODOS. A Mãe está desnorteada... satisfeita com as bênçãos de {name}. Toda SAÚDE, a Mãe, toda SAÚDE, {name}, Herói da grande cidade de mau cheiro! \" {n}Ele levanta os braços em um floreio novamente.{/n}"
    },
    {
      "Key": "a465e513-acf4-4094-bde6-40e3628aeca4",
      "Value": "{n}Nok-Nok dá um leve aceno de cabeça e depois sai, sua fantasia seguindo atrás dele... e deixando pequenos pedaços no chão enquanto ele se move.{/n}"
    },
    {
      "Key": "ca3310b1-3e05-4ec0-b759-04a77f0ac48b",
      "Value": "{n}Nok-Nok assente, mas quando ele se vira para sair, seus pés encontram uma das contas de fetiche no chão, e seu pé sai de baixo dele, fazendo-o cair com um grito selvagem.{/n}"
    },
    {
      "Key": "813544b1-2d40-47c0-896c-a7f486e2b1bd",
      "Value": "{n}Há um momento de silêncio no goblin caído espalhado no chão, depois uma série de risadas leves dos guardas e goblins.{/n}"
    },
    {
      "Key": "b7160cf4-fff8-47b6-8f21-9d0e1616372f",
      "Value": "{n}A risada persiste quando Nok-Nok se põe de pé, e tonto, faz um desfile infeliz no caminho para o santuário... pontuado por mais colapsos, cada um causando mais risadas na platéia do que no último... até Nok-Nok, fracamente, alcançar o santuário e se agarrar a ele como um goblin se afogando.{/n}"
    },
    {
      "Key": "595bb0cf-9b53-43ba-9679-6d55bcfd2ee9",
      "Value": "\"Uma criatura tola afirma ser escolhida por {g|Lamashtu}Lamashtu{/g}. Que divertido. No entanto, seu espírito é louvável.\""
    },
    {
      "Key": "7337dafe-06b2-4a1d-9034-c0e664421c16",
      "Value": "{n}Um guarda bate palmas – em genuína apreciação, aparentemente – e Nok-Nok dá um aceno respeitoso e cansado para você, depois se afasta. As risadas, no entanto, persistem entre a platéia por algum tempo, e você percebe que é bom ouvir risadas durante esses tempos difíceis.{/n}"
    },
    {
      "Key": "f680eb68-c708-42a4-b7af-f9452678e24b",
      "Value": "\"Eu acho esses santuários muito primitivos. No entanto, ainda assim – é uma pena que você os esteja derrubando.\""
    },
    {
      "Key": "ae64c0ee-7794-48a1-bf6f-81070ec8b3e0",
      "Value": "\"Uma escolha sábia, {mf|Sua Graça|Sua Graça|Sua Alteza|Sua Alteza}. Você está agradando {g|Lamashtu}Lamashtu{/g} e mantendo esses mestiços ocupados ao mesmo tempo.\""
    },
    {
      "Key": "4917c5dc-51ac-4a68-acf7-656ea26871aa",
      "Value": "\"Ah ha ha, ei, hoo... oh, desculpe!\""
    },
    {
      "Key": "6372b398-f984-44ac-8865-28e4a2ba29d6",
      "Value": "{n}Jubilost pega seu caderno com um suspiro.{/n} \"Continue, meu grande amigo. Você merece seu próprio capítulo no meu próximo livro, 'Maravilhosos Paradoxos e Incríveis Nonsense na Avistânia Oriental.' ...Isso é um título temporário.\""
    },
    {
      "Key": "5b769327-da3e-426d-814d-5b0ab3c8516c",
      "Value": "\"Graças aos deuses.\""
    },
    {
      "Key": "8afd6397-1433-40eb-a4d6-2ad9029f01cf",
      "Value": "\"Ei! Não te incomoda que todas essas criaturinhas cheguem de toda a região, incomodando os moradores inocentes?!\""
    },
    {
      "Key": "584dd15b-5511-4165-8902-d790517ddcad",
      "Value": "{n}Tristian consegue manter a calma, exceto por seus punhos dolorosamente cerrados.{/n}"
    },
    {
      "Key": "7190ca69-5659-4245-8a3d-f2fd147b090f",
      "Value": "\"Bwa ha ha! Que bufão! Eu não posso!\""
    },
    {
      "Key": "5c64f138-dd4e-423d-93d8-19e5738126d6",
      "Value": "\"E sinto muito por ele. Ele tenta tanto ser levado a sério...\" {n}Octavia suspira.{/n}"
    }
  ]
}