{
  "$id": "1",
  "strings": [
    {
      "Key": "4d988c90-b946-49f2-89ae-71d4d21bc2a8",
      "Value": "[Continuar]"
    },
    {
      "Key": "90b9a7b2-13d0-4c0c-b4e5-20675eadb904",
      "Value": "...drenadou {mf|dele|dela} cálice até secar."
    },
    {
      "Key": "ca9e444a-f5a1-4c0b-a131-878c223a817d",
      "Value": "...tomou um pequeno gole do cálice {mf|dele|dela}."
    },
    {
      "Key": "7fddba8b-6c1f-4dfa-83ff-f26df6393d7d",
      "Value": "...derramou vinho no chão."
    },
    {
      "Key": "7927b1c6-f280-4099-b764-a9e26020a5a3",
      "Value": "...levantou-se e propôs um brinde de saúde às pessoas reunidas lá."
    },
    {
      "Key": "7ad69cf0-bbfc-4b69-98a5-490158351eac",
      "Value": "...depositou sua fé em Amiri e seguiu seu exemplo."
    },
    {
      "Key": "159f1605-3b50-4d12-a9a7-f69fd4e61841",
      "Value": "...depositou sua fé em Jubilost e seguiu seu exemplo."
    },
    {
      "Key": "957a252e-eb61-4edd-a38a-5198bbc1ed1f",
      "Value": "[Continuar]"
    },
    {
      "Key": "7735fdf0-1e4e-44d2-98e2-9d0967f5572b",
      "Value": "...exigiu que ela fosse convidada para a mesa."
    },
    {
      "Key": "65124b47-8e3e-4c9f-a42b-2252c86f9e06",
      "Value": "...ou não a notou ou apenas decidiu que seria mais sensato ignorá-la."
    },
    {
      "Key": "d6f17e46-82e4-411c-8158-bcf57c5fe4d5",
      "Value": "...perguntou aos Lordes Tigres quem ela era."
    },
    {
      "Key": "9bf232eb-2e41-491c-a5b6-4f789d471aaa",
      "Value": "[Continuar]"
    },
    {
      "Key": "49a82378-6a4e-4c85-828f-9fb6dae21a89",
      "Value": "...a música do bardo."
    },
    {
      "Key": "3152a515-346c-4816-b069-ca6ef719f218",
      "Value": "...a história de como derrotamos o Lorde Cervo."
    },
    {
      "Key": "9bfcf78c-3474-4902-85af-0feaf6447ed6",
      "Value": "...uma partida de luta amigável."
    },
    {
      "Key": "bd21ecd3-16ef-4f36-9a5b-dd48bf558f54",
      "Value": "...uma demonstração de alguns truques de mágica."
    },
    {
      "Key": "d9902a07-549b-4444-aab7-7323906b8f11",
      "Value": "[Continuar]"
    },
    {
      "Key": "c924910e-9fca-4abe-ae54-3a596f4c1cfc",
      "Value": "[Fechar]"
    },
    {
      "Key": "452517ce-eb91-4bd3-82da-7ffcf98cf790",
      "Value": "Nos terrenos baixos entre as colinas, alguns bárbaros de {g|Numeria} Numerianas{/g} haviam montado acampamento. Embora obviamente tenha sido criado recentemente como um local para descansar, foi completamente construído. Junto com a paliçada da estaca, os numerianos haviam reforçado seu acampamento com um fosso profundo. Avistando o corpo de algum ladrão infeliz no fundo, parecia que eles fizeram um com chamado."
    },
    {
      "Key": "2066bd31-5410-46ad-b4ed-8d561e149d71",
      "Value": "Lutadores duros estavam de guarda, nos observando sem deixar vestígios de amizade. Mas uma vez que nos apresentamos, eles nos convidaram a entrar no campo e nos levaram a ver o líder deles."
    },
    {
      "Key": "008b5a98-e6ed-412f-9e3c-be459a87c6d8",
      "Value": "Guardando a entrada estava o nosso velho conhecido Nober, o homem cujo grupo nos encontramos anteriormente nas colinas. Embora sua saudação não tenha sido muito amigável, ele nos convidou a entrar e nos levou a encontrar seu líder."
    },
    {
      "Key": "8859deac-6819-42fb-bafa-d5b83c4ebf88",
      "Value": "Fomos levados a um homem chamado Dugath, um Kellid de meia-idade com uma juba deslumbrante – uma vez preto-carvão, agora sal e pimenta -, além de pele bronzeada, endurecida pelo sol, vento e tempo, a ponto de quase parecia casca de carvalho. Falando em tom assertivo, ele nos convidou para jantar com os {g|Tiger Lords}Lordes Tigres{/g} – esse era o nome de sua tribo – e passar a noite em seu acampamento. Qualquer negócio que possamos ter com a tribo, disse ele, poderá ser discutido pela manhã, quando todos estiverem descansados e revigorados."
    },
    {
      "Key": "1dbd84b9-b601-4045-ad1c-ff441fc91a1e",
      "Value": "Não querendo ofender os bárbaros, que provaram ser louváveis e hospitaleiros, aceitamos o convite. Em questão de minutos, estávamos sentados junto à fogueira com taças nas mãos. Como convidados, nossas taças eram feitas de prata habilmente decorada, com entalhes intrincados representando cenas de batalha."
    },
    {
      "Key": "cfdfee85-36aa-4209-83f0-c94ba20c3bb9",
      "Value": "\"Faça o que eu faço,\" Amiri sussurra no ouvido d{mf|o barão|a baronesa}. \"Eles realmente se preocupam com a tradição aqui.\""
    },
    {
      "Key": "e7159f1c-7620-436d-98e9-bef39e5b083f",
      "Value": "\"Fique de guarda,\" sussurrou Jubilost no ouvido do barão. \"Esses selvagens podem ser extremamente delicados. Siga meu exemplo e você poderá evitar ofendê-los. E um {g|Numeria} Numeriano ofendido{/g} é um Numeriano sedento de sangue.\""
    },
    {
      "Key": "eaa9010b-e688-46a1-9d30-ee61d05b4927",
      "Value": "O porta-copos encheu as taças de todos com vinho. Quando Dugath levantou a taça, começando oficialmente do grupo, {mf|o barão|a baronesa}..."
    },
    {
      "Key": "9d46be31-a311-4677-91e2-fbd162710d0b",
      "Value": "Os {g|Numeria} Numerianos reagiram com raiva, com olhares acusadores e gritos altos – todos eles derramaram seu vinho no chão."
    },
    {
      "Key": "e8f0a95e-0f18-4a7e-a80a-f156100b3d36",
      "Value": "Os {g|Numeria} Numerianos{/g} ouviram o brinde em um silêncio constrangedor, mas quando {mf|o barão|a baronesa} parou de falar e esvaziou o cálice {mf|dele|dela}, eles começaram a gritar com raiva – todos eles derramaram seu vinho no chão."
    },
    {
      "Key": "9e72b273-6068-4b5e-be2b-620a51242890",
      "Value": "Olhando para {mf|o barão|a baronesa} com respeito, os {g|Numeria}Numerianos{/g} também derramaram vinho."
    },
    {
      "Key": "6a2c8cd6-2bf8-4853-8af9-83879f637611",
      "Value": "Para minha total surpresa, nossa amiga bárbara derramou seu vinho no chão, e {mf|o barão|a baronesa} seguiu seu exemplo. Eu pensei que os {g|Numeria}Numerianos{/g} ficariam furiosos, mas todos seguiram o exemplo."
    },
    {
      "Key": "48152cbf-20ae-4575-84f5-dc1fbd900328",
      "Value": "Para minha total surpresa, nosso amigo gnomo derramou seu vinho no chão, e {mf|o barão|a baronesa} seguiu seu exemplo. Eu pensei que os {g|Numeria}Numerianos{/g} ficariam furiosos, mas todos seguiram o exemplo."
    },
    {
      "Key": "5f8685ab-fc4b-4cce-bfa2-e387d404ab36",
      "Value": "Aparentemente, era uma tradição bárbara – oferecer o primeiro copo aos espíritos. Somente depois que o porta-copos encheu seus cálices novamente os {g|Numeria}Numerianos{/g} começaram a beber, e nós também."
    },
    {
      "Key": "518d3709-a1f2-4cc3-87eb-397e66c3963b",
      "Value": "O prato principal, sem surpresa, foi carne. Enquanto caçavam nas colinas, os {g|Numeria} Numerianos{/g} haviam matado um cervo e dois javalis, todos agora assando em fogo aberto. Como convidados da tribo, nos ofereceram as melhores peças. Ferozes em batalha, os numerianos eram igualmente ferozes à mesa – rasgavam freneticamente a carne com facas, mãos nuas e dentes, como se atacassem as gargantas de seus piores inimigos em vez de comer carne de veado assado. Apenas um habitante do acampamento não participou do jantar. Longe das festividades, uma mulher magra envolta em uma capa cinza estava sentada sozinha, com o rosto escondido atrás de um pedaço de pano. Ela estava tão quieta e quieta, no começo eu não percebi que ela era um ser vivo. {mf|O barão|A baronesa}..."
    },
    {
      "Key": "92521d2b-7f89-461c-ab96-1d2c81062b64",
      "Value": "A mulher apenas balançou a cabeça, mas Dugath ficou furioso. \"Eu nunca dividiria uma refeição com aquela bruxa! A própria presença dela azedaria o vinho em um instante!\" Enquanto ele continuava delirando, um dos bárbaros nos explicou que a mulher era uma das Irmãs Desfiguradas – meia sacerdotisa, meio bruxa. Embora eles possam viajar junto com os {g|Numeria}Numerianos{/g}, eles nunca comeram na mesma mesa."
    },
    {
      "Key": "0f0e0e8f-9496-4d29-bced-2a933657c725",
      "Value": "Olhando cautelosamente entre Dugath e a mulher, uma {g|Numeria} Numerianas{/g} explicou que a mulher era uma das Irmãs Desfiguradas – meia sacerdotisa, meio bruxa. Embora eles possam viajar junto com os numerianos, eles nunca comeram na mesma mesa."
    },
    {
      "Key": "67150229-b803-45bc-a6fb-6887f878c9e4",
      "Value": "A julgar pelos tons que os bárbaros usavam ao falar sobre a mulher, era fácil dizer que nenhum deles mantinha sentimentos calorosos em relação a essas Irmãs Desfiguradas."
    },
    {
      "Key": "b6ba10cf-15db-4670-a36f-77286afb74ef",
      "Value": "Depois que todos comeram, chegou a hora do entretenimento. Os bárbaros começaram a cantar uma canção arrastada em sua linguagem gutural, conhecida como Hallit. Mais tarde, um dos {g|Numeria}numerios{/g} explicou que era uma balada sobre um irmão e uma irmã que derrotaram uma enorme aranha de metal. A música que se seguiu foi uma peça cômica sobre as aventuras de um lobisomem estúpido. Todos os numerianos cantaram juntos – ficou claro que cada um deles sabia disso de cor."
    },
    {
      "Key": "cf1150b9-8238-46d9-ba37-eac2241c12c0",
      "Value": "Quase todo mundo bateu palmas ao ritmo, embora alguns tenham batido com os cabos de suas facas nos escudos, e uma pessoa habilidosa acompanhou a música em um vargan."
    },
    {
      "Key": "462cba2d-ba9f-4ed2-8ffd-610de9a22037",
      "Value": "Quase todo mundo bateu palmas ao ritmo, embora alguns tenham batido com os cabos das facas nos escudos, e nosso conhecido meio-orc Bolga acompanhou a música em um vargan."
    },
    {
      "Key": "498d62b9-98b6-43e2-aaae-b9340ef124cb",
      "Value": "Quase todo mundo bateu palmas ao ritmo, embora alguns tenham batido com os cabos das facas nos escudos."
    },
    {
      "Key": "4fa5d3f8-c781-4a7f-9bbf-7061592b38bd",
      "Value": "Quando a música terminou, Dugath apelou para seus convidados, nós, para surpreender nossos anfitriões. {mf|O barão|A baronesa} decidiu que a nossa melhor escolha seria..."
    },
    {
      "Key": "33e7414f-69f3-400a-9d89-b03a45ba766b",
      "Value": "Nosso conto de batalha e feitos heróicos era exatamente o que os bárbaros estavam procurando. Eles ouviram ansiosamente, concordaram com cada detalhe, riram e aplaudiram nos momentos mais épicos. Até Dugath se viu sorrindo e assentindo enquanto ouvia a nossa história."
    },
    {
      "Key": "f261e2a1-a6d7-496a-aaae-177cfe44e1e4",
      "Value": "Infelizmente, a história de nossas ações não foi tão impressionante quanto os bárbaros esperavam – embora os eventos em si fossem gloriosos, a história que os cercava se mostrou chata, confusa e complicada demais."
    },
    {
      "Key": "7b3d0353-e33a-4434-b7fc-8edd7d01ab58",
      "Value": "Os {g|Numeria} Numerianos{/g} têm um grande respeito pela força bruta, e poucas coisas os impressionam mais do que sua demonstração. Eu testemunhei os bárbaros rugindo de alegria quando {Name} ficou em triunfo, sacudindo os punhos sobre um bárbaro derrotado deitado no pó. Até Dugath assentiu em aprovação, batendo palmas depois de assistir à luta."
    },
    {
      "Key": "a6ca651b-46e7-4d72-885d-ec7a173b6c74",
      "Value": "Os {g|Numeria}Numerianos{/g} desprezam a fraqueza, mesmo durante uma partida de sparring amigável. Testemunhei a platéia rugir de prazer enquanto o bárbaro estava com os punhos erguidos em triunfo acima de {Name}, agora caído derrotado e impotente no pó."
    },
    {
      "Key": "dca9a441-8529-4650-aae1-74a8769bae1b",
      "Value": "Se há algo que os {g|Numeria}Numerianos{/g} gostam mais do que uma boa luta, é uma boa música. Embora não soubessem as palavras, começaram a aplaudir a música. Até Dugath sorriu enquanto ouvia."
    },
    {
      "Key": "67f3b137-968d-4f86-b199-4eee485a1ff2",
      "Value": "Foi um erro terrível. Acontece que {g|Numeria} Numerianos{/g} têm um forte desagrado pela magia – eles tolerariam isso em batalha, mas no banquete apenas estragou o apetite. Em vez de aplausos, os bárbaros reagiram ao nosso show com vaias, assobios e gritos de raiva."
    },
    {
      "Key": "e3012823-0624-4565-b0db-738e8642468e",
      "Value": "Finalmente, a bebida e o canto chegaram ao fim. Restavam apenas ossos do banquete, e a fogueira queimara em cinzas. Satisfeitos, os {g|Numeria} Numerianos{/g} se retiraram para suas tendas."
    }
  ]
}