{
  "$id": "1",
  "strings": [
    {
      "Key": "8c8e69d3-755a-45da-8293-52a308d009f0",
      "Value": "\"O que fez você acreditar em Sarenrae? Deixe-me adivinhar. Você cometeu uma terrível atrocidade! E agora você está expiando isso. Estou certo?\""
    },
    {
      "Key": "3818d765-4a33-498b-bd12-5f538d9399e0",
      "Value": "\"Eu estava apenas olhando o mundo. Há tanta maldade nele e pouca misericórdia. Não é suficiente simplesmente querer mudar isso para melhor?\""
    }
  ]
}