{
  "$id": "1",
  "strings": [
    {
      "Key": "45538727-c268-4ce2-b015-ec52d840a9f3",
      "Value": "\"Você não deve tratar Sarenrae com tanto desdém. Ela é uma grande deusa que derrotou muitos monstros horríveis. Sua espada brilhante varreu cidades inteiras da face do mundo!\""
    },
    {
      "Key": "c2b4d553-35dd-4eb1-9eb4-2dd039332ae4",
      "Value": "\"Ah, nada mal! Então por que você continua insistindo em misericórdia e perdão? Conte-me como ela matou seus inimigos!\""
    }
  ]
}