{
  "$id": "1",
  "strings": [
    {
      "Key": "946b2ea2-5b27-4195-ab7d-a61ecb9d1edd",
      "Value": "\"Eu não entendo, qual é o sentido de se preparar para morrer todos os dias. Aproveite a vida, Harrim! Nada disso existirá depois que você morrer.\""
    },
    {
      "Key": "8adf56b4-dc36-4e75-8a11-96775dd9b641",
      "Value": "\"Não preciso de prazer barato para me convencer de que minha vida tem valor. Além disso, é um prazer saber que todo caminho tem um fim.\""
    }
  ]
}