{
  "$id": "1",
  "strings": [
    {
      "Key": "ba220c8e-def7-403d-ad4b-af54375c139c",
      "Value": "\"Como você acabou aqui?\""
    },
    {
      "Key": "afa609a9-0cf9-438c-9a27-518404fcd5ec",
      "Value": "\"Aham... ó fada! Tu és muito cruel com a criatura lamentável, tão conquistada pela sua beleza! Seu coração está sangrando. Ele permanece ocioso o dia todo, encarando a solidão. Como você pode pedir ao seu espírito para não cantar, nem ao seu?\" joelhos para tremer à sua bela imagem? Entregue a sua misericórdia! Volte para Kimiel, pois ninguém pode amar você como ele!\""
    },
    {
      "Key": "3f744f8a-0050-4f4b-b735-01ff42488873",
      "Value": "\"Continue saindo com o Kimo como antes... ou eu queimarei seu carvalho precioso. E toda a floresta junto com ele.\""
    },
    {
      "Key": "f16d9745-d629-42e3-aa82-0db27bf43aab",
      "Value": "\"Kimo é um artesão talentoso. Mas desde que você o rejeitou, ele perdeu toda a inspiração. Seu presente será desperdiçado. Por favor, deixe-o vê-lo e conversar com você – pelo menos em nome da arte.\""
    },
    {
      "Key": "5a71842a-a059-4386-9914-8917f43437e2",
      "Value": "\"Por que você rejeitou o Kimo?\""
    },
    {
      "Key": "b43e1ff3-b288-4101-8179-c3598423e768",
      "Value": "\"Eu terminei de tentar convencê-lo. Adeus.\""
    },
    {
      "Key": "e250d72e-b06f-42d2-a3d6-bcfb59adfea9",
      "Value": "{n}Você reconhece uma dríade que você viu há algum tempo com um sátiro bêbado. Sua pele brilha como madeira polida e sua cabeça é coroada com uma juba de grama e folhas.{/n}"
    },
    {
      "Key": "89e18730-81f8-4750-9e62-793d176ab61c",
      "Value": "\"Aqui está você! Eu sabia que você viria tentar mudar de idéia. Kimo fala sobre você todos os dias, você sabe.\""
    },
    {
      "Key": "6c432f7c-2bc8-4b3d-ad12-b011f71d073d",
      "Value": "{n}A dríade faz beicinho.{/n} \"Não, não e não! Eu não estarei com ele, e é isso. Estou cansado e quero ficar sozinho. Acabei com isso!\""
    },
    {
      "Key": "aebc2bfd-02c7-46d8-bc61-cdc2c37bf320",
      "Value": "{n}A dríade cobre a boca de terror.{/n} \"Não... eu imploro, não! Eu farei o que você disser... Diga a ele para vir até mim...\""
    },
    {
      "Key": "afd8ecd8-6b59-4d99-a7a8-ff3d6fc67411",
      "Value": "{n}A fada suspira e revira os olhos.{/n} \"Estou enjoada e cansada disso! Por que o destino me escolheu para ser sacrificado à arte?\""
    },
    {
      "Key": "338225c0-3793-4194-b456-39b0653c83a6",
      "Value": "{n}A dríade está meio virada para você, abraçando seus ombros com os braços. No final do seu discurso, ela seca os olhos com uma pequena folha de carvalho.{/n}"
    },
    {
      "Key": "14fcf68a-ae20-4e70-a779-15cbf62948b4",
      "Value": "\"O que você quer dizer com 'acabar'? Eu moro aqui. Eu cresci nesta floresta junto com meu carvalho magnífico. Se há alguém que 'acabou' aqui, é você!\""
    },
    {
      "Key": "5b91873d-20fd-4da2-90fd-e73d2a936c67",
      "Value": "{n}A dríade encolhe os ombros.{/n} \"Talvez eu tenha me cansado dele? Eu nem sei. Ele é tão... bidimensional. Não há intrigas nele. Tudo o que ele faz é tão previsível! Todas as flores, todos os elogios... já tive o suficiente, obrigado.\""
    },
    {
      "Key": "6934acaf-f907-4653-99f4-89198ec32cd7",
      "Value": "\"Oh, bem, você venceu. O artista pode voltar. Não é como se eu tivesse algo melhor para fazer por aqui...\""
    },
    {
      "Key": "301da0fc-2235-48f0-9ded-5108f282b6bf",
      "Value": "\"Ó Shelyn! O que você faz conosco, sua deusa traiçoeira? Eu não sei o que surge em mim. Mas apresse-se agora, ó mensageiro do amor! Encontre Kimo imediatamente e diga a ele que sua amada não pode esperar por seu retorno.\""
    }
  ]
}