{
  "$id": "1",
  "strings": [
    {
      "Key": "f0131900-d0a8-44aa-92cc-0fb54c508a6b",
      "Value": "{g|Divine4_1} [Efeitos de decisão]{/g} [Pague 100 PC] \"Construiremos esta biblioteca de magia. Estimulará o desenvolvimento das artes místicas.\""
    },
    {
      "Key": "f2752701-702b-43e3-87e8-1783cef244b4",
      "Value": "\"Podemos ficar sem uma biblioteca de mágica. Há assuntos mais urgentes diante de nós.\""
    },
    {
      "Key": "14ad9b61-f2c0-48aa-b3ce-56395df2cbdf",
      "Value": "\"Por que você não decide?\""
    },
    {
      "Key": "b0c69db9-d0c3-4d99-ba72-79038167ee8c",
      "Value": "Tsanna dá um tapinha em seu rato gentilmente. O corpo cinzento de seu rato está inchado, como se estivesse carregando uma ninhada de bestas de duas cabeças.{/n} \"Sua matilha cresce como coelhos, e seus magos se multiplicam junto com o resto. Você deve encontrar um conselheiro, um Magistrado, para cuidar desses conjuradores e mantê-los sob uma corda firme. Você pode achar meus métodos para estabelecer a ordem muito difíceis.\""
    },
    {
      "Key": "29f321b5-3f22-4cc8-b522-01da45f03bc0",
      "Value": "\"Falando em conjuradores. Alguns adoradores de {g|Nethys}Nethys{/g} viajaram para cá de {g|Absalom}Absalom{/g}. Eles esperam por você no corredor. Eles procuram construir uma biblioteca de magia em sua capital, para torná-lo um centro de conhecimento sagrado para todos os Reinos Fluviais {g|River Kingdoms}Reinos Fluviais{/g}. Se eu estivesse no seu lugar, eu diria que sim. Esse poder pode ser útil para tornar seus súditos mais... mente aberta sobre a adoração de Lamashtu.\""
    },
    {
      "Key": "9527c524-5c0d-4d37-aaa5-c7202a2ddbc4",
      "Value": "{n}Harrim medita e murmura, depois limpa a garganta.{/n} \"Escute, {name}. Desejo lhe dar alguns conselhos: encontre outro conselheiro que possa lidar com assuntos de magia. O {mf|Baronato|Baronato|Reino|Reino} lutará sem um Magistrado. É perigoso deixar questões tão importantes sem vigilância.\""
    },
    {
      "Key": "d647b924-e451-4b01-9d88-f1e43b6b7afc",
      "Value": "\"Antes de você nomear alguém para esta posição, assumirei este caso final, envolvendo magos e outros conjuradores. Um grupo de sacerdotes de {g|Nethys} Nethys '{/g} chegou ao seu tribunal para propor uma coisa incrível: fundando uma biblioteca de magia – aqui, na capital Seu baronato ganharia um valioso estoque de conhecimento que, de outra forma, desapareceria na escuridão. Eu acredito que essa ação é digna de você e de seu }.\""
    },
    {
      "Key": "ba8e5806-0822-4274-b730-802cec19635c",
      "Value": "\"Eu concordo. Transmitirei sua mensagem aos sacerdotes de {g|Nethys}Nethys{/g}.\""
    },
    {
      "Key": "2746884d-dce9-4ede-9347-ca58dbeb63a6",
      "Value": "\"{mf|Sua Graça|Sua Graça|Sua Alteza|Sua Alteza}, eu... precisamos de outro conselheiro, que esteja equipado para lidar com questões de magia. No passado, passei um pouco do meu tempo nesses assuntos, mas agora a população do {mf|baronato|baronato|reino|reino} – e minha congregação – cresceu tanto que eu simplesmente não posso lidar com a responsabilidade extra!\""
    },
    {
      "Key": "f0d623cd-825b-4106-b48b-585aae316d9d",
      "Value": "\"Ah, e outra coisa: uma delegação de adoradores de {g|Nethys}Nethys{/g} chegou até nós de {g|Absalom}Absalom{/g}. Eles arrastaram uma miniatura de uma biblioteca mágica com eles. Dizem que querem construí-lo aqui, na sua capital. Se eu fosse você, os mandaria de volta pelo caminho que vieram. – Temos o suficiente em nosso prato sem os projetos loucos de um deus louco.\""
    },
    {
      "Key": "72ead3ef-0c8f-43fa-ab7a-6dbc984dd351",
      "Value": "\"Passarei imediatamente esta notícia aos sacerdotes de {g|Nethys}Nethys{/g}.\""
    },
    {
      "Key": "663b5df4-5373-4cef-960c-24f4e1a63841",
      "Value": "{n}Jhod assente.{/n} \"Não se preocupe com o que lhes dizer. Encontrarei as palavras certas. Os sacerdotes de {g|Nethys}Nethys{/g} verão sua loucura e sairão em paz.\""
    },
    {
      "Key": "e7a41d84-2891-4ad3-b9ce-302aa03c1299",
      "Value": "\"Bem, então não haverá arquivos de {g|Nethys}Nethys{/g} na capital. Nós podemos nos sair bem sem eles.\""
    },
    {
      "Key": "167996a1-c144-42bc-9e8a-39d13aafe435",
      "Value": "\"Eu vou concordar com o projeto.\" {n}Harrim se inclina um pouco.{/n}"
    },
    {
      "Key": "f654205c-ddd8-4bbd-ae6a-eea1b25df781",
      "Value": "\"Informarei os sacerdotes de {g|Nethys}Nethys{/g} s que aceitamos sua oferta.\""
    }
  ]
}