{
  "$id": "1",
  "strings": [
    {
      "Key": "8c96c96a-42f0-4681-83aa-d2864d7c543c",
      "Value": "\"Heh, eu gostaria de poder me debruçar sobre as anotações da Irmandade Tática... Eles fizeram tantas experiências! Eles devem ter um tesouro de dados científicos.\""
    },
    {
      "Key": "1ec20156-afef-46f8-8e68-0b11bf3b20c4",
      "Value": "\"Experiências? Você deveria tentar as experiências pelas quais tive que passar, não aguentaria por uma hora! Mas não importa. Vamos encontrar esses experimentadores novamente. E vou rasgá-los em pedaços com as minhas próprias mãos! Slo-oo-wly!\""
    }
  ]
}