{
  "$id": "1",
  "strings": [
    {
      "Key": "7e826380-a265-4d3d-bbfd-d226d618008e",
      "Value": "\"Hoje nosso acampamento fica à vista. Podemos receber convidados indesejados. Entendeu? Não ande nu pelas suas tendas, ha ha!\""
    },
    {
      "Key": "0ed7ed26-f069-4a69-944e-77ea81a0bd31",
      "Value": "\"Você não disfarçou o acampamento hoje à noite? Bem, se você ouvir algum som assustador – não pense que sou eu me divertindo na minha barraca. Pode ser algum tipo de animal.\""
    },
    {
      "Key": "6184b107-5a81-4d12-ac4f-8aa107966922",
      "Value": "[Revira os olhos com um suspiro profundo]"
    },
    {
      "Key": "0367023e-54cd-4578-92e9-19f41ac6b9b7",
      "Value": "\"Reg!\""
    },
    {
      "Key": "f28d21ae-2958-4bc6-ba94-2edcda09489c",
      "Value": "[Cora]"
    },
    {
      "Key": "4007f8c3-35f4-4d53-b761-ae1910beb5e7",
      "Value": "\"Há.\""
    },
    {
      "Key": "9c3b7125-ac90-4600-9e1a-6de725b9e3da",
      "Value": "\"Não há nada a temer. Qualquer inimigo que a veja nua irá correr para as colinas – e nunca olhará para trás!\""
    },
    {
      "Key": "5afc6a91-92f3-4551-96d7-28a27c89b177",
      "Value": "\"Não há nada a temer. Qualquer inimigo que a veja nua irá correr para as colinas – e nunca olhará para trás!\""
    }
  ]
}