{
  "$id": "1",
  "strings": [
    {
      "Key": "744c2b6d-bc62-4393-ba06-26cf8178fee6",
      "Value": "\"Nok-Nok venceu, derrotou seu falso rei. Salve Nok-Nok!\""
    },
    {
      "Key": "e6458a3e-a667-4f5f-a46f-7b58fe2d2b9b",
      "Value": "\"Levante suas armas para Nok-Nok, seus animais – ele é seu novo mestre agora!\""
    },
    {
      "Key": "e37cab1e-edec-4ee1-a85b-73cd25d4ba87",
      "Value": "\"Espere – talvez o desaparecimento do 'rei' os afaste todos.\""
    },
    {
      "Key": "0ef9e9b4-ff31-4e76-aa81-6a26e6577155",
      "Value": "[Atacar] \"Não podemos deixá-los se dispersar! Ataque agora enquanto estiverem surpresos!\""
    },
    {
      "Key": "03fdbdf2-8851-48d7-af73-6122fa40e92e",
      "Value": "[Gesticule para a multidão ao redor] \"Você conseguiu, Nok-Nok. Você queria ser um Herói – aqui está você.\""
    },
    {
      "Key": "6f1d35b4-ffb8-4aee-9590-2b04937afd2c",
      "Value": "\"Uh... não vire mais, Nok-Nok. Por favor.\""
    },
    {
      "Key": "e3ed6aec-4a68-45b0-8f94-d4e6e3e493e2",
      "Value": "\"Nok-Nok, fique parado e aproveite isso.\""
    },
    {
      "Key": "866e9d05-a70f-4adc-bd5f-b0fe8040bb46",
      "Value": "{n}Nok-Nok está se recuperando, mas está claro que ele não tem idéia do que fazer a seguir, alheio às ameaças potenciais que despertam ao seu redor, ainda esfregando o rosto para limpar o sangue e as cinzas... e ele está começando olhar em volta, procurando distraidamente os dentes.{/n}"
    },
    {
      "Key": "988b0a19-8953-4b3b-9d86-219da32e7ab8",
      "Value": "{n}As criaturas circundantes pulam com suas palavras, incluindo Nok-Nok – ele então observa enquanto os olhos se voltam para ele. Então, um no início, e mais ainda, os goblins começam a golpear o alvo de suas armas contra o chão... lentamente, depois cada vez mais rápido, fazendo dois ataques rápidos, uma pausa e dois ataques novamente.{/n}"
    },
    {
      "Key": "d023cd7b-8208-4d68-a5e6-e342476a3675",
      "Value": "{n}As criaturas circundantes ficam em silêncio.{/n}"
    },
    {
      "Key": "f7ba37af-ebc3-4352-8089-62ca225358c2",
      "Value": "{n}As criaturas, com a derrota de seu rei, saem lentamente, derretendo de volta para as árvores, até que somente você e Nok-Nok novamente. Está na hora de partir.{/n}"
    },
    {
      "Key": "aa427f96-8665-426e-818b-39a870b5e0d2",
      "Value": "\"Tempo de Punhalada! Mas preciso falar com você mais tarde. Precisa... de alguma coisa.\""
    },
    {
      "Key": "9813c8b1-aaf9-4388-a021-80a03bcd31b4",
      "Value": "{n}Até Munguk, intrigado, começa a se juntar, golpeando o bumbum de sua clava de maneira instável no chão, e, sorrindo, ele bate a clava cada vez mais rápido... ele deve estar realmente bêbado ou estava sob a magia do puto. Ou indiscutivelmente os dois.{/n}"
    },
    {
      "Key": "53d24c04-237a-4909-9d5f-0595a59e1daa",
      "Value": "{n}Nok-Nok parece encantado. Ele dá meia-volta, olhando para todos os goblins que o adoram, com a mandíbula aberta. Você percebe que ele ainda está um pouco instável e oscilando um pouco.{/n}"
    },
    {
      "Key": "756d5388-90d1-4e11-863a-c2f9048bef94",
      "Value": "{n}Nok-Nok segue seu gesto e, quando ele se vira...mas já instável, ele se vira e cai novamente, caindo no chão – o tambor fica silenciosamente desajeitado com alguns suspiros, depois rindo dos goblins . Para seu crédito, Nok-Nok se recupera e se limpa, depois a bateria recomeça. Ele está dando um meio sorriso, como se não tivesse certeza de seu próprio sucesso.{/n}"
    },
    {
      "Key": "34350cdd-89dd-422b-b5db-abb39b8f25c3",
      "Value": "{n}Nok-Nok, por mais tonto que ele esteja, ouve você – ele para de girar e planta os pés com firmeza para evitar o colapso, atingindo acidentalmente uma pose heróica ao fazê-lo. O tamborilar das lanças continua, e ele sopra com orgulho – enquanto você espera que não suba à cabeça, você silenciosamente se lembra de que não ficaria lá por muito tempo.{/n}"
    }
  ]
}