{
  "$id": "1",
  "strings": [
    {
      "Key": "dcab8cf8-fd19-4e65-817c-84668750eef3",
      "Value": "\"Você não deve rejeitar tudo relacionado à beleza e arte. Você costura muito bem! Você pode não ser mais um paladino de Shelyn, mas por que você não quer simplesmente fazer o que é bom?\""
    },
    {
      "Key": "d6849c7a-f17c-4aac-84ce-bd86396e703e",
      "Value": "\"Sou bom em lutar, e é isso que faço. Tudo o que aprendi na Ordem é um absurdo inútil, e não vale nem um momento do meu tempo.\""
    }
  ]
}