{
  "$id": "1",
  "strings": [
    {
      "Key": "86830e66-044d-4f96-b4ce-2cae47754584",
      "Value": "\"O que você acha tão estranho nesse lugar?\""
    },
    {
      "Key": "23318719-6cea-48cd-9ca3-1343a3a6d1b9",
      "Value": "\"Lance suas magias e abra a passagem!\""
    },
    {
      "Key": "6d31ebfc-6b4b-41ef-9228-a0af5de5fb3b",
      "Value": "\"Não vamos tocar a flor por enquanto.\""
    },
    {
      "Key": "897ee024-7f5f-4e5d-b1c2-b0a570ccfa20",
      "Value": "{n}O velho mago examina a flor, murmurando algumas magias. Seu rosto é uma estranha expressão de surpresa, admiração e incompreensão.{/n}"
    },
    {
      "Key": "7aa4ed86-758f-495c-a966-42b2ec13563d",
      "Value": "\"Vi muitas coisas no meu tempo, mas este castelo é a coisa mais incrível que já encontrei. Entendo mais ou menos como foi criado... Mas quem poderia ter feito isso? E a verdadeira pergunta – por quê?\""
    },
    {
      "Key": "392931a7-3acb-4216-9a06-ab0ec82c041a",
      "Value": "\"Que lugar impossível! Se sobrevivermos a isso, teremos que voltar aqui e examinar tudo cuidadosamente!\""
    },
    {
      "Key": "72358f7d-74d9-4c80-9186-8144aade47b7",
      "Value": "\"Este castelo não foi construído como uma masmorra. Não, era uma fortaleza comum de pedra acima do solo. Alguém passou dezenas, senão centenas de anos, afundando-o devagar e com cuidado no chão.\""
    },
    {
      "Key": "2c5ac8a8-5e07-4695-b0ed-2d7507391648",
      "Value": "\"É claro que o peso do chão o teria esmagado como um ovo, e é por isso que sua parede teve que ser reforçada por magia. É por isso que essas flores estão aqui. – Para impedir que toda a masmorra desmorone!\""
    },
    {
      "Key": "870b294f-d83e-4d73-bf3f-0618d52ad4b7",
      "Value": "{n}O mago racha os dedos.{/n} \"Assim que a passagem se abre, todos correm para dentro. As paredes são muito instáveis aqui!\""
    },
    {
      "Key": "17f7b406-6dad-437d-ad0f-1857c851fc36",
      "Value": "\"Mas diga-me, quem poderia ter gastado tantos recursos, tempo, esforço? E mascará-lo para parecer uma tumba comum do ciclope? Seria mais barato cavar uma tumba real!\""
    },
    {
      "Key": "28582e12-1d08-4c93-a02a-5dd537727a23",
      "Value": "\"Este lugar é incrível. Não consigo nem imaginar o que podemos encontrar no fundo!\""
    },
    {
      "Key": "6fd42735-e18e-4b46-90f5-e5bb7b8398f2",
      "Value": "\"Como quiser.\""
    },
    {
      "Key": "8921f7ac-3a23-46be-be2d-06c699057aef",
      "Value": "\"No entanto, isso não é importante agora. Podemos contemplar as maravilhas das artes mágicas quando estivermos fora de perigo. Por enquanto, o importante é que eu sei como limpar a passagem. Só espero que eu seja habilidoso o suficiente para manter o todo o edifício desmoronou sobre nossas cabeças! Diga-me quando estiver pronto, e tentarei mover as raízes da flor e abrir bem essa muralha.\""
    }
  ]
}