{
  "$id": "1",
  "strings": [
    {
      "Key": "62c53b81-0d17-44dc-aee6-ccca290fe6fc",
      "Value": "\"Trebricente, chega de sua pretensa pretensão. Você sabe o que acontecerá se não se render pacificamente. Você tem uma chance de impedir o derramamento de sangue, se apenas deixar suas armas.\""
    },
    {
      "Key": "674cab26-30c6-4da2-b56e-4590d247a92d",
      "Value": "\"Um rosto familiar! Ivar, faz muito tempo! Como vai você?\""
    },
    {
      "Key": "2e2dc061-0de7-4502-a07b-109b29de1662",
      "Value": "\"Você parece estar se divertindo. Eu irei – eu não gostaria de incomodá-lo.\""
    },
    {
      "Key": "3b371d2d-68b8-47d2-b185-f393efafe330",
      "Value": "\"Cantores e poetas livres de {g|Pitax}Pitax{/g}! Por quanto tempo você será oprimido por Irovetti, aquele que engasga todo o descontentamento, deixa apenas seus favoritos se apresentarem e engasga com a arte enquanto finge ser seu patrono! Fique ao meu lado e lute – não por mim, mas pela liberdade!\""
    },
    {
      "Key": "79bc6a17-6d07-410f-9a67-4b40da283015",
      "Value": "[Atacar] \"Você deveria ter pensado duas vezes antes de arrastar meu nome pela lama... Nenhum de vocês sai daqui vivo.\""
    },
    {
      "Key": "ba1db34f-767f-430b-8319-7eed88fb8439",
      "Value": "\"Bardos da academia, se você está aqui porque acredita em mim {mf|um|uma} inútil {mf|rei|rainha} ou pelo dinheiro e louros prometidos por Irovetti, eu digo que você deveria me julgar por minhas ações em vez de rumores especulativos. Para o primeiro, eu digo visite meu reino, veja meu povo, e então você pode decidir que tipo de governante você acredita que eu sou. A este último, eu digo venha me servir em vez disso - testemunhe que meu tesouro é abundante e meus cortesãos são livres para falar o que pensam. Decida por quem você trabalha e sobre o que deseja cantar – eu garanto segurança a quem aceitar minha oferta.\""
    },
    {
      "Key": "1dfb9261-8ff9-4aee-8fe3-2424d563f93b",
      "Value": "{n}Finalmente, depois de esvaziar o copo, o meio-elfo percebe você.{/n} \"Bons deuses! Olhe, meus irmãos e irmãs! Olhe quem é! Não é esse nome? {mf|Ele|Ela} Você veio com suas botas sujas e meias-calças esfarrapadas para estragar nosso banquete com aquele olhar sombrio e faminto? Diga-lhe, se você abdicar do trono e jurar lealdade a {g|Pitax}Pitax{/g}, Eu vou encontrar um osso para jogá-lo! \" {n}Alguns dos convidados do jantar rugem de rir, enquanto outros olham para você com interesse, talvez até com esperança. Todo mundo para de falar e observa você.{/n}"
    },
    {
      "Key": "47df5921-bea2-4625-8856-e3cbf4a2b2c4",
      "Value": "\"Há, sério? Assim que {mf|ele|ela} notou nossa alegre companhia, o impostor covarde decide fugir? Guarde seus óculos e alaúdes, meus amigos – esse covarde precisa aprender uma lição!\""
    },
    {
      "Key": "82a7d719-8471-4724-b0b8-60c9f76a4bd9",
      "Value": "\"{d|c22 Ivar Nice}Melhor{/d}, agora que você está aqui! É bom ver uma cara honesta – eu não percebi o quão cansada eu tinha crescido com Irovetti e seus cabides. E você se tornou {mf|o Rei|a Rainha} glorificada em lendas, como eu predisse. Bem, talvez haja espaço nessa lenda para mim!\""
    },
    {
      "Key": "3aff6c30-82d8-4f8a-b688-7591ee1694da",
      "Value": "\"Você ouviu isso, amigos?! Essa besta, esse monstro, cujo focinho está coberto de sangue inocente, cujos olhos ardem com o fogo do Inferno, invade nossa casa e ousa nos ameaçar em nome de boas intenções! Mas não somos tão facilmente intimidado – a verdade está do nosso lado! Siga-me, discípulos de Irovetti! Os deuses estão conosco – estamos certos e nossos inimigos estão errados!\""
    },
    {
      "Key": "a11985fe-20f2-42a8-8657-d0421c7773f2",
      "Value": "\"Pelos deuses, o que estou ouvindo? Você venderia seu próprio pai por um punhado de carne de porco e molho? Seu coração ingrato é mais escuro que a noite. Estou tão cheio de indignação que mal consigo falar! Pegue suas espadas, meus amigos – tal desgraça só pode ser purificada com sangue!\""
    },
    {
      "Key": "cf07f3ef-19c6-4992-866c-92085410e21d",
      "Value": "{n}O público está confuso – alguns trocam olhares cautelosos, enquanto outros olham para baixo, envergonhados. Ainda outros começam a ficar de mau humor. Ninguém ousa dizer uma palavra.{/n}"
    },
    {
      "Key": "2cdd2a4d-0190-496a-b538-f31f4145f438",
      "Value": "\"Não posso reclamar, {name}... não {d|c22 Ivar Rude}esperava{/d} que {mf|o|a} visse aqui. Espero que não haja problemas em seu reino.\""
    },
    {
      "Key": "3b870ecd-b535-4379-84aa-bf4a28f67aee",
      "Value": "\"Há! Eles colocam um espelho diante de um burro coroado, e em um acesso de raiva, {mf|ele|ela} parece quebrá-lo! Mas você não vai nos silenciar – de braços, meus amigos! Estou fervendo de sede para a batalha. Vamos mostrar a esse tirano enfurecido que um poeta pode empunhar uma espada e uma pena!\""
    },
    {
      "Key": "b984f68b-faa4-4007-933a-e5328380f710",
      "Value": "{n}O murmúrio suave que começou a percorrer o salão durante a sua fala cresceu e rugiu.{/n} \"Não vou mais escrever como ditado! Abaixo Irovetti – viva {name}!\""
    },
    {
      "Key": "c3eba7f9-ebcc-4a45-a016-db407aa877a1",
      "Value": "\"Oh, Trebricent, eu quero tanto ficar e ver como {name} e companhia arrancam suas penas de pavão. Mas, infelizmente, eu tenho outras coisas para atender. Diga olá para sua família por mim!\""
    },
    {
      "Key": "8ef5b0e9-6af0-40d0-9e08-606052c98072",
      "Value": "{n}Mas o que é isso? Seu amigo {d|Ivar}Ivar{/d} senta-se com uma cara comprida, pegando um pedaço de carne com o garfo! O orador levanta a voz mais uma vez e Ivar estremece.{/n}"
    },
    {
      "Key": "04ee9ad2-7013-43c1-a36d-84cffa1b7312",
      "Value": "{n}As pessoas ao redor da sala começam a sussurrar, e o barulho aumenta lentamente até uma voz sonora masculina dizer:{/n} \"Eu queria viajar por um bom tempo. O salário não é muito bom aqui, de qualquer maneira... e a comida é um pouco melhor do que a despejo.\" {n}Risos e gritos de aprovação soam pela sala.{/n}"
    },
    {
      "Key": "4829799e-bd5e-47a0-b604-c648e6845fc9",
      "Value": "\"O quê?! Você ouviu isso? Pigmeus e epígonos reclamam que não podem difamar um gigante entre os homens, nosso protetor, Irovetti! Meu espírito fervilha, amigos. Vamos mostrar a esses traidores vis a chama brilhante contida em nossos corações leais?\""
    },
    {
      "Key": "338f2e53-1a8b-4b15-b074-df284cb288f5",
      "Value": "\". Então, vamos levantar nossos copos, meus irmãos de armas e camaradas bebedores! Aqui está o monarca mais esclarecido de nossos tempos, que trouxe prosperidade e cultura a {g|Pitax}Pitax{/g}! Aquele comandante habilidoso, famoso em todo o mundo por sua genialidade militar! Para o homem das mulheres que quebrou tantos corações com seu humilde encanto e atitude indiferente! Para aquela {d|c51 Atalia Info}patrona{/d} das artes, esse filantropa, cujo a generosidade é comparada apenas à sua sabedoria e bom gosto! Em suma – aqui está o Irovetti! \" {n}Um coro de vozes repete o brinde. Muitos bebem... mas longe de todos.{/n}"
    },
    {
      "Key": "0773641f-8927-40c1-8424-4d0f16a3e64e",
      "Value": "{n}Parece que ninguém notou sua entrada sobre o barulho da taberna. Um jovem meio-elfo com cabelos longos e lisos e um bigode e barba delicadamente enrolados está fazendo um discurso solene. Ele puxa e floresce com as mãos, e seu rosto vermelho pretensioso torna óbvio que ele está gostando da atenção de todos. Risos e gritos de aprovação podem ser ouvidos na tabela principal. Porém, muitos outros convidados não participam das gaieties – alguns bocejam, enquanto outros nem ouvem o orador enquanto se concentram nas refeições.{/n}"
    },
    {
      "Key": "7dd2bcac-d98f-4518-a0b6-d73e00b6cfeb",
      "Value": "\"Você não pode nos confundir, {name}! Nós permaneceremos fiéis a Irovetti até nossas últimas respirações, nossas últimas gotas de sangue, as últimas batidas de nossos corações puros e ardentes! Nas armas, meus amigos – vamos rasgar esse caluniador língua imunda da garganta dele!\""
    },
    {
      "Key": "9d543652-9995-4656-aedc-53d683357069",
      "Value": "\"Traidor! O que mais devemos esperar de um changeling, porém – os animais não conhecem a lealdade!\""
    },
    {
      "Key": "f84f483b-ab89-4e48-8e19-49822b6e44c6",
      "Value": "\"Você luta contra esses assassinos, se quiser, seu esnobe arrogante. Deuses estejam com você – você não me verá aqui de novo!\""
    },
    {
      "Key": "df25fc95-6eed-468f-89e8-43dd391b7c4e",
      "Value": "\"Que farsa! Seus elogios melodramáticos são nauseantes!\""
    },
    {
      "Key": "c2d0e4ea-3112-4780-a817-8e6d0cbd11c5",
      "Value": "\"Ssh! Ele vai te ouvir e fazer uma cena novamente, como na última vez...\""
    },
    {
      "Key": "f39fe57e-59e4-4c23-b91c-6fc0d613c05d",
      "Value": "\"Deplorável, Trebricent... As coisas que você dirá para obter uma reação!\""
    },
    {
      "Key": "58eb35bd-7b21-4273-8492-a7b4643a02d3",
      "Value": "\"A poesia é a minha vida, mas também respeito uma boa luta!\""
    },
    {
      "Key": "e8eb35bc-23d0-4930-9776-b61d6c66777d",
      "Value": "\"Você não me deixou escolha, {name}...\""
    },
    {
      "Key": "73a2d0ff-86e3-436d-af17-3ce29781c6a8",
      "Value": "\"Haha, acho que não! A julgar pela aparência {mf|dele|dela}, {name} não é brincadeira... e não vou testar isso. Adeus e boa sorte, Trebricent!\""
    },
    {
      "Key": "6ed9d1fe-3a8c-42ad-872b-3ee2394755a8",
      "Value": "\"Parece que é hora de começar...\""
    },
    {
      "Key": "14df343c-ad2a-480d-8bc8-9175a23e3586",
      "Value": "{n}Valerie está pálida e seu silêncio pode derreter o ferro. O guincho de metal contra metal indica que ela deve estar segurando sua arma, mas ela não está correndo para pegá-la.{/n}"
    },
    {
      "Key": "56fc8466-07ad-4e65-bcd4-aac2c4e0395d",
      "Value": "\"Você é nobre em oferecer a essa escória a chance de viver, mas eu não os acho capazes de usar a oferta.\""
    },
    {
      "Key": "379afc65-9626-4792-9eea-52da658b1daf",
      "Value": "\"Há, hoo! Essa deve ser uma das repreensões mais infantis, sem gosto e mais embaraçosas que já ouvi na minha vida! Sim, definitivamente no topo da lista!\""
    },
    {
      "Key": "71deec55-ba7c-4343-bbc7-4a9ae0eb068d",
      "Value": "{n}Nok-Nok, que começou a adormecer e até a roncar enquanto ouvia os discursos, estremece ao som de gargalhadas e agarra sua lâmina.{/n} \"Conversa-conversa-conversa acabou?"
    }
  ]
}