{
  "$id": "1",
  "strings": [
    {
      "Key": "ea70ab35-0a2d-4956-a4f7-0b136a62fc21",
      "Value": "[Tente discernir quem é retratado no baixo-relevo]"
    },
    {
      "Key": "7ec57a9b-f043-44dc-b726-c784e666e263",
      "Value": "[Afastar-se]"
    },
    {
      "Key": "23c4d975-8e72-4b03-98ef-7956405ba463",
      "Value": "{n}Este baixo-relevo mostra uma figura sinistra, vestida com uma capa e um gorro, navegando em um barco estreito por um rio de esqueletos ciclópicos.{/n}"
    },
    {
      "Key": "650f2996-2e8b-4fcc-b7c3-9f41689045f6",
      "Value": "{n}Este baixo-relevo mostra {g|Charon}Caronte{/g} – o Cavaleiro da Morte divino, um dos Quatro Cavaleiros e um arquidônomo de {g|Abaddon}Abaddon{/g}. O rio que ele navega é obviamente o rio Styx. Ao contrário de {g|Pharasma}Pharasma{/g}, que pastorea e julga almas após sua morte, Caronte e os outros Cavaleiros são divindades más que procuram espalhar o máximo de morte e destruição possível. Parece que os ciclopes antigos o adoravam. Cultos secretos que adoram os Quatro Cavaleiros existem até hoje.{/n}"
    },
    {
      "Key": "36af2704-4a4e-42aa-9ab0-c3a760b126e1",
      "Value": "{n}Você não pode descobrir quem ou o que está descrito aqui.{/n}"
    },
    {
      "Key": "c57a7158-b879-432f-8018-1ef04629b3ab",
      "Value": "{n}Este baixo-relevo mostra uma das divindades malignas daqueles que construíram esta tumba – {g|Charon}Caronte{/g}, arquidônomo da Morte, na forma de um barqueiro sombrio vestido com uma capa e um gorro. Ele navega pelo rio Styx entre inúmeros esqueletos.{/n}"
    },
    {
      "Key": "bab91c09-cdb7-4944-ab27-81e6aa0371ec",
      "Value": "\"Não é algo que eu esperava ver aqui... Este é o rio Styx, e o barqueiro é {g|Charon}Caronte{/g}, Cavaleiro da Morte e arquidemonto de {g|Abaddon}Abaddon{/g}. Os ciclopes o retrataram com um olho, é claro - eles viam criaturas com dois olhos como nada mais do que animais.\""
    },
    {
      "Key": "94be0838-fd8c-47db-b3f3-cc38a1aecd4d",
      "Value": "\"Os ciclopes tiveram algum culto estatal em torno dos Quatro Cavaleiros?"
    }
  ]
}