{
  "$id": "1",
  "strings": [
    {
      "Key": "0efc3ff4-77de-4c96-a59a-483b849da978",
      "Value": "\"E exatamente sobre o que você quer conversar?\""
    },
    {
      "Key": "81cef7ef-0970-4117-a190-ce104a5710bd",
      "Value": "[Atacar] \"Eu não falo com bandidos. Lute!\""
    },
    {
      "Key": "e1fc38bb-16c0-40a5-aade-879e838414ec",
      "Value": "\"Por que não mudar isso? Não importa o que você diga, Akiros, o Lorde Cervo não é um governante comum de um reino comum. Ele mal consegue controlar sua gangue. E você também não, ou você não estaria discutindo com Kressle no no meio da floresta. Vocês dois parecem pessoas razoáveis que simplesmente escolheram o líder errado. Deixe-o ou me ajude a encontrar sua fortaleza, e poderemos participar da paz.\""
    },
    {
      "Key": "68e4b8a8-03d6-4a48-920c-87e2f6fb4bf3",
      "Value": "\"Infelizmente, não pode haver paz entre mim e o Lorde Cervo. Eu já vi demais – não vou permitir que ele continue roubando os colonos.\""
    },
    {
      "Key": "86cbc03a-da58-4dc2-844c-4181c3f71c8a",
      "Value": "\"Restov me prometeu um baronato pela cabeça do Lorde Cervo, Akiros – e pretendo colecioná-la a qualquer custo, mesmo que seja sangrento.\""
    },
    {
      "Key": "210b6f4b-a2b2-4ce2-ac7b-2f23bb53115d",
      "Value": "\"Não estou aqui para tomar partido. Mas se você não quer derramamento de sangue, estou disposto a conversar.\""
    },
    {
      "Key": "9b9eead5-0e06-4c92-a93e-2f313d4833e7",
      "Value": "\"Fácil, agora. Não estou aqui para cobrir as Terras Roubadas com cadáveres – abaixe sua arma e vamos conversar. Não matarei ninguém que deixar o serviço do Lorde Cervo ou que esteja disposto a me ajudar a encontrá-lo. Então pense em ele – ele é realmente um líder pelo qual você está pronto para morrer?\""
    },
    {
      "Key": "3d72697c-3927-4e18-b799-fa8ac69cf952",
      "Value": "\"Estou procurando a fortaleza do Lorde Cervo. Talvez você esteja disposto a ajudar... por uma pequena recompensa?\""
    },
    {
      "Key": "2ff8af57-bf59-4681-a383-2c07e60de8ef",
      "Value": "\"Svetlana me pediu para lhe mostrar misericórdia. Não sei por que.\""
    },
    {
      "Key": "ff2d654a-ca2e-4d17-810b-5fc307be0721",
      "Value": "\"É tão difícil acreditar que eu simplesmente não quero derramamento de sangue desnecessário?\""
    },
    {
      "Key": "5dba0f96-107a-4745-ad6e-c577edadceaf",
      "Value": "\"Meus motivos são meus. Apenas aceite que eu não quero você morta.\""
    },
    {
      "Key": "9371c1cf-51fd-4544-b82a-0badfd04a15a",
      "Value": "\"Isso não é bondade – é um bom julgamento. Sua morte não me ajuda de forma alguma.\""
    },
    {
      "Key": "427e8bdc-ef59-489a-b4e0-126c6be2bee6",
      "Value": "\"Tudo o que estou interessado em falar é a localização da fortaleza do Lorde Cervo.\""
    },
    {
      "Key": "e4b1e754-c758-4290-b22a-4b57dae363b6",
      "Value": "\"Você pode me contar tudo o que sabe sobre o Lorde Cervo e onde ele está se escondendo, ou você pode morrer.\""
    },
    {
      "Key": "564e9683-a0ba-4634-a353-8ed51f379289",
      "Value": "[Atacar] \"Eu não estou aqui para conversar. Lute e morra.\""
    },
    {
      "Key": "23b9ea55-d2a7-42f5-9488-7e7e4eecaa08",
      "Value": "\"Vou parar o Lorde Cervo e o mal que ele comete!\""
    },
    {
      "Key": "d73888a0-df2d-4995-abe2-31e413de8989",
      "Value": "{n}Você vê um homem alto, de ombros largos, com cabelos prematuramente grisalhos e um rosto decisivo. Tudo nele – sua postura, seus gestos, suas entonações – irradia confiança.{/n} \"Não estou aqui para ouvir suas queixas ou seus planos malucos, {d|Kressle}Kressle{/d}. Não podemos lutar {g|Restov}Restov{/g} – deixe o mensageiro de Jamandi em paz e siga suas ordens. Você provavelmente nem sequer queimou a casa antiga que o Lorde Cervo parece odiar tanto.\""
    },
    {
      "Key": "822251af-6c49-4a79-ab35-fb360e235e71",
      "Value": "\"O Lorde Cervo vai se esconder na neblina para sempre?!\" {n}Kressle assobia furiosamente.{/n} \"Se não mostrarmos nossa força, eles acharão que essa terra pertence a eles! Quando faremos algo que vale a pena, algo mais do que roubar esses porcos covardes? \" {n}Ela para quando nota você.{/n} \"Droga!\""
    },
    {
      "Key": "0f0d782d-44f4-4344-9d6b-635e34f5c7a4",
      "Value": "{n}O homem se vira para você com calma.{/n} \"Ah, você deve ser o convidado de {g|Restov}Restov{/g}. Bem, eu sempre preferi resolver as coisas cara a cara. I sou Akiros Insmort, a mão direita do Lorde Cervo. Deveríamos conversar.\""
    },
    {
      "Key": "c4b3a8ff-6e74-4fd4-8003-ddf8a9c24de3",
      "Value": "\"Tenho certeza de que você já ouviu muitas histórias do Lorde Cervo e de seu povo. Você provavelmente pensa que somos loucos carnívoros. Não somos nada disso, asseguro. Essencialmente queremos o mesmo que aqueles que enviou a você a propriedade desta terra e o direito de receber o pagamento daqueles que vivem e trabalham aqui. As {g|Stolen Lands}Terras Roubadas{/g} não fazem parte de {g|Brevoy}Brevoy{/g}, apesar do que alguém possa pensar – meu comandante tem tanto direito a esta terra quanto Jamandi Aldori.\""
    },
    {
      "Key": "c02214e6-3af2-45b5-950c-6704e9a39f8b",
      "Value": "\"Eu pessoalmente proibi o pessoal de Kressle de prejudicar os proprietários do {g|Oleg's Trading Post}posto comercial{/g}. Pagavam a tempo e trabalhavam respeitosamente – pelo menos até você aparecer e perturbar as coisas. Mas, apesar disso, faz isso realmente precisa terminar em violência? {g|Restov}Restov{/g} está muito longe para poder controlar efetivamente essas terras, e eu não quero perder ninguém do meu povo. Senhor seja, e saia em paz.\""
    },
    {
      "Key": "e7c9b84b-b794-4402-9962-7d29420dd659",
      "Value": "{n}Algo em suas palavras parece ter impressionado Kressle. Ela franze a testa por um momento e depois cospe.{/n} \"Tudo bem. Não vou cortar sua garganta – por enquanto, pelo menos. Mas também não vou me ajoelhar diante de um pouco de {g|Restov}Restov{/g}? Por que você tentaria fazer as pazes? Você é naturalmente gentil? Ou você está ouvindo Svetlana?\""
    },
    {
      "Key": "2f6e373e-3c37-4c04-9c24-26c5917f9783",
      "Value": "{n}Akiros sorri.{/n} \"Um esforço valente, mas não. Apenas seu encanto e o fantasma do feroz Jamandi não serão suficientes para me fazer virar traidora. Adeus! E por favor, pense nas minhas palavras.\" {n}Ele se vira e sai.{/n}"
    },
    {
      "Key": "2c0393db-dc1e-4742-a752-2dd5e7527f4e",
      "Value": "\"Uma pena.\" {n}Akiros dá um passo rápido para trás.{/n} \"Sinto muito, mas temo não poder fazer sua companhia nesse conflito. O Lorde Cervo está me esperando.\" {n}Ele se retira para a estrada.{/n}"
    },
    {
      "Key": "fe2021e6-90a7-4cce-874a-1e5e397a33ce",
      "Value": "\"Vamos cobri-lo, pessoal! De armas!\""
    },
    {
      "Key": "9cf8b6a8-cc5e-4792-8412-89b9d43b97e3",
      "Value": "\"Um cachorro procura tirar um osso de outro? Entendo...\""
    },
    {
      "Key": "ee09c14f-968c-4148-b5bb-5c3c7bfb417c",
      "Value": "{n}A machadinha de Kressle balança no ar.{/n} \"Chega de conversa! Você não chegará ao Lorde Cervo, {g|Restov}Restov{/g} lambe-botas!\""
    },
    {
      "Key": "04a3af02-6de1-4697-a440-9fd2be32438f",
      "Value": "\"Exatamente o que precisávamos... Kressle, abaixe-se! Bem, você fará o que quiser, mas saiba que eu não vou ajudá-lo!\""
    },
    {
      "Key": "2ae81b00-ddf6-487e-bfe9-c9b7823a5f3e",
      "Value": "\"A neutralidade não dura muito tempo em {g|Stolen Lands}das Terras Roubadas{/g}...\""
    },
    {
      "Key": "fb809164-dca2-4805-94bb-35a5897b9a6f",
      "Value": "\"Intenções nobres. Que familiar...\""
    },
    {
      "Key": "d60b442a-49c9-472d-9e7e-6d831e376081",
      "Value": "{n}O bandido de cabelos escuros está chutando o chão irritadamente. Quando ela vê você, ela endireita os ombros e aperta sua machadinha.{/n} \"Bem, veja {d|Kressle}Kressle{/d}, quem está aqui!\""
    },
    {
      "Key": "f4c255f7-0b98-48d3-929f-9b7e0c85cc38",
      "Value": "\"Duvido que você consiga o que quer de qualquer um de nós. Quem fala não sabe, e quem sabe não fala – nem mesmo se você nos torturar. Talvez eu possa convencê-lo a me ouvir?\""
    },
    {
      "Key": "d8e9f83e-bc8f-4f67-a109-ee979397a80f",
      "Value": "{n}Kressle franze a testa, depois desvia o olhar.{/n} \"Misericórdia, hein? Não ouvi dizer que em as {g|Stolen Lands}Terras Roubadas{/g} por um longo tempo.\""
    },
    {
      "Key": "8537ec7e-6b38-4437-852e-cdf5276c5b58",
      "Value": "\"Tudo bem, aqui está a minha peça. O Lorde Cervo tem passado mais tempo vigiando o fundo do copo do que o que está acontecendo ao seu redor. Se ele não responder a um insulto de alguns {g|Restov}Restov{/g} trapacear como Jamandi, então você está certo – nós escolhemos o líder errado. Então, vá em frente, faça o que você fará. Eu não vou impedi-lo, mas também não vou ajudá-lo... dê isso para Svetlana.\" {n}O bandido coloca um anel na sua mão e depois sai.{/n}"
    },
    {
      "Key": "746d2b06-f411-4ac5-a29f-b7051629a503",
      "Value": "\"Sabe, a vida não tem sido tão boa para mim,\" responde Kressle, carrancuda.{/n} \"Por que devo confiar em você?\""
    },
    {
      "Key": "607389ef-999a-441c-ae69-d2c2e4e913e5",
      "Value": "\"Bah! Tudo bem. Vamos ver aonde seu 'julgamento' leva você.\""
    },
    {
      "Key": "c17fca41-de61-42e7-874d-34c00fe2315b",
      "Value": "\"Tudo bem. Seja como for, molusco. De qualquer maneira, você não demorará muito tempo nas Terras Roubadas, sem ter sangue em suas mãos.\""
    },
    {
      "Key": "102e0347-8578-4310-8c48-feff008e5305",
      "Value": "\"Quem esperaria encontrar honra entre ladrões? Será um prazer cruzar lâminas com você!\""
    }
  ]
}