{
  "$id": "1",
  "strings": [
    {
      "Key": "44328ea9-25c8-47fa-be9d-ac96be38b88e",
      "Value": "{n}Tristian parece preocupado, mas sem medo.{/n} \"{name}, sua vida está em perigo. Os comerciantes estão com raiva de você por proteger seus súditos contra suas conspirações, e agora eles conspiram contra você. Felizmente, as pessoas estão leal a você, e um de seus servos leais relatou esse ultraje traidor.\""
    },
    {
      "Key": "201dd8a2-4a16-4927-a7f1-bd4d26ac1fd8",
      "Value": "\"{name}, os comerciantes já tiveram o suficiente de seu domínio. Sofreram pesadas perdas e agora conspiram contra você. Felizmente, um de seus cidadãos os ouviu conspirando e relatou sua traição para mim."
    },
    {
      "Key": "4a4a9afb-87dd-4c41-b817-d54925400b65",
      "Value": "\"Devemos decidir como impedir esse ataque e neutralizar os conspiradores. Uma opção é confiar seu Tesoureiro em subornar alguns deles. Outra é ordenar que seu ministro elimine os traidores em segredo. Mas esse é o estilo deles, não o Não há tempo suficiente para chamar as tropas, mas se o seu regente se dirigir ao povo, seu povo fiel se unirá a você.\""
    },
    {
      "Key": "e00c6cd1-dc4a-4337-8780-b2ab388348cb",
      "Value": "\"Devemos atacar primeiro! Um covarde enviaria um Tesoureiro com uma bolsa, para recompensar aqueles que renunciassem à conspiração. Alguém mais ingênuo poderia enviar um regente, na esperança de tocar o coração do povo, convocando-o a permanecer unido e proteger a coroa mesmo em face das lâminas do inimigo. Aconselho que você mostre mais sabedoria. Visite-os precisamente o que planejam visitar. Ordene ao seu ministro que envie assassinos para as casas do líder da conspiração. Decapite a conspiração, e nenhum dano virá até você. Eles serão como um bando cujo líder foi destruído por um chifre.\""
    },
    {
      "Key": "0ad3aab7-8db7-4af0-9bcf-5a691f161189",
      "Value": "\"Vossa Alteza, vários comerciantes proeminentes da capital estão conspirando contra você. Você é amado por pessoas comuns e um dos servos relatou a conspiração. Esperamos que os comerciantes despachem um assassino.\""
    },
    {
      "Key": "f7bf5744-05dd-4e42-8343-6ad759721e60",
      "Value": "\"Poderíamos enviar os assassinos do ministro para lidar com esses descontentes ou pedir ao regente que chamasse proteção ao povo. Mas eu tenho um plano melhor. Ordene ao seu Tesoureiro que suborne vários desses comerciantes errantes. Se eles vierem para o nosso lado, os rebeldes deixarão de confiar um no outro e a conspiração desmoronará sem vítimas.\""
    }
  ]
}