{
  "$id": "1",
  "strings": [
    {
      "Key": "0857a579-4b60-470c-99d9-69de21fc8499",
      "Value": "\"Hora de morrer, lunático!\""
    },
    {
      "Key": "9af36fa7-40ed-449c-b343-991b5f145336",
      "Value": "\"Tem certeza de que quer ficar aqui nesta ilha?\""
    },
    {
      "Key": "7f28ad80-b286-47ee-88f0-c89c0e7557be",
      "Value": "\"Um santuário encantado, portões para outros mundos... eles estão aqui? Nestas ruínas?\""
    },
    {
      "Key": "2f68097a-aa8d-4535-afad-98fb79033377",
      "Value": "\"Alguns dizem que este lugar é amaldiçoado.\""
    },
    {
      "Key": "77669fb9-e655-425b-b4a9-15b445eeccf0",
      "Value": "\"Vamos supor que Nethys aguarde além do portal. Mas o que está além do portal exatamente?\""
    },
    {
      "Key": "c2cf6079-a8a9-4a60-bfe3-d9af212c7b20",
      "Value": "\"Basta de falar sobre esse lugar.\""
    },
    {
      "Key": "cbbec06b-b34d-47b3-aa7c-5f59bcaa3948",
      "Value": "\"Vou deixar você em paz. Adeus.\""
    },
    {
      "Key": "c4cd8f5d-847a-47c6-b243-8c311b22c51c",
      "Value": "\"Você é uma ameaça para si mesmo – e para os outros. É melhor eu te matar.\""
    },
    {
      "Key": "b300c08d-0cb1-42aa-aff9-e27b6fc68951",
      "Value": "\"Perto da entrada da torre, tem um paladino, morto com facadas nas costas. Você o traiu cedendo à sua própria ambição e orgulho. Então, quem você é depois de tudo que fez, Rismel?\""
    },
    {
      "Key": "d068705a-82ef-407d-98e8-7f5ff190a97d",
      "Value": "\"Ouça a si mesmo! – 'Nethys falou comigo', 'Nethys me escolheu'... Você sabe que seu deus não perde seu tempo com mortais. Quanto tempo você vai mentir para si mesmo, insistindo que a voz em sua cabeça pertence a Nethys?\""
    },
    {
      "Key": "3e77dc93-f5dc-421f-ab30-d8ac6f9259f2",
      "Value": "\"Quem é você?\""
    },
    {
      "Key": "ea6d9551-d378-4ae1-b147-8b99b2c2b456",
      "Value": "\"Fogo-Fátuos perambulam pela ilha. Como você passou por eles?\""
    },
    {
      "Key": "c3767bad-7ee8-4c83-828c-8f89a3269d27",
      "Value": "[Ironia] \"Oh, então o grande Nethys está logo além deste portal – mas o deus da magia não pode atravessar sozinho? Há!\""
    },
    {
      "Key": "9840a9f2-d333-4823-863e-78a0ec809840",
      "Value": "\"Encontrei um cadáver na ilha. Você sabe do que falo. Ele morreu sofrendo, aterrorizado, amaldiçoando aqueles que o deixaram morrer. O que ele fez para ganhar sua crueldade?"
    },
    {
      "Key": "f4a6e4a9-3870-4336-b24b-3bde948bba1e",
      "Value": "\"Eu vim buscar os tesouros do templo. Alguma coisa de valor permanece?\""
    },
    {
      "Key": "d6a3712d-d67e-4cde-aac8-18d867e2170f",
      "Value": "\"O homem que me enviou a esta ilha alegou que havia tesouros aqui.\""
    },
    {
      "Key": "4ec85bb0-a62a-4d7b-8d09-8f3efabac08b",
      "Value": "\"O que dizem os escritos?\""
    },
    {
      "Key": "57a8e19a-1e6e-4071-a8b6-ed21e221a5b0",
      "Value": "\"Onde estão os outros com quem você veio aqui?\""
    },
    {
      "Key": "1bcce69a-449a-4b0b-8f92-57f5ea732766",
      "Value": "\"Vou encontrar as provas de que você está errado.\""
    },
    {
      "Key": "2a3d6536-1bb0-402d-99a8-15beccbc4e6a",
      "Value": "\"Eu vou ajudá-lo a lutar contra o monstro.\""
    },
    {
      "Key": "35751227-53f9-4194-b15b-7ddf09b3c74c",
      "Value": "\"Não tenho certeza se vou ajudá-lo ou não, mas não terminei de falar com você.\""
    },
    {
      "Key": "15683710-c48d-4894-bb25-19c9f34eaaa8",
      "Value": "\"Estou pronto para enfrentar o que estiver além do portal.\""
    },
    {
      "Key": "76df68ef-7722-4238-b639-c5879ad769ef",
      "Value": "\"Eu não tenho que convencê-lo, apenas executá-lo.\""
    },
    {
      "Key": "914411b8-eea1-4e55-ac86-58378bfd2cd4",
      "Value": "\"Não sabemos nada sobre a criatura que está esperando do outro lado. Dê-me algum tempo para me arrumar.\""
    },
    {
      "Key": "a99aaefa-7c45-4acf-941e-29da9a15222e",
      "Value": "\"Agora, se sua mente está mais clara... conte-me sobre este lugar.\""
    },
    {
      "Key": "428c6a93-969d-4967-b455-9fbd39ddf67c",
      "Value": "\"Você pode selar o portal permanentemente?\""
    },
    {
      "Key": "a2e1f36a-b241-468c-aa15-601b690bdc03",
      "Value": "\"Os moradores afirmam que a ilha é amaldiçoada.\""
    },
    {
      "Key": "647e5606-4681-4c24-8d60-c322f398e69c",
      "Value": "\"Obrigado, eu aprendi tudo o que queria.\""
    },
    {
      "Key": "d155ddc8-c4dd-4f2e-ab11-43763e3c5ade",
      "Value": "\"Você traiu aqueles que confiavam em você. Você deixou um amigo para morrer e matou outro! Você é um assassino e deve responder por seus crimes.\""
    },
    {
      "Key": "2f450635-668c-49e4-9657-88eeb13fb6a1",
      "Value": "\"Você não está no controle de si mesmo. Assim que Nethys voltar sua atenção para você, a loucura o levará novamente. O caminho mais seguro é matá-lo aqui e agora.\""
    },
    {
      "Key": "bd40d4e8-f78f-40ae-a541-a7542b1cbfc1",
      "Value": "\"Você causou muitos problemas. Isso é suficiente para garantir sua execução.\""
    },
    {
      "Key": "a135c286-8976-4c60-a637-e3e22ffb2fc2",
      "Value": "\"Esqueça o que eu disse.\""
    },
    {
      "Key": "611d2fdb-4a00-442a-9443-25cf11f67d37",
      "Value": "\"Rismel... não importa se esta ilha é amaldiçoada ou não, você não está em sã consciência. Você não sabe o que está fazendo.\""
    },
    {
      "Key": "6f916a24-2fed-46b0-8b1b-d479b62540b2",
      "Value": "{n}Um homem está no centro do salão meio arruinado. Ele está imóvel. Seus olhos estão fechados, a cabeça inclinada, como se estivesse ouvindo algo inaudível. Ele está vestido com um roupão preto e branco esfarrapado, embora lama e poeira fizessem com que suas roupas parecessem quase uniformemente cinza.{/n}"
    },
    {
      "Key": "76391fa5-0e98-4c7a-b109-aeb3c3a35364",
      "Value": "{n}Ouvindo seus passos, o homem estremece e se vira abruptamente. A parte esquerda do rosto está coberta de sangue e sujeira. Vendo você, ele dá um rosnado baixo na garganta.{/n} \"Transeuntes!\" {n}Ele cospe no chão.{/n} \"Você está tão ansios{mf|o|a} para morrer?\""
    },
    {
      "Key": "6353ec64-e1c0-47fc-b6cd-2f866ec5295f",
      "Value": "\"Você se atreve?! Então sinta a ira do Olho Que Tudo Vê!\""
    },
    {
      "Key": "e4f1e429-a4b8-4533-859e-b5b78c17e0c0",
      "Value": "\"Você novamente?\""
    },
    {
      "Key": "25aeafcb-1fcf-4e4d-98fc-8b7c3ee029c6",
      "Value": "\"Por que você está aqui, viajante?\""
    },
    {
      "Key": "001a09f9-5ffc-47cc-87b9-bccc5334638b",
      "Value": "{n}O homem olha para você por vários momentos. Então, de repente, ele sorri e levanta as sobrancelhas – com escárnio.{/n} \"Quem eu sou? Ah, logo logo o mundo inteiro saberá meu nome.\" {n}O homem se endireita e levanta as mãos para o céu.{/n} \"Rismel de Duas Caras! Guardião dos Portais! Arauto de {g|Nethys}Nethys{/g}! Tenho muitos nomes, e você deve lealdade a todos!\""
    },
    {
      "Key": "b89cbd3a-7226-4620-b4aa-39fb10a71e14",
      "Value": "{n}Rismel, pálido, assente.{/n} \"Esta é a minha penitência. Alguém deve vigiar o portal. Eu... eu não vou deixar ninguém morrer aqui, ou ser escravizado pela tentação.\""
    },
    {
      "Key": "6b841105-376b-4407-9fdd-48e4dd2e1f76",
      "Value": "\"Silêncio!\" {n}Rismel ruge.{/n} \"Você é ceg{mf|o|a} demais para ver o que o rodeia – vibrante, brilhante, glorioso para aqueles que abraçaram o arcano e dominaram seu poder!\" {n}A voz de Rismel cai e seus olhos se tornam fora de foco.{/n} \"O próprio {g|Nethys}Nethys{/g} me trouxe até aqui! Sua voz soa na minha cabeça, chamando através do portal! Todos essas inscrições... todas essas luzes errantes... somente os cegos não podem ver a vinda do Olho Que Tudo Vê!\""
    },
    {
      "Key": "2feb013a-116a-47af-9eaa-b5c6ac70845b",
      "Value": "\"Amaldiçoado?\" {n}Rismel explode em gargalhadas histéricas.{/n} \"Somente os tolos podem afirmar que este lugar é amaldiçoado! Pelo contrário, esta torre, este portal – é uma verdadeira dádiva para aqueles que podem compreender sua verdadeira grandeza!\""
    },
    {
      "Key": "a0592747-ca2d-4aac-92de-853a9c978f62",
      "Value": "{n}Rismel resmunga – mas não responde.{/n}"
    },
    {
      "Key": "5d624d36-3483-4afb-94c3-5828da82d2f9",
      "Value": "{n}Rismel fecha os olhos e depois os abre lentamente.{/n} \"Como você se atreve...\" {n}Ele assobia por entre os dentes.{/n} \"{g|Nethys}Nethys{/g} me guia! Como você ousa questionar o Escolhido do Olho Que Tudo Vê?!"
    },
    {
      "Key": "dc198aeb-2087-4510-bd6e-81d7aff18f97",
      "Value": "{n}Rismel pisca as lágrimas e se vira para o portal, como se recordasse que ainda está lá.{/n} \"Mas a voz... A voz que me pediu para abrir os portões...\" {n}Ele fica em silêncio por um momento.{/n} \"Ela ainda soa dentro da minha cabeça! Mas não é {g|Nethys}Nethys{/g}. Não, não, não é Ele, é... outra coisa... mais.\""
    },
    {
      "Key": "89eb6902-388a-4bd3-940e-3bca51968292",
      "Value": "\"Alguma coisa de valor? Olhe diante de você!\" {n}Rismel aponta para o portal.{/n} \"Além é o guardião de todo conhecimento – {g|Nethys}Nethys{/g}! A sabedoria do Olho Que Tudo Vê... é de mais valor que o seu mente insignificante pode sonhar!\""
    },
    {
      "Key": "de6a992b-e2c5-4c7f-a308-bdb3e6a6f819",
      "Value": "\"Mas se você procurar ouro, pedras preciosas e outras coisas inúteis...\" {n}Rismel zomba e balança a cabeça.{/n} \"Então você perdeu seu tempo.\""
    },
    {
      "Key": "58175b40-5f7d-4075-bf85-577d8a100c79",
      "Value": "\"Eu sou o escolhido.\" {n}Rismel balança a cabeça.{/n} \"Eu sabia disso sempre. O escolhido... diferente dos outros...\" {n}A voz dele vacila.{/n}"
    },
    {
      "Key": "f7abab70-c215-49e8-b305-024ec49fef13",
      "Value": "{n}Rismel endurece.{/n} \"Mas tudo que fiz foi com um objetivo maior. A história me justificará.\" {n}Rismel se recusa a olhar para você.{/n} \"Nada do que você disser vai quebrar minha fé...\""
    },
    {
      "Key": "8cc24192-51ec-4b2f-a992-60db9640c292",
      "Value": "\"É o bastante!\" {n}Rismel rosna.{/n} \"Foi o único sacrifício que fiz em nome de {g|Nethys}Nethys{/g}! Você não tem mais nada para me acusar!\""
    },
    {
      "Key": "14cd5bd8-138c-494c-9731-6508e52f2b83",
      "Value": "{n}Rismel lança um olhar eloqüente para a torre semi-arruinada, pedras empoeiradas e a grama que brota no chão de pedra.{/n} \"Acho que esse homem estava errado.\""
    },
    {
      "Key": "62317091-968c-4471-9865-daf74247a0df",
      "Value": "{n}Uma sombra cai no rosto de Rismel. Ele olha para os escritos nas paredes que brilham com luz fantasmagórica.{/n} \"Eu vou descobrir.\" {n}Ele murmura, mas para si mesmo.{/n} \"Quando Ele vier... quando compartilhar sua sabedoria sem limites comigo... Eu descobrirei tudo o que quero.\""
    },
    {
      "Key": "044a0a3c-ab16-4ea1-9bd2-c8e248591686",
      "Value": "\"Os tolos não devoram carne, eles se alimentam de sofrimento e medo. A ilha está cheia deles – desde os tempos em que este templo foi santificado com sangue humano. Além disso, não havia medo no meu coração – apenas alegria e pavor, pois eu deveria encontrar meu Deus e Mestre.\""
    },
    {
      "Key": "918a3f41-db54-4cbf-aab3-42290eecf3d4",
      "Value": "\"Quem?...\" {n}Rismel pondera suas palavras por um momento.{/n} \"Ah... você está falando sobre aqueles que vieram para a ilha comigo. Eles se foram.\""
    },
    {
      "Key": "2afc7386-2a6d-489d-9817-20c8b458dae9",
      "Value": "\"Um deles desistiu no meio do caminho. Não sei nada sobre o destino dele. E o segundo... uma criatura miserável, ele...\" {n}Rismel fecha os olhos, como se estivesse lutando para controlar seu temperamento.{/n} \"Ele continuou falando – como o conhecimento deve pertencer a todos, a sabedoria deve ser compartilhada, sobre contar aos outros sobre esse lugar... ele continuou falando e falando...\" {n}Rismel fica quieto por um momento.{/n} \"Então eu o silenciei.\""
    },
    {
      "Key": "ebcf9ca7-ad9f-45a1-92e7-0e83ae72d675",
      "Value": "{n}Rismel zomba.{/n} \"Você já tentou me acusar, cego. Você tem algo a acrescentar?\""
    },
    {
      "Key": "1df408a6-c7e8-45bd-9fcc-b37085dd5fe9",
      "Value": "{n}O homem se volta para você.{/n} \"Eu... eu nunca seria capaz de pagar por sua ajuda, estranh{mf|o|a}. Mas devo lhe perguntar mais uma coisa... você me ajudará a enfrentar a criatura que está atrás do portal? Poderei abri-lo e deixar que essa coisa venha à {g|Golarion}Golarion{/g}. Temos que destruí-la antes que ela encontre uma nova presa.\" {n}Rismel cobre os olhos.{/n} \"Quando acabarmos com isso, vou ficar aqui e garantir que nenhuma alma viva jamais seja vítima dessa ilha.\""
    },
    {
      "Key": "d57db6bc-5e9d-407d-91d7-319248c61a94",
      "Value": "{n}Rismel olha para você silenciosamente, seus olhos se estreitam.{/n}"
    },
    {
      "Key": "c50fc3fb-05b9-4bd9-8213-a2095c13530b",
      "Value": "{n}Os olhos de Rismel ficam vidrados e opacos enquanto ele continua falando, e seu discurso se torna um fluxo de palavras pouco compreensíveis. É impossível distinguir qual parte de suas divagações é verdadeira e qual representa suas fantasias delirantes. No entanto, o louco agora parece ter perdido o interesse em atacar você.{/n}"
    },
    {
      "Key": "5359dc30-03d8-4947-b308-a2218b6558d8",
      "Value": "{n}Ao ouvir Rismel, você não pode parar de franzir a testa. Claramente, algo não está certo – não apenas com o homem, mas com suas palavras. {g|Nethys}Nethys{/g}, a louca divindade da magia e da feitiçaria, nunca fala diretamente a seus seguidores. Seus seguidores se orgulham disso – pois seu deus é grande demais para se rebaixar a tais formas inferiores de expressão. Quem ou o que Rismel ouviu além do portal – não era Nethys.{/n}"
    },
    {
      "Key": "4efa1a08-2335-4463-a5ad-57eb4395a3a4",
      "Value": "{n}Ao ouvir Rismel, você não pode parar de estremecer – a voz do homem é tão convincente, suas crenças tão fortes, que todas as suas dúvidas sobre as palavras dele desaparecem. Parece que esse homem realmente segue o caminho traçado por seu deus.{/n}"
    },
    {
      "Key": "ddef82e0-6f5b-4283-b8aa-78cd77bbaf3a",
      "Value": "\"Você está terrivelmente enganado, sacerdote honorável. Nethys não interfere na vida de seus seguidores. Ao contrário dos outros deuses, ele não brinca de pastor. Mesmo que ele decidisse, por curiosidade, falar com você, ele deveria mandaria seu Arauto, o Arcanote. Se você ouvir uma voz, pode ser qualquer um – exceto nosso deus!\""
    },
    {
      "Key": "0b4aecbf-9ed4-4b1d-a2b1-796c341029a0",
      "Value": "\"Que bobagem é essa que acabei de ouvir? O grande Nethys, louvando pessoalmente seu sacerdote, como um mestre louva seu cachorro? Isso não pode ser!\""
    },
    {
      "Key": "4d92d0da-f476-4f18-b385-f42c8c004996",
      "Value": "{n}Kalikke parece surpreso.{/n} \"Recompensa os escolhidos? Oh, honrado sacerdote, você tem certeza de que não está confundindo Nethys com outro deus?\""
    },
    {
      "Key": "5f0895ed-82b6-4628-8d7a-26c0a89503db",
      "Value": "\"Abra os portões para Nethys? Você realmente acha que ele, o deus onipotente da magia, exigiria a ajuda de alguém como você?\""
    },
    {
      "Key": "514f5e8d-a688-4bd9-9144-d9c75c530a93",
      "Value": "\"Blasfemador! Sinta a ira de {g|Nethys}Nethys{/g}!\""
    },
    {
      "Key": "e3c3f93b-8cd4-4bb1-b7de-6bf8f6f7ccfa",
      "Value": "{n}Rismel respira fundo.{/n} \"Louvado seja {g|Nethys}Nethys{/g}!\" {n}Ele se vira para o portal.{/n} \"É hora de acabar com isso.\""
    },
    {
      "Key": "861ade41-0a9f-4ad1-a05d-f80b8a70ab4d",
      "Value": "{n}Rismel se vira para você.{/n} \"Eu estava esperando por você.\""
    },
    {
      "Key": "7bcf74df-4e65-4c2a-b6fd-62fb0b59f4a7",
      "Value": "{n}Rismel lança um olhar para a torre antiga.{/n} \"Este é o lugar onde dois mundos se conectam. A fronteira é fina como uma navalha aqui, então deu à luz um portal. Agora está selado, mas...\" {n}Ele esfrega a testa.{/n} \"Quando eu estava realizando um ritual aqui, notei que é fácil abri-lo. Alguém deve ter usado esse portal antes – e não faz muito tempo.\""
    },
    {
      "Key": "53b23548-22ba-4d11-9eda-1757f1b5a559",
      "Value": "{n}Rismel balança a cabeça.{/n} \"Infelizmente, eu não sou capaz de fazê-lo. A única coisa que posso fazer é tornar-me um guardião deste portal até o fim dos meus dias.\""
    },
    {
      "Key": "695276c0-109f-496b-961f-c32420863e7f",
      "Value": "{n}Rismel estremece.{/n} \"Amaldiçoada? Definitivamente não. A torre está cheia de magia, mas amaldiçoada...\" {n}Ele olha para o lado.{/n} \"A menos que você chame uma mente nublada algum tipo de maldição.\""
    },
    {
      "Key": "c7be4b0a-a222-400c-8673-29ef9ce9406e",
      "Value": "\"Qualquer coisa que você diga.\""
    },
    {
      "Key": "51daf0e1-694a-4c5e-9b91-1d4fdac04395",
      "Value": "{n}O rosto de Rismel escurece, e ele dá um passo para trás.{/n} \"E por que isso?\""
    },
    {
      "Key": "092fa395-7125-4add-9920-c3f6edcf8006",
      "Value": "\"Eu devo cumprir meu voto! Não espere que eu deixe que você me mate sem lutar!\""
    },
    {
      "Key": "bb966d8b-4862-4a38-9641-e2c04481bb3a",
      "Value": "{n}A voz de Rismel cai em um assobio.{/n} \"Então cuidado com a língua. O momento se aproxima onde eu abrirei o portal e trarei {g|Nethys}Nethys{/g} a este mundo. Tema a ira de meu senhor, por não haverá escapatória para os blasfemadores!\""
    },
    {
      "Key": "0d30a393-cecb-4c30-adae-68b9e2cbf924",
      "Value": "\"{g|Nethys}Grande Nethys{/g}, que pesadelo é esse? Isso não pode ser... Eu falhei com você! Induzido por ilusões... a escuridão tomou minha mente e eu... eu...\" {n}Rismel solta um grito de partir o coração e enterra o rosto nas mãos. Quando ele finalmente levanta a cabeça, seus olhos estão cheios de lágrimas.{/n} \"Como posso reparar isso? Tudo o que fiz...\" {n}Sua voz é um sussurro sufocado.{/n} \"É... não é possível.\""
    },
    {
      "Key": "5e45b331-896a-4fb1-b263-10bb60833612",
      "Value": "\"Eu...\" {n}a voz de Rismel treme.{/n} \"Eu... mas é só...\" {n}Ele desvia os olhos e fica em silêncio.{/n}"
    },
    {
      "Key": "789beac2-bb4f-4e58-a48e-7f943684deb8",
      "Value": "{n}Rismel encontra seu olhar silenciosamente. Depois de um momento, ele franze a testa, e então estremece.{/n} \"Morry... deveríamos ter voltado por você...\""
    },
    {
      "Key": "ef909815-df74-4c33-90bf-c04964fb6fe0",
      "Value": "{n}Rismel cruza os braços.{/n} \"O que você quer saber.\" {n}Sua voz é maçante e apático.{/n}"
    },
    {
      "Key": "b9bbb447-7040-433d-a992-e692eb1e9b5e",
      "Value": "Rismel cruza as mãos no peito.{/n} \"O que você quer saber?\" {n}Sua voz é maçante e apático.{/n}"
    },
    {
      "Key": "cffc6964-8cad-471c-9006-dd40c2aff8db",
      "Value": "\"Então eu vou começar o ritual agora!\""
    },
    {
      "Key": "2cd2aa3c-aa39-42b6-8f57-fce760bf2dbe",
      "Value": "\"Eu vou esperar por você. Não perca seu tempo!\""
    },
    {
      "Key": "b0d30a86-8e04-4cf8-a0c8-59c6b5fd2d29",
      "Value": "{n}Quando você olha para ele, o rosto de Rismel muda. O brilho obsessivo em seus olhos dá lugar a espanto e terror. Ele lança um olhar assombrado ao seu redor e depois toca seu rosto – e olha tristemente para o sangue e a sujeira em seus dedos.{/n} \"O que... o que eu fiz?\""
    },
    {
      "Key": "55f5da46-e433-4440-a4e9-079735bc5f31",
      "Value": "{n}Quando você olha para ele, o rosto de Rismel muda. O brilho obsessivo em seus olhos dá lugar a espanto e terror. Ele lança um olhar assombrado ao seu redor e depois toca seu rosto – e olha tristemente para o sangue e a sujeira em seus dedos.{/n} \"O que... o que eu fiz?\""
    },
    {
      "Key": "9b11e070-5db3-449e-ac95-6cea5b6489d8",
      "Value": "{n}Quando você olha para ele, o rosto de Rismel muda. O brilho obsessivo em seus olhos dá lugar a espanto e terror. Ele lança um olhar assombrado ao seu redor e depois toca seu rosto – e olha tristemente para o sangue e a sujeira em seus dedos.{/n} \"O que... o que eu fiz?\""
    },
    {
      "Key": "69786a8b-f044-4caa-aaca-53bd261a9be3",
      "Value": "\"O Olho Que Tudo Vê me trouxe aqui, a este santuário de magia! Outros vieram, mas não sobreviveram às provações. Eu sou o único que ouve a palavra de {g|Nethys}Nethys{/g} e pode abra os portões para Ele! Então o Olho Que Tudo Vê recompensará os seus escolhidos – eu me tornarei um senhor em Sua nova era!\""
    },
    {
      "Key": "ad28f19e-6f67-4d4e-9d31-c78c767c1ccb",
      "Value": "{n}A mandíbula de Rismel se aperta.{/n} \"Mais uma palavra, inseto...\" {n}Ele assobia.{/n} \"...e você testemunhará você mesmo!\""
    },
    {
      "Key": "271af401-0b7d-46d9-a2b0-1939ef04f012",
      "Value": "{n}Rismel responde com um grunhido desdenhoso.{/n} \"Assim como eu pensava.\""
    },
    {
      "Key": "e016a8b9-6d5f-4402-b604-6b06a71e0cee",
      "Value": "{n}Rismel fecha os olhos e respira fundo.{/n} \"Você consegue sentir? Não – é claro que você não pode... toda a torre tem marcas do arcano! Olhe ao seu redor! Você pode ver estas inscrições? Desde os tempos antigos, os crentes sabiam que havia um portal aqui, então deixaram sinais anunciando a chegada de {g|Nethys}Nethys{/g}!\""
    }
  ]
}