{
  "$id": "1",
  "strings": [
    {
      "Key": "1cddf401-1e14-41e6-b35f-fd0d509004cc",
      "Value": "\"E?\""
    },
    {
      "Key": "e2230acb-110a-49b0-91f4-7ebde7559cd1",
      "Value": "\"Você está assustada?\""
    },
    {
      "Key": "66e3121f-669c-46e2-b50a-37fc4cf1d235",
      "Value": "[Espere ela continuar]"
    },
    {
      "Key": "b11680f7-9951-4ea4-8f09-7664db0201cf",
      "Value": "\"Eles admitiram que estavam errados?\""
    },
    {
      "Key": "4ce04288-f257-4552-8c5e-2522c7a805c0",
      "Value": "\"Eles invocaram alguma formalidade e declararam sua iniciação inválida?\""
    },
    {
      "Key": "50403da4-266e-4e49-8a5e-00c8826c7922",
      "Value": "[Espere até que ela continue]"
    },
    {
      "Key": "420501ea-292b-44a9-a8d9-2b329c67857b",
      "Value": "\"Você realmente deve matá-lo em combate singular? Vai levar todo o nosso grupo para derrubar esse Presa-suja!\""
    },
    {
      "Key": "27d44332-cf4b-405e-bf6a-5fd7b186e8bc",
      "Value": "[Junte-se a Amiri e ataque Presa-suja] \"Entendo. Vamos – ao ataque!\""
    },
    {
      "Key": "09f65e95-89fe-4b48-97b1-2a1c80be7042",
      "Value": "[Atacar Presa-suja] \"Entendo. Vamos lá – ao ataque!\""
    },
    {
      "Key": "035dd0fd-c402-42e4-8f50-669da27ac5c5",
      "Value": "[Deixar o covil de Presa-suja] \"Uma luta como esta requer alguma preparação.\""
    },
    {
      "Key": "488642bd-d7f0-49bc-af9f-841b7f59d1d0",
      "Value": "\"Nunca ouvi nada mais estúpido. Não vamos perder nosso tempo com seus rituais tolos.\""
    },
    {
      "Key": "bb847153-5990-40aa-9812-efd7c3fac4e8",
      "Value": "[Expulse Amiri para fora do grupo] \"Você pode ir. Eu vou lidar com isso sem você.\""
    },
    {
      "Key": "06ba75d1-52ed-41e2-af88-5dd8102a7a4d",
      "Value": "\"Então, aqui estamos nós. O monstro está aqui, e... Agora eu vou cortá-lo! Sim! Apenas me observe!\""
    },
    {
      "Key": "787331ec-0845-4433-8452-8f2be698b0ea",
      "Value": "{n}Amiri espera perto da entrada do covil da besta. Ao vê-la, ela mostra os dentes em seu sorriso habitual, mas desta vez parece um pouco forçado.{/n} \"Ah, aí está você. Então, você está pront{mf|o|a} para me ver rasgar as presas desse porquinho? Porque eu estou meio que... pronto.\" {n}Ela estremece em hesitação, mexendo os pés.{/n}"
    },
    {
      "Key": "68f3267c-d060-4c6d-82df-8997878643f2",
      "Value": "\"Não me interrompa!\" {n}Amiri deixa escapar, como se estivesse antecipando ser interrompida.{/n} \"Eu falo, quando... eu falo!\" {n}Ela resmunga e suas sobrancelhas se estreitam.{/n}"
    },
    {
      "Key": "398b242e-bfdc-45e3-90e0-5109ca67fcc6",
      "Value": "\"O qu...? Quem, eu?!\" {n}Amiri cora, empalidece e começa a rir.{/n} \"Há! Você é engraçad{mf|o|a}! Estou com medo de uma costeleta de porco?!\" {n}Ela fica em silêncio com um sorriso, balançando a cabeça.{/n}"
    },
    {
      "Key": "ed5e750d-796a-4d4f-a714-cb10041a476a",
      "Value": "{n}Ela limpa a garganta.{/n} \"Existe um costume de onde eu venho. Um garoto mata um monstro na frente dos anciões, para provar que ele é homem.\""
    },
    {
      "Key": "2fc6f910-c943-4959-9874-1f4f1a1685bd",
      "Value": "{n}A bárbara pigarreia com hesitação.{/n} \"Em nossa tribo, as meninas não recebem iniciação. Então, eu mesmo organizei minha prova – como na música sobre Kagul, o Órfão. Eu derrubei um leão da caverna em um combate singular! Aqui, veja – as cicatrizes que ganhei nessa batalha. E você sabe o que os anciões fizeram depois que joguei a pele do leão aos pés deles?\""
    },
    {
      "Key": "702f9fc2-d524-453b-b525-2a44955fad51",
      "Value": "\"Há, ha. Isso é engraçado. Nas nossas paragens, os meninos devem fazer algo bastante diferente para se tornarem homens!\""
    },
    {
      "Key": "ea0bdd88-58fc-41bb-8185-d352b6f70659",
      "Value": "{n}Amiri lança um olhar zangado para a meia-elfa e Octavia fica em silêncio – mas seu sorriso provocador permanece.{/n}"
    },
    {
      "Key": "fa4d4b5c-c83f-4c38-ba9d-8807577e73e4",
      "Value": "\"Eu gostaria!\""
    },
    {
      "Key": "186920d8-4633-445c-95d5-3b1df7455e88",
      "Value": "\"Eles riram na minha cara! Eles disseram que eu estava enrolando! E contrataram um homem para matar o leão por mim, em troca de... Ugh! Mais tarde eles concordaram com a minha prova, é claro, não tinham outra escolha. Mas...\" {n}a voz de Amiri tremula de raiva, e ela cospe no chão.{/n}"
    },
    {
      "Key": "cfae0b57-5340-4e7c-afe9-6ad55f48cbbf",
      "Value": "\"Vai sonhando!\""
    },
    {
      "Key": "1ec674c2-d892-4c64-9a41-799f19929739",
      "Value": "{n}De longe, Amiri examina o corpo musculoso de Presa-suja e suas presas afiadas.{/n} \"Bah! Você acha que eu não posso massacrar um porco sozinha? Embora... se os anciões vissem que a besta estava prestes a matar um menino, eles o ajudariam. Não haveria vergonha nisso... Mas não importa, só estou dizendo! Agora você aguarde e me veja estripando essa besta!\""
    },
    {
      "Key": "c7370e17-8cda-4bc9-8d34-7eadcf06f831",
      "Value": "\"{g|Gorum}Gorum{/g}!!!\" {n}Com seu grito de guerra, a bárbara investe contra o javali.{/n}"
    },
    {
      "Key": "b397a57e-2c23-4503-a6b8-43e8c4c3d549",
      "Value": "\"Tudo bem, apenas se apresse.\""
    },
    {
      "Key": "acbcf990-f10e-46f4-a568-cba6b2d63113",
      "Value": "\"Oh sim?! Tudo bem!\" {n}Amiri cospe aos seus pés e sai.{/n}"
    },
    {
      "Key": "499dbd4f-c10e-4605-aaa5-55c93e9a251f",
      "Value": "\"E aqui eu pensei que os homens eram estúpidos sem cérebro apenas na minha tribo!\""
    },
    {
      "Key": "9f945553-09a4-4552-b348-2cb6aec1ac7b",
      "Value": "\"Sério? E eu que pensei que você me entendesse, como uma guerreira!\""
    },
    {
      "Key": "6298b733-d482-4069-a4e6-61419586c2eb",
      "Value": "\"Eu preciso disso, entendeu? Se você é contra – pode ir andando. Eu encontro outr{mf|o|a} chefe!\""
    },
    {
      "Key": "a28fedd6-9d46-4d28-aad8-b1e5b8806128",
      "Value": "\"Então, você está pront{mf|o|a}? Estou ansiosa para cortar as presas dele!\""
    },
    {
      "Key": "c8f36f01-4323-487a-86aa-101e6ff15300",
      "Value": "{n}Amiri espera perto da entrada do covil da besta.{/n} \"Então, você está pront{mf|o|a}? Estou ansiosa para cortar as presas dele!\""
    }
  ]
}