{
  "$id": "1",
  "strings": [
    {
      "Key": "b17007e8-1dbb-44e5-a266-70e528adf6ff",
      "Value": "\"My friends! Today is the birthday of the one who brought us together, and who leads us forward, from one victory to the next.\""
    },
    {
      "Key": "935a7cf8-5832-4f36-9d74-645dfd18b3e8",
      "Value": "\"Your path climbs ever upward, to the heights of fame and greatness. But let me wish that this path is never lonely! May your loyal friends be with you even at the top of the world – those who've walked beside you from the very beginning!\""
    }
  ]
}